# CPU,RAM,NetworkR,NetworkW,DiskW,DiskR
2.391061484813690186e-01,2.406729459762573242e-01,1.000000000000000000e+00,7.937933206558227539e-01,7.965679168701171875e-01,7.978543639183044434e-01
2.013432830572128296e-01,2.231529206037521362e-01,1.000000000000000000e+00,7.755275368690490723e-01,7.969085574150085449e-01,7.932779788970947266e-01
2.039015144109725952e-01,3.695281147956848145e-01,1.000000000000000000e+00,7.284519076347351074e-01,7.838569879531860352e-01,7.817910313606262207e-01
2.037332504987716675e-01,2.890037000179290771e-01,1.000000000000000000e+00,7.331604361534118652e-01,7.635235786437988281e-01,7.804273366928100586e-01
2.063857316970825195e-01,3.336109519004821777e-01,9.112901091575622559e-01,6.391996741294860840e-01,5.571029782295227051e-01,7.085165977478027344e-01
2.570593357086181641e-01,3.773084878921508789e-01,6.740975975990295410e-01,5.078404545783996582e-01,5.237491130828857422e-01,6.861792802810668945e-01
5.152420401573181152e-01,1.000000000000000000e+00,4.392651915550231934e-01,3.970767259597778320e-01,1.444501429796218872e-01,6.956314444541931152e-01
1.000000000000000000e+00,1.000000000000000000e+00,3.006041347980499268e-01,1.752128154039382935e-01,0.000000000000000000e+00,3.030037879943847656e-01
2.042737156152725220e-01,2.018145620822906494e-01,2.592237889766693115e-01,9.866426885128021240e-02,0.000000000000000000e+00,0.000000000000000000e+00
4.687781929969787598e-01,2.183654308319091797e-01,2.025115340948104858e-01,0.000000000000000000e+00,0.000000000000000000e+00,0.000000000000000000e+00
