# CPU,RAM,NetworkR,NetworkW,DiskW,DiskR
2.391181588172912598e-01,2.406967580318450928e-01,1.000000000000000000e+00,7.937939167022705078e-01,7.965675592422485352e-01,7.978549003601074219e-01
2.004144936800003052e-01,5.732626318931579590e-01,1.000000000000000000e+00,7.551760077476501465e-01,7.910881638526916504e-01,7.577048540115356445e-01
2.070396691560745239e-01,2.269982844591140747e-01,1.000000000000000000e+00,7.652233839035034180e-01,7.945718169212341309e-01,7.923322319984436035e-01
2.016857266426086426e-01,3.190528154373168945e-01,1.000000000000000000e+00,7.274060845375061035e-01,7.598417997360229492e-01,7.744140625000000000e-01
2.012359797954559326e-01,2.719215154647827148e-01,1.000000000000000000e+00,6.920402646064758301e-01,5.719521045684814453e-01,7.250189781188964844e-01
2.169301360845565796e-01,3.173505663871765137e-01,7.437539696693420410e-01,5.265170931816101074e-01,4.940848946571350098e-01,6.766188740730285645e-01
2.315970361232757568e-01,3.317598998546600342e-01,6.371920108795166016e-01,4.264770746231079102e-01,4.971838593482971191e-01,6.802603602409362793e-01
2.505903840065002441e-01,3.463150560855865479e-01,5.492131710052490234e-01,2.995827496051788330e-01,4.660390019416809082e-01,6.764242649078369141e-01
2.924242317676544189e-01,3.177778720855712891e-01,5.004859566688537598e-01,1.797035783529281616e-01,4.605578780174255371e-01,6.829757094383239746e-01
1.000000000000000000e+00,1.000000000000000000e+00,2.037309855222702026e-01,0.000000000000000000e+00,0.000000000000000000e+00,0.000000000000000000e+00
