# CPU,RAM,NetworkR,NetworkW,DiskW,DiskR
2.390272468328475952e-01,2.406914234161376953e-01,1.000000000000000000e+00,7.937943935394287109e-01,7.965673804283142090e-01,7.978547811508178711e-01
2.004241198301315308e-01,4.874885976314544678e-01,1.000000000000000000e+00,7.570056915283203125e-01,7.920349836349487305e-01,7.626793980598449707e-01
2.029646486043930054e-01,2.701919376850128174e-01,1.000000000000000000e+00,7.533602714538574219e-01,7.901057004928588867e-01,7.868990898132324219e-01
2.009429037570953369e-01,3.282066285610198975e-01,1.000000000000000000e+00,7.307940125465393066e-01,7.431860566139221191e-01,7.694590091705322266e-01
2.003373503684997559e-01,2.931738197803497314e-01,1.000000000000000000e+00,6.955438852310180664e-01,4.779104590415954590e-01,6.786527633666992188e-01
2.049673497676849365e-01,3.221013844013214111e-01,7.498756647109985352e-01,5.360814929008483887e-01,4.065046906471252441e-01,6.318899393081665039e-01
2.049483358860015869e-01,3.436394035816192627e-01,6.563353538513183594e-01,4.510900378227233887e-01,4.056087136268615723e-01,6.339513063430786133e-01
2.036347985267639160e-01,3.367480933666229248e-01,6.346601843833923340e-01,3.680421113967895508e-01,3.911480307579040527e-01,6.376845240592956543e-01
2.342542707920074463e-01,3.757333755493164062e-01,4.678106009960174561e-01,1.611762046813964844e-01,3.145728111267089844e-01,5.940481424331665039e-01
1.000000000000000000e+00,1.000000000000000000e+00,2.060011923313140869e-01,0.000000000000000000e+00,0.000000000000000000e+00,0.000000000000000000e+00
