# CPU,RAM,NetworkR,NetworkW,DiskW,DiskR
2.391332834959030151e-01,2.408172339200973511e-01,1.000000000000000000e+00,7.937940359115600586e-01,7.965642809867858887e-01,7.978563904762268066e-01
2.012144923210144043e-01,2.570101618766784668e-01,1.000000000000000000e+00,7.683056592941284180e-01,7.964106798171997070e-01,7.909370660781860352e-01
2.126940488815307617e-01,3.540411889553070068e-01,1.000000000000000000e+00,7.314127683639526367e-01,7.904977202415466309e-01,7.878689169883728027e-01
2.321912795305252075e-01,8.025153279304504395e-01,7.890692353248596191e-01,6.464152932167053223e-01,6.992667913436889648e-01,7.554333806037902832e-01
2.367332577705383301e-01,5.430499911308288574e-01,7.612972259521484375e-01,6.110646128654479980e-01,6.263335943222045898e-01,7.302423119544982910e-01
2.175240069627761841e-01,6.144934296607971191e-01,5.995838642120361328e-01,5.152253508567810059e-01,4.152910709381103516e-01,6.494401097297668457e-01
2.044728696346282959e-01,1.000000000000000000e+00,5.191249847412109375e-01,5.003485679626464844e-01,2.237857729196548462e-01,6.775457262992858887e-01
1.000000000000000000e+00,1.000000000000000000e+00,3.796580433845520020e-01,2.949599325656890869e-01,0.000000000000000000e+00,4.029842615127563477e-01
2.041404843330383301e-01,2.056624144315719604e-01,3.413223922252655029e-01,1.772672086954116821e-01,0.000000000000000000e+00,0.000000000000000000e+00
3.405163586139678955e-01,2.191389501094818115e-01,2.050274312496185303e-01,0.000000000000000000e+00,0.000000000000000000e+00,0.000000000000000000e+00
