# CPU,RAM,NetworkR,NetworkW,DiskW,DiskR
2.391897290945053101e-01,2.407666444778442383e-01,1.000000000000000000e+00,7.937932610511779785e-01,7.965657114982604980e-01,7.978556752204895020e-01
2.009865343570709229e-01,3.209355771541595459e-01,1.000000000000000000e+00,7.629017233848571777e-01,7.956638336181640625e-01,7.877817153930664062e-01
2.046021223068237305e-01,2.698765397071838379e-01,1.000000000000000000e+00,7.532656788825988770e-01,7.920725345611572266e-01,7.908838391304016113e-01
2.044914662837982178e-01,3.029660880565643311e-01,1.000000000000000000e+00,7.302966117858886719e-01,7.716653347015380859e-01,7.820968031883239746e-01
2.171171456575393677e-01,3.673147261142730713e-01,8.906092643737792969e-01,6.320321559906005859e-01,6.439133286476135254e-01,7.334468364715576172e-01
2.841861546039581299e-01,4.620282649993896484e-01,6.651365756988525391e-01,5.049147009849548340e-01,5.592898726463317871e-01,7.030625343322753906e-01
2.464252263307571411e-01,1.000000000000000000e+00,5.286129713058471680e-01,4.815833568572998047e-01,2.570605874061584473e-01,7.335902452468872070e-01
1.000000000000000000e+00,1.000000000000000000e+00,3.396562337875366211e-01,2.367151230573654175e-01,0.000000000000000000e+00,4.237470626831054688e-01
2.039590924978256226e-01,2.025199383497238159e-01,2.719736099243164062e-01,1.321038156747817993e-01,0.000000000000000000e+00,0.000000000000000000e+00
3.063931167125701904e-01,2.067063301801681519e-01,2.067383825778961182e-01,0.000000000000000000e+00,0.000000000000000000e+00,0.000000000000000000e+00
