# CPU,RAM,NetworkR,NetworkW,DiskW,DiskR
2.390461266040802002e-01,2.407610416412353516e-01,1.000000000000000000e+00,7.937936186790466309e-01,7.965651750564575195e-01,7.978553771972656250e-01
2.007392793893814087e-01,3.534047603607177734e-01,1.000000000000000000e+00,7.617694139480590820e-01,7.949998378753662109e-01,7.841492295265197754e-01
2.025043070316314697e-01,2.627897262573242188e-01,1.000000000000000000e+00,7.578257322311401367e-01,7.913712263107299805e-01,7.903631329536437988e-01
2.014460861682891846e-01,3.248501420021057129e-01,1.000000000000000000e+00,7.280374765396118164e-01,7.501391172409057617e-01,7.731061577796936035e-01
2.005423158407211304e-01,3.000698983669281006e-01,1.000000000000000000e+00,6.849882602691650391e-01,4.883611798286437988e-01,6.881117224693298340e-01
2.058869004249572754e-01,3.404233157634735107e-01,7.237737774848937988e-01,5.214889645576477051e-01,4.001170992851257324e-01,6.294508576393127441e-01
2.056286334991455078e-01,3.481530547142028809e-01,6.372367143630981445e-01,4.348787665367126465e-01,3.826394081115722656e-01,6.204982399940490723e-01
2.033561021089553833e-01,3.258694410324096680e-01,6.357362866401672363e-01,3.623933792114257812e-01,3.822293877601623535e-01,6.320068836212158203e-01
2.300018072128295898e-01,3.887925744056701660e-01,4.547546505928039551e-01,1.476638168096542358e-01,2.887180447578430176e-01,5.756128430366516113e-01
1.000000000000000000e+00,1.000000000000000000e+00,2.057818323373794556e-01,0.000000000000000000e+00,0.000000000000000000e+00,0.000000000000000000e+00
