# CPU,RAM,NetworkR,NetworkW,DiskW,DiskR
2.391770035028457642e-01,2.407992631196975708e-01,1.000000000000000000e+00,7.937934398651123047e-01,7.965647578239440918e-01,7.978560924530029297e-01
2.012409269809722900e-01,2.508220076560974121e-01,1.000000000000000000e+00,7.692009210586547852e-01,7.964919209480285645e-01,7.912909388542175293e-01
2.092792987823486328e-01,3.724628090858459473e-01,1.000000000000000000e+00,7.293608784675598145e-01,7.886219024658203125e-01,7.863323688507080078e-01
2.347752749919891357e-01,5.106546878814697266e-01,9.229350686073303223e-01,6.854754090309143066e-01,7.593873739242553711e-01,7.746179103851318359e-01
2.925885915756225586e-01,7.156302928924560547e-01,7.167692780494689941e-01,5.932232141494750977e-01,6.440454721450805664e-01,7.379165887832641602e-01
3.113444447517395020e-01,7.597721815109252930e-01,5.940504670143127441e-01,5.113131999969482422e-01,5.312600731849670410e-01,7.070264220237731934e-01
2.051074057817459106e-01,1.000000000000000000e+00,5.229099392890930176e-01,5.316173434257507324e-01,1.503423303365707397e-01,6.765121817588806152e-01
1.000000000000000000e+00,1.000000000000000000e+00,3.796051144599914551e-01,3.711921572685241699e-01,0.000000000000000000e+00,2.910293936729431152e-01
2.091661244630813599e-01,2.068445682525634766e-01,2.980939149856567383e-01,1.666239351034164429e-01,0.000000000000000000e+00,0.000000000000000000e+00
3.100263476371765137e-01,2.103139907121658325e-01,2.062404900789260864e-01,0.000000000000000000e+00,0.000000000000000000e+00,0.000000000000000000e+00
