# CPU,RAM,NetworkR,NetworkW,DiskW,DiskR
2.390750646591186523e-01,2.406042665243148804e-01,1.000000000000000000e+00,7.937926650047302246e-01,7.965694069862365723e-01,7.978532314300537109e-01
2.002818286418914795e-01,5.155981183052062988e-01,1.000000000000000000e+00,7.555787563323974609e-01,7.895720005035400391e-01,7.292508482933044434e-01
2.023965716361999512e-01,3.328904211521148682e-01,1.000000000000000000e+00,7.388070225715637207e-01,7.838547825813293457e-01,7.746258378028869629e-01
2.007607668638229370e-01,3.782354891300201416e-01,1.000000000000000000e+00,7.211079597473144531e-01,7.142810821533203125e-01,7.548757195472717285e-01
2.002983689308166504e-01,3.250429928302764893e-01,1.000000000000000000e+00,6.877209544181823730e-01,4.488630890846252441e-01,6.470419764518737793e-01
2.035808563232421875e-01,3.627424836158752441e-01,7.377560734748840332e-01,5.453991293907165527e-01,3.988654017448425293e-01,6.202925443649291992e-01
2.042921036481857300e-01,3.144662678241729736e-01,7.434637546539306641e-01,5.078207254409790039e-01,4.675572514533996582e-01,6.705109477043151855e-01
2.292880415916442871e-01,3.542951345443725586e-01,6.733269095420837402e-01,4.012287855148315430e-01,5.892062783241271973e-01,7.237243056297302246e-01
9.330118894577026367e-01,1.000000000000000000e+00,4.786319732666015625e-01,2.184954732656478882e-01,5.396890640258789062e-01,7.627526521682739258e-01
1.000000000000000000e+00,1.000000000000000000e+00,2.080265581607818604e-01,0.000000000000000000e+00,0.000000000000000000e+00,0.000000000000000000e+00
