# CPU,RAM,NetworkR,NetworkW,DiskW,DiskR
2.391723990440368652e-01,2.408222258090972900e-01,1.000000000000000000e+00,7.937934994697570801e-01,7.965641021728515625e-01,7.978563308715820312e-01
2.012931108474731445e-01,2.383887320756912231e-01,1.000000000000000000e+00,7.714145183563232422e-01,7.966517210006713867e-01,7.920383214950561523e-01
2.091773152351379395e-01,4.711891114711761475e-01,9.722572565078735352e-01,7.165123224258422852e-01,7.829195261001586914e-01,7.817461490631103516e-01
2.465228140354156494e-01,6.513253450393676758e-01,8.338006734848022461e-01,6.590721011161804199e-01,7.289336323738098145e-01,7.630096673965454102e-01
2.588810920715332031e-01,6.879571676254272461e-01,6.920998096466064453e-01,5.876379013061523438e-01,5.989244580268859863e-01,7.222339510917663574e-01
3.044905662536621094e-01,7.556079626083374023e-01,6.170021891593933105e-01,5.312979221343994141e-01,5.796429514884948730e-01,7.220976948738098145e-01
2.040221691131591797e-01,1.000000000000000000e+00,5.176931619644165039e-01,5.463348031044006348e-01,8.647246658802032471e-02,5.655528306961059570e-01
1.000000000000000000e+00,1.000000000000000000e+00,3.723573684692382812e-01,3.532328009605407715e-01,0.000000000000000000e+00,3.138051033020019531e-01
2.081200480461120605e-01,2.074763327836990356e-01,2.973793745040893555e-01,1.609326750040054321e-01,0.000000000000000000e+00,0.000000000000000000e+00
3.078210949897766113e-01,2.133304029703140259e-01,2.057944536209106445e-01,0.000000000000000000e+00,0.000000000000000000e+00,0.000000000000000000e+00
