# CPU,RAM,NetworkR,NetworkW,DiskW,DiskR
2.391225099563598633e-01,2.408186495304107666e-01,1.000000000000000000e+00,7.937937378883361816e-01,7.965640425682067871e-01,7.978562712669372559e-01
2.008308768272399902e-01,3.534780740737915039e-01,1.000000000000000000e+00,7.614743709564208984e-01,7.951524853706359863e-01,7.853382229804992676e-01
2.029406130313873291e-01,2.513815164566040039e-01,1.000000000000000000e+00,7.602779865264892578e-01,7.922198176383972168e-01,7.915039062500000000e-01
2.021062821149826050e-01,2.948498725891113281e-01,1.000000000000000000e+00,7.333703041076660156e-01,7.633152008056640625e-01,7.788552045822143555e-01
2.044168263673782349e-01,2.937777638435363770e-01,9.877819418907165527e-01,6.605684757232666016e-01,5.914283394813537598e-01,7.248845696449279785e-01
2.478762269020080566e-01,3.499566316604614258e-01,7.021893262863159180e-01,5.074780583381652832e-01,5.378599762916564941e-01,6.921045780181884766e-01
3.076660335063934326e-01,1.000000000000000000e+00,4.620507955551147461e-01,3.999556303024291992e-01,2.172973304986953735e-01,7.009145021438598633e-01
1.000000000000000000e+00,8.809033036231994629e-01,2.752843201160430908e-01,1.021968573331832886e-01,0.000000000000000000e+00,6.006881594657897949e-03
2.052029222249984741e-01,2.015341073274612427e-01,2.727642953395843506e-01,9.561876952648162842e-02,0.000000000000000000e+00,0.000000000000000000e+00
4.604805707931518555e-01,2.131577730178833008e-01,2.040970772504806519e-01,0.000000000000000000e+00,0.000000000000000000e+00,0.000000000000000000e+00
