# CPU,RAM,NetworkR,NetworkW,DiskW,DiskR
2.391711622476577759e-01,2.408591955900192261e-01,1.000000000000000000e+00,7.937936186790466309e-01,7.965630888938903809e-01,7.978568077087402344e-01
2.013286650180816650e-01,2.338643223047256470e-01,1.000000000000000000e+00,7.723721265792846680e-01,7.967188358306884766e-01,7.923610806465148926e-01
2.111953347921371460e-01,5.376175045967102051e-01,9.406862854957580566e-01,7.090758681297302246e-01,7.797163128852844238e-01,7.796276807785034180e-01
2.357884496450424194e-01,9.650096297264099121e-01,6.662798523902893066e-01,6.058739423751831055e-01,5.701445341110229492e-01,7.202321887016296387e-01
2.563231885433197021e-01,4.538179039955139160e-01,7.926138639450073242e-01,6.250393986701965332e-01,6.579315066337585449e-01,7.406529784202575684e-01
2.216961234807968140e-01,7.649858593940734863e-01,5.838810801506042480e-01,5.243145227432250977e-01,4.553742408752441406e-01,6.780875921249389648e-01
2.009301185607910156e-01,1.000000000000000000e+00,5.419881939888000488e-01,5.451669692993164062e-01,1.485639363527297974e-01,6.212158203125000000e-01
1.000000000000000000e+00,1.000000000000000000e+00,4.259848892688751221e-01,3.457954525947570801e-01,0.000000000000000000e+00,5.281989574432373047e-01
2.021251022815704346e-01,2.049458175897598267e-01,3.545552194118499756e-01,2.080240100622177124e-01,0.000000000000000000e+00,0.000000000000000000e+00
3.332785069942474365e-01,2.211309373378753662e-01,2.045356333255767822e-01,0.000000000000000000e+00,0.000000000000000000e+00,0.000000000000000000e+00
