# CPU,RAM,NetworkR,NetworkW,DiskW,DiskR
2.391320765018463135e-01,2.407339215278625488e-01,1.000000000000000000e+00,7.937930822372436523e-01,7.965662479400634766e-01,7.978550791740417480e-01
2.009849995374679565e-01,2.727209925651550293e-01,1.000000000000000000e+00,7.670630216598510742e-01,7.961329817771911621e-01,7.896389365196228027e-01
2.021901309490203857e-01,2.548112869262695312e-01,1.000000000000000000e+00,7.597364783287048340e-01,7.917155027389526367e-01,7.910317182540893555e-01
2.015032917261123657e-01,3.053391873836517334e-01,1.000000000000000000e+00,7.304516434669494629e-01,7.517073750495910645e-01,7.744078636169433594e-01
2.008836269378662109e-01,2.920607030391693115e-01,1.000000000000000000e+00,6.747019886970520020e-01,4.836167693138122559e-01,6.897977590560913086e-01
2.115193903446197510e-01,3.427752852439880371e-01,6.795826554298400879e-01,4.962801933288574219e-01,4.045484066009521484e-01,6.307158470153808594e-01
2.114392817020416260e-01,3.259512484073638916e-01,6.090896725654602051e-01,4.121680855751037598e-01,3.857495784759521484e-01,6.223003864288330078e-01
2.077653706073760986e-01,3.215021491050720215e-01,5.932169556617736816e-01,3.328940272331237793e-01,4.096156358718872070e-01,6.481109261512756348e-01
2.399130463600158691e-01,3.367231488227844238e-01,4.781772494316101074e-01,1.589719802141189575e-01,3.520674109458923340e-01,6.244493126869201660e-01
1.000000000000000000e+00,1.000000000000000000e+00,2.048012167215347290e-01,0.000000000000000000e+00,0.000000000000000000e+00,0.000000000000000000e+00
