# CPU,RAM,NetworkR,NetworkW,DiskW,DiskR
2.389455586671829224e-01,2.407180517911911011e-01,1.000000000000000000e+00,7.937953472137451172e-01,7.965664863586425781e-01,7.978552579879760742e-01
2.013418823480606079e-01,2.189061343669891357e-01,1.000000000000000000e+00,7.771153450012207031e-01,7.969595789909362793e-01,7.936403155326843262e-01
2.039641141891479492e-01,4.489898383617401123e-01,9.724581837654113770e-01,7.153233289718627930e-01,7.755740284919738770e-01,7.749581933021545410e-01
2.047808617353439331e-01,2.868384718894958496e-01,1.000000000000000000e+00,7.311542630195617676e-01,7.621446251869201660e-01,7.800519466400146484e-01
2.272681891918182373e-01,4.460176825523376465e-01,7.611225247383117676e-01,5.885975956916809082e-01,5.571746230125427246e-01,6.980655789375305176e-01
3.410035073757171631e-01,6.770473718643188477e-01,6.030367016792297363e-01,4.988208413124084473e-01,5.684223175048828125e-01,7.128502726554870605e-01
2.783084213733673096e-01,1.000000000000000000e+00,4.906157851219177246e-01,4.960272312164306641e-01,6.942941993474960327e-02,6.639761328697204590e-01
1.000000000000000000e+00,9.032335281372070312e-01,3.207784593105316162e-01,2.345810383558273315e-01,0.000000000000000000e+00,1.862165033817291260e-01
2.053112685680389404e-01,2.020535916090011597e-01,2.820774018764495850e-01,1.221136599779129028e-01,0.000000000000000000e+00,0.000000000000000000e+00
3.278094828128814697e-01,2.079501450061798096e-01,2.064796239137649536e-01,0.000000000000000000e+00,0.000000000000000000e+00,0.000000000000000000e+00
