# CPU,RAM,NetworkR,NetworkW,DiskW,DiskR
2.389855682849884033e-01,2.407790422439575195e-01,1.000000000000000000e+00,7.937944531440734863e-01,7.965646386146545410e-01,7.978557944297790527e-01
2.009910345077514648e-01,2.604965269565582275e-01,1.000000000000000000e+00,7.684537768363952637e-01,7.962045669555664062e-01,7.900401353836059570e-01
2.020547837018966675e-01,2.707661390304565430e-01,1.000000000000000000e+00,7.548722624778747559e-01,7.901276350021362305e-01,7.892284989356994629e-01
2.016944736242294312e-01,3.335182070732116699e-01,1.000000000000000000e+00,7.214818596839904785e-01,7.404198646545410156e-01,7.693197131156921387e-01
2.009182274341583252e-01,3.059118688106536865e-01,1.000000000000000000e+00,6.684415340423583984e-01,4.655278325080871582e-01,6.785969734191894531e-01
2.096593379974365234e-01,3.739593625068664551e-01,6.649761199951171875e-01,4.976641535758972168e-01,3.969009518623352051e-01,6.247739791870117188e-01
2.075217813253402710e-01,3.256195485591888428e-01,6.413794755935668945e-01,4.385413527488708496e-01,3.906434178352355957e-01,6.273334622383117676e-01
2.060275375843048096e-01,3.173128962516784668e-01,6.358198523521423340e-01,3.638986349105834961e-01,4.360026121139526367e-01,6.643238067626953125e-01
2.587420940399169922e-01,3.721429109573364258e-01,4.963304996490478516e-01,1.740112751722335815e-01,4.125827550888061523e-01,6.623491048812866211e-01
1.000000000000000000e+00,1.000000000000000000e+00,2.051370888948440552e-01,0.000000000000000000e+00,0.000000000000000000e+00,0.000000000000000000e+00
