# CPU,RAM,NetworkR,NetworkW,DiskW,DiskR
2.390057444572448730e-01,2.408170849084854126e-01,1.000000000000000000e+00,7.937955856323242188e-01,7.965641617774963379e-01,7.978566884994506836e-01
2.013040482997894287e-01,2.339548319578170776e-01,1.000000000000000000e+00,7.724004387855529785e-01,7.967038750648498535e-01,7.923117280006408691e-01
2.053662091493606567e-01,3.894588053226470947e-01,1.000000000000000000e+00,7.263376116752624512e-01,7.845128178596496582e-01,7.827757000923156738e-01
2.275779247283935547e-01,4.125582873821258545e-01,9.689139127731323242e-01,6.973105072975158691e-01,7.648108005523681641e-01,7.767774462699890137e-01
3.689751327037811279e-01,8.362572789192199707e-01,6.640028953552246094e-01,5.692986249923706055e-01,6.123798489570617676e-01,7.324350476264953613e-01
3.042895197868347168e-01,8.161745667457580566e-01,5.574953556060791016e-01,4.943481683731079102e-01,4.740927219390869141e-01,6.905189752578735352e-01
2.027721405029296875e-01,1.000000000000000000e+00,4.946016371250152588e-01,5.300465226173400879e-01,7.742451131343841553e-02,5.432054400444030762e-01
1.000000000000000000e+00,1.000000000000000000e+00,3.699870705604553223e-01,3.151452541351318359e-01,0.000000000000000000e+00,3.979281783103942871e-01
2.053455114364624023e-01,2.053693383932113647e-01,2.912325561046600342e-01,1.521896570920944214e-01,0.000000000000000000e+00,0.000000000000000000e+00
3.067883253097534180e-01,2.104992717504501343e-01,2.059140652418136597e-01,0.000000000000000000e+00,0.000000000000000000e+00,0.000000000000000000e+00
