# CPU,RAM,NetworkR,NetworkW,DiskW,DiskR
2.392070442438125610e-01,2.408227771520614624e-01,1.000000000000000000e+00,7.937930226325988770e-01,7.965641021728515625e-01,7.978562712669372559e-01
2.012592107057571411e-01,2.499148696660995483e-01,1.000000000000000000e+00,7.693044543266296387e-01,7.965105772018432617e-01,7.913710474967956543e-01
2.127814143896102905e-01,4.173693656921386719e-01,1.000000000000000000e+00,7.232030630111694336e-01,7.879474759101867676e-01,7.856522202491760254e-01
2.714545428752899170e-01,8.479474186897277832e-01,7.582557201385498047e-01,6.359273195266723633e-01,6.973568201065063477e-01,7.556939125061035156e-01
2.602149546146392822e-01,6.725740432739257812e-01,6.843926906585693359e-01,5.855702757835388184e-01,5.878722667694091797e-01,7.187772393226623535e-01
2.758829891681671143e-01,7.318157553672790527e-01,5.998399257659912109e-01,5.243061184883117676e-01,5.444460511207580566e-01,7.097254991531372070e-01
2.022659182548522949e-01,1.000000000000000000e+00,5.225833654403686523e-01,5.473043918609619141e-01,1.028759032487869263e-01,5.935667753219604492e-01
1.000000000000000000e+00,1.000000000000000000e+00,3.614738881587982178e-01,3.332393765449523926e-01,0.000000000000000000e+00,2.283399552106857300e-01
2.073711901903152466e-01,2.073547095060348511e-01,3.094907999038696289e-01,1.592266410589218140e-01,0.000000000000000000e+00,0.000000000000000000e+00
2.703238725662231445e-01,2.083516567945480347e-01,2.093314528465270996e-01,0.000000000000000000e+00,0.000000000000000000e+00,0.000000000000000000e+00
