# CPU,RAM,NetworkR,NetworkW,DiskW,DiskR
2.391262799501419067e-01,2.406453341245651245e-01,1.000000000000000000e+00,7.937933206558227539e-01,7.965688705444335938e-01,7.978540658950805664e-01
2.005721032619476318e-01,4.573034644126892090e-01,1.000000000000000000e+00,7.583945393562316895e-01,7.936365008354187012e-01,7.762982845306396484e-01
2.030099332332611084e-01,2.627519667148590088e-01,1.000000000000000000e+00,7.571077346801757812e-01,7.915028929710388184e-01,7.898577451705932617e-01
2.011982053518295288e-01,3.103324472904205322e-01,1.000000000000000000e+00,7.350933551788330078e-01,7.564456462860107422e-01,7.759439349174499512e-01
2.004179805517196655e-01,2.824751436710357666e-01,1.000000000000000000e+00,7.001100182533264160e-01,5.185829401016235352e-01,7.036286592483520508e-01
2.052201926708221436e-01,3.094956874847412109e-01,7.779142260551452637e-01,5.433287024497985840e-01,4.307839274406433105e-01,6.505168080329895020e-01
2.059842646121978760e-01,3.245269954204559326e-01,6.737267374992370605e-01,4.500318765640258789e-01,4.229147434234619141e-01,6.462036967277526855e-01
2.041714340448379517e-01,3.295423388481140137e-01,6.343688964843750000e-01,3.581476211547851562e-01,3.990496993064880371e-01,6.430819630622863770e-01
2.319563925266265869e-01,3.632937967777252197e-01,4.712277054786682129e-01,1.561774462461471558e-01,3.146012425422668457e-01,5.942891836166381836e-01
1.000000000000000000e+00,1.000000000000000000e+00,2.058157622814178467e-01,0.000000000000000000e+00,0.000000000000000000e+00,0.000000000000000000e+00
