# CPU,RAM,NetworkR,NetworkW,DiskW,DiskR
2.390753626823425293e-01,2.406938970088958740e-01,1.000000000000000000e+00,7.937937974929809570e-01,7.965673208236694336e-01,7.978547215461730957e-01
2.001589834690093994e-01,6.122425198554992676e-01,1.000000000000000000e+00,7.500577569007873535e-01,7.806721925735473633e-01,5.871183276176452637e-01
2.006366848945617676e-01,5.789858102798461914e-01,9.830033183097839355e-01,7.093617916107177734e-01,7.368860840797424316e-01,6.748155355453491211e-01
2.002866715192794800e-01,4.794699549674987793e-01,1.000000000000000000e+00,7.031255960464477539e-01,6.045726537704467773e-01,6.695274114608764648e-01
2.001844495534896851e-01,4.327839612960815430e-01,9.427510499954223633e-01,6.648899316787719727e-01,3.915862143039703369e-01,5.180529356002807617e-01
2.018483281135559082e-01,4.207264184951782227e-01,6.752325296401977539e-01,5.350335240364074707e-01,2.911280095577239990e-01,4.874699711799621582e-01
2.019803524017333984e-01,4.690530300140380859e-01,5.588107109069824219e-01,4.445680379867553711e-01,2.524715662002563477e-01,4.727116227149963379e-01
2.056180685758590698e-01,3.686776757240295410e-01,5.845249295234680176e-01,3.799259662628173828e-01,3.528578281402587891e-01,5.957805514335632324e-01
3.154607713222503662e-01,7.088733315467834473e-01,3.907450139522552490e-01,1.560280770063400269e-01,2.842898964881896973e-01,5.948231816291809082e-01
1.000000000000000000e+00,1.000000000000000000e+00,2.066279798746109009e-01,0.000000000000000000e+00,0.000000000000000000e+00,0.000000000000000000e+00
