# CPU,RAM,NetworkR,NetworkW,DiskW,DiskR
2.000000029802322388e-01,2.000000029802322388e-01,1.000000000000000000e+00,8.000000119209289551e-01,8.000000119209289551e-01,8.000000119209289551e-01
2.000000029802322388e-01,2.833333313465118408e-01,1.000000000000000000e+00,7.622580528259277344e-01,7.971631288528442383e-01,7.609518170356750488e-01
2.000000029802322388e-01,3.666666746139526367e-01,1.000000000000000000e+00,7.475120425224304199e-01,7.890071272850036621e-01,7.609518170356750488e-01
2.000000029802322388e-01,3.666666746139526367e-01,1.000000000000000000e+00,6.932051777839660645e-01,7.528368830680847168e-01,7.609518170356750488e-01
2.000000029802322388e-01,3.666666746139526367e-01,9.601286649703979492e-01,6.400675773620605469e-01,4.113475084304809570e-01,6.633313298225402832e-01
2.000000029802322388e-01,3.666666746139526367e-01,6.855735182762145996e-01,4.634402990341186523e-01,3.515071272850036621e-01,6.316046714782714844e-01
2.000000029802322388e-01,3.666666746139526367e-01,6.469689607620239258e-01,4.301156401634216309e-01,3.301418423652648926e-01,6.316046714782714844e-01
2.000000029802322388e-01,3.666666746139526367e-01,5.858449935913085938e-01,2.961673438549041748e-01,3.034574389457702637e-01,6.316046714782714844e-01
3.000000119209289551e-01,4.499999880790710449e-01,4.639991819858551025e-01,1.447447091341018677e-01,2.669326364994049072e-01,6.218426227569580078e-01
1.000000000000000000e+00,1.000000000000000000e+00,2.000000029802322388e-01,0.000000000000000000e+00,0.000000000000000000e+00,0.000000000000000000e+00
