# CPU,RAM,NetworkR,NetworkW,DiskW,DiskR
2.390863001346588135e-01,2.407335937023162842e-01,1.000000000000000000e+00,7.937934994697570801e-01,7.965661287307739258e-01,7.978550791740417480e-01
2.001608163118362427e-01,7.269435524940490723e-01,1.000000000000000000e+00,7.463859915733337402e-01,7.754868865013122559e-01,5.582465529441833496e-01
2.014064788818359375e-01,4.667604565620422363e-01,9.979137182235717773e-01,7.150988578796386719e-01,7.548063397407531738e-01,7.190521359443664551e-01
2.003018707036972046e-01,4.829635918140411377e-01,1.000000000000000000e+00,7.060620188713073730e-01,6.221722960472106934e-01,6.879184246063232422e-01
2.001667618751525879e-01,4.251512587070465088e-01,9.637923836708068848e-01,6.716611981391906738e-01,3.966693878173828125e-01,5.257099866867065430e-01
2.015764713287353516e-01,4.218433797359466553e-01,6.768268346786499023e-01,5.366510748863220215e-01,2.817097902297973633e-01,4.718572497367858887e-01
2.017557770013809204e-01,5.155634880065917969e-01,5.295863151550292969e-01,4.300356507301330566e-01,2.196935266256332397e-01,4.227681159973144531e-01
2.049245238304138184e-01,3.874904215335845947e-01,5.676656961441040039e-01,3.710690140724182129e-01,3.278819918632507324e-01,5.736076235771179199e-01
3.163093626499176025e-01,6.417670845985412598e-01,4.155870974063873291e-01,1.712243705987930298e-01,3.399415016174316406e-01,6.206088066101074219e-01
1.000000000000000000e+00,1.000000000000000000e+00,2.070434987545013428e-01,0.000000000000000000e+00,0.000000000000000000e+00,0.000000000000000000e+00
