# CPU,RAM,NetworkR,NetworkW,DiskW,DiskR
2.391334623098373413e-01,2.407378256320953369e-01,1.000000000000000000e+00,7.937939167022705078e-01,7.965664863586425781e-01,7.978554368019104004e-01
2.002926915884017944e-01,5.874167084693908691e-01,1.000000000000000000e+00,7.538093328475952148e-01,7.886244654655456543e-01,7.263219356536865234e-01
2.019434720277786255e-01,3.591489791870117188e-01,1.000000000000000000e+00,7.365182638168334961e-01,7.804756164550781250e-01,7.717367410659790039e-01
2.005707770586013794e-01,3.934903144836425781e-01,1.000000000000000000e+00,7.224239110946655273e-01,7.064271569252014160e-01,7.513518333435058594e-01
2.001976221799850464e-01,3.392485082149505615e-01,1.000000000000000000e+00,6.931177377700805664e-01,4.466542005538940430e-01,6.329419016838073730e-01
2.021704912185668945e-01,3.707843720912933350e-01,7.396817803382873535e-01,5.476285219192504883e-01,3.542091250419616699e-01,5.822889804840087891e-01
2.021988928318023682e-01,4.507045745849609375e-01,6.041172146797180176e-01,4.478861689567565918e-01,3.102576732635498047e-01,5.536621212959289551e-01
2.025717943906784058e-01,3.475628197193145752e-01,6.384362578392028809e-01,3.905684947967529297e-01,3.513923287391662598e-01,6.034793853759765625e-01
2.460663467645645142e-01,5.305680632591247559e-01,4.175395071506500244e-01,1.498659104108810425e-01,2.633077800273895264e-01,5.586267113685607910e-01
1.000000000000000000e+00,1.000000000000000000e+00,2.068909406661987305e-01,0.000000000000000000e+00,0.000000000000000000e+00,0.000000000000000000e+00
