# CPU,RAM,NetworkR,NetworkW,DiskW,DiskR
2.391302436590194702e-01,2.404802739620208740e-01,1.000000000000000000e+00,7.937926054000854492e-01,7.965733408927917480e-01,7.978518605232238770e-01
2.012650072574615479e-01,2.419276386499404907e-01,1.000000000000000000e+00,7.708115577697753906e-01,7.966383695602416992e-01,7.918901443481445312e-01
2.019497752189636230e-01,3.238156139850616455e-01,1.000000000000000000e+00,7.442226409912109375e-01,7.869269847869873047e-01,7.858686447143554688e-01
2.025315314531326294e-01,2.969136834144592285e-01,1.000000000000000000e+00,7.329695224761962891e-01,7.597071528434753418e-01,7.784481048583984375e-01
2.011588364839553833e-01,2.913031578063964844e-01,1.000000000000000000e+00,6.796208620071411133e-01,5.222396254539489746e-01,7.064337134361267090e-01
2.111001014709472656e-01,3.285949826240539551e-01,7.280297279357910156e-01,5.262119174003601074e-01,4.495699405670166016e-01,6.586447954177856445e-01
2.222382873296737671e-01,3.116562962532043457e-01,6.417632699012756348e-01,4.302233457565307617e-01,4.478810131549835205e-01,6.590625047683715820e-01
2.305440753698348999e-01,3.518323600292205811e-01,5.487788915634155273e-01,3.069940209388732910e-01,4.487159252166748047e-01,6.681104898452758789e-01
2.743216156959533691e-01,3.124473392963409424e-01,5.159634351730346680e-01,1.910480707883834839e-01,4.604465961456298828e-01,6.833879947662353516e-01
1.000000000000000000e+00,1.000000000000000000e+00,2.043585181236267090e-01,0.000000000000000000e+00,0.000000000000000000e+00,0.000000000000000000e+00
