# CPU,RAM,NetworkR,NetworkW,DiskW,DiskR
2.389457672834396362e-01,2.406247556209564209e-01,1.000000000000000000e+00,7.937940955162048340e-01,7.965686321258544922e-01,7.978537082672119141e-01
2.013071179389953613e-01,2.298648655414581299e-01,1.000000000000000000e+00,7.734788656234741211e-01,7.967723011970520020e-01,7.926301956176757812e-01
2.020726799964904785e-01,3.127384483814239502e-01,1.000000000000000000e+00,7.433733940124511719e-01,7.865926623344421387e-01,7.851946353912353516e-01
2.028752416372299194e-01,3.128626942634582520e-01,1.000000000000000000e+00,7.247375249862670898e-01,7.515483498573303223e-01,7.743927240371704102e-01
2.014653533697128296e-01,3.264088332653045654e-01,9.637591838836669922e-01,6.552040576934814453e-01,4.706720709800720215e-01,6.773912310600280762e-01
2.119289785623550415e-01,4.038706421852111816e-01,6.403970718383789062e-01,4.918800592422485352e-01,3.908953666687011719e-01,6.205425262451171875e-01
2.133460342884063721e-01,3.482809364795684814e-01,5.829119682312011719e-01,4.095616936683654785e-01,3.484124541282653809e-01,5.980327129364013672e-01
2.079608589410781860e-01,3.303641080856323242e-01,5.769996643066406250e-01,3.395401239395141602e-01,3.897190690040588379e-01,6.353278756141662598e-01
2.430985271930694580e-01,3.505117595195770264e-01,4.614651203155517578e-01,1.607425957918167114e-01,3.292038142681121826e-01,6.103559732437133789e-01
1.000000000000000000e+00,1.000000000000000000e+00,2.051387280225753784e-01,0.000000000000000000e+00,0.000000000000000000e+00,0.000000000000000000e+00
