# CPU,RAM,NetworkR,NetworkW,DiskW,DiskR
2.389209270477294922e-01,2.406861335039138794e-01,1.000000000000000000e+00,7.937953472137451172e-01,7.965672612190246582e-01,7.978548407554626465e-01
2.013740390539169312e-01,2.239927500486373901e-01,1.000000000000000000e+00,7.751095294952392578e-01,7.968761324882507324e-01,7.931461930274963379e-01
2.116500437259674072e-01,4.837659597396850586e-01,9.479517340660095215e-01,7.102174162864685059e-01,7.814264297485351562e-01,7.797719836235046387e-01
2.762835621833801270e-01,8.788241147994995117e-01,7.038192152976989746e-01,6.162800788879394531e-01,6.496362090110778809e-01,7.407074570655822754e-01
3.316724896430969238e-01,6.986430287361145020e-01,6.601148843765258789e-01,5.745893716812133789e-01,5.950861573219299316e-01,7.215749621391296387e-01
2.507427334785461426e-01,7.894406914710998535e-01,5.736373066902160645e-01,5.216366052627563477e-01,5.005849599838256836e-01,6.987280249595642090e-01
2.007065415382385254e-01,1.000000000000000000e+00,5.255866646766662598e-01,5.658161044120788574e-01,8.007501065731048584e-02,4.012511372566223145e-01
1.000000000000000000e+00,1.000000000000000000e+00,4.149017333984375000e-01,3.466833233833312988e-01,0.000000000000000000e+00,5.924177765846252441e-01
2.009928226470947266e-01,2.135535627603530884e-01,2.736861705780029297e-01,1.646901071071624756e-01,0.000000000000000000e+00,0.000000000000000000e+00
2.948595285415649414e-01,2.405509352684020996e-01,2.031997591257095337e-01,0.000000000000000000e+00,0.000000000000000000e+00,0.000000000000000000e+00
