# CPU,RAM,NetworkR,NetworkW,DiskW,DiskR
2.390434592962265015e-01,2.405039221048355103e-01,1.000000000000000000e+00,7.937898039817810059e-01,7.965708971023559570e-01,7.978508472442626953e-01
2.010236233472824097e-01,2.395408600568771362e-01,1.000000000000000000e+00,7.719896435737609863e-01,7.965159416198730469e-01,7.915112972259521484e-01
2.017852514982223511e-01,3.480777442455291748e-01,1.000000000000000000e+00,7.396590113639831543e-01,7.843582630157470703e-01,7.830902934074401855e-01
2.027093768119812012e-01,3.625514507293701172e-01,1.000000000000000000e+00,7.125348448753356934e-01,7.333272099494934082e-01,7.664420008659362793e-01
2.012211382389068604e-01,3.248963952064514160e-01,9.795678853988647461e-01,6.649248003959655762e-01,4.862917661666870117e-01,6.856903433799743652e-01
2.092962414026260376e-01,4.749917984008789062e-01,6.627255678176879883e-01,5.146390199661254883e-01,4.516423940658569336e-01,6.555920839309692383e-01
2.092462927103042603e-01,3.015110194683074951e-01,7.184931635856628418e-01,4.836650490760803223e-01,4.382183551788330078e-01,6.597754955291748047e-01
2.061439454555511475e-01,3.636245429515838623e-01,5.950721502304077148e-01,3.561634421348571777e-01,3.923234343528747559e-01,6.412608623504638672e-01
2.626658082008361816e-01,4.398081600666046143e-01,4.464375078678131104e-01,1.573972553014755249e-01,3.389641046524047852e-01,6.203829646110534668e-01
1.000000000000000000e+00,1.000000000000000000e+00,2.051166743040084839e-01,0.000000000000000000e+00,0.000000000000000000e+00,0.000000000000000000e+00
