# CPU,RAM,NetworkR,NetworkW,DiskW,DiskR
2.000000029802322388e-01,4.000000059604644775e-01,1.000000000000000000e+00,8.000000119209289551e-01,8.000000119209289551e-01,8.000000119209289551e-01
2.000000029802322388e-01,5.000000000000000000e-01,1.000000000000000000e+00,7.478694319725036621e-01,7.889865636825561523e-01,7.853147983551025391e-01
2.000000029802322388e-01,5.000000000000000000e-01,9.142857193946838379e-01,7.052583694458007812e-01,7.465143799781799316e-01,7.853147983551025391e-01
2.000000029802322388e-01,6.000000238418579102e-01,8.122448921203613281e-01,6.325022578239440918e-01,7.170474529266357422e-01,7.853147983551025391e-01
2.000000029802322388e-01,6.000000238418579102e-01,7.306122183799743652e-01,5.917044281959533691e-01,5.298184156417846680e-01,6.656732559204101562e-01
2.849315106868743896e-01,6.999999880790710449e-01,6.081632375717163086e-01,5.427470803260803223e-01,4.714118242263793945e-01,6.483964920043945312e-01
2.000000029802322388e-01,1.000000000000000000e+00,4.857142865657806396e-01,4.771683216094970703e-01,1.777973026037216187e-01,6.118993759155273438e-01
1.000000000000000000e+00,1.000000000000000000e+00,4.040816426277160645e-01,3.199456334114074707e-01,0.000000000000000000e+00,5.139617919921875000e-01
2.000000029802322388e-01,2.000000029802322388e-01,2.816326618194580078e-01,1.412662416696548462e-01,0.000000000000000000e+00,0.000000000000000000e+00
2.739726006984710693e-01,2.000000029802322388e-01,2.000000029802322388e-01,0.000000000000000000e+00,0.000000000000000000e+00,0.000000000000000000e+00
