# CPU,RAM,NetworkR,NetworkW,DiskW,DiskR
2.391187250614166260e-01,2.407834976911544800e-01,1.000000000000000000e+00,7.937938570976257324e-01,7.965650558471679688e-01,7.978559136390686035e-01
2.010523229837417603e-01,2.902499735355377197e-01,1.000000000000000000e+00,7.650131583213806152e-01,7.959901690483093262e-01,7.891251444816589355e-01
2.029229849576950073e-01,2.603395283222198486e-01,1.000000000000000000e+00,7.572465538978576660e-01,7.917987704277038574e-01,7.910352945327758789e-01
2.017582803964614868e-01,2.933034896850585938e-01,1.000000000000000000e+00,7.351410388946533203e-01,7.604828476905822754e-01,7.785302400588989258e-01
2.008969336748123169e-01,2.867398560047149658e-01,1.000000000000000000e+00,6.818150877952575684e-01,5.129576921463012695e-01,7.034429907798767090e-01
2.110315114259719849e-01,3.230727910995483398e-01,7.073594927787780762e-01,5.075731277465820312e-01,4.096223115921020508e-01,6.369436383247375488e-01
2.138399928808212280e-01,3.179146647453308105e-01,6.054385900497436523e-01,4.065887331962585449e-01,3.837708234786987305e-01,6.212703585624694824e-01
2.109504342079162598e-01,3.386029303073883057e-01,5.494816303253173828e-01,3.049014806747436523e-01,3.826283216476440430e-01,6.305212974548339844e-01
2.394727170467376709e-01,3.139322698116302490e-01,4.788590371608734131e-01,1.600414365530014038e-01,3.537974357604980469e-01,6.207702159881591797e-01
1.000000000000000000e+00,1.000000000000000000e+00,2.047089040279388428e-01,0.000000000000000000e+00,0.000000000000000000e+00,0.000000000000000000e+00
