# CPU,RAM,NetworkR,NetworkW,DiskW,DiskR
2.390876114368438721e-01,2.407951653003692627e-01,1.000000000000000000e+00,7.937945723533630371e-01,7.965648174285888672e-01,7.978562712669372559e-01
2.014218866825103760e-01,2.167222201824188232e-01,1.000000000000000000e+00,7.778822779655456543e-01,7.970138192176818848e-01,7.938967347145080566e-01
2.125008851289749146e-01,4.569143056869506836e-01,9.418996572494506836e-01,7.080622911453247070e-01,7.810477614402770996e-01,7.784244418144226074e-01
3.264745473861694336e-01,8.378371596336364746e-01,7.190126776695251465e-01,6.203323602676391602e-01,6.804615855216979980e-01,7.492336034774780273e-01
3.515438437461853027e-01,7.925873994827270508e-01,6.061814427375793457e-01,5.521684885025024414e-01,5.342375040054321289e-01,7.059677839279174805e-01
2.480788975954055786e-01,7.791674733161926270e-01,5.512893199920654297e-01,5.103815197944641113e-01,4.624752998352050781e-01,6.840047836303710938e-01
2.027785629034042358e-01,1.000000000000000000e+00,5.339017510414123535e-01,5.549609661102294922e-01,1.433968096971511841e-01,6.742346882820129395e-01
1.000000000000000000e+00,1.000000000000000000e+00,3.991489112377166748e-01,3.742211461067199707e-01,0.000000000000000000e+00,6.571526527404785156e-01
2.009944617748260498e-01,2.134431898593902588e-01,2.610565125942230225e-01,1.684578210115432739e-01,0.000000000000000000e+00,0.000000000000000000e+00
2.498676627874374390e-01,2.167199999094009399e-01,2.059338092803955078e-01,0.000000000000000000e+00,0.000000000000000000e+00,0.000000000000000000e+00
