# CPU,RAM,NetworkR,NetworkW,DiskW,DiskR
2.391090393066406250e-01,2.407350689172744751e-01,1.000000000000000000e+00,7.937933802604675293e-01,7.965661883354187012e-01,7.978551387786865234e-01
2.010937780141830444e-01,2.719461619853973389e-01,1.000000000000000000e+00,7.667580842971801758e-01,7.962039709091186523e-01,7.900165319442749023e-01
2.026357799768447876e-01,2.587637901306152344e-01,1.000000000000000000e+00,7.576919794082641602e-01,7.916918396949768066e-01,7.909362912178039551e-01
2.017639875411987305e-01,2.973988056182861328e-01,1.000000000000000000e+00,7.328178882598876953e-01,7.573862075805664062e-01,7.770617008209228516e-01
2.009962946176528931e-01,2.901999950408935547e-01,1.000000000000000000e+00,6.763504743576049805e-01,5.011373758316040039e-01,6.979930400848388672e-01
2.126414477825164795e-01,3.430787622928619385e-01,6.786574721336364746e-01,4.957073330879211426e-01,4.059468507766723633e-01,6.320852637290954590e-01
2.133591771125793457e-01,3.326629698276519775e-01,5.856244564056396484e-01,3.986886739730834961e-01,3.626719713211059570e-01,6.067910790443420410e-01
2.064782530069351196e-01,3.253468275070190430e-01,5.700702071189880371e-01,3.227770328521728516e-01,3.681307137012481689e-01,6.210951805114746094e-01
2.241640836000442505e-01,3.154295086860656738e-01,4.751318991184234619e-01,1.603205054998397827e-01,3.037787079811096191e-01,5.851302742958068848e-01
1.000000000000000000e+00,1.000000000000000000e+00,2.053976953029632568e-01,0.000000000000000000e+00,0.000000000000000000e+00,0.000000000000000000e+00
