# CPU,RAM,NetworkR,NetworkW,DiskW,DiskR
2.391578406095504761e-01,2.407726347446441650e-01,1.000000000000000000e+00,7.937933206558227539e-01,7.965653538703918457e-01,7.978556752204895020e-01
2.012559622526168823e-01,2.424244135618209839e-01,1.000000000000000000e+00,7.706876993179321289e-01,7.965965867042541504e-01,7.917721867561340332e-01
2.071246057748794556e-01,3.455098271369934082e-01,1.000000000000000000e+00,7.328670024871826172e-01,7.886283993721008301e-01,7.863147854804992676e-01
2.221992015838623047e-01,4.331395328044891357e-01,9.632752537727355957e-01,6.961399912834167480e-01,7.627493143081665039e-01,7.760206460952758789e-01
3.314279615879058838e-01,8.022934198379516602e-01,6.723188161849975586e-01,5.707824230194091797e-01,6.094587445259094238e-01,7.291818857192993164e-01
2.663772702217102051e-01,7.854386568069458008e-01,5.428465604782104492e-01,4.836272597312927246e-01,4.213536381721496582e-01,6.649441719055175781e-01
2.032649815082550049e-01,1.000000000000000000e+00,5.123242735862731934e-01,5.230320096015930176e-01,1.454270333051681519e-01,6.630725860595703125e-01
1.000000000000000000e+00,1.000000000000000000e+00,3.771460652351379395e-01,3.232200145721435547e-01,0.000000000000000000e+00,4.250521063804626465e-01
2.050086408853530884e-01,2.043978422880172729e-01,2.889277935028076172e-01,1.533685475587844849e-01,0.000000000000000000e+00,0.000000000000000000e+00
3.460874259471893311e-01,2.143940478563308716e-01,2.043796777725219727e-01,0.000000000000000000e+00,0.000000000000000000e+00,0.000000000000000000e+00
