# CPU,RAM,NetworkR,NetworkW,DiskW,DiskR
2.390493899583816528e-01,2.406860440969467163e-01,1.000000000000000000e+00,7.937947511672973633e-01,7.965677976608276367e-01,7.978549003601074219e-01
2.009483128786087036e-01,3.007941246032714844e-01,1.000000000000000000e+00,7.644881606101989746e-01,7.958183884620666504e-01,7.882695794105529785e-01
2.031424790620803833e-01,2.432661056518554688e-01,1.000000000000000000e+00,7.623448967933654785e-01,7.930849790573120117e-01,7.923907637596130371e-01
2.020541578531265259e-01,3.064712882041931152e-01,1.000000000000000000e+00,7.285553812980651855e-01,7.586113214492797852e-01,7.764249444007873535e-01
2.032665610313415527e-01,2.803829908370971680e-01,1.000000000000000000e+00,6.698539257049560547e-01,5.825643539428710938e-01,7.258951067924499512e-01
3.324157893657684326e-01,4.637454748153686523e-01,5.988665223121643066e-01,4.517055749893188477e-01,5.063415169715881348e-01,6.791618466377258301e-01
4.345776438713073730e-01,1.000000000000000000e+00,4.439599215984344482e-01,4.070916175842285156e-01,9.671823680400848389e-02,6.912137866020202637e-01
1.000000000000000000e+00,6.150829195976257324e-01,2.634527981281280518e-01,1.010417193174362183e-01,0.000000000000000000e+00,0.000000000000000000e+00
2.091706693172454834e-01,2.011357545852661133e-01,2.651586532592773438e-01,7.053130120038986206e-02,0.000000000000000000e+00,0.000000000000000000e+00
3.705128431320190430e-01,2.054938524961471558e-01,2.076472938060760498e-01,0.000000000000000000e+00,0.000000000000000000e+00,0.000000000000000000e+00
