# CPU,RAM,NetworkR,NetworkW,DiskW,DiskR
2.390913963317871094e-01,2.408393174409866333e-01,1.000000000000000000e+00,7.937942743301391602e-01,7.965634465217590332e-01,7.978566288948059082e-01
2.009770572185516357e-01,3.118386268615722656e-01,1.000000000000000000e+00,7.635203599929809570e-01,7.957212328910827637e-01,7.879795432090759277e-01
2.026226073503494263e-01,2.557594478130340576e-01,1.000000000000000000e+00,7.593538761138916016e-01,7.918716073036193848e-01,7.913009524345397949e-01
2.013127356767654419e-01,2.856342196464538574e-01,1.000000000000000000e+00,7.388733625411987305e-01,7.592251300811767578e-01,7.784957289695739746e-01
2.007714509963989258e-01,2.762737870216369629e-01,1.000000000000000000e+00,6.868970990180969238e-01,5.098011493682861328e-01,7.043908238410949707e-01
2.113920748233795166e-01,3.034206330776214600e-01,7.287847995758056641e-01,5.139218568801879883e-01,4.254217743873596191e-01,6.470657587051391602e-01
2.153250575065612793e-01,3.208169043064117432e-01,5.976259708404541016e-01,3.990660905838012695e-01,3.923009634017944336e-01,6.260306239128112793e-01
2.079911231994628906e-01,3.348248898983001709e-01,5.479129552841186523e-01,3.037195205688476562e-01,3.578504920005798340e-01,6.143889427185058594e-01
2.244197726249694824e-01,3.074131906032562256e-01,4.665394127368927002e-01,1.524092108011245728e-01,2.946467399597167969e-01,5.731546282768249512e-01
1.000000000000000000e+00,1.000000000000000000e+00,2.049925327301025391e-01,0.000000000000000000e+00,0.000000000000000000e+00,0.000000000000000000e+00
