# CPU,RAM,NetworkR,NetworkW,DiskW,DiskR
2.000000029802322388e-01,2.000000029802322388e-01,1.000000000000000000e+00,8.000000119209289551e-01,8.000000119209289551e-01,8.000000119209289551e-01
2.000000029802322388e-01,2.000000029802322388e-01,1.000000000000000000e+00,7.807140946388244629e-01,7.975781559944152832e-01,7.627690434455871582e-01
2.000000029802322388e-01,2.833333313465118408e-01,1.000000000000000000e+00,7.536851167678833008e-01,7.969726920127868652e-01,7.627690434455871582e-01
2.000000029802322388e-01,2.833333313465118408e-01,1.000000000000000000e+00,7.161170244216918945e-01,7.884961962699890137e-01,7.627690434455871582e-01
2.000000029802322388e-01,2.833333313465118408e-01,1.000000000000000000e+00,6.998422741889953613e-01,6.717929244041442871e-01,6.789994239807128906e-01
2.000000029802322388e-01,2.833333313465118408e-01,6.886888742446899414e-01,4.866217374801635742e-01,4.502686858177185059e-01,6.487492918968200684e-01
2.000000029802322388e-01,2.833333313465118408e-01,6.507876515388488770e-01,4.528534412384033203e-01,4.356618523597717285e-01,6.487492918968200684e-01
2.000000029802322388e-01,2.833333313465118408e-01,6.128864288330078125e-01,3.243762850761413574e-01,4.122757911682128906e-01,6.487492918968200684e-01
2.000000029802322388e-01,3.666666746139526367e-01,4.359350800514221191e-01,1.389016360044479370e-01,3.810943961143493652e-01,6.394415497779846191e-01
1.000000000000000000e+00,1.000000000000000000e+00,2.000000029802322388e-01,0.000000000000000000e+00,0.000000000000000000e+00,0.000000000000000000e+00
