# CPU,RAM,NetworkR,NetworkW,DiskW,DiskR
2.391119450330734253e-01,2.407391220331192017e-01,1.000000000000000000e+00,7.937937378883361816e-01,7.965662479400634766e-01,7.978553175926208496e-01
2.012915313243865967e-01,2.427864521741867065e-01,1.000000000000000000e+00,7.705006599426269531e-01,7.966004014015197754e-01,7.917770743370056152e-01
2.113924473524093628e-01,4.622117877006530762e-01,9.779893159866333008e-01,7.180581688880920410e-01,7.851572632789611816e-01,7.834850549697875977e-01
2.343014925718307495e-01,8.536927700042724609e-01,7.442302703857421875e-01,6.324948668479919434e-01,6.619072556495666504e-01,7.443733811378479004e-01
2.378351837396621704e-01,5.164791345596313477e-01,7.636991143226623535e-01,6.147052645683288574e-01,6.280707716941833496e-01,7.307986617088317871e-01
2.384226322174072266e-01,6.934896707534790039e-01,6.041958332061767578e-01,5.249475836753845215e-01,5.042191743850708008e-01,6.931360960006713867e-01
2.024459987878799438e-01,1.000000000000000000e+00,5.675103068351745605e-01,5.559583306312561035e-01,2.107373774051666260e-01,7.037041783332824707e-01
1.000000000000000000e+00,1.000000000000000000e+00,4.141002595424652100e-01,3.753023743629455566e-01,0.000000000000000000e+00,5.263854861259460449e-01
2.030038088560104370e-01,2.048131674528121948e-01,3.009846508502960205e-01,1.817558556795120239e-01,0.000000000000000000e+00,0.000000000000000000e+00
2.940254807472229004e-01,2.106346487998962402e-01,2.063928097486495972e-01,0.000000000000000000e+00,0.000000000000000000e+00,0.000000000000000000e+00
