# CPU,RAM,NetworkR,NetworkW,DiskW,DiskR
2.391910701990127563e-01,2.398869842290878296e-01,1.000000000000000000e+00,7.937762141227722168e-01,7.965837717056274414e-01,7.978385686874389648e-01
2.013152390718460083e-01,2.247045487165451050e-01,1.000000000000000000e+00,7.749929428100585938e-01,7.968532443046569824e-01,7.930268645286560059e-01
2.016603052616119385e-01,3.445683419704437256e-01,1.000000000000000000e+00,7.386098504066467285e-01,7.835732102394104004e-01,7.821117043495178223e-01
2.026023715734481812e-01,3.380750715732574463e-01,1.000000000000000000e+00,7.170789837837219238e-01,7.357790470123291016e-01,7.680039405822753906e-01
2.014278620481491089e-01,3.329316377639770508e-01,9.523611664772033691e-01,6.535474658012390137e-01,4.601949453353881836e-01,6.712720394134521484e-01
2.124823480844497681e-01,4.566774666309356689e-01,6.219143271446228027e-01,4.894764125347137451e-01,3.984292149543762207e-01,6.240258216857910156e-01
2.094446867704391479e-01,3.136204481124877930e-01,6.505022644996643066e-01,4.507955908775329590e-01,3.808318972587585449e-01,6.227211356163024902e-01
2.052664011716842651e-01,3.496345579624176025e-01,5.845289230346679688e-01,3.505109548568725586e-01,3.725611567497253418e-01,6.274812221527099609e-01
2.610182762145996094e-01,4.386098384857177734e-01,4.491390287876129150e-01,1.579016000032424927e-01,3.538335561752319336e-01,6.292006969451904297e-01
1.000000000000000000e+00,1.000000000000000000e+00,2.051125466823577881e-01,0.000000000000000000e+00,0.000000000000000000e+00,0.000000000000000000e+00
