# CPU,RAM,NetworkR,NetworkW,DiskW,DiskR
0.000000000000000000e+00,0.000000000000000000e+00,7.969682812690734863e-01,1.000000000000000000e+00,1.000000000000000000e+00,1.000000000000000000e+00
0.000000000000000000e+00,2.523348927497863770e-01,7.094521522521972656e-01,1.000000000000000000e+00,1.000000000000000000e+00,6.887225508689880371e-01
0.000000000000000000e+00,5.120353102684020996e-01,5.327512621879577637e-01,1.000000000000000000e+00,1.000000000000000000e+00,4.836426973342895508e-01
2.000811547040939331e-01,8.697270750999450684e-01,8.304136395454406738e-01,6.438887119293212891e-01,4.823613166809082031e-01,7.451570034027099609e-02
2.000993788242340088e-01,8.902568221092224121e-01,6.767492890357971191e-01,5.821122527122497559e-01,3.287666141986846924e-01,3.060963936150074005e-02
2.002706527709960938e-01,7.418375015258789062e-01,4.881748557090759277e-01,4.579426050186157227e-01,1.625998020172119141e-01,0.000000000000000000e+00
2.007189244031906128e-01,6.337136030197143555e-01,4.088070392608642578e-01,3.197042942047119141e-01,6.955712288618087769e-02,0.000000000000000000e+00
2.266072183847427368e-01,6.631141901016235352e-01,4.620266258716583252e-01,2.643085122108459473e-01,2.690761685371398926e-01,4.787827134132385254e-01
7.870668768882751465e-01,1.000000000000000000e+00,4.952491521835327148e-01,2.306118756532669067e-01,5.697538852691650391e-01,7.424722313880920410e-01
1.000000000000000000e+00,1.000000000000000000e+00,2.117318212985992432e-01,0.000000000000000000e+00,0.000000000000000000e+00,0.000000000000000000e+00
