# CPU,RAM,NetworkR,NetworkW,DiskW,DiskR
2.391165643930435181e-01,2.406780719757080078e-01,1.000000000000000000e+00,7.937927246093750000e-01,7.965675592422485352e-01,7.978541851043701172e-01
2.002785354852676392e-01,4.751359820365905762e-01,1.000000000000000000e+00,7.571361660957336426e-01,7.904143929481506348e-01,7.342579364776611328e-01
2.015777826309204102e-01,3.801264464855194092e-01,1.000000000000000000e+00,7.345621585845947266e-01,7.794371247291564941e-01,7.685035467147827148e-01
2.006609737873077393e-01,3.929077684879302979e-01,1.000000000000000000e+00,7.190149426460266113e-01,7.011534571647644043e-01,7.489011883735656738e-01
2.002564370632171631e-01,3.348248004913330078e-01,1.000000000000000000e+00,6.869543194770812988e-01,4.390706419944763184e-01,6.344023942947387695e-01
2.033390998840332031e-01,3.700612485408782959e-01,7.268935441970825195e-01,5.416772365570068359e-01,3.790039122104644775e-01,6.040843129158020020e-01
2.028845995664596558e-01,3.896270990371704102e-01,6.527884602546691895e-01,4.712091684341430664e-01,3.731258511543273926e-01,6.092128753662109375e-01
2.026745527982711792e-01,3.474088311195373535e-01,6.430094838142395020e-01,3.931925296783447266e-01,3.596051335334777832e-01,6.142747998237609863e-01
2.356429100036621094e-01,5.047891736030578613e-01,4.153273999691009521e-01,1.495967060327529907e-01,2.367920130491256714e-01,5.324697494506835938e-01
1.000000000000000000e+00,1.000000000000000000e+00,2.068235427141189575e-01,0.000000000000000000e+00,0.000000000000000000e+00,0.000000000000000000e+00
