# CPU,RAM,NetworkR,NetworkW,DiskW,DiskR
2.391599267721176147e-01,2.407699823379516602e-01,1.000000000000000000e+00,7.937933802604675293e-01,7.965654730796813965e-01,7.978556752204895020e-01
2.011354565620422363e-01,2.795301675796508789e-01,1.000000000000000000e+00,7.657731175422668457e-01,7.961434125900268555e-01,7.898001670837402344e-01
2.052344530820846558e-01,3.296594023704528809e-01,1.000000000000000000e+00,7.399885654449462891e-01,7.893373966217041016e-01,7.877949476242065430e-01
2.030661553144454956e-01,2.922540605068206787e-01,1.000000000000000000e+00,7.375644445419311523e-01,7.700200080871582031e-01,7.830892205238342285e-01
2.023606896400451660e-01,2.998166084289550781e-01,1.000000000000000000e+00,6.755627393722534180e-01,5.895757675170898438e-01,7.269310951232910156e-01
2.413429915904998779e-01,2.888065576553344727e-01,7.678917646408081055e-01,5.338329672813415527e-01,5.170832872390747070e-01,6.889873743057250977e-01
3.323614597320556641e-01,1.000000000000000000e+00,4.722384810447692871e-01,3.967322111129760742e-01,3.202693462371826172e-01,7.156386971473693848e-01
1.000000000000000000e+00,1.000000000000000000e+00,2.977242469787597656e-01,1.346162110567092896e-01,0.000000000000000000e+00,2.474269270896911621e-01
2.069192230701446533e-01,2.014846801757812500e-01,2.623440921306610107e-01,9.861665219068527222e-02,0.000000000000000000e+00,0.000000000000000000e+00
3.477322161197662354e-01,2.062867283821105957e-01,2.067652642726898193e-01,0.000000000000000000e+00,0.000000000000000000e+00,0.000000000000000000e+00
