# CPU,RAM,NetworkR,NetworkW,DiskW,DiskR
2.390461266040802002e-01,2.405561506748199463e-01,1.000000000000000000e+00,7.937918901443481445e-01,7.965703010559082031e-01,7.978522777557373047e-01
2.001093924045562744e-01,7.466869950294494629e-01,1.000000000000000000e+00,7.424918413162231445e-01,7.628983855247497559e-01,3.795551061630249023e-01
2.002701759338378906e-01,7.805984616279602051e-01,9.234610795974731445e-01,6.884059309959411621e-01,6.620109677314758301e-01,4.220793247222900391e-01
2.001236081123352051e-01,6.701731681823730469e-01,9.121630191802978516e-01,6.730337738990783691e-01,5.031876564025878906e-01,3.898779153823852539e-01
2.001193463802337646e-01,7.001463174819946289e-01,7.922589778900146484e-01,6.210196018218994141e-01,3.583253026008605957e-01,2.647431492805480957e-01
2.005614936351776123e-01,5.746653676033020020e-01,5.787424445152282715e-01,5.026751160621643066e-01,2.005011290311813354e-01,1.551457047462463379e-01
2.008551806211471558e-01,6.088869571685791016e-01,4.487929344177246094e-01,3.787482380867004395e-01,1.107660681009292603e-01,8.253993093967437744e-02
2.091224491596221924e-01,4.758841395378112793e-01,4.881443083286285400e-01,3.056347966194152832e-01,2.625271081924438477e-01,4.765747785568237305e-01
5.458115935325622559e-01,1.000000000000000000e+00,4.417645037174224854e-01,1.969538778066635132e-01,4.791911244392395020e-01,7.051682472229003906e-01
1.000000000000000000e+00,1.000000000000000000e+00,2.080213725566864014e-01,0.000000000000000000e+00,0.000000000000000000e+00,0.000000000000000000e+00
