# CPU,RAM,NetworkR,NetworkW,DiskW,DiskR
2.390167415142059326e-01,2.405685633420944214e-01,1.000000000000000000e+00,7.937927842140197754e-01,7.965701818466186523e-01,7.978526949882507324e-01
2.002754658460617065e-01,4.294309914112091064e-01,1.000000000000000000e+00,7.591676115989685059e-01,7.913765311241149902e-01,7.406876683235168457e-01
2.005293816328048706e-01,5.755414962768554688e-01,1.000000000000000000e+00,7.203303575515747070e-01,7.526442408561706543e-01,7.315245866775512695e-01
2.002876400947570801e-01,4.787968099117279053e-01,1.000000000000000000e+00,7.070131301879882812e-01,6.161041855812072754e-01,6.959687471389770508e-01
2.001661360263824463e-01,4.210259318351745605e-01,9.673987030982971191e-01,6.671907901763916016e-01,3.894261121749877930e-01,5.364854335784912109e-01
2.017664015293121338e-01,4.036186933517456055e-01,7.025064229965209961e-01,5.360426306724548340e-01,3.069277405738830566e-01,5.185410976409912109e-01
2.017911523580551147e-01,4.174038469791412354e-01,6.188821196556091309e-01,4.599474668502807617e-01,3.020417690277099609e-01,5.372267961502075195e-01
2.054733783006668091e-01,3.638687431812286377e-01,6.174328327178955078e-01,3.805666565895080566e-01,3.983218073844909668e-01,6.321536898612976074e-01
3.205797374248504639e-01,6.642450690269470215e-01,4.168845415115356445e-01,1.559928059577941895e-01,3.445366621017456055e-01,6.335201859474182129e-01
1.000000000000000000e+00,1.000000000000000000e+00,2.056678980588912964e-01,0.000000000000000000e+00,0.000000000000000000e+00,0.000000000000000000e+00
