# CPU,RAM,NetworkR,NetworkW,DiskW,DiskR
2.390918731689453125e-01,2.403631508350372314e-01,1.000000000000000000e+00,7.937857508659362793e-01,7.965735197067260742e-01,7.978477478027343750e-01
2.003785073757171631e-01,3.327801227569580078e-01,1.000000000000000000e+00,7.644538879394531250e-01,7.941434979438781738e-01,7.724160552024841309e-01
2.008777558803558350e-01,4.774904847145080566e-01,1.000000000000000000e+00,7.292766571044921875e-01,7.714507579803466797e-01,7.648788690567016602e-01
2.008221298456192017e-01,3.971069157123565674e-01,1.000000000000000000e+00,7.140399217605590820e-01,6.889789700508117676e-01,7.472882866859436035e-01
2.003619372844696045e-01,3.709778189659118652e-01,9.893069863319396973e-01,6.723376512527465820e-01,4.447528123855590820e-01,6.411450505256652832e-01
2.040467858314514160e-01,3.887872099876403809e-01,7.395815253257751465e-01,5.482698678970336914e-01,4.197176694869995117e-01,6.333538889884948730e-01
2.028032541275024414e-01,3.128838837146759033e-01,7.582666277885437012e-01,5.157496333122253418e-01,4.292335510253906250e-01,6.527374386787414551e-01
2.057662159204483032e-01,4.115681648254394531e-01,5.764782428741455078e-01,3.488351106643676758e-01,3.527432084083557129e-01,6.131143569946289062e-01
3.223441541194915771e-01,8.050553202629089355e-01,3.699614703655242920e-01,1.189009994268417358e-01,2.307209819555282593e-01,5.737797617912292480e-01
1.000000000000000000e+00,1.000000000000000000e+00,2.050813287496566772e-01,0.000000000000000000e+00,0.000000000000000000e+00,0.000000000000000000e+00
