# CPU,RAM,NetworkR,NetworkW,DiskW,DiskR
2.390647828578948975e-01,2.408507168292999268e-01,1.000000000000000000e+00,7.937950491905212402e-01,7.965633273124694824e-01,7.978570461273193359e-01
2.011476159095764160e-01,2.807100713253021240e-01,1.000000000000000000e+00,7.655517458915710449e-01,7.961097955703735352e-01,7.896957397460937500e-01
2.129292637109756470e-01,3.549400866031646729e-01,1.000000000000000000e+00,7.326318621635437012e-01,7.906599044799804688e-01,7.882636189460754395e-01
2.441984862089157104e-01,7.078474164009094238e-01,8.359196782112121582e-01,6.604757905006408691e-01,7.343698143959045410e-01,7.660248875617980957e-01
2.865466177463531494e-01,6.635097861289978027e-01,7.349107265472412109e-01,6.023223400115966797e-01,6.552521586418151855e-01,7.409963011741638184e-01
2.418741583824157715e-01,6.937282085418701172e-01,5.987062454223632812e-01,5.180317759513854980e-01,4.851737618446350098e-01,6.864432096481323242e-01
2.019528150558471680e-01,1.000000000000000000e+00,5.532928109169006348e-01,5.444715619087219238e-01,1.913450807332992554e-01,6.834684014320373535e-01
1.000000000000000000e+00,1.000000000000000000e+00,3.971264362335205078e-01,3.413882851600646973e-01,0.000000000000000000e+00,3.715152740478515625e-01
2.044900208711624146e-01,2.047221511602401733e-01,3.247374892234802246e-01,1.764219552278518677e-01,0.000000000000000000e+00,0.000000000000000000e+00
2.895773649215698242e-01,2.106210589408874512e-01,2.073051482439041138e-01,0.000000000000000000e+00,0.000000000000000000e+00,0.000000000000000000e+00
