# CPU,RAM,NetworkR,NetworkW,DiskW,DiskR
2.391974478960037231e-01,2.408332228660583496e-01,1.000000000000000000e+00,7.937932014465332031e-01,7.965638041496276855e-01,7.978564500808715820e-01
2.004192024469375610e-01,6.393618583679199219e-01,1.000000000000000000e+00,7.538490295410156250e-01,7.902083396911621094e-01,7.545294165611267090e-01
2.053312063217163086e-01,2.436584085226058960e-01,1.000000000000000000e+00,7.589750885963439941e-01,7.926446795463562012e-01,7.900609374046325684e-01
2.014472633600234985e-01,2.966368496417999268e-01,1.000000000000000000e+00,7.370322346687316895e-01,7.634373307228088379e-01,7.780688405036926270e-01
2.004585266113281250e-01,2.798239886760711670e-01,1.000000000000000000e+00,7.023305892944335938e-01,5.377353429794311523e-01,7.102755904197692871e-01
2.053226530551910400e-01,2.981362938880920410e-01,7.943835258483886719e-01,5.503695011138916016e-01,4.321854710578918457e-01,6.526995301246643066e-01
2.074199169874191284e-01,3.155919313430786133e-01,6.670638918876647949e-01,4.458939433097839355e-01,4.217990636825561523e-01,6.448165774345397949e-01
2.055156379938125610e-01,3.257296979427337646e-01,6.188086271286010742e-01,3.507152199745178223e-01,4.035258293151855469e-01,6.441999077796936035e-01
2.346015423536300659e-01,3.548975288867950439e-01,4.718852043151855469e-01,1.597019582986831665e-01,3.273533582687377930e-01,6.033695936203002930e-01
1.000000000000000000e+00,1.000000000000000000e+00,2.060358524322509766e-01,0.000000000000000000e+00,0.000000000000000000e+00,0.000000000000000000e+00
