# CPU,RAM,NetworkR,NetworkW,DiskW,DiskR
2.391511648893356323e-01,2.407417297363281250e-01,1.000000000000000000e+00,7.937935590744018555e-01,7.965663075447082520e-01,7.978553771972656250e-01
2.013702392578125000e-01,2.241847664117813110e-01,1.000000000000000000e+00,7.750724554061889648e-01,7.968785166740417480e-01,7.931486368179321289e-01
2.041026055812835693e-01,5.784145593643188477e-01,9.313359856605529785e-01,7.065741419792175293e-01,7.671722173690795898e-01,7.711625099182128906e-01
2.167384326457977295e-01,3.093572258949279785e-01,1.000000000000000000e+00,7.195040583610534668e-01,7.693989276885986328e-01,7.811191678047180176e-01
2.267488688230514526e-01,4.862135052680969238e-01,7.829827666282653809e-01,6.099008917808532715e-01,6.201040148735046387e-01,7.242106199264526367e-01
2.752975523471832275e-01,5.925657749176025391e-01,6.265771389007568359e-01,5.140994787216186523e-01,5.416055321693420410e-01,7.007252573966979980e-01
2.256472110748291016e-01,1.000000000000000000e+00,5.059912204742431641e-01,5.002380013465881348e-01,1.481302976608276367e-01,6.948915719985961914e-01
1.000000000000000000e+00,1.000000000000000000e+00,3.584805727005004883e-01,3.010908365249633789e-01,0.000000000000000000e+00,4.248676896095275879e-01
2.060212939977645874e-01,2.025373429059982300e-01,2.802350819110870361e-01,1.430602371692657471e-01,0.000000000000000000e+00,0.000000000000000000e+00
3.193274736404418945e-01,2.080023288726806641e-01,2.062131315469741821e-01,0.000000000000000000e+00,0.000000000000000000e+00,0.000000000000000000e+00
