# CPU,RAM,NetworkR,NetworkW,DiskW,DiskR
2.391296029090881348e-01,2.407667338848114014e-01,1.000000000000000000e+00,7.937940955162048340e-01,7.965657114982604980e-01,7.978557944297790527e-01
2.011476010084152222e-01,2.761150598526000977e-01,1.000000000000000000e+00,7.660890221595764160e-01,7.961798906326293945e-01,7.899533510208129883e-01
2.069732397794723511e-01,2.970775365829467773e-01,1.000000000000000000e+00,7.442612648010253906e-01,7.914955615997314453e-01,7.896254658699035645e-01
2.044524997472763062e-01,3.134564459323883057e-01,1.000000000000000000e+00,7.293635606765747070e-01,7.698839902877807617e-01,7.818416357040405273e-01
2.120222002267837524e-01,3.518877923488616943e-01,9.116961359977722168e-01,6.415945887565612793e-01,6.345587968826293945e-01,7.325991392135620117e-01
2.817614078521728516e-01,4.337599873542785645e-01,6.599392294883728027e-01,5.003372430801391602e-01,5.341264009475708008e-01,6.924637556076049805e-01
2.851026654243469238e-01,1.000000000000000000e+00,4.925903081893920898e-01,4.483532309532165527e-01,2.366954535245895386e-01,7.213965058326721191e-01
1.000000000000000000e+00,1.000000000000000000e+00,2.977596819400787354e-01,1.637623161077499390e-01,0.000000000000000000e+00,8.489873260259628296e-02
2.126757502555847168e-01,2.019929289817810059e-01,2.756039500236511230e-01,1.147983595728874207e-01,0.000000000000000000e+00,0.000000000000000000e+00
4.044785201549530029e-01,2.089645713567733765e-01,2.051821500062942505e-01,0.000000000000000000e+00,0.000000000000000000e+00,0.000000000000000000e+00
