# CPU,RAM,NetworkR,NetworkW,DiskW,DiskR
2.391092032194137573e-01,2.406210601329803467e-01,1.000000000000000000e+00,7.937919497489929199e-01,7.965688705444335938e-01,7.978532314300537109e-01
2.003642618656158447e-01,4.230674803256988525e-01,1.000000000000000000e+00,7.595635652542114258e-01,7.926161289215087891e-01,7.612708806991577148e-01
2.010835558176040649e-01,4.515275955200195312e-01,1.000000000000000000e+00,7.309625148773193359e-01,7.736244797706604004e-01,7.669793367385864258e-01
2.005242407321929932e-01,4.228843450546264648e-01,1.000000000000000000e+00,7.163343429565429688e-01,6.813662052154541016e-01,7.421689629554748535e-01
2.001881301403045654e-01,3.609033226966857910e-01,1.000000000000000000e+00,6.846785545349121094e-01,4.213725328445434570e-01,6.077987551689147949e-01
2.021939307451248169e-01,3.809116482734680176e-01,7.315092682838439941e-01,5.440011620521545410e-01,3.508594632148742676e-01,5.777703523635864258e-01
2.020510137081146240e-01,4.070165455341339111e-01,6.504044532775878906e-01,4.695986509323120117e-01,3.479001522064208984e-01,5.873305201530456543e-01
2.031392604112625122e-01,3.549299538135528564e-01,6.496181488037109375e-01,3.937184810638427734e-01,3.868882656097412109e-01,6.308739185333251953e-01
2.562545835971832275e-01,5.126767158508300781e-01,4.359677433967590332e-01,1.590021103620529175e-01,3.070392608642578125e-01,5.956248044967651367e-01
1.000000000000000000e+00,1.000000000000000000e+00,2.062793821096420288e-01,0.000000000000000000e+00,0.000000000000000000e+00,0.000000000000000000e+00
