# CPU,RAM,NetworkR,NetworkW,DiskW,DiskR
2.391576617956161499e-01,2.408031374216079712e-01,1.000000000000000000e+00,7.937930822372436523e-01,7.965644001960754395e-01,7.978559732437133789e-01
2.013371586799621582e-01,2.210070639848709106e-01,1.000000000000000000e+00,7.763195633888244629e-01,7.969346642494201660e-01,7.934641242027282715e-01
2.036779522895812988e-01,3.525563478469848633e-01,1.000000000000000000e+00,7.300446033477783203e-01,7.840297818183898926e-01,7.817925810813903809e-01
2.037255913019180298e-01,2.828179597854614258e-01,1.000000000000000000e+00,7.339289784431457520e-01,7.635158300399780273e-01,7.804511785507202148e-01
2.116358876228332520e-01,3.483083248138427734e-01,8.671566247940063477e-01,6.218969821929931641e-01,5.620194077491760254e-01,7.062782049179077148e-01
2.432736456394195557e-01,3.819156885147094727e-01,6.806197762489318848e-01,5.162109732627868652e-01,5.292192101478576660e-01,6.897619962692260742e-01
2.990266978740692139e-01,1.000000000000000000e+00,4.580388069152832031e-01,3.759776949882507324e-01,3.454748392105102539e-01,6.785291433334350586e-01
4.750522077083587646e-01,7.576096653938293457e-01,3.122808635234832764e-01,1.527624577283859253e-01,2.241576090455055237e-02,3.371450901031494141e-01
2.198053598403930664e-01,2.179764956235885620e-01,2.633714973926544189e-01,3.918717056512832642e-02,0.000000000000000000e+00,0.000000000000000000e+00
7.043026089668273926e-01,3.008669316768646240e-01,2.024479061365127563e-01,0.000000000000000000e+00,0.000000000000000000e+00,0.000000000000000000e+00
