# CPU,RAM,NetworkR,NetworkW,DiskW,DiskR
2.390850782394409180e-01,2.405504286289215088e-01,1.000000000000000000e+00,7.937899827957153320e-01,7.965698838233947754e-01,7.978515625000000000e-01
2.008908241987228394e-01,2.555474638938903809e-01,1.000000000000000000e+00,7.695219516754150391e-01,7.961769104003906250e-01,7.898724675178527832e-01
2.017935365438461304e-01,3.297578394412994385e-01,1.000000000000000000e+00,7.432470321655273438e-01,7.855667471885681152e-01,7.843300700187683105e-01
2.016780227422714233e-01,3.786454498767852783e-01,1.000000000000000000e+00,7.120473980903625488e-01,7.201769351959228516e-01,7.615243792533874512e-01
2.006553858518600464e-01,3.371911942958831787e-01,9.837563633918762207e-01,6.648672819137573242e-01,4.347890019416809082e-01,6.536404490470886230e-01
2.067462950944900513e-01,4.044300019741058350e-01,6.593486070632934570e-01,5.040141344070434570e-01,3.711310029029846191e-01,6.052920818328857422e-01
2.043793201446533203e-01,3.318885862827301025e-01,6.686241626739501953e-01,4.639047980308532715e-01,3.827083706855773926e-01,6.221594214439392090e-01
2.034353613853454590e-01,3.590623736381530762e-01,6.156410574913024902e-01,3.646584153175354004e-01,3.722273111343383789e-01,6.274178028106689453e-01
2.435950934886932373e-01,4.193642437458038330e-01,4.589822292327880859e-01,1.600788980722427368e-01,3.282086253166198730e-01,6.078059077262878418e-01
1.000000000000000000e+00,1.000000000000000000e+00,2.056514322757720947e-01,0.000000000000000000e+00,0.000000000000000000e+00,0.000000000000000000e+00
