# CPU,RAM,NetworkR,NetworkW,DiskW,DiskR
2.391088753938674927e-01,2.406584620475769043e-01,1.000000000000000000e+00,7.937938570976257324e-01,7.965685725212097168e-01,7.978543639183044434e-01
2.008557915687561035e-01,3.328381478786468506e-01,1.000000000000000000e+00,7.625467181205749512e-01,7.953928709030151367e-01,7.863329648971557617e-01
2.033874541521072388e-01,2.434203028678894043e-01,1.000000000000000000e+00,7.621777057647705078e-01,7.930906414985656738e-01,7.923229932785034180e-01
2.083073407411575317e-01,3.553207814693450928e-01,1.000000000000000000e+00,7.074928283691406250e-01,7.634427547454833984e-01,7.752834558486938477e-01
2.696195542812347412e-01,5.815639495849609375e-01,7.317902445793151855e-01,5.759186148643493652e-01,6.164171695709228516e-01,7.215624451637268066e-01
3.690210878849029541e-01,9.465890526771545410e-01,5.369402766227722168e-01,4.662025570869445801e-01,4.644523262977600098e-01,6.988070011138916016e-01
2.080658376216888428e-01,1.000000000000000000e+00,4.736166596412658691e-01,4.906921386718750000e-01,7.605327665805816650e-02,6.012012362480163574e-01
1.000000000000000000e+00,1.000000000000000000e+00,3.396881222724914551e-01,2.711001038551330566e-01,0.000000000000000000e+00,3.762698173522949219e-01
2.058524489402770996e-01,2.048721611499786377e-01,2.781279981136322021e-01,1.370683759450912476e-01,0.000000000000000000e+00,0.000000000000000000e+00
3.140331506729125977e-01,2.103203386068344116e-01,2.053322941064834595e-01,0.000000000000000000e+00,0.000000000000000000e+00,0.000000000000000000e+00
