# CPU,RAM,NetworkR,NetworkW,DiskW,DiskR
2.390513122081756592e-01,2.407981008291244507e-01,1.000000000000000000e+00,7.937942147254943848e-01,7.965644001960754395e-01,7.978560924530029297e-01
2.014034688472747803e-01,2.148742377758026123e-01,1.000000000000000000e+00,7.788231372833251953e-01,7.970486879348754883e-01,7.941190600395202637e-01
2.033693343400955200e-01,4.076635241508483887e-01,9.887487888336181641e-01,7.188807725906372070e-01,7.767276763916015625e-01,7.750992774963378906e-01
2.035210132598876953e-01,2.782888412475585938e-01,1.000000000000000000e+00,7.336103320121765137e-01,7.574263811111450195e-01,7.788175940513610840e-01
2.017841786146163940e-01,3.096386790275573730e-01,9.666889905929565430e-01,6.593801975250244141e-01,4.802391529083251953e-01,6.849056482315063477e-01
2.197655141353607178e-01,3.583976030349731445e-01,6.606880426406860352e-01,5.023006796836853027e-01,4.288887381553649902e-01,6.430923342704772949e-01
2.463368475437164307e-01,3.552483320236206055e-01,5.530061721801757812e-01,3.896887898445129395e-01,3.921111226081848145e-01,6.273104548454284668e-01
2.602682709693908691e-01,4.249551892280578613e-01,4.631487429141998291e-01,2.658075094223022461e-01,3.805690407752990723e-01,6.344147324562072754e-01
2.736197113990783691e-01,2.854447364807128906e-01,4.902930259704589844e-01,1.890394985675811768e-01,4.188340902328491211e-01,6.585766673088073730e-01
1.000000000000000000e+00,1.000000000000000000e+00,2.036860585212707520e-01,0.000000000000000000e+00,0.000000000000000000e+00,0.000000000000000000e+00
