# CPU,RAM,NetworkR,NetworkW,DiskW,DiskR
2.390424907207489014e-01,2.407590746879577637e-01,1.000000000000000000e+00,7.937949299812316895e-01,7.965657711029052734e-01,7.978558540344238281e-01
2.014290839433670044e-01,2.163875848054885864e-01,1.000000000000000000e+00,7.780197262763977051e-01,7.970213890075683594e-01,7.939337491989135742e-01
2.103451639413833618e-01,5.326401591300964355e-01,9.138924479484558105e-01,7.016339302062988281e-01,7.743858695030212402e-01,7.742887139320373535e-01
3.005584478378295898e-01,7.372273802757263184e-01,7.568596005439758301e-01,6.332671642303466797e-01,7.018157243728637695e-01,7.533440589904785156e-01
3.367702066898345947e-01,8.023182153701782227e-01,6.154436469078063965e-01,5.583346486091613770e-01,5.499821901321411133e-01,7.110603451728820801e-01
2.390622496604919434e-01,7.759620547294616699e-01,5.498194098472595215e-01,5.100409984588623047e-01,4.412872791290283203e-01,6.744762659072875977e-01
2.019102126359939575e-01,1.000000000000000000e+00,5.077012181282043457e-01,5.512419342994689941e-01,7.500070333480834961e-02,4.988375306129455566e-01
1.000000000000000000e+00,1.000000000000000000e+00,3.994644582271575928e-01,3.255487680435180664e-01,0.000000000000000000e+00,6.113526821136474609e-01
2.007889300584793091e-01,2.117878794670104980e-01,2.606426477432250977e-01,1.516485363245010376e-01,0.000000000000000000e+00,0.000000000000000000e+00
2.869092226028442383e-01,2.341386824846267700e-01,2.036715447902679443e-01,0.000000000000000000e+00,0.000000000000000000e+00,0.000000000000000000e+00
