# CPU,RAM,NetworkR,NetworkW,DiskW,DiskR
2.390137761831283569e-01,2.405718863010406494e-01,1.000000000000000000e+00,7.937939763069152832e-01,7.965705394744873047e-01,7.978531718254089355e-01
2.014652490615844727e-01,2.251709699630737305e-01,1.000000000000000000e+00,7.744935750961303711e-01,7.968843579292297363e-01,7.930901646614074707e-01
2.066478431224822998e-01,5.055081248283386230e-01,9.536634087562561035e-01,7.124245166778564453e-01,7.782678008079528809e-01,7.781893610954284668e-01
2.051198184490203857e-01,2.779555320739746094e-01,1.000000000000000000e+00,7.368557453155517578e-01,7.688151001930236816e-01,7.833832502365112305e-01
2.014961838722229004e-01,3.027653694152832031e-01,1.000000000000000000e+00,6.797628998756408691e-01,5.511614680290222168e-01,7.146440148353576660e-01
2.098774313926696777e-01,3.045999705791473389e-01,7.650820612907409668e-01,5.476409196853637695e-01,4.281467795372009277e-01,6.541824936866760254e-01
2.413629144430160522e-01,3.562748432159423828e-01,5.619407892227172852e-01,3.924415707588195801e-01,3.966443538665771484e-01,6.299573183059692383e-01
2.649215459823608398e-01,4.146318137645721436e-01,4.490247368812561035e-01,2.511396408081054688e-01,3.363516330718994141e-01,6.064817309379577637e-01
2.602216005325317383e-01,2.657429277896881104e-01,5.121293067932128906e-01,2.034931033849716187e-01,4.315531253814697266e-01,6.603890061378479004e-01
1.000000000000000000e+00,1.000000000000000000e+00,2.040212154388427734e-01,0.000000000000000000e+00,0.000000000000000000e+00,0.000000000000000000e+00
