# CPU,RAM,NetworkR,NetworkW,DiskW,DiskR
2.390863746404647827e-01,2.405343353748321533e-01,1.000000000000000000e+00,7.937926054000854492e-01,7.965714931488037109e-01,7.978523969650268555e-01
2.004935592412948608e-01,3.997608423233032227e-01,1.000000000000000000e+00,7.602556347846984863e-01,7.937255501747131348e-01,7.743488550186157227e-01
2.022395581007003784e-01,3.236548900604248047e-01,1.000000000000000000e+00,7.447726130485534668e-01,7.867422699928283691e-01,7.837601900100708008e-01
2.010495364665985107e-01,3.758401870727539062e-01,1.000000000000000000e+00,7.208283543586730957e-01,7.269421219825744629e-01,7.632503509521484375e-01
2.003232687711715698e-01,3.246740400791168213e-01,1.000000000000000000e+00,6.873018145561218262e-01,4.592047929763793945e-01,6.613674163818359375e-01
2.038531005382537842e-01,3.689543008804321289e-01,7.308857440948486328e-01,5.360202193260192871e-01,3.965784907341003418e-01,6.214181780815124512e-01
2.033200263977050781e-01,3.606554567813873291e-01,6.817046999931335449e-01,4.723420143127441406e-01,4.008147120475769043e-01,6.315701007843017578e-01
2.030182480812072754e-01,3.470086753368377686e-01,6.520327925682067871e-01,3.835715651512145996e-01,3.862611055374145508e-01,6.348776817321777344e-01
2.394104301929473877e-01,4.403005242347717285e-01,4.477244019508361816e-01,1.545733660459518433e-01,2.935166060924530029e-01,5.812627077102661133e-01
1.000000000000000000e+00,1.000000000000000000e+00,2.061147689819335938e-01,0.000000000000000000e+00,0.000000000000000000e+00,0.000000000000000000e+00
