# CPU,RAM,NetworkR,NetworkW,DiskW,DiskR
2.390552610158920288e-01,2.406770437955856323e-01,1.000000000000000000e+00,7.937874197959899902e-01,7.965649962425231934e-01,7.978520393371582031e-01
2.009236514568328857e-01,2.263288199901580811e-01,1.000000000000000000e+00,7.757011055946350098e-01,7.966560125350952148e-01,7.924217581748962402e-01
2.015463113784790039e-01,3.557110428810119629e-01,1.000000000000000000e+00,7.361899018287658691e-01,7.815008163452148438e-01,7.797120809555053711e-01
2.022535651922225952e-01,3.757776021957397461e-01,1.000000000000000000e+00,7.061732411384582520e-01,7.121127247810363770e-01,7.582092285156250000e-01
2.011743336915969849e-01,3.391234278678894043e-01,9.444885253906250000e-01,6.526748538017272949e-01,4.410093426704406738e-01,6.598268747329711914e-01
2.099265456199645996e-01,4.438536763191223145e-01,6.337904334068298340e-01,4.976929128170013428e-01,3.949522376060485840e-01,6.218309402465820312e-01
2.075202018022537231e-01,2.927596569061279297e-01,7.097013592720031738e-01,4.824982285499572754e-01,4.245047569274902344e-01,6.516956090927124023e-01
2.063010782003402710e-01,3.759250342845916748e-01,5.805378556251525879e-01,3.484763503074645996e-01,3.878248929977416992e-01,6.394479870796203613e-01
2.746948301792144775e-01,4.575223326683044434e-01,4.514228105545043945e-01,1.615691930055618286e-01,3.736214041709899902e-01,6.421254277229309082e-01
1.000000000000000000e+00,1.000000000000000000e+00,2.049260884523391724e-01,0.000000000000000000e+00,0.000000000000000000e+00,0.000000000000000000e+00
