# CPU,RAM,NetworkR,NetworkW,DiskW,DiskR
2.391527146100997925e-01,2.408126741647720337e-01,1.000000000000000000e+00,7.937936782836914062e-01,7.965643405914306641e-01,7.978562712669372559e-01
2.006738036870956421e-01,4.412718713283538818e-01,1.000000000000000000e+00,7.585389018058776855e-01,7.940503358840942383e-01,7.798703312873840332e-01
2.040801197290420532e-01,2.376194894313812256e-01,1.000000000000000000e+00,7.636115550994873047e-01,7.934350371360778809e-01,7.924785017967224121e-01
2.012894153594970703e-01,2.851750254631042480e-01,1.000000000000000000e+00,7.390875220298767090e-01,7.626226544380187988e-01,7.789221405982971191e-01
2.009550780057907104e-01,2.654148936271667480e-01,1.000000000000000000e+00,6.937164664268493652e-01,5.535299181938171387e-01,7.216393947601318359e-01
2.183967828750610352e-01,2.638657689094543457e-01,8.067792654037475586e-01,5.428301692008972168e-01,4.966216683387756348e-01,6.853725314140319824e-01
3.389500975608825684e-01,3.991716802120208740e-01,5.790042877197265625e-01,3.824585080146789551e-01,5.619490146636962891e-01,7.074033617973327637e-01
1.000000000000000000e+00,1.000000000000000000e+00,3.221779465675354004e-01,1.381365805864334106e-01,0.000000000000000000e+00,5.989278554916381836e-01
2.028859853744506836e-01,2.037420868873596191e-01,2.418436408042907715e-01,4.928031936287879944e-02,0.000000000000000000e+00,0.000000000000000000e+00
6.211715936660766602e-01,2.466487735509872437e-01,2.016010135412216187e-01,0.000000000000000000e+00,0.000000000000000000e+00,0.000000000000000000e+00
