# CPU,RAM,NetworkR,NetworkW,DiskW,DiskR
2.389765381813049316e-01,2.406773865222930908e-01,1.000000000000000000e+00,7.937934994697570801e-01,7.965670824050903320e-01,7.978541851043701172e-01
2.011411190032958984e-01,2.476351112127304077e-01,1.000000000000000000e+00,7.700448632240295410e-01,7.964816689491271973e-01,7.912741899490356445e-01
2.023147344589233398e-01,2.695236206054687500e-01,1.000000000000000000e+00,7.542220354080200195e-01,7.905332446098327637e-01,7.895098328590393066e-01
2.021267712116241455e-01,3.181143999099731445e-01,1.000000000000000000e+00,7.245669960975646973e-01,7.496733665466308594e-01,7.732141613960266113e-01
2.011480927467346191e-01,3.054562509059906006e-01,1.000000000000000000e+00,6.662425994873046875e-01,4.799964427947998047e-01,6.858693957328796387e-01
2.149652540683746338e-01,3.811792433261871338e-01,6.484822034835815430e-01,4.873331785202026367e-01,4.086275100708007812e-01,6.306066513061523438e-01
2.148873805999755859e-01,3.335828185081481934e-01,5.960424542427062988e-01,4.098383784294128418e-01,3.781843781471252441e-01,6.175636649131774902e-01
2.072090804576873779e-01,3.232818841934204102e-01,5.789903998374938965e-01,3.331918120384216309e-01,3.825138807296752930e-01,6.320200562477111816e-01
2.330453395843505859e-01,3.340027630329132080e-01,4.699921309947967529e-01,1.611473113298416138e-01,3.252705931663513184e-01,6.050947904586791992e-01
1.000000000000000000e+00,1.000000000000000000e+00,2.050863504409790039e-01,0.000000000000000000e+00,0.000000000000000000e+00,0.000000000000000000e+00
