# CPU,RAM,NetworkR,NetworkW,DiskW,DiskR
2.391775548458099365e-01,2.407999038696289062e-01,1.000000000000000000e+00,7.937934398651123047e-01,7.965647578239440918e-01,7.978560924530029297e-01
2.010398209095001221e-01,3.042849898338317871e-01,1.000000000000000000e+00,7.639006376266479492e-01,7.958562374114990234e-01,7.885974049568176270e-01
2.091255187988281250e-01,2.730099260807037354e-01,1.000000000000000000e+00,7.494684457778930664e-01,7.931593060493469238e-01,7.913130521774291992e-01
2.282681167125701904e-01,4.856365919113159180e-01,9.384674429893493652e-01,6.884998083114624023e-01,7.641599774360656738e-01,7.758161425590515137e-01
2.900799512863159180e-01,6.915488839149475098e-01,7.367950081825256348e-01,5.963870882987976074e-01,6.584456562995910645e-01,7.418181896209716797e-01
3.144643902778625488e-01,7.927993535995483398e-01,5.706757903099060059e-01,4.918683767318725586e-01,4.895678162574768066e-01,6.944193840026855469e-01
2.076551914215087891e-01,1.000000000000000000e+00,5.070845484733581543e-01,5.097296237945556641e-01,1.664595752954483032e-01,6.850666999816894531e-01
1.000000000000000000e+00,1.000000000000000000e+00,3.613733649253845215e-01,3.396998643875122070e-01,0.000000000000000000e+00,2.426289021968841553e-01
2.107332050800323486e-01,2.070370167493820190e-01,3.091154396533966064e-01,1.649099439382553101e-01,0.000000000000000000e+00,0.000000000000000000e+00
2.812002599239349365e-01,2.082512527704238892e-01,2.076245844364166260e-01,0.000000000000000000e+00,0.000000000000000000e+00,0.000000000000000000e+00
