# CPU,RAM,NetworkR,NetworkW,DiskW,DiskR
2.391021698713302612e-01,2.407668530941009521e-01,1.000000000000000000e+00,7.937937378883361816e-01,7.965654134750366211e-01,7.978556156158447266e-01
2.005932033061981201e-01,4.267863333225250244e-01,1.000000000000000000e+00,7.591695189476013184e-01,7.939262390136718750e-01,7.779316306114196777e-01
2.027850151062011719e-01,2.510519623756408691e-01,1.000000000000000000e+00,7.605556845664978027e-01,7.921035289764404297e-01,7.907838225364685059e-01
2.010606527328491211e-01,2.918795943260192871e-01,1.000000000000000000e+00,7.390375733375549316e-01,7.576978802680969238e-01,7.769556641578674316e-01
2.004608809947967529e-01,2.746868133544921875e-01,1.000000000000000000e+00,6.971980333328247070e-01,5.069817304611206055e-01,7.009778022766113281e-01
2.069987505674362183e-01,2.988254725933074951e-01,7.578001618385314941e-01,5.288491845130920410e-01,4.191774725914001465e-01,6.442475318908691406e-01
2.075845897197723389e-01,3.213368058204650879e-01,6.366431713104248047e-01,4.256545901298522949e-01,4.012476205825805664e-01,6.318696737289428711e-01
2.045441716909408569e-01,3.325783610343933105e-01,5.994616150856018066e-01,3.354838490486145020e-01,3.758378028869628906e-01,6.271927356719970703e-01
2.262608855962753296e-01,3.505613207817077637e-01,4.579445719718933105e-01,1.460417658090591431e-01,2.850012183189392090e-01,5.672448873519897461e-01
1.000000000000000000e+00,1.000000000000000000e+00,2.054999172687530518e-01,0.000000000000000000e+00,0.000000000000000000e+00,0.000000000000000000e+00
