# CPU,RAM,NetworkR,NetworkW,DiskW,DiskR
2.391484826803207397e-01,2.407151460647583008e-01,1.000000000000000000e+00,7.937931418418884277e-01,7.965669035911560059e-01,7.978549003601074219e-01
2.013151496648788452e-01,2.264500558376312256e-01,1.000000000000000000e+00,7.745133042335510254e-01,7.968484163284301758e-01,7.929775118827819824e-01
2.076411098241806030e-01,4.020501673221588135e-01,9.960519671440124512e-01,7.217960953712463379e-01,7.849144935607910156e-01,7.824847102165222168e-01
2.288478761911392212e-01,4.689803421497344971e-01,9.300050139427185059e-01,6.868435740470886230e-01,7.556771039962768555e-01,7.728303670883178711e-01
2.477817684412002563e-01,6.253952383995056152e-01,7.233394980430603027e-01,5.930405259132385254e-01,6.097707748413085938e-01,7.237506508827209473e-01
3.200746178627014160e-01,7.738334536552429199e-01,5.884305834770202637e-01,5.066817402839660645e-01,5.354067087173461914e-01,7.076866030693054199e-01
2.118601351976394653e-01,1.000000000000000000e+00,5.002685785293579102e-01,5.169982314109802246e-01,1.101841181516647339e-01,6.577504277229309082e-01
1.000000000000000000e+00,1.000000000000000000e+00,3.735966682434082031e-01,3.518351912498474121e-01,0.000000000000000000e+00,4.792325496673583984e-01
2.063941210508346558e-01,2.056014835834503174e-01,2.799479365348815918e-01,1.540752053260803223e-01,0.000000000000000000e+00,0.000000000000000000e+00
2.994002997875213623e-01,2.085602283477783203e-01,2.062828391790390015e-01,0.000000000000000000e+00,0.000000000000000000e+00,0.000000000000000000e+00
