# CPU,RAM,NetworkR,NetworkW,DiskW,DiskR
2.391099631786346436e-01,2.408115118741989136e-01,1.000000000000000000e+00,7.937940955162048340e-01,7.965642809867858887e-01,7.978563308715820312e-01
2.004018425941467285e-01,5.536371469497680664e-01,1.000000000000000000e+00,7.552093863487243652e-01,7.909156084060668945e-01,7.556072473526000977e-01
2.034798860549926758e-01,2.622025609016418457e-01,1.000000000000000000e+00,7.545046806335449219e-01,7.906362414360046387e-01,7.873529195785522461e-01
2.010024785995483398e-01,3.209518492221832275e-01,1.000000000000000000e+00,7.324421405792236328e-01,7.480652928352355957e-01,7.713087201118469238e-01
2.003345638513565063e-01,2.896038293838500977e-01,1.000000000000000000e+00,6.991974711418151855e-01,4.929571151733398438e-01,6.866872310638427734e-01
2.043461948633193970e-01,3.163658976554870605e-01,7.644388079643249512e-01,5.424504280090332031e-01,4.047379493713378906e-01,6.325681805610656738e-01
2.047423273324966431e-01,3.551085293292999268e-01,6.396458745002746582e-01,4.423236250877380371e-01,3.846863508224487305e-01,6.200968027114868164e-01
2.028105556964874268e-01,3.331483602523803711e-01,6.357046961784362793e-01,3.700842261314392090e-01,3.689814805984497070e-01,6.216012835502624512e-01
2.231990396976470947e-01,3.838981091976165771e-01,4.536308646202087402e-01,1.546586304903030396e-01,2.636472284793853760e-01,5.485774278640747070e-01
1.000000000000000000e+00,1.000000000000000000e+00,2.066684067249298096e-01,0.000000000000000000e+00,0.000000000000000000e+00,0.000000000000000000e+00
