# CPU,RAM,NetworkR,NetworkW,DiskW,DiskR
2.391536235809326172e-01,2.407296746969223022e-01,1.000000000000000000e+00,7.937934994697570801e-01,7.965666651725769043e-01,7.978551983833312988e-01
2.011396735906600952e-01,2.755297124385833740e-01,1.000000000000000000e+00,7.661805748939514160e-01,7.961838245391845703e-01,7.899601459503173828e-01
2.071936130523681641e-01,3.163993656635284424e-01,1.000000000000000000e+00,7.403880357742309570e-01,7.906228303909301758e-01,7.886801362037658691e-01
2.133433818817138672e-01,4.055593609809875488e-01,9.928227066993713379e-01,7.049480676651000977e-01,7.649825215339660645e-01,7.775552868843078613e-01
2.390719354152679443e-01,5.551013946533203125e-01,7.741913795471191406e-01,6.040904521942138672e-01,6.357927322387695312e-01,7.306913733482360840e-01
2.572970986366271973e-01,6.329680085182189941e-01,6.142296791076660156e-01,5.061857700347900391e-01,5.073788166046142578e-01,6.900109648704528809e-01
2.106352001428604126e-01,1.000000000000000000e+00,5.234115719795227051e-01,5.060614943504333496e-01,1.912545412778854370e-01,7.003937959671020508e-01
1.000000000000000000e+00,1.000000000000000000e+00,3.746281564235687256e-01,3.076193928718566895e-01,0.000000000000000000e+00,4.890716075897216797e-01
2.037619501352310181e-01,2.038540244102478027e-01,2.890045642852783203e-01,1.540958732366561890e-01,0.000000000000000000e+00,0.000000000000000000e+00
3.064104020595550537e-01,2.125321030616760254e-01,2.050496935844421387e-01,0.000000000000000000e+00,0.000000000000000000e+00,0.000000000000000000e+00
