# CPU,RAM,NetworkR,NetworkW,DiskW,DiskR
2.390101402997970581e-01,2.408711761236190796e-01,1.000000000000000000e+00,7.937961816787719727e-01,7.965628504753112793e-01,7.978575825691223145e-01
2.013703733682632446e-01,2.232479304075241089e-01,1.000000000000000000e+00,7.753664255142211914e-01,7.968749403953552246e-01,7.931895256042480469e-01
2.112615108489990234e-01,4.819470047950744629e-01,9.471369385719299316e-01,7.099134922027587891e-01,7.810051441192626953e-01,7.793711423873901367e-01
2.628997266292572021e-01,8.897398710250854492e-01,6.968818902969360352e-01,6.142415404319763184e-01,6.356441974639892578e-01,7.366263866424560547e-01
2.903634011745452881e-01,7.110251784324645996e-01,6.294838786125183105e-01,5.615613460540771484e-01,5.415332317352294922e-01,7.020410895347595215e-01
2.150013297796249390e-01,7.149805426597595215e-01,5.415366291999816895e-01,5.052708387374877930e-01,3.641672730445861816e-01,6.283724308013916016e-01
2.010696977376937866e-01,1.000000000000000000e+00,5.258946418762207031e-01,5.376392602920532227e-01,1.403499990701675415e-01,6.267814636230468750e-01
1.000000000000000000e+00,1.000000000000000000e+00,4.096888601779937744e-01,3.253484964370727539e-01,0.000000000000000000e+00,5.244791507720947266e-01
2.015013247728347778e-01,2.048059999942779541e-01,3.345493376255035400e-01,1.999278068542480469e-01,0.000000000000000000e+00,0.000000000000000000e+00
4.206808805465698242e-01,2.442731708288192749e-01,2.024504244327545166e-01,0.000000000000000000e+00,0.000000000000000000e+00,0.000000000000000000e+00
