# CPU,RAM,NetworkR,NetworkW,DiskW,DiskR
2.391741722822189331e-01,2.401213198900222778e-01,1.000000000000000000e+00,7.937812805175781250e-01,7.965790629386901855e-01,7.978433370590209961e-01
2.001532167196273804e-01,6.480044722557067871e-01,1.000000000000000000e+00,7.493236064910888672e-01,7.798033952713012695e-01,5.710312724113464355e-01
2.003291696310043335e-01,6.888242959976196289e-01,9.738441109657287598e-01,7.039944529533386230e-01,7.095577120780944824e-01,5.919035673141479492e-01
2.001444250345230103e-01,5.615355372428894043e-01,9.935297369956970215e-01,6.952173709869384766e-01,5.560428500175476074e-01,5.597030520439147949e-01
2.001621723175048828e-01,5.722382068634033203e-01,8.747006654739379883e-01,6.427689790725708008e-01,3.948235511779785156e-01,4.465951323509216309e-01
2.010891139507293701e-01,4.477402269840240479e-01,7.009147405624389648e-01,5.461469292640686035e-01,2.887526750564575195e-01,4.500611424446105957e-01
2.015445530414581299e-01,3.960271477699279785e-01,6.536440253257751465e-01,4.870246648788452148e-01,3.099279403686523438e-01,5.335816740989685059e-01
2.111111134290695190e-01,3.793504238128662109e-01,6.042118072509765625e-01,3.846563696861267090e-01,4.274148941040039062e-01,6.426054835319519043e-01
6.037807464599609375e-01,1.000000000000000000e+00,4.032469093799591064e-01,1.805505007505416870e-01,3.541064858436584473e-01,6.979088783264160156e-01
1.000000000000000000e+00,1.000000000000000000e+00,2.068664729595184326e-01,0.000000000000000000e+00,0.000000000000000000e+00,0.000000000000000000e+00
