# CPU,RAM,NetworkR,NetworkW,DiskW,DiskR
2.390444427728652954e-01,2.406624406576156616e-01,1.000000000000000000e+00,7.937939167022705078e-01,7.965680956840515137e-01,7.978543043136596680e-01
2.003560662269592285e-01,6.485324501991271973e-01,1.000000000000000000e+00,7.532947063446044922e-01,7.891486287117004395e-01,7.420502305030822754e-01
2.050157487392425537e-01,2.435231655836105347e-01,1.000000000000000000e+00,7.588044404983520508e-01,7.925617098808288574e-01,7.891815304756164551e-01
2.012064456939697266e-01,3.156976401805877686e-01,1.000000000000000000e+00,7.326274514198303223e-01,7.560734748840332031e-01,7.736575603485107422e-01
2.004095911979675293e-01,2.872178852558135986e-01,1.000000000000000000e+00,6.996863484382629395e-01,5.174644589424133301e-01,6.987909674644470215e-01
2.052357941865921021e-01,3.253194987773895264e-01,7.589746713638305664e-01,5.393201112747192383e-01,4.230286478996276855e-01,6.416161656379699707e-01
2.045562565326690674e-01,3.553086221218109131e-01,6.507365107536315918e-01,4.481078386306762695e-01,3.922037482261657715e-01,6.251431107521057129e-01
2.023564130067825317e-01,3.256303071975708008e-01,6.547407507896423340e-01,3.794816136360168457e-01,3.681665062904357910e-01,6.211793422698974609e-01
2.253134250640869141e-01,4.128107130527496338e-01,4.499409794807434082e-01,1.515356451272964478e-01,2.706241607666015625e-01,5.561189055442810059e-01
1.000000000000000000e+00,1.000000000000000000e+00,2.067675292491912842e-01,0.000000000000000000e+00,0.000000000000000000e+00,0.000000000000000000e+00
