# CPU,RAM,NetworkR,NetworkW,DiskW,DiskR
2.391811162233352661e-01,2.407667189836502075e-01,1.000000000000000000e+00,7.937930822372436523e-01,7.965655922889709473e-01,7.978555560111999512e-01
2.005899995565414429e-01,4.455076456069946289e-01,1.000000000000000000e+00,7.587040662765502930e-01,7.938050627708435059e-01,7.774187922477722168e-01
2.040092498064041138e-01,2.428371757268905640e-01,1.000000000000000000e+00,7.617719173431396484e-01,7.932109236717224121e-01,7.917962074279785156e-01
2.017396837472915649e-01,3.225744664669036865e-01,1.000000000000000000e+00,7.276426553726196289e-01,7.574744224548339844e-01,7.750071287155151367e-01
2.006534188985824585e-01,2.943538129329681396e-01,1.000000000000000000e+00,6.887956857681274414e-01,5.248031020164489746e-01,7.047993540763854980e-01
2.062919586896896362e-01,3.392257690429687500e-01,7.377480864524841309e-01,5.268324613571166992e-01,4.201495647430419922e-01,6.418868303298950195e-01
2.072135806083679199e-01,3.289585113525390625e-01,6.592265367507934570e-01,4.421020746231079102e-01,4.101828932762145996e-01,6.385199427604675293e-01
2.050800174474716187e-01,3.269940018653869629e-01,6.248174309730529785e-01,3.529227375984191895e-01,4.018494486808776855e-01,6.442707180976867676e-01
2.292911410331726074e-01,3.396645784378051758e-01,4.831822216510772705e-01,1.640061587095260620e-01,3.224390745162963867e-01,6.004378795623779297e-01
1.000000000000000000e+00,1.000000000000000000e+00,2.059298157691955566e-01,0.000000000000000000e+00,0.000000000000000000e+00,0.000000000000000000e+00
