# CPU,RAM,NetworkR,NetworkW,DiskW,DiskR
2.390891760587692261e-01,2.408445179462432861e-01,1.000000000000000000e+00,7.937946915626525879e-01,7.965635061264038086e-01,7.978568673133850098e-01
2.012893259525299072e-01,2.405710369348526001e-01,1.000000000000000000e+00,7.709528207778930664e-01,7.966210246086120605e-01,7.918952703475952148e-01
2.096862047910690308e-01,4.708812236785888672e-01,9.740773439407348633e-01,7.170659303665161133e-01,7.835947871208190918e-01,7.823240160942077637e-01
2.400617450475692749e-01,7.159140110015869141e-01,8.052704930305480957e-01,6.508837342262268066e-01,7.110601663589477539e-01,7.574717998504638672e-01
2.435571849346160889e-01,6.030849218368530273e-01,7.279487252235412598e-01,6.015080809593200684e-01,6.137860417366027832e-01,7.260324358940124512e-01
2.257967144250869751e-01,6.466960906982421875e-01,6.075369715690612793e-01,5.248184204101562500e-01,4.691379666328430176e-01,6.770115494728088379e-01
2.030081450939178467e-01,1.000000000000000000e+00,5.472118258476257324e-01,5.400094985961914062e-01,1.809350103139877319e-01,6.854631304740905762e-01
1.000000000000000000e+00,1.000000000000000000e+00,4.076821506023406982e-01,3.458428978919982910e-01,0.000000000000000000e+00,5.276489257812500000e-01
2.019264847040176392e-01,2.042802423238754272e-01,3.021979629993438721e-01,1.805170327425003052e-01,0.000000000000000000e+00,0.000000000000000000e+00
2.923935949802398682e-01,2.128262966871261597e-01,2.059150338172912598e-01,0.000000000000000000e+00,0.000000000000000000e+00,0.000000000000000000e+00
