# CPU,RAM,NetworkR,NetworkW,DiskW,DiskR
2.390538901090621948e-01,2.405210435390472412e-01,1.000000000000000000e+00,7.937926650047302246e-01,7.965716719627380371e-01,7.978521585464477539e-01
2.001563459634780884e-01,5.924352407455444336e-01,1.000000000000000000e+00,7.507971525192260742e-01,7.814359664916992188e-01,5.884060859680175781e-01
2.008569091558456421e-01,5.080033540725708008e-01,1.000000000000000000e+00,7.147716879844665527e-01,7.519187927246093750e-01,7.008656859397888184e-01
2.003197371959686279e-01,4.774768054485321045e-01,1.000000000000000000e+00,7.027326226234436035e-01,6.139580011367797852e-01,6.784595847129821777e-01
2.002300918102264404e-01,4.591664075851440430e-01,9.176954030990600586e-01,6.562741994857788086e-01,3.938642740249633789e-01,5.305191278457641602e-01
2.022873461246490479e-01,4.152649939060211182e-01,6.828689575195312500e-01,5.362390875816345215e-01,3.052956461906433105e-01,5.122467875480651855e-01
2.018121033906936646e-01,4.015420079231262207e-01,6.172189116477966309e-01,4.722185730934143066e-01,2.911126911640167236e-01,5.225701928138732910e-01
2.083526551723480225e-01,4.070992469787597656e-01,5.593140721321105957e-01,3.608468770980834961e-01,3.602557778358459473e-01,6.045969128608703613e-01
3.664849698543548584e-01,9.114300012588500977e-01,3.487977087497711182e-01,1.262798160314559937e-01,1.797061413526535034e-01,5.510900020599365234e-01
1.000000000000000000e+00,1.000000000000000000e+00,2.059046626091003418e-01,0.000000000000000000e+00,0.000000000000000000e+00,0.000000000000000000e+00
