# CPU,RAM,NetworkR,NetworkW,DiskW,DiskR
1.191643550992012024e-01,1.208041831851005554e-01,1.000000000000000000e+00,9.137933254241943359e-01,9.165645241737365723e-01,9.178560972213745117e-01
8.125650137662887573e-02,1.220840662717819214e-01,1.000000000000000000e+00,8.907681703567504883e-01,9.166066646575927734e-01,9.118133187294006348e-01
8.888011425733566284e-02,2.413331121206283569e-01,9.080264568328857422e-01,8.497918248176574707e-01,9.086620211601257324e-01,9.061623215675354004e-01
1.093487888574600220e-01,4.009585082530975342e-01,7.932599782943725586e-01,8.022601604461669922e-01,8.736282587051391602e-01,8.921028375625610352e-01
1.247689127922058105e-01,5.008069872856140137e-01,6.161667704582214355e-01,7.181930541992187500e-01,7.397913932800292969e-01,8.476015329360961914e-01
1.511032283306121826e-01,5.780404210090637207e-01,4.707466065883636475e-01,6.247105002403259277e-01,6.191253662109375000e-01,8.103325366973876953e-01
8.776521682739257812e-02,1.000000000000000000e+00,3.920381069183349609e-01,6.357438564300537109e-01,2.685980200767517090e-01,7.972674369812011719e-01
1.000000000000000000e+00,1.000000000000000000e+00,2.452153265476226807e-01,4.396799206733703613e-01,5.143305659294128418e-02,4.510522484779357910e-01
8.656092733144760132e-02,8.366949856281280518e-02,1.678095757961273193e-01,2.702892422676086426e-01,0.000000000000000000e+00,0.000000000000000000e+00
2.057113051414489746e-01,8.975755423307418823e-02,8.588808029890060425e-02,0.000000000000000000e+00,0.000000000000000000e+00,0.000000000000000000e+00
