# CPU,RAM,NetworkR,NetworkW,DiskW,DiskR
1.191181540489196777e-01,1.206967532634735107e-01,1.000000000000000000e+00,9.137939214706420898e-01,9.165675640106201172e-01,9.178549051284790039e-01
8.041448891162872314e-02,4.532626271247863770e-01,9.719849228858947754e-01,8.751760125160217285e-01,9.110881686210632324e-01,8.777048587799072266e-01
8.703966438770294189e-02,1.069982871413230896e-01,1.000000000000000000e+00,8.852233886718750000e-01,9.145718216896057129e-01,9.123322367668151855e-01
8.168572187423706055e-02,1.990528106689453125e-01,9.572505354881286621e-01,8.474060893058776855e-01,8.798418045043945312e-01,8.944140672683715820e-01
8.123597502708435059e-02,1.519215255975723267e-01,9.431823492050170898e-01,8.120402693748474121e-01,6.919521093368530273e-01,8.450189828872680664e-01
9.693013131618499756e-02,1.973505616188049316e-01,6.237539649009704590e-01,6.465170979499816895e-01,6.140848994255065918e-01,7.966188788414001465e-01
1.115970313549041748e-01,2.117598950862884521e-01,5.171920061111450195e-01,5.464770793914794922e-01,6.171838641166687012e-01,8.002603650093078613e-01
1.305903643369674683e-01,2.263150662183761597e-01,4.292131960391998291e-01,4.195827543735504150e-01,5.860390067100524902e-01,7.964242696762084961e-01
1.724242269992828369e-01,1.977778673171997070e-01,3.804859519004821777e-01,2.997035980224609375e-01,5.805578827857971191e-01,8.029757142066955566e-01
1.000000000000000000e+00,1.000000000000000000e+00,8.373098075389862061e-02,0.000000000000000000e+00,0.000000000000000000e+00,0.000000000000000000e+00
