# CPU,RAM,NetworkR,NetworkW,DiskW,DiskR
1.191897243261337280e-01,1.207666397094726562e-01,1.000000000000000000e+00,9.137932658195495605e-01,9.165657162666320801e-01,9.178556799888610840e-01
8.098652213811874390e-02,2.009355723857879639e-01,9.902318716049194336e-01,8.829017281532287598e-01,9.156638383865356445e-01,9.077817201614379883e-01
8.460212498903274536e-02,1.498765349388122559e-01,9.946357011795043945e-01,8.732656836509704590e-01,9.120725393295288086e-01,9.108838438987731934e-01
8.449146151542663574e-02,1.829660981893539429e-01,9.598186016082763672e-01,8.502966165542602539e-01,8.916653394699096680e-01,9.020968079566955566e-01
9.711714088916778564e-02,2.473147213459014893e-01,7.706092596054077148e-01,7.520321607589721680e-01,7.639133334159851074e-01,8.534468412399291992e-01
1.641861498355865479e-01,3.420282602310180664e-01,5.451365709304809570e-01,6.249147057533264160e-01,6.792898774147033691e-01,8.230625391006469727e-01
1.264252364635467529e-01,1.000000000000000000e+00,4.086129665374755859e-01,6.015833616256713867e-01,3.770605921745300293e-01,8.535902500152587891e-01
1.000000000000000000e+00,1.000000000000000000e+00,2.196562141180038452e-01,3.567151427268981934e-01,2.730879932641983032e-02,5.437470674514770508e-01
8.395908772945404053e-02,8.251993358135223389e-02,1.519736200571060181e-01,2.521038055419921875e-01,0.000000000000000000e+00,0.000000000000000000e+00
1.863931119441986084e-01,8.670632541179656982e-02,8.673837780952453613e-02,0.000000000000000000e+00,0.000000000000000000e+00,0.000000000000000000e+00
