# CPU,RAM,NetworkR,NetworkW,DiskW,DiskR
1.190461218357086182e-01,1.207610368728637695e-01,1.000000000000000000e+00,9.137936234474182129e-01,9.165651798248291016e-01,9.178553819656372070e-01
8.073927462100982666e-02,2.334047704935073853e-01,9.884057044982910156e-01,8.817694187164306641e-01,9.149998426437377930e-01,9.041492342948913574e-01
8.250430971384048462e-02,1.427897214889526367e-01,1.000000000000000000e+00,8.778257369995117188e-01,9.113712310791015625e-01,9.103631377220153809e-01
8.144608139991760254e-02,2.048501372337341309e-01,9.632918238639831543e-01,8.480374813079833984e-01,8.701391220092773438e-01,8.931061625480651855e-01
8.054231852293014526e-02,1.800698935985565186e-01,9.285879135131835938e-01,8.049882650375366211e-01,6.083611845970153809e-01,8.081117272377014160e-01
8.588690310716629028e-02,2.204233109951019287e-01,6.037737727165222168e-01,6.414889693260192871e-01,5.201171040534973145e-01,7.494508624076843262e-01
8.562863618135452271e-02,2.281530499458312988e-01,5.172367095947265625e-01,5.548787713050842285e-01,5.026394128799438477e-01,7.404982447624206543e-01
8.335610479116439819e-02,2.058694511651992798e-01,5.157362818717956543e-01,4.823933839797973633e-01,5.022293925285339355e-01,7.520068883895874023e-01
1.100018024444580078e-01,2.687925696372985840e-01,3.347546458244323730e-01,2.676638364791870117e-01,4.087180495262145996e-01,6.956128478050231934e-01
1.000000000000000000e+00,1.000000000000000000e+00,8.578182756900787354e-02,0.000000000000000000e+00,0.000000000000000000e+00,0.000000000000000000e+00
