# CPU,RAM,NetworkR,NetworkW,DiskW,DiskR
1.191769987344741821e-01,1.207992583513259888e-01,1.000000000000000000e+00,9.137934446334838867e-01,9.165647625923156738e-01,9.178560972213745117e-01
8.124092221260070801e-02,1.308220028877258301e-01,1.000000000000000000e+00,8.892009258270263672e-01,9.164919257164001465e-01,9.112909436225891113e-01
8.927930146455764771e-02,2.524628043174743652e-01,9.056771993637084961e-01,8.493608832359313965e-01,9.086219072341918945e-01,9.063323736190795898e-01
1.147752776741981506e-01,3.906546831130981445e-01,8.029350638389587402e-01,8.054754137992858887e-01,8.793873786926269531e-01,8.946179151535034180e-01
1.725885868072509766e-01,5.956302881240844727e-01,5.967692732810974121e-01,7.132232189178466797e-01,7.640454769134521484e-01,8.579165935516357422e-01
1.913444399833679199e-01,6.397721767425537109e-01,4.740504622459411621e-01,6.313132047653198242e-01,6.512600779533386230e-01,8.270264267921447754e-01
8.510740101337432861e-02,1.000000000000000000e+00,4.029099345207214355e-01,6.516173481941223145e-01,2.703423500061035156e-01,7.965121865272521973e-01
1.000000000000000000e+00,1.000000000000000000e+00,2.596051096916198730e-01,4.911921620368957520e-01,5.731301009654998779e-02,4.110293984413146973e-01
8.916612714529037476e-02,8.684456348419189453e-02,1.780939102172851562e-01,2.866239547729492188e-01,0.000000000000000000e+00,0.000000000000000000e+00
1.900263428688049316e-01,9.031398594379425049e-02,8.624049276113510132e-02,0.000000000000000000e+00,0.000000000000000000e+00,0.000000000000000000e+00
