# CPU,RAM,NetworkR,NetworkW,DiskW,DiskR
1.190750598907470703e-01,1.206042617559432983e-01,1.000000000000000000e+00,9.137926697731018066e-01,9.165694117546081543e-01,9.178532361984252930e-01
8.028183132410049438e-02,3.955981135368347168e-01,9.861792922019958496e-01,8.755787611007690430e-01,9.095720052719116211e-01,8.492508530616760254e-01
8.239656686782836914e-02,2.128904312849044800e-01,9.563234448432922363e-01,8.588070273399353027e-01,9.038547873497009277e-01,8.946258425712585449e-01
8.076076209545135498e-02,2.582355141639709473e-01,9.422272443771362305e-01,8.411079645156860352e-01,8.342810869216918945e-01,8.748757243156433105e-01
8.029837161302566528e-02,2.050430029630661011e-01,9.173566699028015137e-01,8.077209591865539551e-01,5.688630938529968262e-01,7.670419812202453613e-01
8.358085900545120239e-02,2.427424937486648560e-01,6.177560687065124512e-01,6.653991341590881348e-01,5.188654065132141113e-01,7.402925491333007812e-01
8.429210633039474487e-02,1.944662630558013916e-01,6.234637498855590820e-01,6.278207302093505859e-01,5.875572562217712402e-01,7.905109524726867676e-01
1.092880368232727051e-01,2.342951297760009766e-01,5.533269047737121582e-01,5.212287902832031250e-01,7.092062830924987793e-01,8.437243103981018066e-01
8.130118846893310547e-01,9.637807607650756836e-01,3.586319684982299805e-01,3.384954929351806641e-01,6.596890687942504883e-01,8.827526569366455078e-01
1.000000000000000000e+00,1.000000000000000000e+00,8.802655339241027832e-02,0.000000000000000000e+00,0.000000000000000000e+00,0.000000000000000000e+00
