# CPU,RAM,NetworkR,NetworkW,DiskW,DiskR
1.191723942756652832e-01,1.208222284913063049e-01,1.000000000000000000e+00,9.137935042381286621e-01,9.165641069412231445e-01,9.178563356399536133e-01
8.129310607910156250e-02,1.183887347579002380e-01,1.000000000000000000e+00,8.914145231246948242e-01,9.166517257690429688e-01,9.120383262634277344e-01
8.917730301618576050e-02,3.511891067028045654e-01,8.522572517395019531e-01,8.365123271942138672e-01,9.029195308685302734e-01,9.017461538314819336e-01
1.265228092670440674e-01,5.313253402709960938e-01,7.138006687164306641e-01,7.790721058845520020e-01,8.489336371421813965e-01,8.830096721649169922e-01
1.388810873031616211e-01,5.679571628570556641e-01,5.720998048782348633e-01,7.076379060745239258e-01,7.189244627952575684e-01,8.422339558601379395e-01
1.844905763864517212e-01,6.356079578399658203e-01,4.970021843910217285e-01,6.512979269027709961e-01,6.996429562568664551e-01,8.420976996421813965e-01
8.402217179536819458e-02,1.000000000000000000e+00,3.976931571960449219e-01,6.663348078727722168e-01,2.064724713563919067e-01,6.855528354644775391e-01
1.000000000000000000e+00,1.000000000000000000e+00,2.523573637008666992e-01,4.732328057289123535e-01,6.235158443450927734e-02,4.338051080703735352e-01
8.812004327774047852e-02,8.747633546590805054e-02,1.773793697357177734e-01,2.809326946735382080e-01,0.000000000000000000e+00,0.000000000000000000e+00
1.878211051225662231e-01,9.333040565252304077e-02,8.579445630311965942e-02,0.000000000000000000e+00,0.000000000000000000e+00,0.000000000000000000e+00
