# CPU,RAM,NetworkR,NetworkW,DiskW,DiskR
1.191711649298667908e-01,1.208591908216476440e-01,1.000000000000000000e+00,9.137936234474182129e-01,9.165630936622619629e-01,9.178568124771118164e-01
8.132866024971008301e-02,1.138643175363540649e-01,1.000000000000000000e+00,8.923721313476562500e-01,9.167188405990600586e-01,9.123610854148864746e-01
9.119533747434616089e-02,4.176174998283386230e-01,8.206862807273864746e-01,8.290758728981018066e-01,8.997163176536560059e-01,8.996276855468750000e-01
1.157884448766708374e-01,8.450096249580383301e-01,5.462798476219177246e-01,7.258739471435546875e-01,6.901445388793945312e-01,8.402321934700012207e-01
1.363231837749481201e-01,3.338178992271423340e-01,6.726138591766357422e-01,7.450394034385681152e-01,7.779315114021301270e-01,8.606529831886291504e-01
1.016961187124252319e-01,6.449858546257019043e-01,4.638810753822326660e-01,6.443145275115966797e-01,5.753742456436157227e-01,7.980875968933105469e-01
8.093012124300003052e-02,1.000000000000000000e+00,4.219881892204284668e-01,6.651669740676879883e-01,2.685639262199401855e-01,7.412158250808715820e-01
1.000000000000000000e+00,9.536292552947998047e-01,3.059849143028259277e-01,4.657954573631286621e-01,8.180806040763854980e-02,6.481989622116088867e-01
8.212510496377944946e-02,8.494581282138824463e-02,2.345552295446395874e-01,3.280240297317504883e-01,0.000000000000000000e+00,0.000000000000000000e+00
2.132785171270370483e-01,1.011309400200843811e-01,8.453562855720520020e-02,0.000000000000000000e+00,0.000000000000000000e+00,0.000000000000000000e+00
