# CPU,RAM,NetworkR,NetworkW,DiskW,DiskR
1.191320717334747314e-01,1.207339167594909668e-01,1.000000000000000000e+00,9.137930870056152344e-01,9.165662527084350586e-01,9.178550839424133301e-01
8.098499476909637451e-02,1.527209728956222534e-01,1.000000000000000000e+00,8.870630264282226562e-01,9.161329865455627441e-01,9.096389412879943848e-01
8.219012618064880371e-02,1.348112821578979492e-01,1.000000000000000000e+00,8.797364830970764160e-01,9.117155075073242188e-01,9.110317230224609375e-01
8.150328695774078369e-02,1.853391826152801514e-01,9.718961715698242188e-01,8.504516482353210449e-01,8.717073798179626465e-01,8.944078683853149414e-01
8.088362216949462891e-02,1.720606833696365356e-01,9.086299538612365723e-01,7.947019934654235840e-01,6.036167740821838379e-01,8.097977638244628906e-01
9.151937812566757202e-02,2.227752953767776489e-01,5.595826506614685059e-01,6.162801980972290039e-01,5.245484113693237305e-01,7.507158517837524414e-01
9.143928438425064087e-02,2.059512436389923096e-01,4.890896975994110107e-01,5.321680903434753418e-01,5.057495832443237305e-01,7.423003911972045898e-01
8.776536583900451660e-02,2.015021443367004395e-01,4.732169508934020996e-01,4.528940320014953613e-01,5.296156406402587891e-01,7.681109309196472168e-01
1.199130490422248840e-01,2.167231589555740356e-01,3.581772446632385254e-01,2.789719700813293457e-01,4.720674157142639160e-01,7.444493174552917480e-01
1.000000000000000000e+00,1.000000000000000000e+00,8.480121940374374390e-02,0.000000000000000000e+00,0.000000000000000000e+00,0.000000000000000000e+00
