# CPU,RAM,NetworkR,NetworkW,DiskW,DiskR
1.191209629178047180e-01,1.208442449569702148e-01,1.000000000000000000e+00,9.137938618659973145e-01,9.165633320808410645e-01,9.178566336631774902e-01
8.128809928894042969e-02,1.216300651431083679e-01,1.000000000000000000e+00,8.907347917556762695e-01,9.166057705879211426e-01,9.118261337280273438e-01
8.878294378519058228e-02,3.169555366039276123e-01,8.699795603752136230e-01,8.407756090164184570e-01,9.048725962638854980e-01,9.032300710678100586e-01
1.177111640572547913e-01,4.232684969902038574e-01,7.755608558654785156e-01,7.975164055824279785e-01,8.700503706932067871e-01,8.908134102821350098e-01
1.581118255853652954e-01,5.926299691200256348e-01,5.808846950531005859e-01,7.087413668632507324e-01,7.419317960739135742e-01,8.504121303558349609e-01
1.231865733861923218e-01,5.703417062759399414e-01,4.697995781898498535e-01,6.330810189247131348e-01,5.925912857055664062e-01,8.005115389823913574e-01
8.483795821666717529e-02,1.000000000000000000e+00,4.404900372028350830e-01,6.670640110969543457e-01,3.580185770988464355e-01,8.400743603706359863e-01
1.000000000000000000e+00,1.000000000000000000e+00,2.848288416862487793e-01,4.887372851371765137e-01,5.779118835926055908e-02,7.012916207313537598e-01
8.173192292451858521e-02,8.681076765060424805e-02,1.575385779142379761e-01,2.952427864074707031e-01,0.000000000000000000e+00,0.000000000000000000e+00
1.974404156208038330e-01,1.057864874601364136e-01,8.325606584548950195e-02,0.000000000000000000e+00,0.000000000000000000e+00,0.000000000000000000e+00
