# CPU,RAM,NetworkR,NetworkW,DiskW,DiskR
1.189455538988113403e-01,1.207180470228195190e-01,1.000000000000000000e+00,9.137953519821166992e-01,9.165664911270141602e-01,9.178552627563476562e-01
8.134187757968902588e-02,9.890613704919815063e-02,1.000000000000000000e+00,8.971153497695922852e-01,9.169595837593078613e-01,9.136403203010559082e-01
8.396411687135696411e-02,3.289898335933685303e-01,8.524581789970397949e-01,8.353233337402343750e-01,8.955740332603454590e-01,8.949581980705261230e-01
8.478086441755294800e-02,1.668384820222854614e-01,9.582819342613220215e-01,8.511542677879333496e-01,8.821446299552917480e-01,9.000519514083862305e-01
1.072681918740272522e-01,3.260176777839660645e-01,6.411225199699401855e-01,7.085976004600524902e-01,6.771746277809143066e-01,8.180655837059020996e-01
2.210035175085067749e-01,5.570473670959472656e-01,4.830366671085357666e-01,6.188208460807800293e-01,6.884223222732543945e-01,8.328502774238586426e-01
1.583084166049957275e-01,1.000000000000000000e+00,3.706157803535461426e-01,6.160272359848022461e-01,1.894294172525405884e-01,7.839761376380920410e-01
1.000000000000000000e+00,7.832335233688354492e-01,2.007784545421600342e-01,3.545810580253601074e-01,3.169989585876464844e-02,3.062165081501007080e-01
8.531127125024795532e-02,8.205358684062957764e-02,1.620773971080780029e-01,2.421136647462844849e-01,0.000000000000000000e+00,0.000000000000000000e+00
2.078094780445098877e-01,8.795014768838882446e-02,8.647961914539337158e-02,0.000000000000000000e+00,0.000000000000000000e+00,0.000000000000000000e+00
