# CPU,RAM,NetworkR,NetworkW,DiskW,DiskR
1.190057471394538879e-01,1.208170801401138306e-01,1.000000000000000000e+00,9.137955904006958008e-01,9.165641665458679199e-01,9.178566932678222656e-01
8.130405098199844360e-02,1.139548346400260925e-01,1.000000000000000000e+00,8.924004435539245605e-01,9.167038798332214355e-01,9.123117327690124512e-01
8.536619693040847778e-02,2.694588303565979004e-01,8.944668173789978027e-01,8.463376164436340332e-01,9.045128226280212402e-01,9.027757048606872559e-01
1.075779199600219727e-01,2.925583124160766602e-01,8.489139080047607422e-01,8.173105120658874512e-01,8.848108053207397461e-01,8.967774510383605957e-01
2.489751428365707397e-01,7.162572741508483887e-01,5.440028905868530273e-01,6.892986297607421875e-01,7.323798537254333496e-01,8.524350523948669434e-01
1.842895150184631348e-01,6.961745619773864746e-01,4.374953508377075195e-01,6.143481731414794922e-01,5.940927267074584961e-01,8.105189800262451172e-01
8.277214318513870239e-02,1.000000000000000000e+00,3.746016621589660645e-01,6.500465273857116699e-01,1.974245160818099976e-01,6.632054448127746582e-01
1.000000000000000000e+00,1.000000000000000000e+00,2.499870806932449341e-01,4.351452589035034180e-01,5.429716408252716064e-02,5.179281830787658691e-01
8.534550666809082031e-02,8.536933362483978271e-02,1.712325513362884521e-01,2.721896767616271973e-01,0.000000000000000000e+00,0.000000000000000000e+00
1.867883205413818359e-01,9.049926698207855225e-02,8.591406047344207764e-02,0.000000000000000000e+00,0.000000000000000000e+00,0.000000000000000000e+00
