# CPU,RAM,NetworkR,NetworkW,DiskW,DiskR
1.191048473119735718e-01,1.207743659615516663e-01,1.000000000000000000e+00,9.137941002845764160e-01,9.165653586387634277e-01,9.178558588027954102e-01
8.134195953607559204e-02,1.034798026084899902e-01,1.000000000000000000e+00,8.953891396522521973e-01,9.168843030929565430e-01,9.132038950920104980e-01
9.027340263128280640e-02,3.311476707458496094e-01,8.432376980781555176e-01,8.338008522987365723e-01,9.027681946754455566e-01,9.005802273750305176e-01
1.406662315130233765e-01,6.154751777648925781e-01,6.612061858177185059e-01,7.622299194335937500e-01,8.270751833915710449e-01,8.757271766662597656e-01
2.439866513013839722e-01,6.384418010711669922e-01,5.556548833847045898e-01,7.016627788543701172e-01,7.477573752403259277e-01,8.546462059020996094e-01
1.944183707237243652e-01,6.418900489807128906e-01,4.764230251312255859e-01,6.447581648826599121e-01,6.723981499671936035e-01,8.354799747467041016e-01
8.152800798416137695e-02,1.000000000000000000e+00,4.313827753067016602e-01,6.885047554969787598e-01,2.504678070545196533e-01,7.567611932754516602e-01
1.000000000000000000e+00,1.000000000000000000e+00,3.195249140262603760e-01,5.471079945564270020e-01,6.383906304836273193e-02,8.182607293128967285e-01
8.141365647315979004e-02,1.034933701157569885e-01,1.655232906341552734e-01,3.203411698341369629e-01,0.000000000000000000e+00,0.000000000000000000e+00
1.144026219844818115e-01,9.887690097093582153e-02,8.570133894681930542e-02,0.000000000000000000e+00,0.000000000000000000e+00,0.000000000000000000e+00
