# CPU,RAM,NetworkR,NetworkW,DiskW,DiskR
1.192070469260215759e-01,1.208227723836898804e-01,1.000000000000000000e+00,9.137930274009704590e-01,9.165641069412231445e-01,9.178562760353088379e-01
8.125920593738555908e-02,1.299148797988891602e-01,1.000000000000000000e+00,8.893044590950012207e-01,9.165105819702148438e-01,9.113710522651672363e-01
9.278141707181930542e-02,2.973693609237670898e-01,8.800158500671386719e-01,8.432030677795410156e-01,9.079474806785583496e-01,9.056522250175476074e-01
1.514545381069183350e-01,7.279474139213562012e-01,6.382557153701782227e-01,7.559273242950439453e-01,8.173568248748779297e-01,8.756939172744750977e-01
1.402149647474288940e-01,5.525740385055541992e-01,5.643926858901977539e-01,7.055702805519104004e-01,7.078722715377807617e-01,8.387772440910339355e-01
1.558829993009567261e-01,6.118157505989074707e-01,4.798399209976196289e-01,6.443061232566833496e-01,6.644460558891296387e-01,8.297255039215087891e-01
8.226592093706130981e-02,1.000000000000000000e+00,4.025833606719970703e-01,6.673043966293334961e-01,2.228759080171585083e-01,7.135667800903320312e-01
1.000000000000000000e+00,1.000000000000000000e+00,2.414738982915878296e-01,4.532393813133239746e-01,7.125493884086608887e-02,3.483399748802185059e-01
8.737119287252426147e-02,8.735470473766326904e-02,1.894908100366592407e-01,2.792266607284545898e-01,0.000000000000000000e+00,0.000000000000000000e+00
1.503238677978515625e-01,8.835165947675704956e-02,8.933145552873611450e-02,0.000000000000000000e+00,0.000000000000000000e+00,0.000000000000000000e+00
