# CPU,RAM,NetworkR,NetworkW,DiskW,DiskR
1.190134435892105103e-01,1.207783222198486328e-01,1.000000000000000000e+00,9.137946367263793945e-01,9.165648818016052246e-01,9.178559184074401855e-01
8.130618184804916382e-02,1.084977760910987854e-01,1.000000000000000000e+00,8.938793540000915527e-01,9.167916178703308105e-01,9.127444028854370117e-01
8.641134202480316162e-02,2.383612543344497681e-01,9.042728543281555176e-01,8.485460877418518066e-01,9.066576361656188965e-01,9.041152596473693848e-01
9.894840419292449951e-02,2.646108269691467285e-01,8.683103322982788086e-01,8.231790065765380859e-01,8.848249912261962891e-01,8.972272276878356934e-01
1.460712254047393799e-01,4.818886518478393555e-01,6.112405657768249512e-01,7.097507119178771973e-01,7.456184029579162598e-01,8.475348949432373047e-01
2.047692835330963135e-01,6.895074248313903809e-01,4.463704824447631836e-01,6.109640598297119141e-01,6.205618381500244141e-01,8.185775876045227051e-01
9.626549482345581055e-02,1.000000000000000000e+00,3.555130064487457275e-01,6.249988675117492676e-01,1.798785775899887085e-01,6.966575384140014648e-01
1.000000000000000000e+00,9.993789792060852051e-01,2.315195351839065552e-01,4.047903418540954590e-01,3.839898109436035156e-02,5.051547884941101074e-01
8.650326728820800781e-02,8.359495550394058228e-02,1.610628068447113037e-01,2.557329535484313965e-01,0.000000000000000000e+00,0.000000000000000000e+00
2.215508371591567993e-01,9.043920040130615234e-02,8.506408333778381348e-02,0.000000000000000000e+00,0.000000000000000000e+00,0.000000000000000000e+00
