# CPU,RAM,NetworkR,NetworkW,DiskW,DiskR
1.191262751817703247e-01,1.206453368067741394e-01,1.000000000000000000e+00,9.137933254241943359e-01,9.165688753128051758e-01,9.178540706634521484e-01
8.057210594415664673e-02,3.373034596443176270e-01,9.777784347534179688e-01,8.783945441246032715e-01,9.136365056037902832e-01,8.962982892990112305e-01
8.300993591547012329e-02,1.427519619464874268e-01,1.000000000000000000e+00,8.771077394485473633e-01,9.115028977394104004e-01,9.098577499389648438e-01
8.119820058345794678e-02,1.903324425220489502e-01,9.806879758834838867e-01,8.550933599472045898e-01,8.764456510543823242e-01,8.959439396858215332e-01
8.041797578334808350e-02,1.624751389026641846e-01,9.631950259208679199e-01,8.201100230216979980e-01,6.385829448699951172e-01,8.236286640167236328e-01
8.522019535303115845e-02,1.894956827163696289e-01,6.579142212867736816e-01,6.633287072181701660e-01,5.507839322090148926e-01,7.705168128013610840e-01
8.598425984382629395e-02,2.045269906520843506e-01,5.537267327308654785e-01,5.700318813323974609e-01,5.429147481918334961e-01,7.662037014961242676e-01
8.417142927646636963e-02,2.095423340797424316e-01,5.143688917160034180e-01,4.781476259231567383e-01,5.190497040748596191e-01,7.630819678306579590e-01
1.119563877582550049e-01,2.432938069105148315e-01,3.512277007102966309e-01,2.761774659156799316e-01,4.346012473106384277e-01,7.142891883850097656e-01
1.000000000000000000e+00,1.000000000000000000e+00,8.581576496362686157e-02,0.000000000000000000e+00,0.000000000000000000e+00,0.000000000000000000e+00
