# CPU,RAM,NetworkR,NetworkW,DiskW,DiskR
1.190753579139709473e-01,1.206938922405242920e-01,1.000000000000000000e+00,9.137938022613525391e-01,9.165673255920410156e-01,9.178547263145446777e-01
8.015897870063781738e-02,4.922425150871276855e-01,9.868551492691040039e-01,8.700577616691589355e-01,9.006721973419189453e-01,7.071183323860168457e-01
8.063668012619018555e-02,4.589858055114746094e-01,8.630033135414123535e-01,8.293617963790893555e-01,8.568860888481140137e-01,7.948155403137207031e-01
8.028667420148849487e-02,3.594699501991271973e-01,8.889392018318176270e-01,8.231256008148193359e-01,7.245726585388183594e-01,7.895274162292480469e-01
8.018444478511810303e-02,3.127839565277099609e-01,8.227510452270507812e-01,7.848899364471435547e-01,5.115861892700195312e-01,6.380529403686523438e-01
8.184832334518432617e-02,3.007264137268066406e-01,5.552325248718261719e-01,6.550335288047790527e-01,4.111280143260955811e-01,6.074699759483337402e-01
8.198034763336181641e-02,3.490530252456665039e-01,4.388107061386108398e-01,5.645680427551269531e-01,3.724715709686279297e-01,5.927116274833679199e-01
8.561807125806808472e-02,2.486776709556579590e-01,4.645249247550964355e-01,4.999259710311889648e-01,4.728578329086303711e-01,7.157805562019348145e-01
1.954607665538787842e-01,5.888733267784118652e-01,2.707450091838836670e-01,2.760280966758728027e-01,4.042899012565612793e-01,7.148231863975524902e-01
1.000000000000000000e+00,1.000000000000000000e+00,8.662797510623931885e-02,0.000000000000000000e+00,0.000000000000000000e+00,0.000000000000000000e+00
