# CPU,RAM,NetworkR,NetworkW,DiskW,DiskR
1.190862953662872314e-01,1.207335963845252991e-01,1.000000000000000000e+00,9.137935042381286621e-01,9.165661334991455078e-01,9.178550839424133301e-01
8.016081154346466064e-02,6.069435477256774902e-01,9.722757935523986816e-01,8.663859963417053223e-01,8.954868912696838379e-01,6.782465577125549316e-01
8.140647411346435547e-02,3.467604517936706543e-01,8.779137134552001953e-01,8.350988626480102539e-01,8.748063445091247559e-01,8.390521407127380371e-01
8.030185848474502563e-02,3.629635870456695557e-01,8.916537761688232422e-01,8.260620236396789551e-01,7.421723008155822754e-01,8.079184293746948242e-01
8.016675710678100586e-02,3.051512837409973145e-01,8.437923789024353027e-01,7.916612029075622559e-01,5.166693925857543945e-01,6.457099914550781250e-01
8.157646656036376953e-02,3.018433749675750732e-01,5.568268299102783203e-01,6.566510796546936035e-01,4.017097949981689453e-01,5.918572545051574707e-01
8.175576478242874146e-02,3.955634832382202148e-01,4.095863103866577148e-01,5.500356554985046387e-01,3.396935462951660156e-01,5.427681207656860352e-01
8.492451906204223633e-02,2.674904167652130127e-01,4.476656913757324219e-01,4.910690188407897949e-01,4.478819966316223145e-01,6.936076283454895020e-01
1.963093578815460205e-01,5.217670798301696777e-01,2.955871224403381348e-01,2.912243604660034180e-01,4.599415063858032227e-01,7.406088113784790039e-01
1.000000000000000000e+00,1.000000000000000000e+00,8.704350143671035767e-02,0.000000000000000000e+00,0.000000000000000000e+00,0.000000000000000000e+00
