# CPU,RAM,NetworkR,NetworkW,DiskW,DiskR
1.190473437309265137e-01,1.207705438137054443e-01,1.000000000000000000e+00,9.137945771217346191e-01,9.165652990341186523e-01,9.178558588027954102e-01
8.127987384796142578e-02,1.125406250357627869e-01,1.000000000000000000e+00,8.928578495979309082e-01,9.167327880859375000e-01,9.124380946159362793e-01
8.229628950357437134e-02,1.682668924331665039e-01,9.779890775680541992e-01,8.680878877639770508e-01,9.086138606071472168e-01,9.072730541229248047e-01
8.266857266426086426e-02,1.812086254358291626e-01,9.612182378768920898e-01,8.481943011283874512e-01,8.753457665443420410e-01,8.960670232772827148e-01
8.163124322891235352e-02,1.918230503797531128e-01,8.575515151023864746e-01,7.785496115684509277e-01,6.083579063415527344e-01,8.080280423164367676e-01
9.511186927556991577e-02,2.669063210487365723e-01,5.203593373298645020e-01,6.065736413002014160e-01,5.190436244010925293e-01,7.459297776222229004e-01
9.809263050556182861e-02,2.434791177511215210e-01,4.265682101249694824e-01,5.044688582420349121e-01,4.504567980766296387e-01,7.045724987983703613e-01
9.006089717149734497e-02,2.031005918979644775e-01,4.349822402000427246e-01,4.420382976531982422e-01,4.965015053749084473e-01,7.449924349784851074e-01
1.170233041048049927e-01,2.021350860595703125e-01,3.467983007431030273e-01,2.825288176536560059e-01,4.488410353660583496e-01,7.273015379905700684e-01
1.000000000000000000e+00,1.000000000000000000e+00,8.491738885641098022e-02,0.000000000000000000e+00,0.000000000000000000e+00,0.000000000000000000e+00
