# CPU,RAM,NetworkR,NetworkW,DiskW,DiskR
1.191987544298171997e-01,1.207818835973739624e-01,1.000000000000000000e+00,9.137930274009704590e-01,9.165652394294738770e-01,9.178557395935058594e-01
8.028036355972290039e-02,5.585114359855651855e-01,9.694594740867614746e-01,8.715021610260009766e-01,9.063392877578735352e-01,8.304756879806518555e-01
8.222554624080657959e-02,2.180409729480743408e-01,9.543277621269226074e-01,8.585113883018493652e-01,9.013755917549133301e-01,8.928458690643310547e-01
8.042135089635848999e-02,2.732377350330352783e-01,9.557656645774841309e-01,8.459020853042602539e-01,8.251677751541137695e-01,8.692387342453002930e-01
8.016467839479446411e-02,2.171283513307571411e-01,9.422758221626281738e-01,8.181521296501159668e-01,5.751308202743530273e-01,7.531781196594238281e-01
8.158887177705764771e-02,2.383653521537780762e-01,6.404143571853637695e-01,6.762870550155639648e-01,4.617643356323242188e-01,6.896855831146240234e-01
8.253567665815353394e-02,3.272005319595336914e-01,4.574188590049743652e-01,5.499021410942077637e-01,3.985350728034973145e-01,6.401678919792175293e-01
8.363239467144012451e-02,2.547829747200012207e-01,4.661198854446411133e-01,4.819701910018920898e-01,4.560967683792114258e-01,7.074918746948242188e-01
1.321821212768554688e-01,3.785817027091979980e-01,2.953529059886932373e-01,2.677606344223022461e-01,3.900588154792785645e-01,6.796761155128479004e-01
1.000000000000000000e+00,1.000000000000000000e+00,8.712412416934967041e-02,0.000000000000000000e+00,0.000000000000000000e+00,0.000000000000000000e+00
