# CPU,RAM,NetworkR,NetworkW,DiskW,DiskR
1.191334575414657593e-01,1.207378208637237549e-01,1.000000000000000000e+00,9.137939214706420898e-01,9.165664911270141602e-01,9.178554415702819824e-01
8.029269427061080933e-02,4.674167037010192871e-01,9.776659607887268066e-01,8.738093376159667969e-01,9.086244702339172363e-01,8.463219404220581055e-01
8.194346725940704346e-02,2.391489893198013306e-01,9.473362565040588379e-01,8.565182685852050781e-01,9.004756212234497070e-01,8.917367458343505859e-01
8.057077229022979736e-02,2.734903097152709961e-01,9.454765915870666504e-01,8.424239158630371094e-01,8.264271616935729980e-01,8.713518381118774414e-01
8.019762486219406128e-02,2.192485034465789795e-01,9.290451407432556152e-01,8.131177425384521484e-01,5.666542053222656250e-01,7.529419064521789551e-01
8.217048645019531250e-02,2.507843673229217529e-01,6.196817755699157715e-01,6.676285266876220703e-01,4.742091298103332520e-01,7.022889852523803711e-01
8.219889551401138306e-02,3.307045698165893555e-01,4.841172099113464355e-01,5.678861737251281738e-01,4.302576780319213867e-01,6.736621260643005371e-01
8.257179707288742065e-02,2.275628149509429932e-01,5.184362530708312988e-01,5.105684995651245117e-01,4.713923335075378418e-01,7.234793901443481445e-01
1.260663419961929321e-01,4.105680584907531738e-01,2.975395321846008301e-01,2.698659300804138184e-01,3.833077847957611084e-01,6.786267161369323730e-01
1.000000000000000000e+00,1.000000000000000000e+00,8.689093589782714844e-02,0.000000000000000000e+00,0.000000000000000000e+00,0.000000000000000000e+00
