# CPU,RAM,NetworkR,NetworkW,DiskW,DiskR
1.191900819540023804e-01,1.208293884992599487e-01,1.000000000000000000e+00,9.137932658195495605e-01,9.165639281272888184e-01,9.178563952445983887e-01
8.127301931381225586e-02,1.275452077388763428e-01,1.000000000000000000e+00,8.896437287330627441e-01,9.165272116661071777e-01,9.114652276039123535e-01
9.087924659252166748e-02,3.555328845977783203e-01,8.554328680038452148e-01,8.375200629234313965e-01,9.044448137283325195e-01,9.031540751457214355e-01
1.262004822492599487e-01,6.886833310127258301e-01,6.451498866081237793e-01,7.585825324058532715e-01,8.089256286621093750e-01,8.717179298400878906e-01
1.500038504600524902e-01,4.764603972434997559e-01,6.185659766197204590e-01,7.261733412742614746e-01,7.652181386947631836e-01,8.566022515296936035e-01
1.252253651618957520e-01,6.100435256958007812e-01,4.811183810234069824e-01,6.467946767807006836e-01,6.328752040863037109e-01,8.188815116882324219e-01
8.142071962356567383e-02,1.000000000000000000e+00,4.319728016853332520e-01,6.774832010269165039e-01,2.603712081909179688e-01,7.624904513359069824e-01
1.000000000000000000e+00,1.000000000000000000e+00,2.950884699821472168e-01,4.875932335853576660e-01,7.255591452121734619e-02,6.507930159568786621e-01
8.253461867570877075e-02,8.651170879602432251e-02,1.838822960853576660e-01,3.008775115013122559e-01,0.000000000000000000e+00,0.000000000000000000e+00
1.769367158412933350e-01,9.822888672351837158e-02,8.485642820596694946e-02,0.000000000000000000e+00,0.000000000000000000e+00,0.000000000000000000e+00
