# CPU,RAM,NetworkR,NetworkW,DiskW,DiskR
1.191302388906478882e-01,1.204802691936492920e-01,1.000000000000000000e+00,9.137926101684570312e-01,9.165733456611633301e-01,9.178518652915954590e-01
8.126499503850936890e-02,1.219276338815689087e-01,1.000000000000000000e+00,8.908115625381469727e-01,9.166383743286132812e-01,9.118901491165161133e-01
8.194977790117263794e-02,2.038156241178512573e-01,9.627906084060668945e-01,8.642226457595825195e-01,9.069269895553588867e-01,9.058686494827270508e-01
8.253153413534164429e-02,1.769136637449264526e-01,9.722957611083984375e-01,8.529695272445678711e-01,8.797071576118469238e-01,8.984481096267700195e-01
8.115883916616439819e-02,1.713031679391860962e-01,9.088502526283264160e-01,7.996208667755126953e-01,6.422396302223205566e-01,8.264337182044982910e-01
9.110009670257568359e-02,2.085949778556823730e-01,6.080297231674194336e-01,6.462119221687316895e-01,5.695699453353881836e-01,7.786448001861572266e-01
1.022382900118827820e-01,1.916562914848327637e-01,5.217632651329040527e-01,5.502233505249023438e-01,5.678809881210327148e-01,7.790625095367431641e-01
1.105440706014633179e-01,2.318323701620101929e-01,4.287788867950439453e-01,4.269940257072448730e-01,5.687159299850463867e-01,7.881104946136474609e-01
1.543216258287429810e-01,1.924473345279693604e-01,3.959634304046630859e-01,3.110480904579162598e-01,5.804466009140014648e-01,8.033879995346069336e-01
1.000000000000000000e+00,1.000000000000000000e+00,8.435852080583572388e-02,0.000000000000000000e+00,0.000000000000000000e+00,0.000000000000000000e+00
