# CPU,RAM,NetworkR,NetworkW,DiskW,DiskR
1.189209222793579102e-01,1.206861287355422974e-01,1.000000000000000000e+00,9.137953519821166992e-01,9.165672659873962402e-01,9.178548455238342285e-01
8.137403428554534912e-02,1.039927452802658081e-01,1.000000000000000000e+00,8.951095342636108398e-01,9.168761372566223145e-01,9.131461977958679199e-01
9.165004640817642212e-02,3.637659549713134766e-01,8.279517292976379395e-01,8.302174210548400879e-01,9.014264345169067383e-01,8.997719883918762207e-01
1.562835723161697388e-01,7.588241100311279297e-01,5.838192105293273926e-01,7.362800836563110352e-01,7.696362137794494629e-01,8.607074618339538574e-01
2.116724848747253418e-01,5.786430239677429199e-01,5.401148796081542969e-01,6.945893764495849609e-01,7.150861620903015137e-01,8.415749669075012207e-01
1.307427138090133667e-01,6.694406867027282715e-01,4.536373019218444824e-01,6.416366100311279297e-01,6.205849647521972656e-01,8.187280297279357910e-01
8.070653676986694336e-02,1.000000000000000000e+00,4.055866599082946777e-01,6.858161091804504395e-01,2.000750154256820679e-01,5.212511420249938965e-01
1.000000000000000000e+00,1.000000000000000000e+00,2.949017286300659180e-01,4.666833281517028809e-01,6.922917068004608154e-02,7.124177813529968262e-01
8.099282532930374146e-02,9.355356544256210327e-02,1.536861658096313477e-01,2.846901118755340576e-01,0.000000000000000000e+00,0.000000000000000000e+00
1.748595237731933594e-01,1.205509379506111145e-01,8.319976180791854858e-02,0.000000000000000000e+00,0.000000000000000000e+00,0.000000000000000000e+00
