# CPU,RAM,NetworkR,NetworkW,DiskW,DiskR
1.190434619784355164e-01,1.205039247870445251e-01,1.000000000000000000e+00,9.137898087501525879e-01,9.165709018707275391e-01,9.178508520126342773e-01
8.102361112833023071e-02,1.195408627390861511e-01,1.000000000000000000e+00,8.919896483421325684e-01,9.165159463882446289e-01,9.115113019943237305e-01
8.178525418043136597e-02,2.280777394771575928e-01,9.486690759658813477e-01,8.596590161323547363e-01,9.043582677841186523e-01,9.030902981758117676e-01
8.270937204360961914e-02,2.425514608621597290e-01,9.155127406120300293e-01,8.325348496437072754e-01,8.533272147178649902e-01,8.864420056343078613e-01
8.122114092111587524e-02,2.048964053392410278e-01,8.595678806304931641e-01,7.849248051643371582e-01,6.062917709350585938e-01,8.056903481483459473e-01
8.929623663425445557e-02,3.549917936325073242e-01,5.427255630493164062e-01,6.346390247344970703e-01,5.716423988342285156e-01,7.755920886993408203e-01
8.924628794193267822e-02,1.815110146999359131e-01,5.984931588172912598e-01,6.036650538444519043e-01,5.582183599472045898e-01,7.797755002975463867e-01
8.614394813776016235e-02,2.436245530843734741e-01,4.750721156597137451e-01,4.761634469032287598e-01,5.123234391212463379e-01,7.612608671188354492e-01
1.426658183336257935e-01,3.198081552982330322e-01,3.264375030994415283e-01,2.773972749710083008e-01,4.589641094207763672e-01,7.403829693794250488e-01
1.000000000000000000e+00,1.000000000000000000e+00,8.511666953563690186e-02,0.000000000000000000e+00,0.000000000000000000e+00,0.000000000000000000e+00
