# CPU,RAM,NetworkR,NetworkW,DiskW,DiskR
1.190143823623657227e-01,1.207049190998077393e-01,1.000000000000000000e+00,9.137942194938659668e-01,9.165668487548828125e-01,9.178548455238342285e-01
8.025494217872619629e-02,4.717839360237121582e-01,9.782247543334960938e-01,8.725820779800415039e-01,9.067536592483520508e-01,8.229867815971374512e-01
8.210605382919311523e-02,2.419098019599914551e-01,9.367279410362243652e-01,8.527563214302062988e-01,8.980386257171630859e-01,8.861385583877563477e-01
8.051875978708267212e-02,2.991843521595001221e-01,9.247414469718933105e-01,8.352565169334411621e-01,8.016728162765502930e-01,8.576223850250244141e-01
8.021596074104309082e-02,2.379778176546096802e-01,8.950691819190979004e-01,8.023338317871093750e-01,5.379593372344970703e-01,7.219115495681762695e-01
8.262126892805099487e-02,2.568079829216003418e-01,5.872311592102050781e-01,6.560986042022705078e-01,4.506246447563171387e-01,6.779094338417053223e-01
8.226851373910903931e-02,3.158504366874694824e-01,4.744658470153808594e-01,5.678809881210327148e-01,4.215288758277893066e-01,6.625271439552307129e-01
8.327923715114593506e-02,2.472646236419677734e-01,4.864025712013244629e-01,4.982570409774780273e-01,4.656999707221984863e-01,7.186329960823059082e-01
1.347906589508056641e-01,4.180900156497955322e-01,2.917804718017578125e-01,2.706325054168701172e-01,3.872246146202087402e-01,6.829366087913513184e-01
1.000000000000000000e+00,1.000000000000000000e+00,8.650974184274673462e-02,0.000000000000000000e+00,0.000000000000000000e+00,0.000000000000000000e+00
