# CPU,RAM,NetworkR,NetworkW,DiskW,DiskR
1.191780939698219299e-01,1.206174790859222412e-01,1.000000000000000000e+00,9.137928485870361328e-01,9.165697693824768066e-01,9.178537130355834961e-01
8.122617751359939575e-02,1.322454959154129028e-01,1.000000000000000000e+00,8.890489935874938965e-01,9.164915084838867188e-01,9.112500548362731934e-01
8.404681086540222168e-02,1.528755128383636475e-01,9.868519902229309082e-01,8.710393905639648438e-01,9.115601778030395508e-01,9.101081490516662598e-01
8.843519538640975952e-02,2.338822633028030396e-01,9.028456807136535645e-01,8.310151100158691406e-01,8.836991190910339355e-01,8.967148065567016602e-01
1.256836056709289551e-01,3.967660367488861084e-01,6.392138004302978516e-01,7.082769274711608887e-01,7.302833199501037598e-01,8.393003940582275391e-01
2.542827725410461426e-01,7.462018728256225586e-01,4.214619398117065430e-01,5.843153595924377441e-01,5.899722576141357422e-01,8.133917450904846191e-01
1.149751842021942139e-01,1.000000000000000000e+00,3.576273322105407715e-01,5.958338975906372070e-01,2.469191402196884155e-01,8.071657419204711914e-01
1.000000000000000000e+00,1.000000000000000000e+00,2.247399389743804932e-01,3.951609730720520020e-01,2.856622636318206787e-02,6.465505361557006836e-01
8.335725218057632446e-02,8.552636951208114624e-02,1.357309520244598389e-01,2.448113709688186646e-01,0.000000000000000000e+00,0.000000000000000000e+00
2.039774656295776367e-01,8.984299749135971069e-02,8.477646857500076294e-02,0.000000000000000000e+00,0.000000000000000000e+00,0.000000000000000000e+00
