# CPU,RAM,NetworkR,NetworkW,DiskW,DiskR
7.999999821186065674e-02,2.800000011920928955e-01,1.000000000000000000e+00,9.200000166893005371e-01,9.200000166893005371e-01,9.200000166893005371e-01
7.999999821186065674e-02,3.799999952316284180e-01,9.371428489685058594e-01,8.678694367408752441e-01,9.089865684509277344e-01,9.053148031234741211e-01
7.999999821186065674e-02,3.799999952316284180e-01,7.942857146263122559e-01,8.252583742141723633e-01,8.665143847465515137e-01,9.053148031234741211e-01
7.999999821186065674e-02,4.799999892711639404e-01,6.922448873519897461e-01,7.525022625923156738e-01,8.370474576950073242e-01,9.053148031234741211e-01
7.999999821186065674e-02,4.799999892711639404e-01,6.106122136116027832e-01,7.117044329643249512e-01,6.498184204101562500e-01,7.856732606887817383e-01
1.649315059185028076e-01,5.799999833106994629e-01,4.881632626056671143e-01,6.627470850944519043e-01,5.914118289947509766e-01,7.683964967727661133e-01
7.999999821186065674e-02,1.000000000000000000e+00,3.657142817974090576e-01,5.971683263778686523e-01,2.977973222732543945e-01,7.318993806838989258e-01
1.000000000000000000e+00,1.000000000000000000e+00,2.840816378593444824e-01,4.399456381797790527e-01,8.766256272792816162e-02,6.339617967605590820e-01
7.999999821186065674e-02,7.999999821186065674e-02,1.616326570510864258e-01,2.612662315368652344e-01,0.000000000000000000e+00,0.000000000000000000e+00
1.539725959300994873e-01,7.999999821186065674e-02,7.999999821186065674e-02,0.000000000000000000e+00,0.000000000000000000e+00,0.000000000000000000e+00
