# CPU,RAM,NetworkR,NetworkW,DiskW,DiskR
1.191187202930450439e-01,1.207834929227828979e-01,1.000000000000000000e+00,9.137938618659973145e-01,9.165650606155395508e-01,9.178559184074401855e-01
8.105231821537017822e-02,1.702499687671661377e-01,9.988639354705810547e-01,8.850131630897521973e-01,9.159901738166809082e-01,9.091251492500305176e-01
8.292298018932342529e-02,1.403395235538482666e-01,1.000000000000000000e+00,8.772465586662292480e-01,9.117987751960754395e-01,9.110352993011474609e-01
8.175827562808990479e-02,1.733034998178482056e-01,9.804705381393432617e-01,8.551410436630249023e-01,8.804828524589538574e-01,8.985302448272705078e-01
8.089692890644073486e-02,1.667398661375045776e-01,9.235596656799316406e-01,8.018150925636291504e-01,6.329576969146728516e-01,8.234429955482482910e-01
9.103151410818099976e-02,2.030728012323379517e-01,5.873594880104064941e-01,6.275731325149536133e-01,5.296223163604736328e-01,7.569436430931091309e-01
9.383999556303024292e-02,1.979146599769592285e-01,4.854385852813720703e-01,5.265887379646301270e-01,5.037708282470703125e-01,7.412703633308410645e-01
9.095043689012527466e-02,2.186029404401779175e-01,4.294816255569458008e-01,4.249014854431152344e-01,5.026283264160156250e-01,7.505213022232055664e-01
1.194727122783660889e-01,1.939322799444198608e-01,3.588590621948242188e-01,2.800414562225341797e-01,4.737974405288696289e-01,7.407702207565307617e-01
1.000000000000000000e+00,1.000000000000000000e+00,8.470890671014785767e-02,0.000000000000000000e+00,0.000000000000000000e+00,0.000000000000000000e+00
