# CPU,RAM,NetworkR,NetworkW,DiskW,DiskR
1.190400719642639160e-01,1.205896288156509399e-01,1.000000000000000000e+00,9.137930870056152344e-01,9.165698289871215820e-01,9.178531169891357422e-01
8.069929480552673340e-02,1.828640699386596680e-01,1.000000000000000000e+00,8.851299881935119629e-01,9.154251813888549805e-01,9.057206511497497559e-01
8.217305690050125122e-02,1.599585562944412231e-01,9.975126385688781738e-01,8.735143542289733887e-01,9.100655317306518555e-01,9.085564613342285156e-01
8.136438578367233276e-02,2.256817072629928589e-01,9.494754076004028320e-01,8.425260186195373535e-01,8.584626317024230957e-01,8.882905840873718262e-01
8.055640757083892822e-02,1.899360567331314087e-01,9.087627530097961426e-01,7.979899048805236816e-01,5.827613472938537598e-01,7.934347391128540039e-01
8.672413229942321777e-02,2.438086122274398804e-01,5.755697488784790039e-01,6.325166821479797363e-01,5.182563662528991699e-01,7.449652552604675293e-01
8.496634662151336670e-02,2.101265639066696167e-01,5.537161827087402344e-01,5.782950520515441895e-01,5.293300747871398926e-01,7.585384249687194824e-01
8.447022736072540283e-02,2.096503078937530518e-01,5.289424657821655273e-01,4.916473627090454102e-01,5.444132685661315918e-01,7.787490487098693848e-01
1.404537111520767212e-01,2.935946583747863770e-01,3.571825027465820312e-01,2.827362120151519775e-01,5.050122737884521484e-01,7.667300105094909668e-01
1.000000000000000000e+00,1.000000000000000000e+00,8.522506803274154663e-02,0.000000000000000000e+00,0.000000000000000000e+00,0.000000000000000000e+00
