# CPU,RAM,NetworkR,NetworkW,DiskW,DiskR
1.190876141190528870e-01,1.207951605319976807e-01,1.000000000000000000e+00,9.137945771217346191e-01,9.165648221969604492e-01,9.178562760353088379e-01
8.142188936471939087e-02,9.672222286462783813e-02,1.000000000000000000e+00,8.978822827339172363e-01,9.170138239860534668e-01,9.138967394828796387e-01
9.250088781118392944e-02,3.369143009185791016e-01,8.218996524810791016e-01,8.280622959136962891e-01,9.010477662086486816e-01,8.984244465827941895e-01
2.064745575189590454e-01,7.178371548652648926e-01,5.990126729011535645e-01,7.403323650360107422e-01,8.004615902900695801e-01,8.692336082458496094e-01
2.315438389778137207e-01,6.725873947143554688e-01,4.861814081668853760e-01,6.721684932708740234e-01,6.542375087738037109e-01,8.259677886962890625e-01
1.280788928270339966e-01,6.591674685478210449e-01,4.312893152236938477e-01,6.303815245628356934e-01,5.824753046035766602e-01,8.040047883987426758e-01
8.277855813503265381e-02,1.000000000000000000e+00,4.139017164707183838e-01,6.749609708786010742e-01,2.633967995643615723e-01,7.942346930503845215e-01
1.000000000000000000e+00,1.000000000000000000e+00,2.791489064693450928e-01,4.942211508750915527e-01,6.517590582370758057e-02,7.771526575088500977e-01
8.099446445703506470e-02,9.344318509101867676e-02,1.410565227270126343e-01,2.884578108787536621e-01,0.000000000000000000e+00,0.000000000000000000e+00
1.298676580190658569e-01,9.671999514102935791e-02,8.593380451202392578e-02,0.000000000000000000e+00,0.000000000000000000e+00,0.000000000000000000e+00
