# CPU,RAM,NetworkR,NetworkW,DiskW,DiskR
1.191578358411788940e-01,1.207726299762725830e-01,1.000000000000000000e+00,9.137933254241943359e-01,9.165653586387634277e-01,9.178556799888610840e-01
8.125596493482589722e-02,1.224244087934494019e-01,1.000000000000000000e+00,8.906877040863037109e-01,9.165965914726257324e-01,9.117721915245056152e-01
8.712460100650787354e-02,2.255098372697830200e-01,9.204261898994445801e-01,8.528670072555541992e-01,9.086284041404724121e-01,9.063147902488708496e-01
1.021991968154907227e-01,3.131395280361175537e-01,8.432752490043640137e-01,8.161399960517883301e-01,8.827493190765380859e-01,8.960206508636474609e-01
2.114279568195343018e-01,6.822934150695800781e-01,5.523188114166259766e-01,6.907824277877807617e-01,7.294587492942810059e-01,8.491818904876708984e-01
1.463772654533386230e-01,6.654386520385742188e-01,4.228465259075164795e-01,6.036272644996643066e-01,5.413536429405212402e-01,7.849441766738891602e-01
8.326497673988342285e-02,1.000000000000000000e+00,3.923242688179016113e-01,6.430320143699645996e-01,2.654270529747009277e-01,7.830725908279418945e-01
1.000000000000000000e+00,1.000000000000000000e+00,2.571460604667663574e-01,4.432200193405151367e-01,5.377725139260292053e-02,5.450521111488342285e-01
8.500864356756210327e-02,8.439784497022628784e-02,1.689278036355972290e-01,2.733685374259948730e-01,0.000000000000000000e+00,0.000000000000000000e+00
2.260874211788177490e-01,9.439404308795928955e-02,8.437968045473098755e-02,0.000000000000000000e+00,0.000000000000000000e+00,0.000000000000000000e+00
