# CPU,RAM,NetworkR,NetworkW,DiskW,DiskR
1.190493926405906677e-01,1.206860393285751343e-01,1.000000000000000000e+00,9.137947559356689453e-01,9.165678024291992188e-01,9.178549051284790039e-01
8.094831556081771851e-02,1.807941198348999023e-01,9.972316026687622070e-01,8.844881653785705566e-01,9.158183932304382324e-01,9.082695841789245605e-01
8.314247429370880127e-02,1.232661008834838867e-01,1.000000000000000000e+00,8.823449015617370605e-01,9.130849838256835938e-01,9.123907685279846191e-01
8.205415308475494385e-02,1.864712834358215332e-01,9.638437628746032715e-01,8.485553860664367676e-01,8.786113262176513672e-01,8.964249491691589355e-01
8.326655626296997070e-02,1.603829860687255859e-01,8.925239443778991699e-01,7.898539304733276367e-01,7.025643587112426758e-01,8.458951115608215332e-01
2.124157994985580444e-01,3.437454700469970703e-01,4.788665175437927246e-01,5.717055797576904297e-01,6.263415217399597168e-01,7.991618514060974121e-01
3.145776391029357910e-01,1.000000000000000000e+00,3.239599168300628662e-01,5.270916223526000977e-01,2.167182415723800659e-01,8.112137913703918457e-01
1.000000000000000000e+00,4.950829148292541504e-01,1.434527933597564697e-01,2.210417240858078003e-01,4.800662398338317871e-03,4.851882159709930420e-02
8.917066454887390137e-02,8.113574981689453125e-02,1.451586484909057617e-01,1.905312985181808472e-01,0.000000000000000000e+00,0.000000000000000000e+00
2.505128383636474609e-01,8.549385517835617065e-02,8.764728903770446777e-02,0.000000000000000000e+00,0.000000000000000000e+00,0.000000000000000000e+00
