# CPU,RAM,NetworkR,NetworkW,DiskW,DiskR
1.190734654664993286e-01,1.205183416604995728e-01,1.000000000000000000e+00,9.137914776802062988e-01,9.165713787078857422e-01,9.178517460823059082e-01
8.017039299011230469e-02,5.201662182807922363e-01,9.839610457420349121e-01,8.701097369194030762e-01,9.016089439392089844e-01,7.280150055885314941e-01
8.051205426454544067e-02,5.286882519721984863e-01,8.511167764663696289e-01,8.258284330368041992e-01,8.440449833869934082e-01,7.756001353263854980e-01
8.020860701799392700e-02,4.059718847274780273e-01,8.812827467918395996e-01,8.200156688690185547e-01,7.019642591476440430e-01,7.573104500770568848e-01
8.014655858278274536e-02,3.748291730880737305e-01,8.052658438682556152e-01,7.789790630340576172e-01,5.115946531295776367e-01,5.988826751708984375e-01
8.128850162029266357e-02,3.184714913368225098e-01,5.722945928573608398e-01,6.620439887046813965e-01,4.079580903053283691e-01,5.846441984176635742e-01
8.180958032608032227e-02,3.209044933319091797e-01,4.752630591392517090e-01,5.791552066802978516e-01,3.922408223152160645e-01,6.133345365524291992e-01
8.625303208827972412e-02,2.458450347185134888e-01,4.864138066768646240e-01,5.094768404960632324e-01,5.081588029861450195e-01,7.398305535316467285e-01
2.452347874641418457e-01,6.618900299072265625e-01,2.979855537414550781e-01,2.974625825881958008e-01,4.958726763725280762e-01,7.770218253135681152e-01
1.000000000000000000e+00,1.000000000000000000e+00,8.664091676473617554e-02,0.000000000000000000e+00,0.000000000000000000e+00,0.000000000000000000e+00
