# CPU,RAM,NetworkR,NetworkW,DiskW,DiskR
1.191119402647018433e-01,1.207391172647476196e-01,1.000000000000000000e+00,9.137937426567077637e-01,9.165662527084350586e-01,9.178553223609924316e-01
8.129153400659561157e-02,1.227864474058151245e-01,1.000000000000000000e+00,8.905006647109985352e-01,9.166004061698913574e-01,9.117770791053771973e-01
9.139244258403778076e-02,3.422117829322814941e-01,8.579893112182617188e-01,8.380581736564636230e-01,9.051572680473327637e-01,9.034850597381591797e-01
1.143015027046203613e-01,7.336927652359008789e-01,6.242302656173706055e-01,7.524948716163635254e-01,7.819072604179382324e-01,8.643733859062194824e-01
1.178351789712905884e-01,3.964791297912597656e-01,6.436991095542907715e-01,7.347052693367004395e-01,7.480707764625549316e-01,8.507986664772033691e-01
1.184226274490356445e-01,5.734896659851074219e-01,4.841958284378051758e-01,6.449475884437561035e-01,6.242191791534423828e-01,8.131361007690429688e-01
8.244599401950836182e-02,1.000000000000000000e+00,4.475103020668029785e-01,6.759583353996276855e-01,3.307373821735382080e-01,8.237041831016540527e-01
1.000000000000000000e+00,1.000000000000000000e+00,2.941002845764160156e-01,4.953023791313171387e-01,6.817482411861419678e-02,6.463854908943176270e-01
8.300379663705825806e-02,8.481317013502120972e-02,1.809846460819244385e-01,3.017558455467224121e-01,0.000000000000000000e+00,0.000000000000000000e+00
1.740254759788513184e-01,9.063465148210525513e-02,8.639280498027801514e-02,0.000000000000000000e+00,0.000000000000000000e+00,0.000000000000000000e+00
