# CPU,RAM,NetworkR,NetworkW,DiskW,DiskR
1.191165596246719360e-01,1.206780672073364258e-01,1.000000000000000000e+00,9.137927293777465820e-01,9.165675640106201172e-01,9.178541898727416992e-01
8.027853071689605713e-02,3.551359772682189941e-01,9.922456145286560059e-01,8.771361708641052246e-01,9.104143977165222168e-01,8.542579412460327148e-01
8.157777786254882812e-02,2.601264417171478271e-01,9.418725371360778809e-01,8.545621633529663086e-01,8.994371294975280762e-01,8.885035514831542969e-01
8.066096901893615723e-02,2.729077935218811035e-01,9.379327297210693359e-01,8.390149474143981934e-01,8.211534619331359863e-01,8.689011931419372559e-01
8.025643229484558105e-02,2.148247957229614258e-01,9.126766920089721680e-01,8.069543242454528809e-01,5.590706467628479004e-01,7.544023990631103516e-01
8.333909511566162109e-02,2.500612735748291016e-01,6.068935394287109375e-01,6.616772413253784180e-01,4.990038871765136719e-01,7.240843176841735840e-01
8.288460224866867065e-02,2.696270942687988281e-01,5.327884554862976074e-01,5.912091732025146484e-01,4.931258559226989746e-01,7.292128801345825195e-01
8.267454802989959717e-02,2.274088412523269653e-01,5.230094790458679199e-01,5.131925344467163086e-01,4.796051383018493652e-01,7.342748045921325684e-01
1.156429052352905273e-01,3.847891688346862793e-01,2.953273952007293701e-01,2.695966958999633789e-01,3.567920327186584473e-01,6.524697542190551758e-01
1.000000000000000000e+00,1.000000000000000000e+00,8.682353794574737549e-02,0.000000000000000000e+00,0.000000000000000000e+00,0.000000000000000000e+00
