# CPU,RAM,NetworkR,NetworkW,DiskW,DiskR
1.191599220037460327e-01,1.207699775695800781e-01,1.000000000000000000e+00,9.137933850288391113e-01,9.165654778480529785e-01,9.178556799888610840e-01
8.113545179367065430e-02,1.595301628112792969e-01,1.000000000000000000e+00,8.857731223106384277e-01,9.161434173583984375e-01,9.098001718521118164e-01
8.523445576429367065e-02,2.096594125032424927e-01,9.467645883560180664e-01,8.599885702133178711e-01,9.093374013900756836e-01,9.077949523925781250e-01
8.306615799665451050e-02,1.722540557384490967e-01,9.773128628730773926e-01,8.575644493103027344e-01,8.900200128555297852e-01,9.030892252922058105e-01
8.236069232225418091e-02,1.798166185617446899e-01,8.919165134429931641e-01,7.955627441406250000e-01,7.095757722854614258e-01,8.469310998916625977e-01
1.213429942727088928e-01,1.688065528869628906e-01,6.478917598724365234e-01,6.538329720497131348e-01,6.370832920074462891e-01,8.089873790740966797e-01
2.123614698648452759e-01,1.000000000000000000e+00,3.522384762763977051e-01,5.167322158813476562e-01,4.402693510055541992e-01,8.356387019157409668e-01
1.000000000000000000e+00,1.000000000000000000e+00,1.777242422103881836e-01,2.546162009239196777e-01,1.679773069918155670e-02,3.674269318580627441e-01
8.691921830177307129e-02,8.148467540740966797e-02,1.423441022634506226e-01,2.186166495084762573e-01,0.000000000000000000e+00,0.000000000000000000e+00
2.277322113513946533e-01,8.628672361373901367e-02,8.676525950431823730e-02,0.000000000000000000e+00,0.000000000000000000e+00,0.000000000000000000e+00
