# CPU,RAM,NetworkR,NetworkW,DiskW,DiskR
1.190167367458343506e-01,1.205685660243034363e-01,1.000000000000000000e+00,9.137927889823913574e-01,9.165701866149902344e-01,9.178526997566223145e-01
8.027546107769012451e-02,3.094309866428375244e-01,9.997172951698303223e-01,8.791676163673400879e-01,9.113765358924865723e-01,8.606876730918884277e-01
8.052938431501388550e-02,4.555414915084838867e-01,8.979251980781555176e-01,8.403303623199462891e-01,8.726442456245422363e-01,8.515245914459228516e-01
8.028764277696609497e-02,3.587968051433563232e-01,9.102707505226135254e-01,8.270131349563598633e-01,7.361041903495788574e-01,8.159687519073486328e-01
8.016613125801086426e-02,3.010259270668029785e-01,8.473986983299255371e-01,7.871907949447631836e-01,5.094261169433593750e-01,6.564854383468627930e-01
8.176639676094055176e-02,2.836186885833740234e-01,5.825064182281494141e-01,6.560426354408264160e-01,4.269277453422546387e-01,6.385411024093627930e-01
8.179115504026412964e-02,2.974038422107696533e-01,4.988821148872375488e-01,5.799474716186523438e-01,4.220417737960815430e-01,6.572268009185791016e-01
8.547338098287582397e-02,2.438687384128570557e-01,4.974328279495239258e-01,5.005666613578796387e-01,5.183218121528625488e-01,7.521536946296691895e-01
2.005797475576400757e-01,5.442450642585754395e-01,2.968845367431640625e-01,2.759928107261657715e-01,4.645366668701171875e-01,7.535201907157897949e-01
1.000000000000000000e+00,1.000000000000000000e+00,8.566789329051971436e-02,0.000000000000000000e+00,0.000000000000000000e+00,0.000000000000000000e+00
