# CPU,RAM,NetworkR,NetworkW,DiskW,DiskR
1.191020682454109192e-01,1.206993088126182556e-01,1.000000000000000000e+00,9.137930274009704590e-01,9.165670275688171387e-01,9.178545475006103516e-01
8.128703385591506958e-02,1.045232266187667847e-01,1.000000000000000000e+00,8.952015638351440430e-01,9.168671965599060059e-01,9.131157994270324707e-01
8.289223909378051758e-02,1.653997600078582764e-01,9.708018898963928223e-01,8.658674359321594238e-01,9.088407158851623535e-01,9.069494009017944336e-01
8.246314525604248047e-02,1.678828895092010498e-01,9.719188809394836426e-01,8.522337675094604492e-01,8.767658472061157227e-01,8.973699808120727539e-01
8.247120678424835205e-02,1.639416813850402832e-01,8.757359981536865234e-01,7.847379446029663086e-01,6.424332857131958008e-01,8.265643119812011719e-01
1.146627217531204224e-01,2.639894187450408936e-01,5.191841125488281250e-01,6.035339236259460449e-01,5.924944281578063965e-01,7.826763391494750977e-01
1.429574191570281982e-01,3.337401151657104492e-01,3.855829238891601562e-01,4.784268140792846680e-01,5.070274472236633301e-01,7.506427168846130371e-01
1.618011295795440674e-01,3.979778885841369629e-01,2.960960566997528076e-01,3.466366529464721680e-01,4.354202151298522949e-01,7.242832779884338379e-01
1.327379345893859863e-01,1.296476274728775024e-01,3.536038398742675781e-01,2.931620478630065918e-01,4.599766731262207031e-01,7.220312356948852539e-01
1.000000000000000000e+00,1.000000000000000000e+00,8.283744752407073975e-02,0.000000000000000000e+00,0.000000000000000000e+00,0.000000000000000000e+00
