# CPU,RAM,NetworkR,NetworkW,DiskW,DiskR
1.189645230770111084e-01,1.203023865818977356e-01,1.000000000000000000e+00,9.137864708900451660e-01,9.165747761726379395e-01,9.178469777107238770e-01
8.080923557281494141e-02,1.915232241153717041e-01,9.971247911453247070e-01,8.841089606285095215e-01,9.155489206314086914e-01,9.067357182502746582e-01
8.201678842306137085e-02,1.913531720638275146e-01,9.805241823196411133e-01,8.689024448394775391e-01,9.084793925285339355e-01,9.073437452316284180e-01
8.150696754455566406e-02,2.549506127834320068e-01,9.330885410308837891e-01,8.379586338996887207e-01,8.537731170654296875e-01,8.865365982055664062e-01
8.059344440698623657e-02,2.002337425947189331e-01,9.067753553390502930e-01,8.002833724021911621e-01,6.065050959587097168e-01,8.044176697731018066e-01
8.608365058898925781e-02,2.868905067443847656e-01,5.950146913528442383e-01,6.501674652099609375e-01,5.684855580329895020e-01,7.731528878211975098e-01
8.532141894102096558e-02,1.928226649761199951e-01,6.185911893844604492e-01,6.120148301124572754e-01,5.731217265129089355e-01,7.862452268600463867e-01
8.390352129936218262e-02,2.409286946058273315e-01,5.089689493179321289e-01,4.868754744529724121e-01,5.062623620033264160e-01,7.575642466545104980e-01
1.335336267948150635e-01,3.367010056972503662e-01,3.271886706352233887e-01,2.707022726535797119e-01,4.439492225646972656e-01,7.268433570861816406e-01
1.000000000000000000e+00,1.000000000000000000e+00,8.540561795234680176e-02,0.000000000000000000e+00,0.000000000000000000e+00,0.000000000000000000e+00
