# CPU,RAM,NetworkR,NetworkW,DiskW,DiskR
1.190647780895233154e-01,1.208507120609283447e-01,1.000000000000000000e+00,9.137950539588928223e-01,9.165633320808410645e-01,9.178570508956909180e-01
8.114761859178543091e-02,1.607100814580917358e-01,1.000000000000000000e+00,8.855517506599426270e-01,9.161098003387451172e-01,9.096957445144653320e-01
9.292925894260406494e-02,2.349400818347930908e-01,9.196319580078125000e-01,8.526318669319152832e-01,9.106599092483520508e-01,9.082636237144470215e-01
1.241984814405441284e-01,5.878474116325378418e-01,7.159196734428405762e-01,7.804757952690124512e-01,8.543698191642761230e-01,8.860248923301696777e-01
1.665466129779815674e-01,5.435097813606262207e-01,6.149107217788696289e-01,7.223223447799682617e-01,7.752521634101867676e-01,8.609963059425354004e-01
1.218741536140441895e-01,5.737282037734985352e-01,4.787062406539916992e-01,6.380317807197570801e-01,6.051737666130065918e-01,8.064432144165039062e-01
8.195281773805618286e-02,1.000000000000000000e+00,4.332928061485290527e-01,6.644715666770935059e-01,3.113451004028320312e-01,8.034684062004089355e-01
1.000000000000000000e+00,9.912341237068176270e-01,2.771264314651489258e-01,4.613882899284362793e-01,7.233735918998718262e-02,4.915152788162231445e-01
8.449002355337142944e-02,8.472215384244918823e-02,2.047374844551086426e-01,2.964219748973846436e-01,0.000000000000000000e+00,0.000000000000000000e+00
1.695773750543594360e-01,9.062106162309646606e-02,8.730515092611312866e-02,0.000000000000000000e+00,0.000000000000000000e+00,0.000000000000000000e+00
