# CPU,RAM,NetworkR,NetworkW,DiskW,DiskR
1.191778853535652161e-01,1.208014711737632751e-01,1.000000000000000000e+00,9.137929081916809082e-01,9.165645241737365723e-01,9.178559184074401855e-01
8.110934495925903320e-02,1.535475254058837891e-01,1.000000000000000000e+00,8.865476250648498535e-01,9.162060618400573730e-01,9.100326895713806152e-01
8.261404931545257568e-02,1.527223438024520874e-01,9.973928332328796387e-01,8.742191195487976074e-01,9.108155369758605957e-01,9.099853634834289551e-01
8.188460022211074829e-02,1.649020016193389893e-01,9.870741963386535645e-01,8.579897284507751465e-01,8.833735585212707520e-01,9.001431465148925781e-01
8.878715336322784424e-02,1.910714507102966309e-01,8.119518756866455078e-01,7.585325837135314941e-01,7.054719328880310059e-01,8.379731774330139160e-01
2.024712860584259033e-01,3.034565448760986328e-01,5.400722622871398926e-01,6.130252480506896973e-01,6.997551321983337402e-01,8.280391097068786621e-01
1.816162168979644775e-01,1.000000000000000000e+00,3.832438588142395020e-01,5.820830464363098145e-01,2.849161922931671143e-01,8.445919752120971680e-01
1.000000000000000000e+00,9.163421988487243652e-01,1.755075156688690186e-01,2.966530919075012207e-01,2.232695370912551880e-02,2.749357819557189941e-01
8.521560579538345337e-02,8.175908029079437256e-02,1.513173729181289673e-01,2.263382822275161743e-01,0.000000000000000000e+00,0.000000000000000000e+00
2.030015289783477783e-01,8.669696003198623657e-02,8.698025345802307129e-02,0.000000000000000000e+00,0.000000000000000000e+00,0.000000000000000000e+00
