# CPU,RAM,NetworkR,NetworkW,DiskW,DiskR
1.191576644778251648e-01,1.208031326532363892e-01,1.000000000000000000e+00,9.137930870056152344e-01,9.165644049644470215e-01,9.178559780120849609e-01
8.133716136217117310e-02,1.010070592164993286e-01,1.000000000000000000e+00,8.963195681571960449e-01,9.169346690177917480e-01,9.134641289710998535e-01
8.367794752120971680e-02,2.325563430786132812e-01,9.115568399429321289e-01,8.500446081161499023e-01,9.040297865867614746e-01,9.017925858497619629e-01
8.372558653354644775e-02,1.628179550170898438e-01,9.702379107475280762e-01,8.539289832115173340e-01,8.835158348083496094e-01,9.004511833190917969e-01
9.163588285446166992e-02,2.283083200454711914e-01,7.471566200256347656e-01,7.418969869613647461e-01,6.820194125175476074e-01,8.262782096862792969e-01
1.232736408710479736e-01,2.619156837463378906e-01,5.606197714805603027e-01,6.362109780311584473e-01,6.492192149162292480e-01,8.097620010375976562e-01
1.790266931056976318e-01,9.266636371612548828e-01,3.380388021469116211e-01,4.959776997566223145e-01,4.654748439788818359e-01,7.985291481018066406e-01
3.550522327423095703e-01,6.376096606254577637e-01,1.922808736562728882e-01,2.727624773979187012e-01,1.424157619476318359e-01,4.571450948715209961e-01
9.980535507202148438e-02,9.797649830579757690e-02,1.433714926242828369e-01,1.591871678829193115e-01,2.691862732172012329e-02,0.000000000000000000e+00
5.843026041984558105e-01,1.808669269084930420e-01,8.244790136814117432e-02,0.000000000000000000e+00,0.000000000000000000e+00,0.000000000000000000e+00
