# CPU,RAM,NetworkR,NetworkW,DiskW,DiskR
1.190850734710693359e-01,1.205504313111305237e-01,1.000000000000000000e+00,9.137899875640869141e-01,9.165698885917663574e-01,9.178515672683715820e-01
8.089082688093185425e-02,1.355474740266799927e-01,1.000000000000000000e+00,8.895219564437866211e-01,9.161769151687622070e-01,9.098724722862243652e-01
8.179353177547454834e-02,2.097578346729278564e-01,9.627127051353454590e-01,8.632470369338989258e-01,9.055667519569396973e-01,9.043300747871398926e-01
8.167802542448043823e-02,2.586454451084136963e-01,9.171929359436035156e-01,8.320474028587341309e-01,8.401769399642944336e-01,8.815243840217590332e-01
8.065538108348846436e-02,2.171912044286727905e-01,8.637563586235046387e-01,7.848672866821289062e-01,5.547890067100524902e-01,7.736404538154602051e-01
8.674629032611846924e-02,2.844299972057342529e-01,5.393486022949218750e-01,6.240141391754150391e-01,4.911310076713562012e-01,7.252920866012573242e-01
8.437932282686233521e-02,2.118885964155197144e-01,5.486241579055786133e-01,5.839048027992248535e-01,5.027083754539489746e-01,7.421594262123107910e-01
8.343536406755447388e-02,2.390623688697814941e-01,4.956410527229309082e-01,4.846584200859069824e-01,4.922273159027099609e-01,7.474178075790405273e-01
1.235951036214828491e-01,2.993642389774322510e-01,3.389822244644165039e-01,2.800788879394531250e-01,4.482086300849914551e-01,7.278059124946594238e-01
1.000000000000000000e+00,1.000000000000000000e+00,8.565143495798110962e-02,0.000000000000000000e+00,0.000000000000000000e+00,0.000000000000000000e+00
