# CPU,RAM,NetworkR,NetworkW,DiskW,DiskR
1.190513074398040771e-01,1.207980960607528687e-01,1.000000000000000000e+00,9.137942194938659668e-01,9.165644049644470215e-01,9.178560972213745117e-01
8.140345662832260132e-02,9.487423300743103027e-02,1.000000000000000000e+00,8.988231420516967773e-01,9.170486927032470703e-01,9.141190648078918457e-01
8.336932957172393799e-02,2.876635193824768066e-01,8.687487840652465820e-01,8.388807773590087891e-01,8.967276811599731445e-01,8.950992822647094727e-01
8.352101594209671021e-02,1.582888364791870117e-01,9.689956307411193848e-01,8.536103367805480957e-01,8.774263858795166016e-01,8.988175988197326660e-01
8.178417384624481201e-02,1.896386742591857910e-01,8.466889858245849609e-01,7.793802022933959961e-01,6.002391576766967773e-01,8.049056529998779297e-01
9.976550936698913574e-02,2.383975982666015625e-01,5.406880378723144531e-01,6.223006844520568848e-01,5.488887429237365723e-01,7.630923390388488770e-01
1.263368427753448486e-01,2.352483421564102173e-01,4.330061674118041992e-01,5.096887946128845215e-01,5.121111273765563965e-01,7.473104596138000488e-01
1.402682662010192871e-01,3.049551844596862793e-01,3.431487381458282471e-01,3.858075141906738281e-01,5.005690455436706543e-01,7.544147372245788574e-01
1.536197066307067871e-01,1.654447317123413086e-01,3.702930212020874023e-01,3.090395033359527588e-01,5.388340950012207031e-01,7.785766720771789551e-01
1.000000000000000000e+00,1.000000000000000000e+00,8.368606120347976685e-02,0.000000000000000000e+00,0.000000000000000000e+00,0.000000000000000000e+00
