# CPU,RAM,NetworkR,NetworkW,DiskW,DiskR
1.190424859523773193e-01,1.207590773701667786e-01,1.000000000000000000e+00,9.137949347496032715e-01,9.165657758712768555e-01,9.178558588027954102e-01
8.142908662557601929e-02,9.638758003711700439e-02,1.000000000000000000e+00,8.980197310447692871e-01,9.170213937759399414e-01,9.139337539672851562e-01
9.034515917301177979e-02,4.126401543617248535e-01,7.938924431800842285e-01,8.216339349746704102e-01,8.943858742713928223e-01,8.942887187004089355e-01
1.805584430694580078e-01,6.172273755073547363e-01,6.368595957756042480e-01,7.532671689987182617e-01,8.218157291412353516e-01,8.733440637588500977e-01
2.167702168226242065e-01,6.823182106018066406e-01,4.954436421394348145e-01,6.783346533775329590e-01,6.699821949005126953e-01,8.310603499412536621e-01
1.190622448921203613e-01,6.559620499610900879e-01,4.298194050788879395e-01,6.300410032272338867e-01,5.612872838973999023e-01,7.944762706756591797e-01
8.191021531820297241e-02,1.000000000000000000e+00,3.877012133598327637e-01,6.712419390678405762e-01,1.950006932020187378e-01,6.188375353813171387e-01
1.000000000000000000e+00,1.000000000000000000e+00,2.794644832611083984e-01,4.455487728118896484e-01,7.193802297115325928e-02,7.313526868820190430e-01
8.078893274068832397e-02,9.178788214921951294e-02,1.406426429748535156e-01,2.716485261917114258e-01,0.000000000000000000e+00,0.000000000000000000e+00
1.669092178344726562e-01,1.141386777162551880e-01,8.367154747247695923e-02,0.000000000000000000e+00,0.000000000000000000e+00,0.000000000000000000e+00
