# CPU,RAM,NetworkR,NetworkW,DiskW,DiskR
1.190137788653373718e-01,1.205718815326690674e-01,1.000000000000000000e+00,9.137939810752868652e-01,9.165705442428588867e-01,9.178531765937805176e-01
8.146524429321289062e-02,1.051709651947021484e-01,1.000000000000000000e+00,8.944935798645019531e-01,9.168843626976013184e-01,9.130901694297790527e-01
8.664784580469131470e-02,3.855081200599670410e-01,8.336634039878845215e-01,8.324245214462280273e-01,8.982678055763244629e-01,8.981893658638000488e-01
8.511982113122940063e-02,1.579555422067642212e-01,9.700066447257995605e-01,8.568557500839233398e-01,8.888151049613952637e-01,9.033832550048828125e-01
8.149618655443191528e-02,1.827653646469116211e-01,8.908119797706604004e-01,7.997629046440124512e-01,6.711614727973937988e-01,8.346440196037292480e-01
8.987743407487869263e-02,1.845999807119369507e-01,6.450820565223693848e-01,6.676409244537353516e-01,5.481467843055725098e-01,7.741824984550476074e-01
1.213629096746444702e-01,2.362748384475708008e-01,4.419407844543457031e-01,5.124415755271911621e-01,5.166443586349487305e-01,7.499573230743408203e-01
1.449215412139892578e-01,2.946318089962005615e-01,3.290247321128845215e-01,3.711396455764770508e-01,4.563516378402709961e-01,7.264817357063293457e-01
1.402216106653213501e-01,1.457429230213165283e-01,3.921293020248413086e-01,3.234931230545043945e-01,5.515531301498413086e-01,7.803890109062194824e-01
1.000000000000000000e+00,1.000000000000000000e+00,8.402120321989059448e-02,0.000000000000000000e+00,0.000000000000000000e+00,0.000000000000000000e+00
