# CPU,RAM,NetworkR,NetworkW,DiskW,DiskR
1.189262121915817261e-01,1.204094886779785156e-01,1.000000000000000000e+00,9.137905836105346680e-01,9.165732264518737793e-01,9.178497195243835449e-01
8.037123829126358032e-02,2.659097611904144287e-01,9.990269541740417480e-01,8.811942934989929199e-01,9.132037758827209473e-01,8.855696916580200195e-01
8.113327622413635254e-02,2.490282803773880005e-01,9.610145092010498047e-01,8.606448769569396973e-01,9.011851549148559570e-01,8.951419591903686523e-01
8.045871555805206299e-02,2.722823321819305420e-01,9.522759914398193359e-01,8.414852619171142578e-01,8.104646205902099609e-01,8.658388853073120117e-01
8.026178181171417236e-02,2.178400754928588867e-01,9.057565927505493164e-01,8.014550209045410156e-01,5.513861775398254395e-01,7.511380314826965332e-01
8.351052552461624146e-02,2.280069738626480103e-01,6.228917241096496582e-01,6.619924902915954590e-01,5.050899982452392578e-01,7.315508723258972168e-01
8.291541785001754761e-02,2.170684784650802612e-01,5.841952562332153320e-01,6.067489981651306152e-01,5.355810523033142090e-01,7.599544525146484375e-01
8.524819463491439819e-02,2.428490817546844482e-01,5.050466656684875488e-01,4.898674488067626953e-01,5.272219181060791016e-01,7.662959098815917969e-01
1.723231971263885498e-01,4.802678823471069336e-01,2.892886400222778320e-01,2.554249167442321777e-01,4.229091405868530273e-01,7.256261110305786133e-01
1.000000000000000000e+00,1.000000000000000000e+00,8.509363234043121338e-02,0.000000000000000000e+00,0.000000000000000000e+00,0.000000000000000000e+00
