# CPU,RAM,NetworkR,NetworkW,DiskW,DiskR
1.190863698720932007e-01,1.205343306064605713e-01,1.000000000000000000e+00,9.137926101684570312e-01,9.165714979171752930e-01,9.178524017333984375e-01
8.049356192350387573e-02,2.797608375549316406e-01,9.891237020492553711e-01,8.802556395530700684e-01,9.137255549430847168e-01,8.943488597869873047e-01
8.223956078290939331e-02,2.036548852920532227e-01,9.707188010215759277e-01,8.647726178169250488e-01,9.067422747611999512e-01,9.037601947784423828e-01
8.104953169822692871e-02,2.558401823043823242e-01,9.415747523307800293e-01,8.408283591270446777e-01,8.469421267509460449e-01,8.832503557205200195e-01
8.032327145338058472e-02,2.046740353107452393e-01,9.230463504791259766e-01,8.073018193244934082e-01,5.792047977447509766e-01,7.813674211502075195e-01
8.385309576988220215e-02,2.489542961120605469e-01,6.108857393264770508e-01,6.560202240943908691e-01,5.165784955024719238e-01,7.414181828498840332e-01
8.332002907991409302e-02,2.406554520130157471e-01,5.617046952247619629e-01,5.923420190811157227e-01,5.208147168159484863e-01,7.515701055526733398e-01
8.301825076341629028e-02,2.270086854696273804e-01,5.320327877998352051e-01,5.035715699195861816e-01,5.062611103057861328e-01,7.548776865005493164e-01
1.194104254245758057e-01,3.203005194664001465e-01,3.277243971824645996e-01,2.745733857154846191e-01,4.135166108608245850e-01,7.012627124786376953e-01
1.000000000000000000e+00,1.000000000000000000e+00,8.611477166414260864e-02,0.000000000000000000e+00,0.000000000000000000e+00,0.000000000000000000e+00
