# CPU,RAM,NetworkR,NetworkW,DiskW,DiskR
1.191527098417282104e-01,1.208126693964004517e-01,1.000000000000000000e+00,9.137936830520629883e-01,9.165643453598022461e-01,9.178562760353088379e-01
8.067380636930465698e-02,3.212718665599822998e-01,9.756009578704833984e-01,8.785389065742492676e-01,9.140503406524658203e-01,8.998703360557556152e-01
8.408011496067047119e-02,1.176194921135902405e-01,1.000000000000000000e+00,8.836115598678588867e-01,9.134350419044494629e-01,9.124785065650939941e-01
8.128941804170608521e-02,1.651750206947326660e-01,9.916160702705383301e-01,8.590875267982482910e-01,8.826226592063903809e-01,8.989221453666687012e-01
8.095508068799972534e-02,1.454149037599563599e-01,9.537060260772705078e-01,8.137164711952209473e-01,6.735299229621887207e-01,8.416393995285034180e-01
9.839677810668945312e-02,1.438657641410827637e-01,6.867792606353759766e-01,6.628301739692687988e-01,6.166216731071472168e-01,8.053725361824035645e-01
2.189501076936721802e-01,2.791716754436492920e-01,4.590042829513549805e-01,5.024585127830505371e-01,6.819490194320678711e-01,8.274033665657043457e-01
1.000000000000000000e+00,1.000000000000000000e+00,2.021779417991638184e-01,2.581365704536437988e-01,7.557857036590576172e-02,7.189278602600097656e-01
8.288598060607910156e-02,8.374208956956863403e-02,1.218436360359191895e-01,1.692803204059600830e-01,0.000000000000000000e+00,0.000000000000000000e+00
5.011715888977050781e-01,1.266487687826156616e-01,8.160100877285003662e-02,0.000000000000000000e+00,0.000000000000000000e+00,0.000000000000000000e+00
