# CPU,RAM,NetworkR,NetworkW,DiskW,DiskR
1.195383369922637939e-01,1.206769943237304688e-01,1.000000000000000000e+00,9.137642979621887207e-01,9.165580868721008301e-01,9.178444743156433105e-01
8.028598129749298096e-02,2.181781977415084839e-01,1.000000000000000000e+00,8.840455412864685059e-01,9.129787683486938477e-01,8.772231340408325195e-01
8.046210557222366333e-02,3.774827122688293457e-01,9.264547228813171387e-01,8.470633029937744141e-01,8.798677325248718262e-01,8.602958917617797852e-01
8.030179142951965332e-02,3.119279146194458008e-01,9.233903288841247559e-01,8.282909393310546875e-01,7.301048636436462402e-01,8.158769607543945312e-01
8.044339716434478760e-02,3.308812677860260010e-01,7.668531537055969238e-01,7.590373754501342773e-01,5.284720659255981445e-01,7.089868187904357910e-01
8.242083340883255005e-02,2.568183243274688721e-01,6.283332705497741699e-01,6.747405529022216797e-01,4.954734444618225098e-01,7.198516130447387695e-01
8.183564990758895874e-02,1.897038370370864868e-01,6.551733016967773438e-01,6.480041146278381348e-01,5.452620983123779297e-01,7.696688771247863770e-01
9.082444757223129272e-02,3.154042661190032959e-01,4.245553612709045410e-01,4.472478032112121582e-01,4.732727408409118652e-01,7.322047948837280273e-01
6.076044440269470215e-01,1.000000000000000000e+00,1.858301460742950439e-01,1.981338709592819214e-01,9.883943200111389160e-02,5.752080082893371582e-01
1.000000000000000000e+00,1.000000000000000000e+00,8.521815389394760132e-02,0.000000000000000000e+00,0.000000000000000000e+00,0.000000000000000000e+00
