# CPU,RAM,NetworkR,NetworkW,DiskW,DiskR
1.191775500774383545e-01,1.207998991012573242e-01,1.000000000000000000e+00,9.137934446334838867e-01,9.165647625923156738e-01,9.178560972213745117e-01
8.103982359170913696e-02,1.842849850654602051e-01,9.941983819007873535e-01,8.839006423950195312e-01,9.158562421798706055e-01,9.085974097251892090e-01
8.912551403045654297e-02,1.530099213123321533e-01,9.828417897224426270e-01,8.694684505462646484e-01,9.131593108177185059e-01,9.113130569458007812e-01
1.082681119441986084e-01,3.656365871429443359e-01,8.184674382209777832e-01,8.084998130798339844e-01,8.841599822044372559e-01,8.958161473274230957e-01
1.700799465179443359e-01,5.715488791465759277e-01,6.167950034141540527e-01,7.163870930671691895e-01,7.784456610679626465e-01,8.618181943893432617e-01
1.944643855094909668e-01,6.727993488311767578e-01,4.506757557392120361e-01,6.118683815002441406e-01,6.095678210258483887e-01,8.144193887710571289e-01
8.765518665313720703e-02,1.000000000000000000e+00,3.870845437049865723e-01,6.297296285629272461e-01,2.864595651626586914e-01,8.050667047500610352e-01
1.000000000000000000e+00,1.000000000000000000e+00,2.413733601570129395e-01,4.596998691558837891e-01,5.033913254737854004e-02,3.626289069652557373e-01
9.073320031166076660e-02,8.703701198101043701e-02,1.891154348850250244e-01,2.849099636077880859e-01,0.000000000000000000e+00,0.000000000000000000e+00
1.612002551555633545e-01,8.825125545263290405e-02,8.762458711862564087e-02,0.000000000000000000e+00,0.000000000000000000e+00,0.000000000000000000e+00
