# CPU,RAM,NetworkR,NetworkW,DiskW,DiskR
1.191652864217758179e-01,1.206114292144775391e-01,1.000000000000000000e+00,9.137929081916809082e-01,9.165698885917663574e-01,9.178535938262939453e-01
8.019918948411941528e-02,4.802345931529998779e-01,9.851039648056030273e-01,8.720759749412536621e-01,9.048948884010314941e-01,7.791805863380432129e-01
8.188970386981964111e-02,2.870227396488189697e-01,9.143294095993041992e-01,8.459597826004028320e-01,8.940457105636596680e-01,8.729897737503051758e-01
8.070998638868331909e-02,2.994777262210845947e-01,9.130466580390930176e-01,8.329039812088012695e-01,8.105133771896362305e-01,8.600098490715026855e-01
8.024754375219345093e-02,2.567480206489562988e-01,8.831518292427062988e-01,8.009966015815734863e-01,5.559720396995544434e-01,7.345052361488342285e-01
8.289568871259689331e-02,2.907041907310485840e-01,5.930581688880920410e-01,6.649863719940185547e-01,4.861472845077514648e-01,7.065843343734741211e-01
8.210328966379165649e-02,2.931429445743560791e-01,5.260386466979980469e-01,6.006805300712585449e-01,4.572666883468627930e-01,6.969324350357055664e-01
8.302204310894012451e-02,2.534949183464050293e-01,4.950377941131591797e-01,5.109362602233886719e-01,4.559088945388793945e-01,7.128624320030212402e-01
1.281564533710479736e-01,4.857692122459411621e-01,2.713592350482940674e-01,2.675406634807586670e-01,3.329373598098754883e-01,6.366361379623413086e-01
1.000000000000000000e+00,1.000000000000000000e+00,8.719626814126968384e-02,0.000000000000000000e+00,0.000000000000000000e+00,0.000000000000000000e+00
