# CPU,RAM,NetworkR,NetworkW,DiskW,DiskR
1.191484779119491577e-01,1.207151412963867188e-01,1.000000000000000000e+00,9.137931466102600098e-01,9.165669083595275879e-01,9.178549051284790039e-01
8.131514489650726318e-02,1.064500585198402405e-01,1.000000000000000000e+00,8.945133090019226074e-01,9.168484210968017578e-01,9.129775166511535645e-01
8.764110505580902100e-02,2.820501625537872314e-01,8.760519623756408691e-01,8.417961001396179199e-01,9.049144983291625977e-01,9.024847149848937988e-01
1.088478788733482361e-01,3.489803373813629150e-01,8.100050091743469238e-01,8.068435788154602051e-01,8.756771087646484375e-01,8.928303718566894531e-01
1.277817636728286743e-01,5.053952336311340332e-01,6.033394932746887207e-01,7.130405306816101074e-01,7.297707796096801758e-01,8.437506556510925293e-01
2.000746130943298340e-01,6.538334488868713379e-01,4.684305787086486816e-01,6.266817450523376465e-01,6.554067134857177734e-01,8.276866078376770020e-01
9.186013042926788330e-02,1.000000000000000000e+00,3.802685737609863281e-01,6.369982361793518066e-01,2.301841229200363159e-01,7.777504324913024902e-01
1.000000000000000000e+00,1.000000000000000000e+00,2.535966634750366211e-01,4.718351960182189941e-01,4.806762933731079102e-02,5.992325544357299805e-01
8.639412373304367065e-02,8.560147881507873535e-02,1.599479317665100098e-01,2.740752100944519043e-01,0.000000000000000000e+00,0.000000000000000000e+00
1.794002950191497803e-01,8.856023102998733521e-02,8.628283441066741943e-02,0.000000000000000000e+00,0.000000000000000000e+00,0.000000000000000000e+00
