# CPU,RAM,NetworkR,NetworkW,DiskW,DiskR
7.999999821186065674e-02,7.999999821186065674e-02,1.000000000000000000e+00,9.200000166893005371e-01,9.200000166893005371e-01,9.200000166893005371e-01
7.999999821186065674e-02,1.633333265781402588e-01,1.000000000000000000e+00,8.967525959014892578e-01,9.181561470031738281e-01,9.200000166893005371e-01
7.999999821186065674e-02,1.633333265781402588e-01,1.000000000000000000e+00,8.726414442062377930e-01,9.175415039062500000e-01,9.200000166893005371e-01
7.999999821186065674e-02,2.466666698455810547e-01,9.727972745895385742e-01,8.388139009475708008e-01,8.923417329788208008e-01,9.200000166893005371e-01
7.999999821186065674e-02,2.466666698455810547e-01,7.866443395614624023e-01,8.116798996925354004e-01,5.960909724235534668e-01,8.156728148460388184e-01
7.999999821186065674e-02,2.466666698455810547e-01,5.550418496131896973e-01,6.092903614044189453e-01,5.460756421089172363e-01,7.848488688468933105e-01
7.999999821186065674e-02,2.466666698455810547e-01,5.121607780456542969e-01,5.753908157348632812e-01,5.314013957977294922e-01,7.848488688468933105e-01
7.999999821186065674e-02,2.466666698455810547e-01,4.764265716075897217e-01,4.503008723258972168e-01,5.082759857177734375e-01,7.848488688468933105e-01
7.999999821186065674e-02,3.299999833106994629e-01,3.410831689834594727e-01,2.825306057929992676e-01,4.766226410865783691e-01,7.753645777702331543e-01
1.000000000000000000e+00,1.000000000000000000e+00,7.999999821186065674e-02,0.000000000000000000e+00,0.000000000000000000e+00,0.000000000000000000e+00
