# CPU,RAM,NetworkR,NetworkW,DiskW,DiskR
1.189323067665100098e-01,1.206999272108078003e-01,1.000000000000000000e+00,9.137955904006958008e-01,9.165670871734619141e-01,9.178551435470581055e-01
8.124976605176925659e-02,1.346786767244338989e-01,1.000000000000000000e+00,8.885054588317871094e-01,9.164344072341918945e-01,9.110445380210876465e-01
8.987157046794891357e-02,3.403258919715881348e-01,8.659824728965759277e-01,8.400660753250122070e-01,9.049932956695556641e-01,9.037030935287475586e-01
1.304799616336822510e-01,5.194692611694335938e-01,7.314607501029968262e-01,7.847481966018676758e-01,8.594058156013488770e-01,8.871218562126159668e-01
1.597675383090972900e-01,6.196945309638977051e-01,5.652395486831665039e-01,7.050169706344604492e-01,7.290818691253662109e-01,8.472787737846374512e-01
1.420454829931259155e-01,6.295650005340576172e-01,4.772884845733642578e-01,6.426025032997131348e-01,6.424276232719421387e-01,8.228713274002075195e-01
8.188027143478393555e-02,1.000000000000000000e+00,4.504010677337646484e-01,6.850672960281372070e-01,3.108623921871185303e-01,8.150570392608642578e-01
1.000000000000000000e+00,1.000000000000000000e+00,2.997436523437500000e-01,5.230386257171630859e-01,6.575988233089447021e-02,6.870797276496887207e-01
8.275832235813140869e-02,8.939252793788909912e-02,1.615211963653564453e-01,2.964738011360168457e-01,0.000000000000000000e+00,0.000000000000000000e+00
1.796844154596328735e-01,1.005039215087890625e-01,8.418247103691101074e-02,0.000000000000000000e+00,0.000000000000000000e+00,0.000000000000000000e+00
