# CPU,RAM,NetworkR,NetworkW,DiskW,DiskR
1.190357208251953125e-01,1.205765232443809509e-01,1.000000000000000000e+00,9.137943387031555176e-01,9.165707230567932129e-01,9.178534150123596191e-01
8.033802360296249390e-02,4.707287251949310303e-01,9.747678041458129883e-01,8.743302226066589355e-01,9.097274541854858398e-01,8.617106676101684570e-01
8.160115033388137817e-02,2.625344395637512207e-01,9.433856606483459473e-01,8.558731079101562500e-01,8.983893394470214844e-01,8.916724920272827148e-01
8.034951984882354736e-02,3.177987933158874512e-01,9.424310922622680664e-01,8.402459025382995605e-01,8.028029203414916992e-01,8.586975336074829102e-01
8.014116436243057251e-02,2.506947219371795654e-01,9.235588908195495605e-01,8.106350898742675781e-01,5.534251332283020020e-01,7.215768098831176758e-01
8.143278956413269043e-02,2.663770318031311035e-01,6.215009689331054688e-01,6.681386232376098633e-01,4.464581012725830078e-01,6.658588051795959473e-01
8.160386234521865845e-02,3.577388525009155273e-01,4.673579335212707520e-01,5.581189393997192383e-01,3.901400566101074219e-01,6.232591271400451660e-01
8.297368884086608887e-02,2.587157487869262695e-01,4.909631907939910889e-01,4.932237863540649414e-01,4.668785929679870605e-01,7.150285840034484863e-01
1.453576683998107910e-01,4.271198511123657227e-01,3.111490309238433838e-01,2.759373188018798828e-01,4.392056465148925781e-01,7.209586501121520996e-01
1.000000000000000000e+00,1.000000000000000000e+00,8.653468638658523560e-02,0.000000000000000000e+00,0.000000000000000000e+00,0.000000000000000000e+00
