# CPU,RAM,NetworkR,NetworkW,DiskW,DiskR
1.189749389886856079e-01,1.206888929009437561e-01,1.000000000000000000e+00,9.137949943542480469e-01,9.165673851966857910e-01,9.178549051284790039e-01
8.084930479526519775e-02,2.395333945751190186e-01,9.840579032897949219e-01,8.811629414558410645e-01,9.151535034179687500e-01,9.054311513900756836e-01
8.301584422588348389e-02,1.428023427724838257e-01,1.000000000000000000e+00,8.773775696754455566e-01,9.117730855941772461e-01,9.109287261962890625e-01
8.165108412504196167e-02,1.807610094547271729e-01,9.792823791503906250e-01,8.550199866294860840e-01,8.810691237449645996e-01,8.984454274177551270e-01
8.060257136821746826e-02,1.738075166940689087e-01,9.365062713623046875e-01,8.078064322471618652e-01,6.303251385688781738e-01,8.196447491645812988e-01
8.683524280786514282e-02,2.009088248014450073e-01,6.188516616821289062e-01,6.439253687858581543e-01,5.255021452903747559e-01,7.554800510406494141e-01
8.887227624654769897e-02,2.073540240526199341e-01,5.051254034042358398e-01,5.403090119361877441e-01,5.028870701789855957e-01,7.406151294708251953e-01
8.627267926931381226e-02,2.079791575670242310e-01,4.746273458003997803e-01,4.536812305450439453e-01,5.103601217269897461e-01,7.554042339324951172e-01
1.210278570652008057e-01,2.315544486045837402e-01,3.484510779380798340e-01,2.725548744201660156e-01,4.590126872062683105e-01,7.325190305709838867e-01
1.000000000000000000e+00,1.000000000000000000e+00,8.534102886915206909e-02,0.000000000000000000e+00,0.000000000000000000e+00,0.000000000000000000e+00
