# CPU,RAM,NetworkR,NetworkW,DiskW,DiskR
1.191501840949058533e-01,1.206035912036895752e-01,1.000000000000000000e+00,9.137924909591674805e-01,9.165698289871215820e-01,9.178532958030700684e-01
8.042228221893310547e-02,2.525509595870971680e-01,9.983890652656555176e-01,8.818605542182922363e-01,9.137839078903198242e-01,8.920217752456665039e-01
8.180528134107589722e-02,2.390333265066146851e-01,9.565327167510986328e-01,8.603110909461975098e-01,9.044599533081054688e-01,9.000144004821777344e-01
8.117640018463134766e-02,2.605822086334228516e-01,9.362487792968750000e-01,8.390508294105529785e-01,8.452891111373901367e-01,8.822052478790283203e-01
8.036382496356964111e-02,2.112164348363876343e-01,9.129669666290283203e-01,8.048229813575744629e-01,5.846610069274902344e-01,7.838972806930541992e-01
8.385828882455825806e-02,2.783401906490325928e-01,6.074330806732177734e-01,6.595178246498107910e-01,5.377265810966491699e-01,7.535035014152526855e-01
8.344255387783050537e-02,2.369438707828521729e-01,5.881020426750183105e-01,6.082700490951538086e-01,5.438756346702575684e-01,7.670131325721740723e-01
8.316222578287124634e-02,2.303010076284408569e-01,5.332184433937072754e-01,5.075693726539611816e-01,5.023458003997802734e-01,7.533273100852966309e-01
1.173845082521438599e-01,3.455681204795837402e-01,3.110396265983581543e-01,2.691234946250915527e-01,3.791714906692504883e-01,6.737053990364074707e-01
1.000000000000000000e+00,1.000000000000000000e+00,8.622357994318008423e-02,0.000000000000000000e+00,0.000000000000000000e+00,0.000000000000000000e+00
