# CPU,RAM,NetworkR,NetworkW,DiskW,DiskR
1.191536262631416321e-01,1.207296699285507202e-01,1.000000000000000000e+00,9.137935042381286621e-01,9.165666699409484863e-01,9.178552031517028809e-01
8.113966882228851318e-02,1.555296927690505981e-01,1.000000000000000000e+00,8.861805796623229980e-01,9.161838293075561523e-01,9.099601507186889648e-01
8.719360828399658203e-02,1.963993608951568604e-01,9.491800069808959961e-01,8.603880405426025391e-01,9.106228351593017578e-01,9.086801409721374512e-01
9.334338456392288208e-02,2.855593562126159668e-01,8.728227019309997559e-01,8.249480724334716797e-01,8.849825263023376465e-01,8.975552916526794434e-01
1.190719306468963623e-01,4.351013898849487305e-01,6.541913747787475586e-01,7.240904569625854492e-01,7.557927370071411133e-01,8.506913781166076660e-01
1.372970938682556152e-01,5.129680037498474121e-01,4.942296743392944336e-01,6.261857748031616211e-01,6.273788213729858398e-01,8.100109696388244629e-01
9.063520282506942749e-02,1.000000000000000000e+00,4.034115374088287354e-01,6.260614991188049316e-01,3.112545609474182129e-01,8.203938007354736328e-01
1.000000000000000000e+00,1.000000000000000000e+00,2.546281516551971436e-01,4.276193976402282715e-01,4.852060973644256592e-02,6.090716123580932617e-01
8.376194536685943604e-02,8.385401964187622070e-02,1.690045446157455444e-01,2.740958929061889648e-01,0.000000000000000000e+00,0.000000000000000000e+00
1.864103972911834717e-01,9.253209829330444336e-02,8.504969626665115356e-02,0.000000000000000000e+00,0.000000000000000000e+00,0.000000000000000000e+00
