# CPU,RAM,NetworkR,NetworkW,DiskW,DiskR
1.190599799156188965e-01,1.208441928029060364e-01,1.000000000000000000e+00,9.137951135635375977e-01,9.165635108947753906e-01,9.178569912910461426e-01
8.141642063856124878e-02,9.490371495485305786e-02,1.000000000000000000e+00,8.987684845924377441e-01,9.170423150062561035e-01,9.140998721122741699e-01
8.638113737106323242e-02,5.687904357910156250e-01,7.419257164001464844e-01,8.089378476142883301e-01,8.706304430961608887e-01,8.814880847930908203e-01
1.312043219804763794e-01,4.075331091880798340e-01,7.173548340797424316e-01,7.785291671752929688e-01,8.414774537086486816e-01,8.783317804336547852e-01
1.556611210107803345e-01,6.034215688705444336e-01,5.283437967300415039e-01,6.927868723869323730e-01,6.903951168060302734e-01,8.327220082283020020e-01
1.050815656781196594e-01,5.786828994750976562e-01,4.522151947021484375e-01,6.370961666107177734e-01,5.530779957771301270e-01,7.842797636985778809e-01
8.267606049776077271e-02,1.000000000000000000e+00,3.610764145851135254e-01,6.382240056991577148e-01,2.016225010156631470e-01,6.473628878593444824e-01
1.000000000000000000e+00,9.104081392288208008e-01,2.788551151752471924e-01,4.275983572006225586e-01,7.123246788978576660e-02,6.236387491226196289e-01
8.230698853731155396e-02,8.504171669483184814e-02,1.838158071041107178e-01,2.860273420810699463e-01,0.000000000000000000e+00,0.000000000000000000e+00
3.474738001823425293e-01,1.283973902463912964e-01,8.210545033216476440e-02,0.000000000000000000e+00,0.000000000000000000e+00,0.000000000000000000e+00
