# CPU,RAM,NetworkR,NetworkW,DiskW,DiskR
1.190238445997238159e-01,1.208001673221588135e-01,1.000000000000000000e+00,9.137949943542480469e-01,9.165644645690917969e-01,9.178562760353088379e-01
8.144836127758026123e-02,9.713530540466308594e-02,1.000000000000000000e+00,8.976176977157592773e-01,9.170022010803222656e-01,9.138340353965759277e-01
8.439242094755172729e-02,6.787048578262329102e-01,7.219851016998291016e-01,8.047865629196166992e-01,8.504289388656616211e-01,8.736649155616760254e-01
1.452183127403259277e-01,2.982315421104431152e-01,7.910242676734924316e-01,7.995586395263671875e-01,8.694820404052734375e-01,8.897783160209655762e-01
1.851532757282257080e-01,7.014283537864685059e-01,5.044975876808166504e-01,6.837069988250732422e-01,6.848851442337036133e-01,8.357438445091247559e-01
1.302493214607238770e-01,5.833699703216552734e-01,4.760328531265258789e-01,6.478079557418823242e-01,6.341658234596252441e-01,8.188762664794921875e-01
8.403557538986206055e-02,1.000000000000000000e+00,4.235738515853881836e-01,6.736952066421508789e-01,2.841324806213378906e-01,8.107591271400451660e-01
1.000000000000000000e+00,1.000000000000000000e+00,2.991559505462646484e-01,5.178890824317932129e-01,6.338588893413543701e-02,7.994834780693054199e-01
8.116027712821960449e-02,9.196907281875610352e-02,1.425631344318389893e-01,2.959518730640411377e-01,0.000000000000000000e+00,0.000000000000000000e+00
1.436929106712341309e-01,9.871612489223480225e-02,8.496464043855667114e-02,0.000000000000000000e+00,0.000000000000000000e+00,0.000000000000000000e+00
