# CPU,RAM,NetworkR,NetworkW,DiskW,DiskR
1.190422028303146362e-01,1.205937340855598450e-01,1.000000000000000000e+00,9.137928485870361328e-01,9.165695905685424805e-01,9.178530573844909668e-01
8.086860179901123047e-02,1.694642901420593262e-01,1.000000000000000000e+00,8.856969475746154785e-01,9.158279895782470703e-01,9.081449508666992188e-01
8.209565281867980957e-02,1.797974705696105957e-01,9.844568967819213867e-01,8.700149059295654297e-01,9.089531898498535156e-01,9.078528881072998047e-01
8.184976875782012939e-02,2.303840368986129761e-01,9.415765404701232910e-01,8.410702347755432129e-01,8.632836937904357910e-01,8.904454112052917480e-01
8.066985011100769043e-02,1.972857266664505005e-01,9.013687372207641602e-01,7.970092296600341797e-01,6.012295484542846680e-01,8.029115200042724609e-01
8.593573421239852905e-02,2.703605890274047852e-01,5.779881477355957031e-01,6.388309597969055176e-01,5.276242494583129883e-01,7.514202594757080078e-01
8.471339941024780273e-02,2.278684675693511963e-01,5.492365360260009766e-01,5.791225433349609375e-01,5.147999525070190430e-01,7.504481077194213867e-01
8.269907534122467041e-02,2.144408673048019409e-01,5.306524634361267090e-01,4.983910918235778809e-01,4.959251880645751953e-01,7.496411204338073730e-01
1.101892441511154175e-01,2.816833257675170898e-01,3.425923883914947510e-01,2.782050967216491699e-01,4.176473617553710938e-01,7.033400535583496094e-01
1.000000000000000000e+00,1.000000000000000000e+00,8.628386259078979492e-02,0.000000000000000000e+00,0.000000000000000000e+00,0.000000000000000000e+00
