# CPU,RAM,NetworkR,NetworkW,DiskW,DiskR
1.190101355314254761e-01,1.208711713552474976e-01,1.000000000000000000e+00,9.137961864471435547e-01,9.165628552436828613e-01,9.178575873374938965e-01
8.137037605047225952e-02,1.032479330897331238e-01,1.000000000000000000e+00,8.953664302825927734e-01,9.168749451637268066e-01,9.131895303726196289e-01
9.126151353120803833e-02,3.619470000267028809e-01,8.271369338035583496e-01,8.299134969711303711e-01,9.010051488876342773e-01,8.993711471557617188e-01
1.428997218608856201e-01,7.697398662567138672e-01,5.768818855285644531e-01,7.342415452003479004e-01,7.556442022323608398e-01,8.566263914108276367e-01
1.703633964061737061e-01,5.910251736640930176e-01,5.094838738441467285e-01,6.815613508224487305e-01,6.615332365036010742e-01,8.220410943031311035e-01
9.500133246183395386e-02,5.949805378913879395e-01,4.215366244316101074e-01,6.252708435058593750e-01,4.841672778129577637e-01,7.483724355697631836e-01
8.106970041990280151e-02,1.000000000000000000e+00,4.058946073055267334e-01,6.576392650604248047e-01,2.603499889373779297e-01,7.467814683914184570e-01
1.000000000000000000e+00,9.464693665504455566e-01,2.896888554096221924e-01,4.453485012054443359e-01,7.588574290275573730e-02,6.444791555404663086e-01
8.150131255388259888e-02,8.480598777532577515e-02,2.145493328571319580e-01,3.199278116226196289e-01,0.000000000000000000e+00,0.000000000000000000e+00
3.006808757781982422e-01,1.242731660604476929e-01,8.245041966438293457e-02,0.000000000000000000e+00,0.000000000000000000e+00,0.000000000000000000e+00
