# CPU,RAM,NetworkR,NetworkW,DiskW,DiskR
1.191811114549636841e-01,1.207667142152786255e-01,1.000000000000000000e+00,9.137930870056152344e-01,9.165655970573425293e-01,9.178555607795715332e-01
8.058999478816986084e-02,3.255076408386230469e-01,9.785358309745788574e-01,8.787040710449218750e-01,9.138050675392150879e-01,8.974187970161437988e-01
8.400924503803253174e-02,1.228371709585189819e-01,1.000000000000000000e+00,8.817719221115112305e-01,9.132109284400939941e-01,9.117962121963500977e-01
8.173968642950057983e-02,2.025744765996932983e-01,9.596858620643615723e-01,8.476426601409912109e-01,8.774744272232055664e-01,8.950071334838867188e-01
8.065342158079147339e-02,1.743538081645965576e-01,9.365414977073669434e-01,8.087956905364990234e-01,6.448031067848205566e-01,8.247993588447570801e-01
8.629196137189865112e-02,2.192257791757583618e-01,6.177480816841125488e-01,6.468324661254882812e-01,5.401495695114135742e-01,7.618868350982666016e-01
8.721357583999633789e-02,2.089585214853286743e-01,5.392265319824218750e-01,5.621020793914794922e-01,5.301828980445861816e-01,7.585199475288391113e-01
8.508002012968063354e-02,2.069939970970153809e-01,5.048174262046813965e-01,4.729227423667907715e-01,5.218494534492492676e-01,7.642707228660583496e-01
1.092911362648010254e-01,2.196645885705947876e-01,3.631822168827056885e-01,2.840061783790588379e-01,4.424390792846679688e-01,7.204378843307495117e-01
1.000000000000000000e+00,1.000000000000000000e+00,8.592981845140457153e-02,0.000000000000000000e+00,0.000000000000000000e+00,0.000000000000000000e+00
