# CPU,RAM,NetworkR,NetworkW,DiskW,DiskR
1.190891712903976440e-01,1.208445206284523010e-01,1.000000000000000000e+00,9.137946963310241699e-01,9.165635108947753906e-01,9.178568720817565918e-01
8.128932863473892212e-02,1.205710321664810181e-01,1.000000000000000000e+00,8.909528255462646484e-01,9.166210293769836426e-01,9.118952751159667969e-01
8.968620747327804565e-02,3.508812189102172852e-01,8.540773391723632812e-01,8.370659351348876953e-01,9.035947918891906738e-01,9.023240208625793457e-01
1.200617402791976929e-01,5.959140062332153320e-01,6.852704882621765137e-01,7.708837389945983887e-01,8.310601711273193359e-01,8.774718046188354492e-01
1.235571801662445068e-01,4.830849170684814453e-01,6.079487204551696777e-01,7.215080857276916504e-01,7.337860465049743652e-01,8.460324406623840332e-01
1.057967096567153931e-01,5.266960859298706055e-01,4.875369966030120850e-01,6.448184251785278320e-01,5.891379714012145996e-01,7.970115542411804199e-01
8.300814032554626465e-02,1.000000000000000000e+00,4.272118210792541504e-01,6.600095033645629883e-01,3.009350299835205078e-01,8.054631352424621582e-01
1.000000000000000000e+00,1.000000000000000000e+00,2.876821458339691162e-01,4.658429026603698730e-01,6.876671314239501953e-02,6.476489305496215820e-01
8.192647993564605713e-02,8.428023755550384521e-02,1.821979582309722900e-01,3.005170524120330811e-01,0.000000000000000000e+00,0.000000000000000000e+00
1.723935902118682861e-01,9.282629936933517456e-02,8.591503649950027466e-02,0.000000000000000000e+00,0.000000000000000000e+00,0.000000000000000000e+00
