# CPU,RAM,NetworkR,NetworkW,DiskW,DiskR
1.191500425338745117e-01,1.206690073013305664e-01,1.000000000000000000e+00,9.137923717498779297e-01,9.165679216384887695e-01,9.178540706634521484e-01
8.026203513145446777e-02,3.589022159576416016e-01,9.931797385215759277e-01,8.768593072891235352e-01,9.099550247192382812e-01,8.467475771903991699e-01
8.126573264598846436e-02,3.520600795745849609e-01,9.026468396186828613e-01,8.431693911552429199e-01,8.880282640457153320e-01,8.730114102363586426e-01
8.067481219768524170e-02,3.203011453151702881e-01,9.013037681579589844e-01,8.276414871215820312e-01,7.880166172981262207e-01,8.528359532356262207e-01
8.023297041654586792e-02,2.739465236663818359e-01,8.609892725944519043e-01,7.924976944923400879e-01,5.269941091537475586e-01,7.066985368728637695e-01
8.261470496654510498e-02,2.949006557464599609e-01,5.736493468284606934e-01,6.539192199707031250e-01,4.543533921241760254e-01,6.781194806098937988e-01
8.204142749309539795e-02,2.981215119361877441e-01,5.062023997306823730e-01,5.864496231079101562e-01,4.356960058212280273e-01,6.763939261436462402e-01
8.363733440637588501e-02,2.586892247200012207e-01,4.841175079345703125e-01,4.982957243919372559e-01,4.668717980384826660e-01,7.207769751548767090e-01
1.402289867401123047e-01,4.783782362937927246e-01,2.751164436340332031e-01,2.622718214988708496e-01,3.578976392745971680e-01,6.639860868453979492e-01
1.000000000000000000e+00,1.000000000000000000e+00,8.628962934017181396e-02,0.000000000000000000e+00,0.000000000000000000e+00,0.000000000000000000e+00
