# CPU,RAM,NetworkR,NetworkW,DiskW,DiskR
9.391643404960632324e-01,9.408041834831237793e-01,1.000000000000000000e+00,9.379333257675170898e-02,9.656453132629394531e-02,9.785610437393188477e-02
9.012565016746520996e-01,9.420840740203857422e-01,1.000000000000000000e+00,7.076817750930786133e-02,9.660667181015014648e-02,9.181332588195800781e-02
9.088801145553588867e-01,1.000000000000000000e+00,1.000000000000000000e+00,2.979183197021484375e-02,8.866202831268310547e-02,8.616232872009277344e-02
9.293487668037414551e-01,1.000000000000000000e+00,1.000000000000000000e+00,0.000000000000000000e+00,5.362826585769653320e-02,7.210284471511840820e-02
9.447689056396484375e-01,1.000000000000000000e+00,1.000000000000000000e+00,0.000000000000000000e+00,0.000000000000000000e+00,2.760154008865356445e-02
9.711031913757324219e-01,1.000000000000000000e+00,1.000000000000000000e+00,0.000000000000000000e+00,0.000000000000000000e+00,0.000000000000000000e+00
9.077652096748352051e-01,1.000000000000000000e+00,1.000000000000000000e+00,0.000000000000000000e+00,0.000000000000000000e+00,0.000000000000000000e+00
1.000000000000000000e+00,1.000000000000000000e+00,1.000000000000000000e+00,0.000000000000000000e+00,0.000000000000000000e+00,0.000000000000000000e+00
9.065608978271484375e-01,9.036694765090942383e-01,9.878095388412475586e-01,0.000000000000000000e+00,0.000000000000000000e+00,0.000000000000000000e+00
1.000000000000000000e+00,9.097575545310974121e-01,9.058880805969238281e-01,0.000000000000000000e+00,0.000000000000000000e+00,0.000000000000000000e+00
