# CPU,RAM,NetworkR,NetworkW,DiskW,DiskR
9.391181468963623047e-01,9.406967163085937500e-01,1.000000000000000000e+00,9.379392862319946289e-02,9.656757116317749023e-02,9.785491228103637695e-02
9.004144668579101562e-01,1.000000000000000000e+00,1.000000000000000000e+00,5.517601966857910156e-02,9.108817577362060547e-02,5.770486593246459961e-02
9.070396423339843750e-01,9.269982576370239258e-01,1.000000000000000000e+00,6.522340327501296997e-02,9.457182884216308594e-02,9.233224391937255859e-02
9.016857147216796875e-01,1.000000000000000000e+00,1.000000000000000000e+00,2.740610018372535706e-02,5.984181165695190430e-02,7.441407442092895508e-02
9.012359380722045898e-01,9.719215035438537598e-01,1.000000000000000000e+00,0.000000000000000000e+00,0.000000000000000000e+00,2.501899003982543945e-02
9.169301390647888184e-01,1.000000000000000000e+00,1.000000000000000000e+00,0.000000000000000000e+00,0.000000000000000000e+00,0.000000000000000000e+00
9.315969944000244141e-01,1.000000000000000000e+00,1.000000000000000000e+00,0.000000000000000000e+00,0.000000000000000000e+00,0.000000000000000000e+00
9.505903720855712891e-01,1.000000000000000000e+00,1.000000000000000000e+00,0.000000000000000000e+00,0.000000000000000000e+00,0.000000000000000000e+00
9.924241900444030762e-01,1.000000000000000000e+00,1.000000000000000000e+00,0.000000000000000000e+00,0.000000000000000000e+00,0.000000000000000000e+00
1.000000000000000000e+00,1.000000000000000000e+00,9.037309288978576660e-01,0.000000000000000000e+00,0.000000000000000000e+00,0.000000000000000000e+00
