# CPU,RAM,NetworkR,NetworkW,DiskW,DiskR
9.390272498130798340e-01,9.406914114952087402e-01,1.000000000000000000e+00,9.379440546035766602e-02,9.656739234924316406e-02,9.785479307174682617e-02
9.004241228103637695e-01,1.000000000000000000e+00,1.000000000000000000e+00,5.700570344924926758e-02,9.203500300645828247e-02,6.267940998077392578e-02
9.029646515846252441e-01,9.701918959617614746e-01,1.000000000000000000e+00,5.336028337478637695e-02,9.010571241378784180e-02,8.689910173416137695e-02
9.009428620338439941e-01,1.000000000000000000e+00,1.000000000000000000e+00,3.079402446746826172e-02,4.318606853485107422e-02,6.945902109146118164e-02
9.003373384475708008e-01,9.931737780570983887e-01,1.000000000000000000e+00,0.000000000000000000e+00,0.000000000000000000e+00,0.000000000000000000e+00
9.049673080444335938e-01,1.000000000000000000e+00,1.000000000000000000e+00,0.000000000000000000e+00,0.000000000000000000e+00,0.000000000000000000e+00
9.049482941627502441e-01,1.000000000000000000e+00,1.000000000000000000e+00,0.000000000000000000e+00,0.000000000000000000e+00,0.000000000000000000e+00
9.036347866058349609e-01,1.000000000000000000e+00,1.000000000000000000e+00,0.000000000000000000e+00,0.000000000000000000e+00,0.000000000000000000e+00
9.342542290687561035e-01,1.000000000000000000e+00,1.000000000000000000e+00,0.000000000000000000e+00,0.000000000000000000e+00,0.000000000000000000e+00
1.000000000000000000e+00,1.000000000000000000e+00,9.060011506080627441e-01,0.000000000000000000e+00,0.000000000000000000e+00,0.000000000000000000e+00
