# CPU,RAM,NetworkR,NetworkW,DiskW,DiskR
9.390330314636230469e-01,9.405285716056823730e-01,1.000000000000000000e+00,9.379243850708007812e-02,9.657126665115356445e-02,9.785211086273193359e-02
9.001325964927673340e-01,1.000000000000000000e+00,1.000000000000000000e+00,4.832875728607177734e-02,7.662373781204223633e-02,0.000000000000000000e+00
9.002470970153808594e-01,1.000000000000000000e+00,1.000000000000000000e+00,0.000000000000000000e+00,0.000000000000000000e+00,0.000000000000000000e+00
9.001361727714538574e-01,1.000000000000000000e+00,1.000000000000000000e+00,0.000000000000000000e+00,0.000000000000000000e+00,0.000000000000000000e+00
9.001358747482299805e-01,1.000000000000000000e+00,1.000000000000000000e+00,0.000000000000000000e+00,0.000000000000000000e+00,0.000000000000000000e+00
9.007837176322937012e-01,1.000000000000000000e+00,1.000000000000000000e+00,0.000000000000000000e+00,0.000000000000000000e+00,0.000000000000000000e+00
9.009103178977966309e-01,1.000000000000000000e+00,1.000000000000000000e+00,0.000000000000000000e+00,0.000000000000000000e+00,0.000000000000000000e+00
9.077544212341308594e-01,1.000000000000000000e+00,1.000000000000000000e+00,0.000000000000000000e+00,0.000000000000000000e+00,0.000000000000000000e+00
1.000000000000000000e+00,1.000000000000000000e+00,1.000000000000000000e+00,0.000000000000000000e+00,0.000000000000000000e+00,0.000000000000000000e+00
1.000000000000000000e+00,1.000000000000000000e+00,9.069635868072509766e-01,0.000000000000000000e+00,0.000000000000000000e+00,0.000000000000000000e+00
