# CPU,RAM,NetworkR,NetworkW,DiskW,DiskR
9.390460848808288574e-01,9.407610297203063965e-01,1.000000000000000000e+00,9.379363059997558594e-02,9.656518697738647461e-02,9.785538911819458008e-02
9.007392525672912598e-01,1.000000000000000000e+00,1.000000000000000000e+00,6.176942586898803711e-02,9.499984979629516602e-02,8.414924144744873047e-02
9.025042653083801270e-01,9.627897143363952637e-01,1.000000000000000000e+00,5.782574415206909180e-02,9.137123823165893555e-02,9.036314487457275391e-02
9.014460444450378418e-01,1.000000000000000000e+00,1.000000000000000000e+00,2.803748846054077148e-02,5.013912916183471680e-02,7.310616970062255859e-02
9.005423188209533691e-01,1.000000000000000000e+00,1.000000000000000000e+00,0.000000000000000000e+00,0.000000000000000000e+00,0.000000000000000000e+00
9.058868885040283203e-01,1.000000000000000000e+00,1.000000000000000000e+00,0.000000000000000000e+00,0.000000000000000000e+00,0.000000000000000000e+00
9.056286215782165527e-01,1.000000000000000000e+00,1.000000000000000000e+00,0.000000000000000000e+00,0.000000000000000000e+00,0.000000000000000000e+00
9.033560752868652344e-01,1.000000000000000000e+00,1.000000000000000000e+00,0.000000000000000000e+00,0.000000000000000000e+00,0.000000000000000000e+00
9.300017952919006348e-01,1.000000000000000000e+00,1.000000000000000000e+00,0.000000000000000000e+00,0.000000000000000000e+00,0.000000000000000000e+00
1.000000000000000000e+00,1.000000000000000000e+00,9.057818055152893066e-01,0.000000000000000000e+00,0.000000000000000000e+00,0.000000000000000000e+00
