# CPU,RAM,NetworkR,NetworkW,DiskW,DiskR
9.391723871231079102e-01,9.408221840858459473e-01,1.000000000000000000e+00,9.379351139068603516e-02,9.656411409378051758e-02,9.785634279251098633e-02
9.012930989265441895e-01,9.383887052536010742e-01,1.000000000000000000e+00,7.141453027725219727e-02,9.665173292160034180e-02,9.203833341598510742e-02
9.091773033142089844e-01,1.000000000000000000e+00,1.000000000000000000e+00,1.651233434677124023e-02,8.291953802108764648e-02,8.174616098403930664e-02
9.465227723121643066e-01,1.000000000000000000e+00,1.000000000000000000e+00,0.000000000000000000e+00,2.893364429473876953e-02,6.300967931747436523e-02
9.588810801506042480e-01,1.000000000000000000e+00,1.000000000000000000e+00,0.000000000000000000e+00,0.000000000000000000e+00,2.223396301269531250e-02
1.000000000000000000e+00,1.000000000000000000e+00,1.000000000000000000e+00,0.000000000000000000e+00,0.000000000000000000e+00,2.209770679473876953e-02
9.040221571922302246e-01,1.000000000000000000e+00,1.000000000000000000e+00,0.000000000000000000e+00,0.000000000000000000e+00,0.000000000000000000e+00
1.000000000000000000e+00,1.000000000000000000e+00,1.000000000000000000e+00,0.000000000000000000e+00,0.000000000000000000e+00,0.000000000000000000e+00
9.081200361251831055e-01,9.074763059616088867e-01,9.973793625831604004e-01,0.000000000000000000e+00,0.000000000000000000e+00,0.000000000000000000e+00
1.000000000000000000e+00,9.133303761482238770e-01,9.057944416999816895e-01,0.000000000000000000e+00,0.000000000000000000e+00,0.000000000000000000e+00
