# CPU,RAM,NetworkR,NetworkW,DiskW,DiskR
9.391224980354309082e-01,9.408186078071594238e-01,1.000000000000000000e+00,9.379374980926513672e-02,9.656405448913574219e-02,9.785628318786621094e-02
9.008308649063110352e-01,1.000000000000000000e+00,1.000000000000000000e+00,6.147438287734985352e-02,9.515249729156494141e-02,8.533823490142822266e-02
9.029405713081359863e-01,9.513815045356750488e-01,1.000000000000000000e+00,6.027799844741821289e-02,9.221982955932617188e-02,9.150391817092895508e-02
9.021062850952148438e-01,9.948498606681823730e-01,1.000000000000000000e+00,3.337031602859497070e-02,6.331521272659301758e-02,7.885521650314331055e-02
9.044167995452880859e-01,9.937777519226074219e-01,1.000000000000000000e+00,0.000000000000000000e+00,0.000000000000000000e+00,2.488458156585693359e-02
9.478762149810791016e-01,1.000000000000000000e+00,1.000000000000000000e+00,0.000000000000000000e+00,0.000000000000000000e+00,0.000000000000000000e+00
1.000000000000000000e+00,1.000000000000000000e+00,1.000000000000000000e+00,0.000000000000000000e+00,0.000000000000000000e+00,9.145140647888183594e-04
1.000000000000000000e+00,1.000000000000000000e+00,9.752843379974365234e-01,0.000000000000000000e+00,0.000000000000000000e+00,0.000000000000000000e+00
9.052029252052307129e-01,9.015340805053710938e-01,9.727642536163330078e-01,0.000000000000000000e+00,0.000000000000000000e+00,0.000000000000000000e+00
1.000000000000000000e+00,9.131577610969543457e-01,9.040970206260681152e-01,0.000000000000000000e+00,0.000000000000000000e+00,0.000000000000000000e+00
