# CPU,RAM,NetworkR,NetworkW,DiskW,DiskR
9.391711354255676270e-01,9.408591985702514648e-01,1.000000000000000000e+00,9.379363059997558594e-02,9.656310081481933594e-02,9.785681962966918945e-02
9.013286232948303223e-01,9.338642954826354980e-01,1.000000000000000000e+00,7.237213850021362305e-02,9.671884775161743164e-02,9.236109256744384766e-02
9.111953377723693848e-01,1.000000000000000000e+00,1.000000000000000000e+00,9.075880050659179688e-03,7.971632480621337891e-02,7.962769269943237305e-02
9.357883930206298828e-01,1.000000000000000000e+00,1.000000000000000000e+00,0.000000000000000000e+00,0.000000000000000000e+00,2.023220062255859375e-02
9.563231468200683594e-01,1.000000000000000000e+00,1.000000000000000000e+00,0.000000000000000000e+00,0.000000000000000000e+00,4.065299034118652344e-02
9.216961264610290527e-01,1.000000000000000000e+00,1.000000000000000000e+00,0.000000000000000000e+00,0.000000000000000000e+00,0.000000000000000000e+00
9.009301066398620605e-01,1.000000000000000000e+00,1.000000000000000000e+00,0.000000000000000000e+00,0.000000000000000000e+00,0.000000000000000000e+00
1.000000000000000000e+00,1.000000000000000000e+00,1.000000000000000000e+00,0.000000000000000000e+00,0.000000000000000000e+00,0.000000000000000000e+00
9.021250605583190918e-01,9.049457907676696777e-01,1.000000000000000000e+00,0.000000000000000000e+00,0.000000000000000000e+00,0.000000000000000000e+00
1.000000000000000000e+00,9.211308956146240234e-01,9.045355916023254395e-01,0.000000000000000000e+00,0.000000000000000000e+00,0.000000000000000000e+00
