# CPU,RAM,NetworkR,NetworkW,DiskW,DiskR
9.391320347785949707e-01,9.407339096069335938e-01,1.000000000000000000e+00,9.379310160875320435e-02,9.656625986099243164e-02,9.785509109497070312e-02
9.009850025177001953e-01,9.727209806442260742e-01,1.000000000000000000e+00,6.706303358078002930e-02,9.613299369812011719e-02,8.963894844055175781e-02
9.021900892257690430e-01,9.548112750053405762e-01,1.000000000000000000e+00,5.973649024963378906e-02,9.171551465988159180e-02,9.103173017501831055e-02
9.015032649040222168e-01,1.000000000000000000e+00,1.000000000000000000e+00,3.045165538787841797e-02,5.170738697052001953e-02,7.440787553787231445e-02
9.008836150169372559e-01,9.920606613159179688e-01,1.000000000000000000e+00,0.000000000000000000e+00,0.000000000000000000e+00,0.000000000000000000e+00
9.115193486213684082e-01,1.000000000000000000e+00,1.000000000000000000e+00,0.000000000000000000e+00,0.000000000000000000e+00,0.000000000000000000e+00
9.114392399787902832e-01,1.000000000000000000e+00,1.000000000000000000e+00,0.000000000000000000e+00,0.000000000000000000e+00,0.000000000000000000e+00
9.077653288841247559e-01,1.000000000000000000e+00,1.000000000000000000e+00,0.000000000000000000e+00,0.000000000000000000e+00,0.000000000000000000e+00
9.399130344390869141e-01,1.000000000000000000e+00,1.000000000000000000e+00,0.000000000000000000e+00,0.000000000000000000e+00,0.000000000000000000e+00
1.000000000000000000e+00,1.000000000000000000e+00,9.048011898994445801e-01,0.000000000000000000e+00,0.000000000000000000e+00,0.000000000000000000e+00
