# CPU,RAM,NetworkR,NetworkW,DiskW,DiskR
9.391209483146667480e-01,9.408442378044128418e-01,1.000000000000000000e+00,9.379386901855468750e-02,9.656333923339843750e-02,9.785664081573486328e-02
9.012880921363830566e-01,9.416300654411315918e-01,1.000000000000000000e+00,7.073479890823364258e-02,9.660577774047851562e-02,9.182614088058471680e-02
9.087828993797302246e-01,1.000000000000000000e+00,1.000000000000000000e+00,2.077561616897583008e-02,8.487260341644287109e-02,8.323007822036743164e-02
9.377111196517944336e-01,1.000000000000000000e+00,1.000000000000000000e+00,0.000000000000000000e+00,5.005037784576416016e-02,7.081341743469238281e-02
9.781118035316467285e-01,1.000000000000000000e+00,1.000000000000000000e+00,0.000000000000000000e+00,0.000000000000000000e+00,3.041213750839233398e-02
9.431865215301513672e-01,1.000000000000000000e+00,1.000000000000000000e+00,0.000000000000000000e+00,0.000000000000000000e+00,0.000000000000000000e+00
9.048379659652709961e-01,1.000000000000000000e+00,1.000000000000000000e+00,0.000000000000000000e+00,0.000000000000000000e+00,2.007436752319335938e-02
1.000000000000000000e+00,1.000000000000000000e+00,1.000000000000000000e+00,0.000000000000000000e+00,0.000000000000000000e+00,0.000000000000000000e+00
9.017319083213806152e-01,9.068107604980468750e-01,9.775385856628417969e-01,0.000000000000000000e+00,0.000000000000000000e+00,0.000000000000000000e+00
1.000000000000000000e+00,9.257864356040954590e-01,9.032560586929321289e-01,0.000000000000000000e+00,0.000000000000000000e+00,0.000000000000000000e+00
