# CPU,RAM,NetworkR,NetworkW,DiskW,DiskR
9.389455318450927734e-01,9.407179951667785645e-01,1.000000000000000000e+00,9.379535913467407227e-02,9.656649827957153320e-02,9.785526990890502930e-02
9.013418555259704590e-01,9.189060926437377930e-01,1.000000000000000000e+00,7.711535692214965820e-02,9.695959091186523438e-02,9.364032745361328125e-02
9.039641022682189941e-01,1.000000000000000000e+00,1.000000000000000000e+00,1.532334089279174805e-02,7.557404041290283203e-02,7.495820522308349609e-02
9.047808647155761719e-01,9.868384599685668945e-01,1.000000000000000000e+00,3.115427494049072266e-02,6.214463710784912109e-02,8.005195856094360352e-02
9.272681474685668945e-01,1.000000000000000000e+00,1.000000000000000000e+00,0.000000000000000000e+00,0.000000000000000000e+00,0.000000000000000000e+00
1.000000000000000000e+00,1.000000000000000000e+00,1.000000000000000000e+00,0.000000000000000000e+00,0.000000000000000000e+00,1.285028457641601562e-02
9.783083796501159668e-01,1.000000000000000000e+00,1.000000000000000000e+00,0.000000000000000000e+00,0.000000000000000000e+00,0.000000000000000000e+00
1.000000000000000000e+00,1.000000000000000000e+00,1.000000000000000000e+00,0.000000000000000000e+00,0.000000000000000000e+00,0.000000000000000000e+00
9.053112268447875977e-01,9.020535945892333984e-01,9.820773601531982422e-01,0.000000000000000000e+00,0.000000000000000000e+00,0.000000000000000000e+00
1.000000000000000000e+00,9.079501032829284668e-01,9.064795970916748047e-01,0.000000000000000000e+00,0.000000000000000000e+00,0.000000000000000000e+00
