# CPU,RAM,NetworkR,NetworkW,DiskW,DiskR
9.389855265617370605e-01,9.407790303230285645e-01,1.000000000000000000e+00,9.379446506500244141e-02,9.656465053558349609e-02,9.785580635070800781e-02
9.009910225868225098e-01,9.604964852333068848e-01,1.000000000000000000e+00,6.845378875732421875e-02,9.620457887649536133e-02,9.004014730453491211e-02
9.020547866821289062e-01,9.707661271095275879e-01,1.000000000000000000e+00,5.487227439880371094e-02,9.012764692306518555e-02,8.922851085662841797e-02
9.016944766044616699e-01,1.000000000000000000e+00,1.000000000000000000e+00,2.148187160491943359e-02,4.041987657546997070e-02,6.931972503662109375e-02
9.009181857109069824e-01,1.000000000000000000e+00,1.000000000000000000e+00,0.000000000000000000e+00,0.000000000000000000e+00,0.000000000000000000e+00
9.096593260765075684e-01,1.000000000000000000e+00,1.000000000000000000e+00,0.000000000000000000e+00,0.000000000000000000e+00,0.000000000000000000e+00
9.075217843055725098e-01,1.000000000000000000e+00,1.000000000000000000e+00,0.000000000000000000e+00,0.000000000000000000e+00,0.000000000000000000e+00
9.060274958610534668e-01,1.000000000000000000e+00,1.000000000000000000e+00,0.000000000000000000e+00,0.000000000000000000e+00,0.000000000000000000e+00
9.587420821189880371e-01,1.000000000000000000e+00,1.000000000000000000e+00,0.000000000000000000e+00,0.000000000000000000e+00,0.000000000000000000e+00
1.000000000000000000e+00,1.000000000000000000e+00,9.051370620727539062e-01,0.000000000000000000e+00,0.000000000000000000e+00,0.000000000000000000e+00
