# CPU,RAM,NetworkR,NetworkW,DiskW,DiskR
9.392070174217224121e-01,9.408227205276489258e-01,1.000000000000000000e+00,9.379303455352783203e-02,9.656411409378051758e-02,9.785628318786621094e-02
9.012591838836669922e-01,9.499148726463317871e-01,1.000000000000000000e+00,6.930446624755859375e-02,9.651058912277221680e-02,9.137105941772460938e-02
9.127814173698425293e-01,1.000000000000000000e+00,1.000000000000000000e+00,2.320307493209838867e-02,8.794748783111572266e-02,8.565223217010498047e-02
9.714545011520385742e-01,1.000000000000000000e+00,1.000000000000000000e+00,0.000000000000000000e+00,0.000000000000000000e+00,5.569392442703247070e-02
9.602149128913879395e-01,1.000000000000000000e+00,1.000000000000000000e+00,0.000000000000000000e+00,0.000000000000000000e+00,1.877725124359130859e-02
9.758830070495605469e-01,1.000000000000000000e+00,1.000000000000000000e+00,0.000000000000000000e+00,0.000000000000000000e+00,9.725511074066162109e-03
9.022659063339233398e-01,1.000000000000000000e+00,1.000000000000000000e+00,0.000000000000000000e+00,0.000000000000000000e+00,0.000000000000000000e+00
1.000000000000000000e+00,1.000000000000000000e+00,1.000000000000000000e+00,0.000000000000000000e+00,0.000000000000000000e+00,0.000000000000000000e+00
9.073711633682250977e-01,9.073546528816223145e-01,1.000000000000000000e+00,0.000000000000000000e+00,0.000000000000000000e+00,0.000000000000000000e+00
9.703238606452941895e-01,9.083516597747802734e-01,9.093314409255981445e-01,0.000000000000000000e+00,0.000000000000000000e+00,0.000000000000000000e+00
