# CPU,RAM,NetworkR,NetworkW,DiskW,DiskR
9.391262531280517578e-01,9.406453371047973633e-01,1.000000000000000000e+00,9.379333257675170898e-02,9.656888246536254883e-02,9.785407781600952148e-02
9.005720615386962891e-01,1.000000000000000000e+00,1.000000000000000000e+00,5.839455127716064453e-02,9.363651275634765625e-02,7.629829645156860352e-02
9.030098915100097656e-01,9.627519249916076660e-01,1.000000000000000000e+00,5.710774660110473633e-02,9.150290489196777344e-02,8.985775709152221680e-02
9.011982083320617676e-01,1.000000000000000000e+00,1.000000000000000000e+00,3.509336709976196289e-02,5.644565820693969727e-02,7.594394683837890625e-02
9.004179835319519043e-01,9.824751019477844238e-01,1.000000000000000000e+00,1.100301742553710938e-04,0.000000000000000000e+00,3.628671169281005859e-03
9.052201509475708008e-01,1.000000000000000000e+00,1.000000000000000000e+00,0.000000000000000000e+00,0.000000000000000000e+00,0.000000000000000000e+00
9.059842228889465332e-01,1.000000000000000000e+00,1.000000000000000000e+00,0.000000000000000000e+00,0.000000000000000000e+00,0.000000000000000000e+00
9.041714072227478027e-01,1.000000000000000000e+00,1.000000000000000000e+00,0.000000000000000000e+00,0.000000000000000000e+00,0.000000000000000000e+00
9.319563508033752441e-01,1.000000000000000000e+00,1.000000000000000000e+00,0.000000000000000000e+00,0.000000000000000000e+00,0.000000000000000000e+00
1.000000000000000000e+00,1.000000000000000000e+00,9.058157205581665039e-01,0.000000000000000000e+00,0.000000000000000000e+00,0.000000000000000000e+00
