# CPU,RAM,NetworkR,NetworkW,DiskW,DiskR
9.390753507614135742e-01,9.406938552856445312e-01,1.000000000000000000e+00,9.379380941390991211e-02,9.656733274459838867e-02,9.785473346710205078e-02
9.001589417457580566e-01,1.000000000000000000e+00,1.000000000000000000e+00,5.005776882171630859e-02,8.067220449447631836e-02,0.000000000000000000e+00
9.006366729736328125e-01,1.000000000000000000e+00,1.000000000000000000e+00,9.361803531646728516e-03,3.688609972596168518e-02,0.000000000000000000e+00
9.002866744995117188e-01,1.000000000000000000e+00,1.000000000000000000e+00,3.125607967376708984e-03,0.000000000000000000e+00,0.000000000000000000e+00
9.001844525337219238e-01,1.000000000000000000e+00,1.000000000000000000e+00,0.000000000000000000e+00,0.000000000000000000e+00,0.000000000000000000e+00
9.018483161926269531e-01,1.000000000000000000e+00,1.000000000000000000e+00,0.000000000000000000e+00,0.000000000000000000e+00,0.000000000000000000e+00
9.019803404808044434e-01,1.000000000000000000e+00,1.000000000000000000e+00,0.000000000000000000e+00,0.000000000000000000e+00,0.000000000000000000e+00
9.056180715560913086e-01,1.000000000000000000e+00,1.000000000000000000e+00,0.000000000000000000e+00,0.000000000000000000e+00,0.000000000000000000e+00
1.000000000000000000e+00,1.000000000000000000e+00,1.000000000000000000e+00,0.000000000000000000e+00,0.000000000000000000e+00,0.000000000000000000e+00
1.000000000000000000e+00,1.000000000000000000e+00,9.066279530525207520e-01,0.000000000000000000e+00,0.000000000000000000e+00,0.000000000000000000e+00
