# CPU,RAM,NetworkR,NetworkW,DiskW,DiskR
8.999999761581420898e-01,8.999999761581420898e-01,1.000000000000000000e+00,1.000000238418579102e-01,1.000000238418579102e-01,1.000000238418579102e-01
8.999999761581420898e-01,9.833332896232604980e-01,1.000000000000000000e+00,6.225806474685668945e-02,9.716314077377319336e-02,6.095182895660400391e-02
8.999999761581420898e-01,1.000000000000000000e+00,1.000000000000000000e+00,4.751205444335937500e-02,8.900713920593261719e-02,6.095182895660400391e-02
8.999999761581420898e-01,1.000000000000000000e+00,1.000000000000000000e+00,0.000000000000000000e+00,5.283689498901367188e-02,6.095182895660400391e-02
8.999999761581420898e-01,1.000000000000000000e+00,1.000000000000000000e+00,0.000000000000000000e+00,0.000000000000000000e+00,0.000000000000000000e+00
8.999999761581420898e-01,1.000000000000000000e+00,1.000000000000000000e+00,0.000000000000000000e+00,0.000000000000000000e+00,0.000000000000000000e+00
8.999999761581420898e-01,1.000000000000000000e+00,1.000000000000000000e+00,0.000000000000000000e+00,0.000000000000000000e+00,0.000000000000000000e+00
8.999999761581420898e-01,1.000000000000000000e+00,1.000000000000000000e+00,0.000000000000000000e+00,0.000000000000000000e+00,0.000000000000000000e+00
1.000000000000000000e+00,1.000000000000000000e+00,1.000000000000000000e+00,0.000000000000000000e+00,0.000000000000000000e+00,0.000000000000000000e+00
1.000000000000000000e+00,1.000000000000000000e+00,8.999999761581420898e-01,0.000000000000000000e+00,0.000000000000000000e+00,0.000000000000000000e+00
