# CPU,RAM,NetworkR,NetworkW,DiskW,DiskR
9.390473365783691406e-01,9.407705068588256836e-01,1.000000000000000000e+00,9.379458427429199219e-02,9.656530618667602539e-02,9.785586595535278320e-02
9.012798666954040527e-01,9.325405955314636230e-01,1.000000000000000000e+00,7.285785675048828125e-02,9.673280268907546997e-02,9.243810176849365234e-02
9.022962450981140137e-01,9.882668852806091309e-01,1.000000000000000000e+00,4.808789864182472229e-02,8.861386775970458984e-02,8.727306127548217773e-02
9.026685357093811035e-01,1.000000000000000000e+00,1.000000000000000000e+00,2.819430828094482422e-02,5.534577369689941406e-02,7.606703042984008789e-02
9.016312360763549805e-01,1.000000000000000000e+00,1.000000000000000000e+00,0.000000000000000000e+00,0.000000000000000000e+00,0.000000000000000000e+00
9.151118397712707520e-01,1.000000000000000000e+00,1.000000000000000000e+00,0.000000000000000000e+00,0.000000000000000000e+00,0.000000000000000000e+00
9.180926084518432617e-01,1.000000000000000000e+00,1.000000000000000000e+00,0.000000000000000000e+00,0.000000000000000000e+00,0.000000000000000000e+00
9.100608825683593750e-01,1.000000000000000000e+00,1.000000000000000000e+00,0.000000000000000000e+00,0.000000000000000000e+00,0.000000000000000000e+00
9.370232820510864258e-01,1.000000000000000000e+00,1.000000000000000000e+00,0.000000000000000000e+00,0.000000000000000000e+00,0.000000000000000000e+00
1.000000000000000000e+00,1.000000000000000000e+00,9.049173593521118164e-01,0.000000000000000000e+00,0.000000000000000000e+00,0.000000000000000000e+00
