# CPU,RAM,NetworkR,NetworkW,DiskW,DiskR
9.391334652900695801e-01,9.407377839088439941e-01,1.000000000000000000e+00,9.379392862319946289e-02,9.656649827957153320e-02,9.785544872283935547e-02
9.002926945686340332e-01,1.000000000000000000e+00,1.000000000000000000e+00,5.380934476852416992e-02,8.862447738647460938e-02,2.632194757461547852e-02
9.019434452056884766e-01,1.000000000000000000e+00,1.000000000000000000e+00,3.651827573776245117e-02,8.047562837600708008e-02,7.173675298690795898e-02
9.005707502365112305e-01,1.000000000000000000e+00,1.000000000000000000e+00,2.242392301559448242e-02,6.427168846130371094e-03,5.135184526443481445e-02
9.001976251602172852e-01,1.000000000000000000e+00,1.000000000000000000e+00,0.000000000000000000e+00,0.000000000000000000e+00,0.000000000000000000e+00
9.021704792976379395e-01,1.000000000000000000e+00,1.000000000000000000e+00,0.000000000000000000e+00,0.000000000000000000e+00,0.000000000000000000e+00
9.021988511085510254e-01,1.000000000000000000e+00,1.000000000000000000e+00,0.000000000000000000e+00,0.000000000000000000e+00,0.000000000000000000e+00
9.025717973709106445e-01,1.000000000000000000e+00,1.000000000000000000e+00,0.000000000000000000e+00,0.000000000000000000e+00,0.000000000000000000e+00
9.460663199424743652e-01,1.000000000000000000e+00,1.000000000000000000e+00,0.000000000000000000e+00,0.000000000000000000e+00,0.000000000000000000e+00
1.000000000000000000e+00,1.000000000000000000e+00,9.068909287452697754e-01,0.000000000000000000e+00,0.000000000000000000e+00,0.000000000000000000e+00
