# CPU,RAM,NetworkR,NetworkW,DiskW,DiskR
9.391900897026062012e-01,9.408293962478637695e-01,1.000000000000000000e+00,9.379327297210693359e-02,9.656393527984619141e-02,9.785640239715576172e-02
9.012730121612548828e-01,9.475451707839965820e-01,1.000000000000000000e+00,6.964373588562011719e-02,9.652721881866455078e-02,9.146523475646972656e-02
9.108791947364807129e-01,1.000000000000000000e+00,1.000000000000000000e+00,1.752007007598876953e-02,8.444482088088989258e-02,8.315408229827880859e-02
9.462004899978637695e-01,1.000000000000000000e+00,1.000000000000000000e+00,0.000000000000000000e+00,0.000000000000000000e+00,5.171793699264526367e-02
9.700038433074951172e-01,1.000000000000000000e+00,1.000000000000000000e+00,0.000000000000000000e+00,0.000000000000000000e+00,3.660225868225097656e-02
9.452253580093383789e-01,1.000000000000000000e+00,1.000000000000000000e+00,0.000000000000000000e+00,0.000000000000000000e+00,0.000000000000000000e+00
9.014207124710083008e-01,1.000000000000000000e+00,1.000000000000000000e+00,0.000000000000000000e+00,0.000000000000000000e+00,0.000000000000000000e+00
1.000000000000000000e+00,1.000000000000000000e+00,1.000000000000000000e+00,0.000000000000000000e+00,0.000000000000000000e+00,0.000000000000000000e+00
9.025346040725708008e-01,9.065116643905639648e-01,1.000000000000000000e+00,0.000000000000000000e+00,0.000000000000000000e+00,0.000000000000000000e+00
9.969366788864135742e-01,9.182288646697998047e-01,9.048563838005065918e-01,0.000000000000000000e+00,0.000000000000000000e+00,0.000000000000000000e+00
