# CPU,RAM,NetworkR,NetworkW,DiskW,DiskR
9.391301870346069336e-01,9.404802322387695312e-01,1.000000000000000000e+00,9.379261732101440430e-02,9.657335281372070312e-02,9.785187244415283203e-02
9.012649655342102051e-01,9.419276118278503418e-01,1.000000000000000000e+00,7.081156969070434570e-02,9.663838148117065430e-02,9.189015626907348633e-02
9.019497632980346680e-01,1.000000000000000000e+00,1.000000000000000000e+00,4.422265291213989258e-02,8.692699670791625977e-02,8.586865663528442383e-02
9.025315046310424805e-01,9.969136714935302734e-01,1.000000000000000000e+00,3.296953439712524414e-02,5.970716476440429688e-02,7.844811677932739258e-02
9.011588096618652344e-01,9.913031458854675293e-01,1.000000000000000000e+00,0.000000000000000000e+00,0.000000000000000000e+00,6.433725357055664062e-03
9.111000895500183105e-01,1.000000000000000000e+00,1.000000000000000000e+00,0.000000000000000000e+00,0.000000000000000000e+00,0.000000000000000000e+00
9.222382903099060059e-01,1.000000000000000000e+00,1.000000000000000000e+00,0.000000000000000000e+00,0.000000000000000000e+00,0.000000000000000000e+00
9.305440783500671387e-01,1.000000000000000000e+00,1.000000000000000000e+00,0.000000000000000000e+00,0.000000000000000000e+00,0.000000000000000000e+00
9.743216037750244141e-01,1.000000000000000000e+00,1.000000000000000000e+00,0.000000000000000000e+00,0.000000000000000000e+00,0.000000000000000000e+00
1.000000000000000000e+00,1.000000000000000000e+00,9.043585062026977539e-01,0.000000000000000000e+00,0.000000000000000000e+00,0.000000000000000000e+00
