# CPU,RAM,NetworkR,NetworkW,DiskW,DiskR
9.389457702636718750e-01,9.406247138977050781e-01,1.000000000000000000e+00,9.379410743713378906e-02,9.656864404678344727e-02,9.785372018814086914e-02
9.013071060180664062e-01,9.298648238182067871e-01,1.000000000000000000e+00,7.347887754440307617e-02,9.677231311798095703e-02,9.263020753860473633e-02
9.020726680755615234e-01,1.000000000000000000e+00,1.000000000000000000e+00,4.337340593338012695e-02,8.659267425537109375e-02,8.519464731216430664e-02
9.028752446174621582e-01,1.000000000000000000e+00,1.000000000000000000e+00,2.473753690719604492e-02,5.154836177825927734e-02,7.439273595809936523e-02
9.014652967453002930e-01,1.000000000000000000e+00,1.000000000000000000e+00,0.000000000000000000e+00,0.000000000000000000e+00,0.000000000000000000e+00
9.119289517402648926e-01,1.000000000000000000e+00,1.000000000000000000e+00,0.000000000000000000e+00,0.000000000000000000e+00,0.000000000000000000e+00
9.133459925651550293e-01,1.000000000000000000e+00,1.000000000000000000e+00,0.000000000000000000e+00,0.000000000000000000e+00,0.000000000000000000e+00
9.079608321189880371e-01,1.000000000000000000e+00,1.000000000000000000e+00,0.000000000000000000e+00,0.000000000000000000e+00,0.000000000000000000e+00
9.430984854698181152e-01,1.000000000000000000e+00,1.000000000000000000e+00,0.000000000000000000e+00,0.000000000000000000e+00,0.000000000000000000e+00
1.000000000000000000e+00,1.000000000000000000e+00,9.051387310028076172e-01,0.000000000000000000e+00,0.000000000000000000e+00,0.000000000000000000e+00
