# CPU,RAM,NetworkR,NetworkW,DiskW,DiskR
9.389209151268005371e-01,9.406861066818237305e-01,1.000000000000000000e+00,9.379535913467407227e-02,9.656727313995361328e-02,9.785485267639160156e-02
9.013739824295043945e-01,9.239927530288696289e-01,1.000000000000000000e+00,7.510954141616821289e-02,9.687614440917968750e-02,9.314620494842529297e-02
9.116500020027160645e-01,1.000000000000000000e+00,1.000000000000000000e+00,1.021742820739746094e-02,8.142644166946411133e-02,7.977200299501419067e-02
9.762835502624511719e-01,1.000000000000000000e+00,1.000000000000000000e+00,0.000000000000000000e+00,0.000000000000000000e+00,4.070746898651123047e-02
1.000000000000000000e+00,1.000000000000000000e+00,1.000000000000000000e+00,0.000000000000000000e+00,0.000000000000000000e+00,2.157497406005859375e-02
9.507427215576171875e-01,1.000000000000000000e+00,1.000000000000000000e+00,0.000000000000000000e+00,0.000000000000000000e+00,0.000000000000000000e+00
9.007065296173095703e-01,1.000000000000000000e+00,1.000000000000000000e+00,0.000000000000000000e+00,0.000000000000000000e+00,0.000000000000000000e+00
1.000000000000000000e+00,1.000000000000000000e+00,1.000000000000000000e+00,0.000000000000000000e+00,0.000000000000000000e+00,0.000000000000000000e+00
9.009928107261657715e-01,9.135535359382629395e-01,9.736861586570739746e-01,0.000000000000000000e+00,0.000000000000000000e+00,0.000000000000000000e+00
9.948595166206359863e-01,9.405509233474731445e-01,9.031997323036193848e-01,0.000000000000000000e+00,0.000000000000000000e+00,0.000000000000000000e+00
