# CPU,RAM,NetworkR,NetworkW,DiskW,DiskR
9.390434622764587402e-01,9.405038952827453613e-01,1.000000000000000000e+00,9.378981590270996094e-02,9.657090902328491211e-02,9.785085916519165039e-02
9.010235667228698730e-01,9.395408630371093750e-01,1.000000000000000000e+00,7.198965549468994141e-02,9.651595354080200195e-02,9.151130914688110352e-02
9.017852544784545898e-01,1.000000000000000000e+00,1.000000000000000000e+00,3.965902328491210938e-02,8.435827493667602539e-02,8.309030532836914062e-02
9.027093648910522461e-01,1.000000000000000000e+00,1.000000000000000000e+00,1.253485679626464844e-02,3.332722187042236328e-02,6.644201278686523438e-02
9.012210965156555176e-01,1.000000000000000000e+00,1.000000000000000000e+00,0.000000000000000000e+00,0.000000000000000000e+00,0.000000000000000000e+00
9.092962145805358887e-01,1.000000000000000000e+00,1.000000000000000000e+00,0.000000000000000000e+00,0.000000000000000000e+00,0.000000000000000000e+00
9.092462658882141113e-01,1.000000000000000000e+00,1.000000000000000000e+00,0.000000000000000000e+00,0.000000000000000000e+00,0.000000000000000000e+00
9.061439037322998047e-01,1.000000000000000000e+00,1.000000000000000000e+00,0.000000000000000000e+00,0.000000000000000000e+00,0.000000000000000000e+00
9.626657962799072266e-01,1.000000000000000000e+00,1.000000000000000000e+00,0.000000000000000000e+00,0.000000000000000000e+00,0.000000000000000000e+00
1.000000000000000000e+00,1.000000000000000000e+00,9.051166772842407227e-01,0.000000000000000000e+00,0.000000000000000000e+00,0.000000000000000000e+00
