# CPU,RAM,NetworkR,NetworkW,DiskW,DiskR
9.390143752098083496e-01,9.407048821449279785e-01,1.000000000000000000e+00,9.379422664642333984e-02,9.656685590744018555e-02,9.785485267639160156e-02
9.002549052238464355e-01,1.000000000000000000e+00,1.000000000000000000e+00,5.258208513259887695e-02,8.675366640090942383e-02,2.986788749694824219e-03
9.021060466766357422e-01,1.000000000000000000e+00,1.000000000000000000e+00,3.275632858276367188e-02,7.803863286972045898e-02,6.613856554031372070e-02
9.005187153816223145e-01,1.000000000000000000e+00,1.000000000000000000e+00,1.525652408599853516e-02,0.000000000000000000e+00,3.762239217758178711e-02
9.002159237861633301e-01,1.000000000000000000e+00,1.000000000000000000e+00,0.000000000000000000e+00,0.000000000000000000e+00,0.000000000000000000e+00
9.026212692260742188e-01,1.000000000000000000e+00,1.000000000000000000e+00,0.000000000000000000e+00,0.000000000000000000e+00,0.000000000000000000e+00
9.022684693336486816e-01,1.000000000000000000e+00,1.000000000000000000e+00,0.000000000000000000e+00,0.000000000000000000e+00,0.000000000000000000e+00
9.032792448997497559e-01,1.000000000000000000e+00,1.000000000000000000e+00,0.000000000000000000e+00,0.000000000000000000e+00,0.000000000000000000e+00
9.547906517982482910e-01,1.000000000000000000e+00,1.000000000000000000e+00,0.000000000000000000e+00,0.000000000000000000e+00,0.000000000000000000e+00
1.000000000000000000e+00,1.000000000000000000e+00,9.065096974372863770e-01,0.000000000000000000e+00,0.000000000000000000e+00,0.000000000000000000e+00
