# CPU,RAM,NetworkR,NetworkW,DiskW,DiskR
9.391780495643615723e-01,9.406174421310424805e-01,1.000000000000000000e+00,9.379285573959350586e-02,9.656977653503417969e-02,9.785372018814086914e-02
9.012261629104614258e-01,9.522454738616943359e-01,1.000000000000000000e+00,6.904900074005126953e-02,9.649151563644409180e-02,9.125006198883056641e-02
9.040467739105224609e-01,9.728754758834838867e-01,1.000000000000000000e+00,5.103940144181251526e-02,9.156018495559692383e-02,9.010815620422363281e-02
9.084351658821105957e-01,1.000000000000000000e+00,1.000000000000000000e+00,1.101511716842651367e-02,6.369912624359130859e-02,7.671481370925903320e-02
9.456835985183715820e-01,1.000000000000000000e+00,1.000000000000000000e+00,0.000000000000000000e+00,0.000000000000000000e+00,1.930040121078491211e-02
1.000000000000000000e+00,1.000000000000000000e+00,1.000000000000000000e+00,0.000000000000000000e+00,0.000000000000000000e+00,0.000000000000000000e+00
9.349751472473144531e-01,1.000000000000000000e+00,1.000000000000000000e+00,0.000000000000000000e+00,0.000000000000000000e+00,0.000000000000000000e+00
1.000000000000000000e+00,1.000000000000000000e+00,1.000000000000000000e+00,0.000000000000000000e+00,0.000000000000000000e+00,0.000000000000000000e+00
9.033572077751159668e-01,9.055263400077819824e-01,9.557309150695800781e-01,0.000000000000000000e+00,0.000000000000000000e+00,0.000000000000000000e+00
1.000000000000000000e+00,9.098429679870605469e-01,9.047764539718627930e-01,0.000000000000000000e+00,0.000000000000000000e+00,0.000000000000000000e+00
