# CPU,RAM,NetworkR,NetworkW,DiskW,DiskR
8.999999761581420898e-01,1.000000000000000000e+00,1.000000000000000000e+00,1.000000238418579102e-01,1.000000238418579102e-01,1.000000238418579102e-01
8.999999761581420898e-01,1.000000000000000000e+00,1.000000000000000000e+00,4.786944761872291565e-02,8.898657560348510742e-02,8.531481027603149414e-02
8.999999761581420898e-01,1.000000000000000000e+00,1.000000000000000000e+00,5.258386023342609406e-03,4.651439189910888672e-02,8.531481027603149414e-02
8.999999761581420898e-01,1.000000000000000000e+00,1.000000000000000000e+00,0.000000000000000000e+00,1.704746484756469727e-02,8.531481027603149414e-02
8.999999761581420898e-01,1.000000000000000000e+00,1.000000000000000000e+00,0.000000000000000000e+00,0.000000000000000000e+00,0.000000000000000000e+00
9.849314689636230469e-01,1.000000000000000000e+00,1.000000000000000000e+00,0.000000000000000000e+00,0.000000000000000000e+00,0.000000000000000000e+00
8.999999761581420898e-01,1.000000000000000000e+00,1.000000000000000000e+00,0.000000000000000000e+00,0.000000000000000000e+00,0.000000000000000000e+00
1.000000000000000000e+00,1.000000000000000000e+00,1.000000000000000000e+00,0.000000000000000000e+00,0.000000000000000000e+00,0.000000000000000000e+00
8.999999761581420898e-01,8.999999761581420898e-01,9.816326498985290527e-01,0.000000000000000000e+00,0.000000000000000000e+00,0.000000000000000000e+00
9.739725589752197266e-01,8.999999761581420898e-01,8.999999761581420898e-01,0.000000000000000000e+00,0.000000000000000000e+00,0.000000000000000000e+00
