# CPU,RAM,NetworkR,NetworkW,DiskW,DiskR
9.391186833381652832e-01,9.407835006713867188e-01,1.000000000000000000e+00,9.379386901855468750e-02,9.656506776809692383e-02,9.785592555999755859e-02
9.010522961616516113e-01,9.902499318122863770e-01,1.000000000000000000e+00,6.501317024230957031e-02,9.599018096923828125e-02,8.912515640258789062e-02
9.029229879379272461e-01,9.603394865989685059e-01,1.000000000000000000e+00,5.724656581878662109e-02,9.179878234863281250e-02,9.103530645370483398e-02
9.017582535743713379e-01,9.933034777641296387e-01,1.000000000000000000e+00,3.514105081558227539e-02,6.048285961151123047e-02,7.853025197982788086e-02
9.008969068527221680e-01,9.867398738861083984e-01,1.000000000000000000e+00,0.000000000000000000e+00,0.000000000000000000e+00,3.443002700805664062e-03
9.110314846038818359e-01,1.000000000000000000e+00,1.000000000000000000e+00,0.000000000000000000e+00,0.000000000000000000e+00,0.000000000000000000e+00
9.138399958610534668e-01,1.000000000000000000e+00,1.000000000000000000e+00,0.000000000000000000e+00,0.000000000000000000e+00,0.000000000000000000e+00
9.109504222869873047e-01,1.000000000000000000e+00,1.000000000000000000e+00,0.000000000000000000e+00,0.000000000000000000e+00,0.000000000000000000e+00
9.394726753234863281e-01,1.000000000000000000e+00,1.000000000000000000e+00,0.000000000000000000e+00,0.000000000000000000e+00,0.000000000000000000e+00
1.000000000000000000e+00,1.000000000000000000e+00,9.047088623046875000e-01,0.000000000000000000e+00,0.000000000000000000e+00,0.000000000000000000e+00
