# CPU,RAM,NetworkR,NetworkW,DiskW,DiskR
9.390875697135925293e-01,9.407951235771179199e-01,1.000000000000000000e+00,9.379458427429199219e-02,9.656482934951782227e-02,9.785628318786621094e-02
9.014218449592590332e-01,9.167221784591674805e-01,1.000000000000000000e+00,7.788228988647460938e-02,9.701383113861083984e-02,9.389674663543701172e-02
9.125008583068847656e-01,1.000000000000000000e+00,1.000000000000000000e+00,8.062303066253662109e-03,8.104777336120605469e-02,7.842445373535156250e-02
1.000000000000000000e+00,1.000000000000000000e+00,1.000000000000000000e+00,0.000000000000000000e+00,0.000000000000000000e+00,4.923361539840698242e-02
1.000000000000000000e+00,1.000000000000000000e+00,1.000000000000000000e+00,0.000000000000000000e+00,0.000000000000000000e+00,5.967800039798021317e-03
9.480788707733154297e-01,1.000000000000000000e+00,1.000000000000000000e+00,0.000000000000000000e+00,0.000000000000000000e+00,0.000000000000000000e+00
9.027785062789916992e-01,1.000000000000000000e+00,1.000000000000000000e+00,0.000000000000000000e+00,0.000000000000000000e+00,0.000000000000000000e+00
1.000000000000000000e+00,1.000000000000000000e+00,1.000000000000000000e+00,0.000000000000000000e+00,0.000000000000000000e+00,0.000000000000000000e+00
9.009944200515747070e-01,9.134431481361389160e-01,9.610564708709716797e-01,0.000000000000000000e+00,0.000000000000000000e+00,0.000000000000000000e+00
9.498676061630249023e-01,9.167199730873107910e-01,9.059337973594665527e-01,0.000000000000000000e+00,0.000000000000000000e+00,0.000000000000000000e+00
