# CPU,RAM,NetworkR,NetworkW,DiskW,DiskR
9.391090273857116699e-01,9.407350420951843262e-01,1.000000000000000000e+00,9.379339218139648438e-02,9.656620025634765625e-02,9.785515069961547852e-02
9.010937809944152832e-01,9.719461202621459961e-01,1.000000000000000000e+00,6.675810366868972778e-02,9.620398283004760742e-02,9.001654386520385742e-02
9.026357531547546387e-01,9.587637782096862793e-01,1.000000000000000000e+00,5.769199132919311523e-02,9.169185161590576172e-02,9.093630313873291016e-02
9.017639756202697754e-01,9.973987936973571777e-01,1.000000000000000000e+00,3.281790018081665039e-02,5.738621950149536133e-02,7.706171274185180664e-02
9.009962677955627441e-01,9.901999831199645996e-01,1.000000000000000000e+00,0.000000000000000000e+00,0.000000000000000000e+00,0.000000000000000000e+00
9.126414060592651367e-01,1.000000000000000000e+00,1.000000000000000000e+00,0.000000000000000000e+00,0.000000000000000000e+00,0.000000000000000000e+00
9.133591651916503906e-01,1.000000000000000000e+00,1.000000000000000000e+00,0.000000000000000000e+00,0.000000000000000000e+00,0.000000000000000000e+00
9.064782261848449707e-01,1.000000000000000000e+00,1.000000000000000000e+00,0.000000000000000000e+00,0.000000000000000000e+00,0.000000000000000000e+00
9.241640567779541016e-01,1.000000000000000000e+00,1.000000000000000000e+00,0.000000000000000000e+00,0.000000000000000000e+00,0.000000000000000000e+00
1.000000000000000000e+00,1.000000000000000000e+00,9.053976535797119141e-01,0.000000000000000000e+00,0.000000000000000000e+00,0.000000000000000000e+00
