# CPU,RAM,NetworkR,NetworkW,DiskW,DiskR
9.391578435897827148e-01,9.407725930213928223e-01,1.000000000000000000e+00,9.379333257675170898e-02,9.656536579132080078e-02,9.785568714141845703e-02
9.012559652328491211e-01,9.424244165420532227e-01,1.000000000000000000e+00,7.068771123886108398e-02,9.659659862518310547e-02,9.177219867706298828e-02
9.071245789527893066e-01,1.000000000000000000e+00,1.000000000000000000e+00,3.286701440811157227e-02,8.862841129302978516e-02,8.631479740142822266e-02
9.221991896629333496e-01,1.000000000000000000e+00,1.000000000000000000e+00,0.000000000000000000e+00,6.274932622909545898e-02,7.602065801620483398e-02
1.000000000000000000e+00,1.000000000000000000e+00,1.000000000000000000e+00,0.000000000000000000e+00,0.000000000000000000e+00,2.918189950287342072e-02
9.663772583007812500e-01,1.000000000000000000e+00,1.000000000000000000e+00,0.000000000000000000e+00,0.000000000000000000e+00,0.000000000000000000e+00
9.032649397850036621e-01,1.000000000000000000e+00,1.000000000000000000e+00,0.000000000000000000e+00,0.000000000000000000e+00,0.000000000000000000e+00
1.000000000000000000e+00,1.000000000000000000e+00,1.000000000000000000e+00,0.000000000000000000e+00,0.000000000000000000e+00,0.000000000000000000e+00
9.050086140632629395e-01,9.043978452682495117e-01,9.889277815818786621e-01,0.000000000000000000e+00,0.000000000000000000e+00,0.000000000000000000e+00
1.000000000000000000e+00,9.143940210342407227e-01,9.043796658515930176e-01,0.000000000000000000e+00,0.000000000000000000e+00,0.000000000000000000e+00
