# CPU,RAM,NetworkR,NetworkW,DiskW,DiskR
9.390493631362915039e-01,9.406859874725341797e-01,1.000000000000000000e+00,9.379476308822631836e-02,9.656780958175659180e-02,9.785491228103637695e-02
9.009482860565185547e-01,1.000000000000000000e+00,1.000000000000000000e+00,6.448817253112792969e-02,9.581840038299560547e-02,8.826959133148193359e-02
9.031424522399902344e-01,9.432660937309265137e-01,1.000000000000000000e+00,6.234490871429443359e-02,9.308499097824096680e-02,9.239077568054199219e-02
9.020541310310363770e-01,1.000000000000000000e+00,1.000000000000000000e+00,2.855539321899414062e-02,5.861133337020874023e-02,7.642495632171630859e-02
9.032665491104125977e-01,9.803829789161682129e-01,1.000000000000000000e+00,0.000000000000000000e+00,0.000000000000000000e+00,2.589511871337890625e-02
1.000000000000000000e+00,1.000000000000000000e+00,1.000000000000000000e+00,0.000000000000000000e+00,0.000000000000000000e+00,0.000000000000000000e+00
1.000000000000000000e+00,1.000000000000000000e+00,1.000000000000000000e+00,0.000000000000000000e+00,0.000000000000000000e+00,0.000000000000000000e+00
1.000000000000000000e+00,1.000000000000000000e+00,9.634527564048767090e-01,0.000000000000000000e+00,0.000000000000000000e+00,0.000000000000000000e+00
9.091706275939941406e-01,9.011357426643371582e-01,9.651586413383483887e-01,0.000000000000000000e+00,0.000000000000000000e+00,0.000000000000000000e+00
1.000000000000000000e+00,9.054938554763793945e-01,9.076472520828247070e-01,0.000000000000000000e+00,0.000000000000000000e+00,0.000000000000000000e+00
