# CPU,RAM,NetworkR,NetworkW,DiskW,DiskR
9.390913844108581543e-01,9.408392906188964844e-01,1.000000000000000000e+00,9.379428625106811523e-02,9.656345844268798828e-02,9.785664081573486328e-02
9.009770154953002930e-01,1.000000000000000000e+00,1.000000000000000000e+00,6.352037191390991211e-02,9.572124481201171875e-02,8.797955513000488281e-02
9.026225805282592773e-01,9.557594060897827148e-01,1.000000000000000000e+00,5.935388803482055664e-02,9.187161922454833984e-02,9.130096435546875000e-02
9.013127088546752930e-01,9.856342077255249023e-01,1.000000000000000000e+00,3.887337446212768555e-02,5.922514200210571289e-02,7.849574089050292969e-02
9.007714390754699707e-01,9.762737751007080078e-01,1.000000000000000000e+00,0.000000000000000000e+00,0.000000000000000000e+00,4.390835762023925781e-03
9.113920331001281738e-01,1.000000000000000000e+00,1.000000000000000000e+00,0.000000000000000000e+00,0.000000000000000000e+00,0.000000000000000000e+00
9.153250455856323242e-01,1.000000000000000000e+00,1.000000000000000000e+00,0.000000000000000000e+00,0.000000000000000000e+00,0.000000000000000000e+00
9.079911112785339355e-01,1.000000000000000000e+00,1.000000000000000000e+00,0.000000000000000000e+00,0.000000000000000000e+00,0.000000000000000000e+00
9.244197607040405273e-01,1.000000000000000000e+00,1.000000000000000000e+00,0.000000000000000000e+00,0.000000000000000000e+00,0.000000000000000000e+00
1.000000000000000000e+00,1.000000000000000000e+00,9.049925208091735840e-01,0.000000000000000000e+00,0.000000000000000000e+00,0.000000000000000000e+00
