# CPU,RAM,NetworkR,NetworkW,DiskW,DiskR
9.390734434127807617e-01,9.405183196067810059e-01,1.000000000000000000e+00,9.379148483276367188e-02,9.657138586044311523e-02,9.785175323486328125e-02
9.001703858375549316e-01,1.000000000000000000e+00,1.000000000000000000e+00,5.010974407196044922e-02,8.160895109176635742e-02,0.000000000000000000e+00
9.005120396614074707e-01,1.000000000000000000e+00,1.000000000000000000e+00,5.828440189361572266e-03,2.404499053955078125e-02,0.000000000000000000e+00
9.002085924148559570e-01,1.000000000000000000e+00,1.000000000000000000e+00,1.567602157592773438e-05,0.000000000000000000e+00,0.000000000000000000e+00
9.001465439796447754e-01,1.000000000000000000e+00,1.000000000000000000e+00,0.000000000000000000e+00,0.000000000000000000e+00,0.000000000000000000e+00
9.012885093688964844e-01,1.000000000000000000e+00,1.000000000000000000e+00,0.000000000000000000e+00,0.000000000000000000e+00,0.000000000000000000e+00
9.018095731735229492e-01,1.000000000000000000e+00,1.000000000000000000e+00,0.000000000000000000e+00,0.000000000000000000e+00,0.000000000000000000e+00
9.062529802322387695e-01,1.000000000000000000e+00,1.000000000000000000e+00,0.000000000000000000e+00,0.000000000000000000e+00,0.000000000000000000e+00
1.000000000000000000e+00,1.000000000000000000e+00,1.000000000000000000e+00,0.000000000000000000e+00,0.000000000000000000e+00,0.000000000000000000e+00
1.000000000000000000e+00,1.000000000000000000e+00,9.066408872604370117e-01,0.000000000000000000e+00,0.000000000000000000e+00,0.000000000000000000e+00
