# CPU,RAM,NetworkR,NetworkW,DiskW,DiskR
9.391118884086608887e-01,9.407390952110290527e-01,1.000000000000000000e+00,9.379374980926513672e-02,9.656625986099243164e-02,9.785532951354980469e-02
9.012914896011352539e-01,9.427864551544189453e-01,1.000000000000000000e+00,7.050067186355590820e-02,9.660041332244873047e-02,9.177708625793457031e-02
9.113923907279968262e-01,1.000000000000000000e+00,1.000000000000000000e+00,1.805818080902099609e-02,8.515727519989013672e-02,8.348506689071655273e-02
9.343014955520629883e-01,1.000000000000000000e+00,1.000000000000000000e+00,0.000000000000000000e+00,0.000000000000000000e+00,4.437339305877685547e-02
9.378351569175720215e-01,1.000000000000000000e+00,1.000000000000000000e+00,0.000000000000000000e+00,0.000000000000000000e+00,3.079867362976074219e-02
9.384226202964782715e-01,1.000000000000000000e+00,1.000000000000000000e+00,0.000000000000000000e+00,0.000000000000000000e+00,0.000000000000000000e+00
9.024459719657897949e-01,1.000000000000000000e+00,1.000000000000000000e+00,0.000000000000000000e+00,0.000000000000000000e+00,3.704190254211425781e-03
1.000000000000000000e+00,1.000000000000000000e+00,1.000000000000000000e+00,0.000000000000000000e+00,0.000000000000000000e+00,0.000000000000000000e+00
9.030037522315979004e-01,9.048131704330444336e-01,1.000000000000000000e+00,0.000000000000000000e+00,0.000000000000000000e+00,0.000000000000000000e+00
9.940254688262939453e-01,9.106346368789672852e-01,9.063927531242370605e-01,0.000000000000000000e+00,0.000000000000000000e+00,0.000000000000000000e+00
