# CPU,RAM,NetworkR,NetworkW,DiskW,DiskR
9.391910433769226074e-01,9.398869276046752930e-01,1.000000000000000000e+00,9.377622604370117188e-02,9.658378362655639648e-02,9.783858060836791992e-02
9.013152122497558594e-01,9.247045516967773438e-01,1.000000000000000000e+00,7.499295473098754883e-02,9.685325622558593750e-02,9.302687644958496094e-02
9.016602635383605957e-01,1.000000000000000000e+00,1.000000000000000000e+00,3.860986232757568359e-02,8.357322216033935547e-02,8.211171627044677734e-02
9.026023745536804199e-01,1.000000000000000000e+00,1.000000000000000000e+00,1.707899942994117737e-02,3.577905893325805664e-02,6.800395250320434570e-02
9.014278054237365723e-01,1.000000000000000000e+00,1.000000000000000000e+00,0.000000000000000000e+00,0.000000000000000000e+00,0.000000000000000000e+00
9.124823212623596191e-01,1.000000000000000000e+00,1.000000000000000000e+00,0.000000000000000000e+00,0.000000000000000000e+00,0.000000000000000000e+00
9.094446301460266113e-01,1.000000000000000000e+00,1.000000000000000000e+00,0.000000000000000000e+00,0.000000000000000000e+00,0.000000000000000000e+00
9.052663445472717285e-01,1.000000000000000000e+00,1.000000000000000000e+00,0.000000000000000000e+00,0.000000000000000000e+00,0.000000000000000000e+00
9.610182642936706543e-01,1.000000000000000000e+00,1.000000000000000000e+00,0.000000000000000000e+00,0.000000000000000000e+00,0.000000000000000000e+00
1.000000000000000000e+00,1.000000000000000000e+00,9.051125049591064453e-01,0.000000000000000000e+00,0.000000000000000000e+00,0.000000000000000000e+00
