# CPU,RAM,NetworkR,NetworkW,DiskW,DiskR
9.391165375709533691e-01,9.406780600547790527e-01,1.000000000000000000e+00,9.379273653030395508e-02,9.656757116317749023e-02,9.785419702529907227e-02
9.002785086631774902e-01,1.000000000000000000e+00,1.000000000000000000e+00,5.713617801666259766e-02,9.041440486907958984e-02,3.425794839859008789e-02
9.015777707099914551e-01,1.000000000000000000e+00,1.000000000000000000e+00,3.456217050552368164e-02,7.943713665008544922e-02,6.850355863571166992e-02
9.006609320640563965e-01,1.000000000000000000e+00,1.000000000000000000e+00,1.901495456695556641e-02,1.153469085693359375e-03,4.890120029449462891e-02
9.002563953399658203e-01,1.000000000000000000e+00,1.000000000000000000e+00,0.000000000000000000e+00,0.000000000000000000e+00,0.000000000000000000e+00
9.033390879631042480e-01,1.000000000000000000e+00,1.000000000000000000e+00,0.000000000000000000e+00,0.000000000000000000e+00,0.000000000000000000e+00
9.028846025466918945e-01,1.000000000000000000e+00,1.000000000000000000e+00,0.000000000000000000e+00,0.000000000000000000e+00,0.000000000000000000e+00
9.026745557785034180e-01,1.000000000000000000e+00,1.000000000000000000e+00,0.000000000000000000e+00,0.000000000000000000e+00,0.000000000000000000e+00
9.356428980827331543e-01,1.000000000000000000e+00,1.000000000000000000e+00,0.000000000000000000e+00,0.000000000000000000e+00,0.000000000000000000e+00
1.000000000000000000e+00,1.000000000000000000e+00,9.068235158920288086e-01,0.000000000000000000e+00,0.000000000000000000e+00,0.000000000000000000e+00
