# CPU,RAM,NetworkR,NetworkW,DiskW,DiskR
9.391599297523498535e-01,9.407699704170227051e-01,1.000000000000000000e+00,9.379339218139648438e-02,9.656548500061035156e-02,9.785568714141845703e-02
9.011354446411132812e-01,9.795301556587219238e-01,1.000000000000000000e+00,6.577312946319580078e-02,9.614342451095581055e-02,8.980017900466918945e-02
9.052344560623168945e-01,1.000000000000000000e+00,1.000000000000000000e+00,3.998857736587524414e-02,8.933740854263305664e-02,8.779495954513549805e-02
9.030661582946777344e-01,9.922540187835693359e-01,1.000000000000000000e+00,3.756445646286010742e-02,7.002002000808715820e-02,8.308923244476318359e-02
9.023606777191162109e-01,9.998165965080261230e-01,1.000000000000000000e+00,0.000000000000000000e+00,0.000000000000000000e+00,2.693110704421997070e-02
9.413429498672485352e-01,9.888065457344055176e-01,1.000000000000000000e+00,0.000000000000000000e+00,0.000000000000000000e+00,0.000000000000000000e+00
1.000000000000000000e+00,1.000000000000000000e+00,1.000000000000000000e+00,0.000000000000000000e+00,0.000000000000000000e+00,1.563870906829833984e-02
1.000000000000000000e+00,1.000000000000000000e+00,9.977242350578308105e-01,0.000000000000000000e+00,0.000000000000000000e+00,0.000000000000000000e+00
9.069191813468933105e-01,9.014846682548522949e-01,9.623440504074096680e-01,0.000000000000000000e+00,0.000000000000000000e+00,0.000000000000000000e+00
1.000000000000000000e+00,9.062867164611816406e-01,9.067652225494384766e-01,0.000000000000000000e+00,0.000000000000000000e+00,0.000000000000000000e+00
