# CPU,RAM,NetworkR,NetworkW,DiskW,DiskR
9.390166997909545898e-01,9.405685663223266602e-01,1.000000000000000000e+00,9.379280358552932739e-02,9.657019376754760742e-02,9.785270690917968750e-02
9.002754688262939453e-01,1.000000000000000000e+00,1.000000000000000000e+00,5.916762351989746094e-02,9.137654304504394531e-02,4.068768024444580078e-02
9.005293846130371094e-01,1.000000000000000000e+00,1.000000000000000000e+00,2.033036947250366211e-02,5.264425277709960938e-02,3.152459859848022461e-02
9.002876281738281250e-01,1.000000000000000000e+00,1.000000000000000000e+00,7.013142108917236328e-03,0.000000000000000000e+00,0.000000000000000000e+00
9.001660943031311035e-01,1.000000000000000000e+00,1.000000000000000000e+00,0.000000000000000000e+00,0.000000000000000000e+00,0.000000000000000000e+00
9.017663598060607910e-01,1.000000000000000000e+00,1.000000000000000000e+00,0.000000000000000000e+00,0.000000000000000000e+00,0.000000000000000000e+00
9.017911553382873535e-01,1.000000000000000000e+00,1.000000000000000000e+00,0.000000000000000000e+00,0.000000000000000000e+00,0.000000000000000000e+00
9.054733514785766602e-01,1.000000000000000000e+00,1.000000000000000000e+00,0.000000000000000000e+00,0.000000000000000000e+00,0.000000000000000000e+00
1.000000000000000000e+00,1.000000000000000000e+00,1.000000000000000000e+00,0.000000000000000000e+00,0.000000000000000000e+00,0.000000000000000000e+00
1.000000000000000000e+00,1.000000000000000000e+00,9.056679010391235352e-01,0.000000000000000000e+00,0.000000000000000000e+00,0.000000000000000000e+00
