# CPU,RAM,NetworkR,NetworkW,DiskW,DiskR
9.390574097633361816e-01,9.403486847877502441e-01,1.000000000000000000e+00,9.378772974014282227e-02,9.657460451126098633e-02,9.784823656082153320e-02
9.007700681686401367e-01,9.592896699905395508e-01,1.000000000000000000e+00,6.959855556488037109e-02,9.609609842300415039e-02,8.923196792602539062e-02
9.018977880477905273e-01,9.850181341171264648e-01,1.000000000000000000e+00,5.235683917999267578e-02,8.974468708038330078e-02,8.810693025588989258e-02
9.016031622886657715e-01,1.000000000000000000e+00,1.000000000000000000e+00,1.647746562957763672e-02,3.239065408706665039e-02,6.545776128768920898e-02
9.007987976074218750e-01,1.000000000000000000e+00,1.000000000000000000e+00,0.000000000000000000e+00,0.000000000000000000e+00,0.000000000000000000e+00
9.088491201400756836e-01,1.000000000000000000e+00,1.000000000000000000e+00,0.000000000000000000e+00,0.000000000000000000e+00,0.000000000000000000e+00
9.050698280334472656e-01,1.000000000000000000e+00,1.000000000000000000e+00,0.000000000000000000e+00,0.000000000000000000e+00,0.000000000000000000e+00
9.042239189147949219e-01,1.000000000000000000e+00,1.000000000000000000e+00,0.000000000000000000e+00,0.000000000000000000e+00,0.000000000000000000e+00
9.722257852554321289e-01,1.000000000000000000e+00,1.000000000000000000e+00,0.000000000000000000e+00,0.000000000000000000e+00,0.000000000000000000e+00
1.000000000000000000e+00,1.000000000000000000e+00,9.050357341766357422e-01,0.000000000000000000e+00,0.000000000000000000e+00,0.000000000000000000e+00
