# CPU,RAM,NetworkR,NetworkW,DiskW,DiskR
9.389644861221313477e-01,9.403023719787597656e-01,1.000000000000000000e+00,9.378647804260253906e-02,9.657478332519531250e-02,9.784698486328125000e-02
9.008092284202575684e-01,1.000000000000000000e+00,1.000000000000000000e+00,6.410896778106689453e-02,9.554892778396606445e-02,8.673572540283203125e-02
9.020167589187622070e-01,1.000000000000000000e+00,1.000000000000000000e+00,4.890245199203491211e-02,8.847939968109130859e-02,8.734375238418579102e-02
9.015069603919982910e-01,1.000000000000000000e+00,1.000000000000000000e+00,1.795864105224609375e-02,3.377312421798706055e-02,6.653660535812377930e-02
9.005934000015258789e-01,1.000000000000000000e+00,1.000000000000000000e+00,0.000000000000000000e+00,0.000000000000000000e+00,0.000000000000000000e+00
9.060836434364318848e-01,1.000000000000000000e+00,1.000000000000000000e+00,0.000000000000000000e+00,0.000000000000000000e+00,0.000000000000000000e+00
9.053214192390441895e-01,1.000000000000000000e+00,1.000000000000000000e+00,0.000000000000000000e+00,0.000000000000000000e+00,0.000000000000000000e+00
9.039034843444824219e-01,1.000000000000000000e+00,1.000000000000000000e+00,0.000000000000000000e+00,0.000000000000000000e+00,0.000000000000000000e+00
9.535335898399353027e-01,1.000000000000000000e+00,1.000000000000000000e+00,0.000000000000000000e+00,0.000000000000000000e+00,0.000000000000000000e+00
1.000000000000000000e+00,1.000000000000000000e+00,9.054055809974670410e-01,0.000000000000000000e+00,0.000000000000000000e+00,0.000000000000000000e+00
