# CPU,RAM,NetworkR,NetworkW,DiskW,DiskR
9.390647411346435547e-01,9.408506751060485840e-01,1.000000000000000000e+00,9.379506111145019531e-02,9.656333923339843750e-02,9.785705804824829102e-02
9.011476039886474609e-01,9.807100296020507812e-01,1.000000000000000000e+00,6.555175781250000000e-02,9.610980749130249023e-02,8.969575166702270508e-02
9.129292368888854980e-01,1.000000000000000000e+00,1.000000000000000000e+00,3.263187408447265625e-02,9.065991640090942383e-02,8.826363086700439453e-02
9.441984891891479492e-01,1.000000000000000000e+00,1.000000000000000000e+00,0.000000000000000000e+00,3.436982631683349609e-02,6.602489948272705078e-02
9.865465760231018066e-01,1.000000000000000000e+00,1.000000000000000000e+00,0.000000000000000000e+00,0.000000000000000000e+00,4.099631309509277344e-02
9.418741464614868164e-01,1.000000000000000000e+00,1.000000000000000000e+00,0.000000000000000000e+00,0.000000000000000000e+00,0.000000000000000000e+00
9.019528031349182129e-01,1.000000000000000000e+00,1.000000000000000000e+00,0.000000000000000000e+00,0.000000000000000000e+00,0.000000000000000000e+00
1.000000000000000000e+00,1.000000000000000000e+00,1.000000000000000000e+00,0.000000000000000000e+00,0.000000000000000000e+00,0.000000000000000000e+00
9.044899940490722656e-01,9.047221541404724121e-01,1.000000000000000000e+00,0.000000000000000000e+00,0.000000000000000000e+00,0.000000000000000000e+00
9.895773530006408691e-01,9.106210470199584961e-01,9.073051214218139648e-01,0.000000000000000000e+00,0.000000000000000000e+00,0.000000000000000000e+00
