# CPU,RAM,NetworkR,NetworkW,DiskW,DiskR
9.391974210739135742e-01,9.408332109451293945e-01,1.000000000000000000e+00,9.379321336746215820e-02,9.656381607055664062e-02,9.785646200180053711e-02
9.004191756248474121e-01,1.000000000000000000e+00,1.000000000000000000e+00,5.384904146194458008e-02,9.020835161209106445e-02,5.452942848205566406e-02
9.053311944007873535e-01,9.436584115028381348e-01,1.000000000000000000e+00,5.897510051727294922e-02,9.264469146728515625e-02,9.006094932556152344e-02
9.014472365379333496e-01,9.966368079185485840e-01,1.000000000000000000e+00,3.703224658966064453e-02,6.343734264373779297e-02,7.806885242462158203e-02
9.004585146903991699e-01,9.798239469528198242e-01,1.000000000000000000e+00,2.330601215362548828e-03,0.000000000000000000e+00,1.027560234069824219e-02
9.053226113319396973e-01,9.981362819671630859e-01,1.000000000000000000e+00,0.000000000000000000e+00,0.000000000000000000e+00,0.000000000000000000e+00
9.074199199676513672e-01,1.000000000000000000e+00,1.000000000000000000e+00,0.000000000000000000e+00,0.000000000000000000e+00,0.000000000000000000e+00
9.055156111717224121e-01,1.000000000000000000e+00,1.000000000000000000e+00,0.000000000000000000e+00,0.000000000000000000e+00,0.000000000000000000e+00
9.346015453338623047e-01,1.000000000000000000e+00,1.000000000000000000e+00,0.000000000000000000e+00,0.000000000000000000e+00,0.000000000000000000e+00
1.000000000000000000e+00,1.000000000000000000e+00,9.060358405113220215e-01,0.000000000000000000e+00,0.000000000000000000e+00,0.000000000000000000e+00
