# CPU,RAM,NetworkR,NetworkW,DiskW,DiskR
9.391511678695678711e-01,9.407417178153991699e-01,1.000000000000000000e+00,9.379357099533081055e-02,9.656631946563720703e-02,9.785538911819458008e-02
9.013702273368835449e-01,9.241847395896911621e-01,1.000000000000000000e+00,7.507246732711791992e-02,9.687852859497070312e-02,9.314864873886108398e-02
9.041025638580322266e-01,1.000000000000000000e+00,1.000000000000000000e+00,6.574153900146484375e-03,6.717222929000854492e-02,7.116252183914184570e-02
9.167383909225463867e-01,1.000000000000000000e+00,1.000000000000000000e+00,1.950407028198242188e-02,6.939893960952758789e-02,8.111917972564697266e-02
9.267488718032836914e-01,1.000000000000000000e+00,1.000000000000000000e+00,0.000000000000000000e+00,0.000000000000000000e+00,2.421063184738159180e-02
9.752975106239318848e-01,1.000000000000000000e+00,1.000000000000000000e+00,0.000000000000000000e+00,0.000000000000000000e+00,7.252693176269531250e-04
9.256471991539001465e-01,1.000000000000000000e+00,1.000000000000000000e+00,0.000000000000000000e+00,0.000000000000000000e+00,0.000000000000000000e+00
1.000000000000000000e+00,1.000000000000000000e+00,1.000000000000000000e+00,0.000000000000000000e+00,0.000000000000000000e+00,0.000000000000000000e+00
9.060212373733520508e-01,9.025373458862304688e-01,9.802350401878356934e-01,0.000000000000000000e+00,0.000000000000000000e+00,0.000000000000000000e+00
1.000000000000000000e+00,9.080023169517517090e-01,9.062131047248840332e-01,0.000000000000000000e+00,0.000000000000000000e+00,0.000000000000000000e+00
