# CPU,RAM,NetworkR,NetworkW,DiskW,DiskR
9.391295909881591797e-01,9.407666921615600586e-01,1.000000000000000000e+00,9.379410743713378906e-02,9.656572341918945312e-02,9.785580635070800781e-02
9.011476039886474609e-01,9.761150479316711426e-01,1.000000000000000000e+00,6.608903408050537109e-02,9.617990255355834961e-02,8.995336294174194336e-02
9.069732427597045898e-01,9.970775246620178223e-01,1.000000000000000000e+00,4.426127672195434570e-02,9.149557352066040039e-02,8.962547779083251953e-02
9.044525027275085449e-01,1.000000000000000000e+00,1.000000000000000000e+00,2.936357259750366211e-02,6.988400220870971680e-02,8.184164762496948242e-02
9.120221734046936035e-01,1.000000000000000000e+00,1.000000000000000000e+00,0.000000000000000000e+00,0.000000000000000000e+00,3.259915113449096680e-02
9.817613959312438965e-01,1.000000000000000000e+00,1.000000000000000000e+00,0.000000000000000000e+00,0.000000000000000000e+00,0.000000000000000000e+00
9.851026535034179688e-01,1.000000000000000000e+00,1.000000000000000000e+00,0.000000000000000000e+00,0.000000000000000000e+00,2.139651775360107422e-02
1.000000000000000000e+00,1.000000000000000000e+00,9.977596402168273926e-01,0.000000000000000000e+00,0.000000000000000000e+00,0.000000000000000000e+00
9.126757383346557617e-01,9.019929170608520508e-01,9.756039381027221680e-01,0.000000000000000000e+00,0.000000000000000000e+00,0.000000000000000000e+00
1.000000000000000000e+00,9.089645743370056152e-01,9.051821231842041016e-01,0.000000000000000000e+00,0.000000000000000000e+00,0.000000000000000000e+00
