# CPU,RAM,NetworkR,NetworkW,DiskW,DiskR
9.391357898712158203e-01,9.405804276466369629e-01,1.000000000000000000e+00,9.379310160875320435e-02,9.657067060470581055e-02,9.785324335098266602e-02
9.013671875000000000e-01,9.212856888771057129e-01,1.000000000000000000e+00,7.614767551422119141e-02,9.694874286651611328e-02,9.346514940261840820e-02
9.016939997673034668e-01,1.000000000000000000e+00,1.000000000000000000e+00,3.314322233200073242e-02,8.066016435623168945e-02,7.934814691543579102e-02
9.040102362632751465e-01,1.000000000000000000e+00,1.000000000000000000e+00,2.197432518005371094e-02,5.194836854934692383e-02,7.427692413330078125e-02
9.019117951393127441e-01,1.000000000000000000e+00,1.000000000000000000e+00,0.000000000000000000e+00,0.000000000000000000e+00,0.000000000000000000e+00
9.097696542739868164e-01,1.000000000000000000e+00,1.000000000000000000e+00,0.000000000000000000e+00,0.000000000000000000e+00,0.000000000000000000e+00
9.132890701293945312e-01,1.000000000000000000e+00,1.000000000000000000e+00,0.000000000000000000e+00,0.000000000000000000e+00,0.000000000000000000e+00
9.080790877342224121e-01,1.000000000000000000e+00,1.000000000000000000e+00,0.000000000000000000e+00,0.000000000000000000e+00,0.000000000000000000e+00
9.466286301612854004e-01,1.000000000000000000e+00,1.000000000000000000e+00,0.000000000000000000e+00,0.000000000000000000e+00,0.000000000000000000e+00
1.000000000000000000e+00,1.000000000000000000e+00,9.055662155151367188e-01,0.000000000000000000e+00,0.000000000000000000e+00,0.000000000000000000e+00
