# CPU,RAM,NetworkR,NetworkW,DiskW,DiskR
9.391778707504272461e-01,9.408014416694641113e-01,1.000000000000000000e+00,9.379291534423828125e-02,9.656453132629394531e-02,9.785592555999755859e-02
9.011093378067016602e-01,9.735475182533264160e-01,1.000000000000000000e+00,6.654763221740722656e-02,9.620606899261474609e-02,9.003269672393798828e-02
9.026140570640563965e-01,9.727223515510559082e-01,1.000000000000000000e+00,5.421912670135498047e-02,9.081554412841796875e-02,8.998537063598632812e-02
9.018845558166503906e-01,9.849019646644592285e-01,1.000000000000000000e+00,3.798973560333251953e-02,6.337356567382812500e-02,8.014315366744995117e-02
9.087871313095092773e-01,1.000000000000000000e+00,1.000000000000000000e+00,0.000000000000000000e+00,0.000000000000000000e+00,1.797318458557128906e-02
1.000000000000000000e+00,1.000000000000000000e+00,1.000000000000000000e+00,0.000000000000000000e+00,0.000000000000000000e+00,8.039116859436035156e-03
1.000000000000000000e+00,1.000000000000000000e+00,1.000000000000000000e+00,0.000000000000000000e+00,0.000000000000000000e+00,2.459198236465454102e-02
1.000000000000000000e+00,1.000000000000000000e+00,9.955074787139892578e-01,0.000000000000000000e+00,0.000000000000000000e+00,0.000000000000000000e+00
9.052155613899230957e-01,9.017590284347534180e-01,9.713173508644104004e-01,0.000000000000000000e+00,0.000000000000000000e+00,0.000000000000000000e+00
1.000000000000000000e+00,9.066969156265258789e-01,9.069802165031433105e-01,0.000000000000000000e+00,0.000000000000000000e+00,0.000000000000000000e+00
