# CPU,RAM,NetworkR,NetworkW,DiskW,DiskR
9.391576647758483887e-01,9.408031105995178223e-01,1.000000000000000000e+00,9.379310160875320435e-02,9.656441211700439453e-02,9.785598516464233398e-02
9.013371467590332031e-01,9.210070371627807617e-01,1.000000000000000000e+00,7.631957530975341797e-02,9.693467617034912109e-02,9.346413612365722656e-02
9.036779403686523438e-01,1.000000000000000000e+00,1.000000000000000000e+00,3.004461526870727539e-02,8.402979373931884766e-02,8.179259300231933594e-02
9.037255644798278809e-01,9.828179478645324707e-01,1.000000000000000000e+00,3.392899036407470703e-02,6.351584196090698242e-02,8.045119047164916992e-02
9.116358757019042969e-01,1.000000000000000000e+00,1.000000000000000000e+00,0.000000000000000000e+00,0.000000000000000000e+00,6.278216838836669922e-03
9.432736039161682129e-01,1.000000000000000000e+00,1.000000000000000000e+00,0.000000000000000000e+00,0.000000000000000000e+00,0.000000000000000000e+00
9.990266561508178711e-01,1.000000000000000000e+00,1.000000000000000000e+00,0.000000000000000000e+00,0.000000000000000000e+00,0.000000000000000000e+00
1.000000000000000000e+00,1.000000000000000000e+00,1.000000000000000000e+00,0.000000000000000000e+00,0.000000000000000000e+00,0.000000000000000000e+00
9.198053479194641113e-01,9.179764986038208008e-01,9.633714556694030762e-01,0.000000000000000000e+00,0.000000000000000000e+00,0.000000000000000000e+00
1.000000000000000000e+00,1.000000000000000000e+00,9.024478793144226074e-01,0.000000000000000000e+00,0.000000000000000000e+00,0.000000000000000000e+00
