# CPU,RAM,NetworkR,NetworkW,DiskW,DiskR
9.390850663185119629e-01,9.405503869056701660e-01,1.000000000000000000e+00,9.379000216722488403e-02,9.656990319490432739e-02,9.785157442092895508e-02
9.008908271789550781e-01,9.555474519729614258e-01,1.000000000000000000e+00,6.952196359634399414e-02,9.617692232131958008e-02,8.987247943878173828e-02
9.017934799194335938e-01,1.000000000000000000e+00,1.000000000000000000e+00,4.324704408645629883e-02,8.556675910949707031e-02,8.433008193969726562e-02
9.016780257225036621e-01,1.000000000000000000e+00,1.000000000000000000e+00,1.204741001129150391e-02,2.017694711685180664e-02,6.152439117431640625e-02
9.006553292274475098e-01,1.000000000000000000e+00,1.000000000000000000e+00,0.000000000000000000e+00,0.000000000000000000e+00,0.000000000000000000e+00
9.067462682723999023e-01,1.000000000000000000e+00,1.000000000000000000e+00,0.000000000000000000e+00,0.000000000000000000e+00,0.000000000000000000e+00
9.043793082237243652e-01,1.000000000000000000e+00,1.000000000000000000e+00,0.000000000000000000e+00,0.000000000000000000e+00,0.000000000000000000e+00
9.034353494644165039e-01,1.000000000000000000e+00,1.000000000000000000e+00,0.000000000000000000e+00,0.000000000000000000e+00,0.000000000000000000e+00
9.435950517654418945e-01,1.000000000000000000e+00,1.000000000000000000e+00,0.000000000000000000e+00,0.000000000000000000e+00,0.000000000000000000e+00
1.000000000000000000e+00,1.000000000000000000e+00,9.056513905525207520e-01,0.000000000000000000e+00,0.000000000000000000e+00,0.000000000000000000e+00
