# CPU,RAM,NetworkR,NetworkW,DiskW,DiskR
9.391088485717773438e-01,9.406584501266479492e-01,1.000000000000000000e+00,9.379386901855468750e-02,9.656858444213867188e-02,9.785437583923339844e-02
9.008557796478271484e-01,1.000000000000000000e+00,1.000000000000000000e+00,6.254673004150390625e-02,9.539288282394409180e-02,8.633297681808471680e-02
9.033874273300170898e-01,9.434202909469604492e-01,1.000000000000000000e+00,6.217771768569946289e-02,9.309065341949462891e-02,9.232300519943237305e-02
9.083073139190673828e-01,1.000000000000000000e+00,1.000000000000000000e+00,7.492840290069580078e-03,6.344276666641235352e-02,7.528346776962280273e-02
9.696195125579833984e-01,1.000000000000000000e+00,1.000000000000000000e+00,0.000000000000000000e+00,0.000000000000000000e+00,2.156245708465576172e-02
1.000000000000000000e+00,1.000000000000000000e+00,1.000000000000000000e+00,0.000000000000000000e+00,0.000000000000000000e+00,0.000000000000000000e+00
9.080657958984375000e-01,1.000000000000000000e+00,1.000000000000000000e+00,0.000000000000000000e+00,0.000000000000000000e+00,0.000000000000000000e+00
1.000000000000000000e+00,1.000000000000000000e+00,1.000000000000000000e+00,0.000000000000000000e+00,0.000000000000000000e+00,0.000000000000000000e+00
9.058524370193481445e-01,9.048721194267272949e-01,9.781279563903808594e-01,0.000000000000000000e+00,0.000000000000000000e+00,0.000000000000000000e+00
1.000000000000000000e+00,9.103202819824218750e-01,9.053322672843933105e-01,0.000000000000000000e+00,0.000000000000000000e+00,0.000000000000000000e+00
