# CPU,RAM,NetworkR,NetworkW,DiskW,DiskR
9.390512704849243164e-01,9.407980442047119141e-01,1.000000000000000000e+00,9.379422664642333984e-02,9.656441211700439453e-02,9.785610437393188477e-02
9.014034271240234375e-01,9.148741960525512695e-01,1.000000000000000000e+00,7.882314920425415039e-02,9.704869985580444336e-02,9.411907196044921875e-02
9.033693075180053711e-01,1.000000000000000000e+00,1.000000000000000000e+00,1.888078451156616211e-02,7.672768831253051758e-02,7.509928941726684570e-02
9.035210013389587402e-01,9.782888293266296387e-01,1.000000000000000000e+00,3.361034393310546875e-02,5.742639303207397461e-02,7.881760597229003906e-02
9.017841219902038574e-01,1.000000000000000000e+00,1.000000000000000000e+00,0.000000000000000000e+00,0.000000000000000000e+00,0.000000000000000000e+00
9.197654724121093750e-01,1.000000000000000000e+00,1.000000000000000000e+00,0.000000000000000000e+00,0.000000000000000000e+00,0.000000000000000000e+00
9.463368058204650879e-01,1.000000000000000000e+00,1.000000000000000000e+00,0.000000000000000000e+00,0.000000000000000000e+00,0.000000000000000000e+00
9.602682590484619141e-01,1.000000000000000000e+00,1.000000000000000000e+00,0.000000000000000000e+00,0.000000000000000000e+00,0.000000000000000000e+00
9.736196994781494141e-01,9.854447245597839355e-01,1.000000000000000000e+00,0.000000000000000000e+00,0.000000000000000000e+00,0.000000000000000000e+00
1.000000000000000000e+00,1.000000000000000000e+00,9.036860466003417969e-01,0.000000000000000000e+00,0.000000000000000000e+00,0.000000000000000000e+00
