# CPU,RAM,NetworkR,NetworkW,DiskW,DiskR
9.390424489974975586e-01,9.407590627670288086e-01,1.000000000000000000e+00,9.379494190216064453e-02,9.656578302383422852e-02,9.785586595535278320e-02
9.014290571212768555e-01,9.163875579833984375e-01,1.000000000000000000e+00,7.801973819732666016e-02,9.702140092849731445e-02,9.393376111984252930e-02
9.103451371192932129e-01,1.000000000000000000e+00,1.000000000000000000e+00,1.633942127227783203e-03,7.438588142395019531e-02,7.428872585296630859e-02
1.000000000000000000e+00,1.000000000000000000e+00,1.000000000000000000e+00,0.000000000000000000e+00,1.815736293792724609e-03,5.334407091140747070e-02
1.000000000000000000e+00,1.000000000000000000e+00,1.000000000000000000e+00,0.000000000000000000e+00,0.000000000000000000e+00,1.106035709381103516e-02
9.390622377395629883e-01,1.000000000000000000e+00,1.000000000000000000e+00,0.000000000000000000e+00,0.000000000000000000e+00,0.000000000000000000e+00
9.019101858139038086e-01,1.000000000000000000e+00,1.000000000000000000e+00,0.000000000000000000e+00,0.000000000000000000e+00,0.000000000000000000e+00
1.000000000000000000e+00,1.000000000000000000e+00,1.000000000000000000e+00,0.000000000000000000e+00,0.000000000000000000e+00,0.000000000000000000e+00
9.007889032363891602e-01,9.117878675460815430e-01,9.606426358222961426e-01,0.000000000000000000e+00,0.000000000000000000e+00,0.000000000000000000e+00
9.869092106819152832e-01,9.341386556625366211e-01,9.036715030670166016e-01,0.000000000000000000e+00,0.000000000000000000e+00,0.000000000000000000e+00
