# CPU,RAM,NetworkR,NetworkW,DiskW,DiskR
9.389262199401855469e-01,9.404094815254211426e-01,1.000000000000000000e+00,9.379059076309204102e-02,9.657323360443115234e-02,9.784972667694091797e-02
9.003711938858032227e-01,1.000000000000000000e+00,1.000000000000000000e+00,6.119430065155029297e-02,9.320378303527832031e-02,6.556969881057739258e-02
9.011332392692565918e-01,1.000000000000000000e+00,1.000000000000000000e+00,4.064488410949707031e-02,8.118516206741333008e-02,7.514196634292602539e-02
9.004586935043334961e-01,1.000000000000000000e+00,1.000000000000000000e+00,2.148526906967163086e-02,0.000000000000000000e+00,4.583889245986938477e-02
9.002617597579956055e-01,1.000000000000000000e+00,1.000000000000000000e+00,0.000000000000000000e+00,0.000000000000000000e+00,0.000000000000000000e+00
9.035105109214782715e-01,1.000000000000000000e+00,1.000000000000000000e+00,0.000000000000000000e+00,0.000000000000000000e+00,0.000000000000000000e+00
9.029154181480407715e-01,1.000000000000000000e+00,1.000000000000000000e+00,0.000000000000000000e+00,0.000000000000000000e+00,0.000000000000000000e+00
9.052481651306152344e-01,1.000000000000000000e+00,1.000000000000000000e+00,0.000000000000000000e+00,0.000000000000000000e+00,0.000000000000000000e+00
9.923231601715087891e-01,1.000000000000000000e+00,1.000000000000000000e+00,0.000000000000000000e+00,0.000000000000000000e+00,0.000000000000000000e+00
1.000000000000000000e+00,1.000000000000000000e+00,9.050936102867126465e-01,0.000000000000000000e+00,0.000000000000000000e+00,0.000000000000000000e+00
