# CPU,RAM,NetworkR,NetworkW,DiskW,DiskR
9.390863180160522461e-01,9.405342936515808105e-01,1.000000000000000000e+00,9.379261732101440430e-02,9.657150506973266602e-02,9.785240888595581055e-02
9.004935622215270996e-01,1.000000000000000000e+00,1.000000000000000000e+00,6.025564670562744141e-02,9.372556209564208984e-02,7.434886693954467773e-02
9.022395610809326172e-01,1.000000000000000000e+00,1.000000000000000000e+00,4.477262496948242188e-02,8.674228191375732422e-02,8.376020193099975586e-02
9.010494947433471680e-01,1.000000000000000000e+00,1.000000000000000000e+00,2.082836627960205078e-02,2.694213390350341797e-02,6.325036287307739258e-02
9.003232717514038086e-01,1.000000000000000000e+00,1.000000000000000000e+00,0.000000000000000000e+00,0.000000000000000000e+00,0.000000000000000000e+00
9.038530588150024414e-01,1.000000000000000000e+00,1.000000000000000000e+00,0.000000000000000000e+00,0.000000000000000000e+00,0.000000000000000000e+00
9.033200144767761230e-01,1.000000000000000000e+00,1.000000000000000000e+00,0.000000000000000000e+00,0.000000000000000000e+00,0.000000000000000000e+00
9.030182361602783203e-01,1.000000000000000000e+00,1.000000000000000000e+00,0.000000000000000000e+00,0.000000000000000000e+00,0.000000000000000000e+00
9.394103884696960449e-01,1.000000000000000000e+00,1.000000000000000000e+00,0.000000000000000000e+00,0.000000000000000000e+00,0.000000000000000000e+00
1.000000000000000000e+00,1.000000000000000000e+00,9.061147570610046387e-01,0.000000000000000000e+00,0.000000000000000000e+00,0.000000000000000000e+00
