# CPU,RAM,NetworkR,NetworkW,DiskW,DiskR
9.390552639961242676e-01,9.406770467758178711e-01,1.000000000000000000e+00,9.378743171691894531e-02,9.656500816345214844e-02,9.785205125808715820e-02
9.009236097335815430e-01,9.263287782669067383e-01,1.000000000000000000e+00,7.570111751556396484e-02,9.665602445602416992e-02,9.242177009582519531e-02
9.015462994575500488e-01,1.000000000000000000e+00,1.000000000000000000e+00,3.618991374969482422e-02,8.150082826614379883e-02,7.971209287643432617e-02
9.022535085678100586e-01,1.000000000000000000e+00,1.000000000000000000e+00,6.173253059387207031e-03,1.211273670196533203e-02,5.820924043655395508e-02
9.011743068695068359e-01,1.000000000000000000e+00,1.000000000000000000e+00,0.000000000000000000e+00,0.000000000000000000e+00,0.000000000000000000e+00
9.099265336990356445e-01,1.000000000000000000e+00,1.000000000000000000e+00,0.000000000000000000e+00,0.000000000000000000e+00,0.000000000000000000e+00
9.075201749801635742e-01,9.927596449851989746e-01,1.000000000000000000e+00,0.000000000000000000e+00,0.000000000000000000e+00,0.000000000000000000e+00
9.063010811805725098e-01,1.000000000000000000e+00,1.000000000000000000e+00,0.000000000000000000e+00,0.000000000000000000e+00,0.000000000000000000e+00
9.746947884559631348e-01,1.000000000000000000e+00,1.000000000000000000e+00,0.000000000000000000e+00,0.000000000000000000e+00,0.000000000000000000e+00
1.000000000000000000e+00,1.000000000000000000e+00,9.049260616302490234e-01,0.000000000000000000e+00,0.000000000000000000e+00,0.000000000000000000e+00
