# CPU,RAM,NetworkR,NetworkW,DiskW,DiskR
9.391527175903320312e-01,9.408126473426818848e-01,1.000000000000000000e+00,9.379369020462036133e-02,9.656435251235961914e-02,9.785628318786621094e-02
9.006738066673278809e-01,1.000000000000000000e+00,1.000000000000000000e+00,5.853891372680664062e-02,9.405034780502319336e-02,7.987034320831298828e-02
9.040800929069519043e-01,9.376194477081298828e-01,1.000000000000000000e+00,6.361156702041625977e-02,9.343504905700683594e-02,9.247851371765136719e-02
9.012894034385681152e-01,9.851750135421752930e-01,1.000000000000000000e+00,3.908753395080566406e-02,6.262266635894775391e-02,7.892215251922607422e-02
9.009550809860229492e-01,9.654148817062377930e-01,1.000000000000000000e+00,0.000000000000000000e+00,0.000000000000000000e+00,2.163940668106079102e-02
9.183967709541320801e-01,9.638657569885253906e-01,1.000000000000000000e+00,0.000000000000000000e+00,0.000000000000000000e+00,0.000000000000000000e+00
1.000000000000000000e+00,1.000000000000000000e+00,1.000000000000000000e+00,0.000000000000000000e+00,0.000000000000000000e+00,7.403373718261718750e-03
1.000000000000000000e+00,1.000000000000000000e+00,1.000000000000000000e+00,0.000000000000000000e+00,0.000000000000000000e+00,0.000000000000000000e+00
9.028859734535217285e-01,9.037420749664306641e-01,9.418436288833618164e-01,0.000000000000000000e+00,0.000000000000000000e+00,0.000000000000000000e+00
1.000000000000000000e+00,9.466487169265747070e-01,9.016009569168090820e-01,0.000000000000000000e+00,0.000000000000000000e+00,0.000000000000000000e+00
