# CPU,RAM,NetworkR,NetworkW,DiskW,DiskR
9.395383000373840332e-01,9.406769871711730957e-01,1.000000000000000000e+00,9.376430511474609375e-02,9.655809402465820312e-02,9.784448146820068359e-02
9.002859592437744141e-01,1.000000000000000000e+00,1.000000000000000000e+00,6.404554843902587891e-02,9.297877550125122070e-02,5.722314119338989258e-02
9.004620909690856934e-01,1.000000000000000000e+00,1.000000000000000000e+00,2.706331014633178711e-02,5.986773967742919922e-02,4.029589891433715820e-02
9.003017544746398926e-01,1.000000000000000000e+00,1.000000000000000000e+00,8.290946483612060547e-03,0.000000000000000000e+00,0.000000000000000000e+00
9.004433751106262207e-01,1.000000000000000000e+00,1.000000000000000000e+00,0.000000000000000000e+00,0.000000000000000000e+00,0.000000000000000000e+00
9.024208188056945801e-01,1.000000000000000000e+00,1.000000000000000000e+00,0.000000000000000000e+00,0.000000000000000000e+00,0.000000000000000000e+00
9.018356204032897949e-01,1.000000000000000000e+00,1.000000000000000000e+00,0.000000000000000000e+00,0.000000000000000000e+00,0.000000000000000000e+00
9.108244180679321289e-01,1.000000000000000000e+00,1.000000000000000000e+00,0.000000000000000000e+00,0.000000000000000000e+00,0.000000000000000000e+00
1.000000000000000000e+00,1.000000000000000000e+00,1.000000000000000000e+00,0.000000000000000000e+00,0.000000000000000000e+00,0.000000000000000000e+00
1.000000000000000000e+00,1.000000000000000000e+00,9.052181243896484375e-01,0.000000000000000000e+00,0.000000000000000000e+00,0.000000000000000000e+00
