# CPU,RAM,NetworkR,NetworkW,DiskW,DiskR
9.389765262603759766e-01,9.406773447990417480e-01,1.000000000000000000e+00,9.379351139068603516e-02,9.656710177659988403e-02,9.785419702529907227e-02
9.011411070823669434e-01,9.476350545883178711e-01,1.000000000000000000e+00,7.004487514495849609e-02,9.648168087005615234e-02,9.127420186996459961e-02
9.023147225379943848e-01,9.695236086845397949e-01,1.000000000000000000e+00,5.422204732894897461e-02,9.053325653076171875e-02,8.950984477996826172e-02
9.021267294883728027e-01,1.000000000000000000e+00,1.000000000000000000e+00,2.456700801849365234e-02,4.967337846755981445e-02,7.321417331695556641e-02
9.011480808258056641e-01,1.000000000000000000e+00,1.000000000000000000e+00,0.000000000000000000e+00,0.000000000000000000e+00,0.000000000000000000e+00
9.149652123451232910e-01,1.000000000000000000e+00,1.000000000000000000e+00,0.000000000000000000e+00,0.000000000000000000e+00,0.000000000000000000e+00
9.148873686790466309e-01,1.000000000000000000e+00,1.000000000000000000e+00,0.000000000000000000e+00,0.000000000000000000e+00,0.000000000000000000e+00
9.072090387344360352e-01,1.000000000000000000e+00,1.000000000000000000e+00,0.000000000000000000e+00,0.000000000000000000e+00,0.000000000000000000e+00
9.330453276634216309e-01,1.000000000000000000e+00,1.000000000000000000e+00,0.000000000000000000e+00,0.000000000000000000e+00,0.000000000000000000e+00
1.000000000000000000e+00,1.000000000000000000e+00,9.050863385200500488e-01,0.000000000000000000e+00,0.000000000000000000e+00,0.000000000000000000e+00
