# CPU,RAM,NetworkR,NetworkW,DiskW,DiskR
9.391652345657348633e-01,9.406114220619201660e-01,1.000000000000000000e+00,9.379291534423828125e-02,9.656990319490432739e-02,9.785360097885131836e-02
9.001991748809814453e-01,1.000000000000000000e+00,1.000000000000000000e+00,5.207598209381103516e-02,8.489490300416946411e-02,0.000000000000000000e+00
9.018896818161010742e-01,1.000000000000000000e+00,1.000000000000000000e+00,2.595978975296020508e-02,7.404571771621704102e-02,5.298978090286254883e-02
9.007099866867065430e-01,1.000000000000000000e+00,1.000000000000000000e+00,1.290398836135864258e-02,0.000000000000000000e+00,4.000985622406005859e-02
9.002475142478942871e-01,1.000000000000000000e+00,1.000000000000000000e+00,0.000000000000000000e+00,0.000000000000000000e+00,0.000000000000000000e+00
9.028956890106201172e-01,1.000000000000000000e+00,1.000000000000000000e+00,0.000000000000000000e+00,0.000000000000000000e+00,0.000000000000000000e+00
9.021032452583312988e-01,1.000000000000000000e+00,1.000000000000000000e+00,0.000000000000000000e+00,0.000000000000000000e+00,0.000000000000000000e+00
9.030220508575439453e-01,1.000000000000000000e+00,1.000000000000000000e+00,0.000000000000000000e+00,0.000000000000000000e+00,0.000000000000000000e+00
9.481564164161682129e-01,1.000000000000000000e+00,1.000000000000000000e+00,0.000000000000000000e+00,0.000000000000000000e+00,0.000000000000000000e+00
1.000000000000000000e+00,1.000000000000000000e+00,9.071962237358093262e-01,0.000000000000000000e+00,0.000000000000000000e+00,0.000000000000000000e+00
