# CPU,RAM,NetworkR,NetworkW,DiskW,DiskR
9.391392469406127930e-01,9.408072233200073242e-01,1.000000000000000000e+00,9.379404783248901367e-02,9.656459093093872070e-02,9.785634279251098633e-02
9.011181592941284180e-01,9.823832511901855469e-01,1.000000000000000000e+00,6.552600860595703125e-02,9.609895944595336914e-02,8.961880207061767578e-02
9.031693935394287109e-01,9.878723621368408203e-01,1.000000000000000000e+00,5.006850138306617737e-02,9.028267860412597656e-02,8.928686380386352539e-02
9.020333290100097656e-01,9.891663789749145508e-01,1.000000000000000000e+00,3.762847185134887695e-02,6.409668922424316406e-02,8.057534694671630859e-02
9.008318185806274414e-01,9.943744540214538574e-01,1.000000000000000000e+00,0.000000000000000000e+00,0.000000000000000000e+00,2.155840396881103516e-03
9.086294174194335938e-01,1.000000000000000000e+00,1.000000000000000000e+00,0.000000000000000000e+00,0.000000000000000000e+00,0.000000000000000000e+00
9.142213463783264160e-01,1.000000000000000000e+00,1.000000000000000000e+00,0.000000000000000000e+00,0.000000000000000000e+00,0.000000000000000000e+00
9.118365645408630371e-01,1.000000000000000000e+00,1.000000000000000000e+00,0.000000000000000000e+00,0.000000000000000000e+00,0.000000000000000000e+00
9.422791004180908203e-01,1.000000000000000000e+00,1.000000000000000000e+00,0.000000000000000000e+00,0.000000000000000000e+00,0.000000000000000000e+00
1.000000000000000000e+00,1.000000000000000000e+00,9.048628807067871094e-01,0.000000000000000000e+00,0.000000000000000000e+00,0.000000000000000000e+00
