# CPU,RAM,NetworkR,NetworkW,DiskW,DiskR
9.389322996139526367e-01,9.406999349594116211e-01,1.000000000000000000e+00,9.379559755325317383e-02,9.656710177659988403e-02,9.785515069961547852e-02
9.012497663497924805e-01,9.546786546707153320e-01,1.000000000000000000e+00,6.850546598434448242e-02,9.643441438674926758e-02,9.104454517364501953e-02
9.098715782165527344e-01,1.000000000000000000e+00,1.000000000000000000e+00,2.006608247756958008e-02,8.499330282211303711e-02,8.370310068130493164e-02
9.504799246788024902e-01,1.000000000000000000e+00,1.000000000000000000e+00,0.000000000000000000e+00,3.940582275390625000e-02,6.712186336517333984e-02
9.797675013542175293e-01,1.000000000000000000e+00,1.000000000000000000e+00,0.000000000000000000e+00,0.000000000000000000e+00,2.727878093719482422e-02
9.620454311370849609e-01,1.000000000000000000e+00,1.000000000000000000e+00,0.000000000000000000e+00,0.000000000000000000e+00,2.871334552764892578e-03
9.018802642822265625e-01,1.000000000000000000e+00,1.000000000000000000e+00,0.000000000000000000e+00,0.000000000000000000e+00,0.000000000000000000e+00
1.000000000000000000e+00,1.000000000000000000e+00,1.000000000000000000e+00,0.000000000000000000e+00,0.000000000000000000e+00,0.000000000000000000e+00
9.027583003044128418e-01,9.093924760818481445e-01,9.815211892127990723e-01,0.000000000000000000e+00,0.000000000000000000e+00,0.000000000000000000e+00
9.996843934059143066e-01,9.205039143562316895e-01,9.041824340820312500e-01,0.000000000000000000e+00,0.000000000000000000e+00,0.000000000000000000e+00
