# CPU,RAM,NetworkR,NetworkW,DiskW,DiskR
9.391099214553833008e-01,9.408114552497863770e-01,1.000000000000000000e+00,9.379410743713378906e-02,9.656429290771484375e-02,9.785634279251098633e-02
9.004018306732177734e-01,1.000000000000000000e+00,1.000000000000000000e+00,5.520939826965332031e-02,9.091562032699584961e-02,5.560725927352905273e-02
9.034798741340637207e-01,9.622025489807128906e-01,1.000000000000000000e+00,5.450469255447387695e-02,9.063625335693359375e-02,8.735293149948120117e-02
9.010024666786193848e-01,1.000000000000000000e+00,1.000000000000000000e+00,3.244215250015258789e-02,4.806530475616455078e-02,7.130873203277587891e-02
9.003345370292663574e-01,9.896038174629211426e-01,1.000000000000000000e+00,0.000000000000000000e+00,0.000000000000000000e+00,0.000000000000000000e+00
9.043461680412292480e-01,1.000000000000000000e+00,1.000000000000000000e+00,0.000000000000000000e+00,0.000000000000000000e+00,0.000000000000000000e+00
9.047423005104064941e-01,1.000000000000000000e+00,1.000000000000000000e+00,0.000000000000000000e+00,0.000000000000000000e+00,0.000000000000000000e+00
9.028105139732360840e-01,1.000000000000000000e+00,1.000000000000000000e+00,0.000000000000000000e+00,0.000000000000000000e+00,0.000000000000000000e+00
9.231989979743957520e-01,1.000000000000000000e+00,1.000000000000000000e+00,0.000000000000000000e+00,0.000000000000000000e+00,0.000000000000000000e+00
1.000000000000000000e+00,1.000000000000000000e+00,9.066683650016784668e-01,0.000000000000000000e+00,0.000000000000000000e+00,0.000000000000000000e+00
