# CPU,RAM,NetworkR,NetworkW,DiskW,DiskR
9.390357136726379395e-01,9.405764937400817871e-01,1.000000000000000000e+00,9.379434585571289062e-02,9.657073020935058594e-02,9.785342216491699219e-02
9.003379940986633301e-01,1.000000000000000000e+00,1.000000000000000000e+00,5.433022975921630859e-02,8.972746133804321289e-02,4.171067476272583008e-02
9.016011357307434082e-01,1.000000000000000000e+00,1.000000000000000000e+00,3.587311506271362305e-02,7.838934659957885742e-02,7.167249917984008789e-02
9.003494977951049805e-01,1.000000000000000000e+00,1.000000000000000000e+00,2.024590969085693359e-02,0.000000000000000000e+00,3.869754076004028320e-02
9.001411199569702148e-01,1.000000000000000000e+00,1.000000000000000000e+00,0.000000000000000000e+00,0.000000000000000000e+00,0.000000000000000000e+00
9.014327526092529297e-01,1.000000000000000000e+00,1.000000000000000000e+00,0.000000000000000000e+00,0.000000000000000000e+00,0.000000000000000000e+00
9.016038179397583008e-01,1.000000000000000000e+00,1.000000000000000000e+00,0.000000000000000000e+00,0.000000000000000000e+00,0.000000000000000000e+00
9.029736518859863281e-01,1.000000000000000000e+00,1.000000000000000000e+00,0.000000000000000000e+00,0.000000000000000000e+00,0.000000000000000000e+00
9.653576612472534180e-01,1.000000000000000000e+00,1.000000000000000000e+00,0.000000000000000000e+00,0.000000000000000000e+00,0.000000000000000000e+00
1.000000000000000000e+00,1.000000000000000000e+00,9.065346717834472656e-01,0.000000000000000000e+00,0.000000000000000000e+00,0.000000000000000000e+00
