# CPU,RAM,NetworkR,NetworkW,DiskW,DiskR
9.391501545906066895e-01,9.406035542488098145e-01,1.000000000000000000e+00,9.379249811172485352e-02,9.656983613967895508e-02,9.785330295562744141e-02
9.004222750663757324e-01,1.000000000000000000e+00,1.000000000000000000e+00,6.186056137084960938e-02,9.378391504287719727e-02,7.202178239822387695e-02
9.018052816390991211e-01,1.000000000000000000e+00,1.000000000000000000e+00,4.031110182404518127e-02,8.445996046066284180e-02,8.001440763473510742e-02
9.011763930320739746e-01,1.000000000000000000e+00,1.000000000000000000e+00,1.905083656311035156e-02,2.528911828994750977e-02,6.220525503158569336e-02
9.003638029098510742e-01,1.000000000000000000e+00,1.000000000000000000e+00,0.000000000000000000e+00,0.000000000000000000e+00,0.000000000000000000e+00
9.038582444190979004e-01,1.000000000000000000e+00,1.000000000000000000e+00,0.000000000000000000e+00,0.000000000000000000e+00,0.000000000000000000e+00
9.034425020217895508e-01,1.000000000000000000e+00,1.000000000000000000e+00,0.000000000000000000e+00,0.000000000000000000e+00,0.000000000000000000e+00
9.031621813774108887e-01,1.000000000000000000e+00,1.000000000000000000e+00,0.000000000000000000e+00,0.000000000000000000e+00,0.000000000000000000e+00
9.373844861984252930e-01,1.000000000000000000e+00,1.000000000000000000e+00,0.000000000000000000e+00,0.000000000000000000e+00,0.000000000000000000e+00
1.000000000000000000e+00,1.000000000000000000e+00,9.062235355377197266e-01,0.000000000000000000e+00,0.000000000000000000e+00,0.000000000000000000e+00
