# CPU,RAM,NetworkR,NetworkW,DiskW,DiskR
9.391536116600036621e-01,9.407296180725097656e-01,1.000000000000000000e+00,9.379351139068603516e-02,9.656667709350585938e-02,9.785521030426025391e-02
9.011396169662475586e-01,9.755296707153320312e-01,1.000000000000000000e+00,6.618058681488037109e-02,9.618383646011352539e-02,8.996015787124633789e-02
9.071936011314392090e-01,1.000000000000000000e+00,1.000000000000000000e+00,4.038804769515991211e-02,9.062284231185913086e-02,8.868014812469482422e-02
9.133433699607849121e-01,1.000000000000000000e+00,1.000000000000000000e+00,4.948079586029052734e-03,6.498253345489501953e-02,7.755529880523681641e-02
9.390718936920166016e-01,1.000000000000000000e+00,1.000000000000000000e+00,0.000000000000000000e+00,0.000000000000000000e+00,3.069138526916503906e-02
9.572970867156982422e-01,1.000000000000000000e+00,1.000000000000000000e+00,0.000000000000000000e+00,0.000000000000000000e+00,0.000000000000000000e+00
9.106351733207702637e-01,1.000000000000000000e+00,1.000000000000000000e+00,0.000000000000000000e+00,0.000000000000000000e+00,3.938078880310058594e-04
1.000000000000000000e+00,1.000000000000000000e+00,1.000000000000000000e+00,0.000000000000000000e+00,0.000000000000000000e+00,0.000000000000000000e+00
9.037619233131408691e-01,9.038540124893188477e-01,9.890044927597045898e-01,0.000000000000000000e+00,0.000000000000000000e+00,0.000000000000000000e+00
1.000000000000000000e+00,9.125320911407470703e-01,9.050496816635131836e-01,0.000000000000000000e+00,0.000000000000000000e+00,0.000000000000000000e+00
