# CPU,RAM,NetworkR,NetworkW,DiskW,DiskR
9.390599727630615234e-01,9.408441781997680664e-01,1.000000000000000000e+00,9.379512071609497070e-02,9.656351804733276367e-02,9.785699844360351562e-02
9.014164209365844727e-01,9.149037003517150879e-01,1.000000000000000000e+00,7.876849174499511719e-02,9.704232215881347656e-02,9.409987926483154297e-02
9.063811302185058594e-01,1.000000000000000000e+00,1.000000000000000000e+00,0.000000000000000000e+00,5.063045024871826172e-02,6.148809194564819336e-02
9.512042999267578125e-01,1.000000000000000000e+00,1.000000000000000000e+00,0.000000000000000000e+00,2.147746086120605469e-02,5.833178758621215820e-02
9.756610989570617676e-01,1.000000000000000000e+00,1.000000000000000000e+00,0.000000000000000000e+00,0.000000000000000000e+00,1.272201538085937500e-02
9.250815510749816895e-01,1.000000000000000000e+00,1.000000000000000000e+00,0.000000000000000000e+00,0.000000000000000000e+00,0.000000000000000000e+00
9.026760458946228027e-01,1.000000000000000000e+00,1.000000000000000000e+00,0.000000000000000000e+00,0.000000000000000000e+00,0.000000000000000000e+00
1.000000000000000000e+00,1.000000000000000000e+00,1.000000000000000000e+00,0.000000000000000000e+00,0.000000000000000000e+00,0.000000000000000000e+00
9.023069739341735840e-01,9.050416946411132812e-01,1.000000000000000000e+00,0.000000000000000000e+00,0.000000000000000000e+00,0.000000000000000000e+00
1.000000000000000000e+00,9.483973383903503418e-01,9.021054506301879883e-01,0.000000000000000000e+00,0.000000000000000000e+00,0.000000000000000000e+00
