# CPU,RAM,NetworkR,NetworkW,DiskW,DiskR
9.390237927436828613e-01,9.408001303672790527e-01,1.000000000000000000e+00,9.379500150680541992e-02,9.656447172164916992e-02,9.785628318786621094e-02
9.014483094215393066e-01,9.171352982521057129e-01,1.000000000000000000e+00,7.761770486831665039e-02,9.700220823287963867e-02,9.383404254913330078e-02
9.043924212455749512e-01,1.000000000000000000e+00,1.000000000000000000e+00,0.000000000000000000e+00,3.042894601821899414e-02,5.366492271423339844e-02
9.652183055877685547e-01,1.000000000000000000e+00,1.000000000000000000e+00,0.000000000000000000e+00,4.948204755783081055e-02,6.977832317352294922e-02
1.000000000000000000e+00,1.000000000000000000e+00,1.000000000000000000e+00,0.000000000000000000e+00,0.000000000000000000e+00,1.574385166168212891e-02
9.502493143081665039e-01,1.000000000000000000e+00,1.000000000000000000e+00,0.000000000000000000e+00,0.000000000000000000e+00,0.000000000000000000e+00
9.040355682373046875e-01,1.000000000000000000e+00,1.000000000000000000e+00,0.000000000000000000e+00,0.000000000000000000e+00,0.000000000000000000e+00
1.000000000000000000e+00,1.000000000000000000e+00,1.000000000000000000e+00,0.000000000000000000e+00,0.000000000000000000e+00,0.000000000000000000e+00
9.011602401733398438e-01,9.119690656661987305e-01,9.625630974769592285e-01,0.000000000000000000e+00,0.000000000000000000e+00,0.000000000000000000e+00
9.636929035186767578e-01,9.187160730361938477e-01,9.049646258354187012e-01,0.000000000000000000e+00,0.000000000000000000e+00,0.000000000000000000e+00
