# CPU,RAM,NetworkR,NetworkW,DiskW,DiskR
9.390421509742736816e-01,9.405937194824218750e-01,1.000000000000000000e+00,9.379285573959350586e-02,9.656959772109985352e-02,9.785306453704833984e-02
9.008685946464538574e-01,9.894642829895019531e-01,1.000000000000000000e+00,6.569695472717285156e-02,9.582799673080444336e-02,8.814495801925659180e-02
9.020956158638000488e-01,9.997974634170532227e-01,1.000000000000000000e+00,5.001491308212280273e-02,8.895319700241088867e-02,8.785290271043777466e-02
9.018497467041015625e-01,1.000000000000000000e+00,1.000000000000000000e+00,2.107024192810058594e-02,4.328370094299316406e-02,7.044541835784912109e-02
9.006698131561279297e-01,1.000000000000000000e+00,1.000000000000000000e+00,0.000000000000000000e+00,0.000000000000000000e+00,0.000000000000000000e+00
9.059357047080993652e-01,1.000000000000000000e+00,1.000000000000000000e+00,0.000000000000000000e+00,0.000000000000000000e+00,0.000000000000000000e+00
9.047133922576904297e-01,1.000000000000000000e+00,1.000000000000000000e+00,0.000000000000000000e+00,0.000000000000000000e+00,0.000000000000000000e+00
9.026990532875061035e-01,1.000000000000000000e+00,1.000000000000000000e+00,0.000000000000000000e+00,0.000000000000000000e+00,0.000000000000000000e+00
9.301892518997192383e-01,1.000000000000000000e+00,1.000000000000000000e+00,0.000000000000000000e+00,0.000000000000000000e+00,0.000000000000000000e+00
1.000000000000000000e+00,1.000000000000000000e+00,9.062838554382324219e-01,0.000000000000000000e+00,0.000000000000000000e+00,0.000000000000000000e+00
