# CPU,RAM,NetworkR,NetworkW,DiskW,DiskR
9.390100836753845215e-01,9.408711194992065430e-01,1.000000000000000000e+00,9.379619359970092773e-02,9.656286239624023438e-02,9.785760194063186646e-02
9.013703465461730957e-01,9.232479333877563477e-01,1.000000000000000000e+00,7.536643743515014648e-02,9.687495231628417969e-02,9.318953752517700195e-02
9.112614989280700684e-01,1.000000000000000000e+00,1.000000000000000000e+00,9.913504123687744141e-03,8.100515604019165039e-02,7.937115430831909180e-02
9.628996849060058594e-01,1.000000000000000000e+00,1.000000000000000000e+00,0.000000000000000000e+00,0.000000000000000000e+00,3.662639856338500977e-02
9.903633594512939453e-01,1.000000000000000000e+00,1.000000000000000000e+00,0.000000000000000000e+00,0.000000000000000000e+00,2.041101455688476562e-03
9.150013327598571777e-01,1.000000000000000000e+00,1.000000000000000000e+00,0.000000000000000000e+00,0.000000000000000000e+00,0.000000000000000000e+00
9.010697007179260254e-01,1.000000000000000000e+00,1.000000000000000000e+00,0.000000000000000000e+00,0.000000000000000000e+00,0.000000000000000000e+00
1.000000000000000000e+00,1.000000000000000000e+00,1.000000000000000000e+00,0.000000000000000000e+00,0.000000000000000000e+00,0.000000000000000000e+00
9.015012979507446289e-01,9.048059582710266113e-01,1.000000000000000000e+00,0.000000000000000000e+00,0.000000000000000000e+00,0.000000000000000000e+00
1.000000000000000000e+00,9.442731142044067383e-01,9.024503827095031738e-01,0.000000000000000000e+00,0.000000000000000000e+00,0.000000000000000000e+00
