# CPU,RAM,NetworkR,NetworkW,DiskW,DiskR
9.391741752624511719e-01,9.401212930679321289e-01,1.000000000000000000e+00,9.378129243850708008e-02,9.657907485961914062e-02,9.784334897994995117e-02
9.001531600952148438e-01,1.000000000000000000e+00,1.000000000000000000e+00,4.932361841201782227e-02,7.980340719223022461e-02,0.000000000000000000e+00
9.003291726112365723e-01,1.000000000000000000e+00,1.000000000000000000e+00,3.994464874267578125e-03,9.557723999023437500e-03,0.000000000000000000e+00
9.001443982124328613e-01,1.000000000000000000e+00,1.000000000000000000e+00,0.000000000000000000e+00,0.000000000000000000e+00,0.000000000000000000e+00
9.001621603965759277e-01,1.000000000000000000e+00,1.000000000000000000e+00,0.000000000000000000e+00,0.000000000000000000e+00,0.000000000000000000e+00
9.010890722274780273e-01,1.000000000000000000e+00,1.000000000000000000e+00,0.000000000000000000e+00,0.000000000000000000e+00,0.000000000000000000e+00
9.015445113182067871e-01,1.000000000000000000e+00,1.000000000000000000e+00,0.000000000000000000e+00,0.000000000000000000e+00,0.000000000000000000e+00
9.111111164093017578e-01,1.000000000000000000e+00,1.000000000000000000e+00,0.000000000000000000e+00,0.000000000000000000e+00,0.000000000000000000e+00
1.000000000000000000e+00,1.000000000000000000e+00,1.000000000000000000e+00,0.000000000000000000e+00,0.000000000000000000e+00,0.000000000000000000e+00
1.000000000000000000e+00,1.000000000000000000e+00,9.068664312362670898e-01,0.000000000000000000e+00,0.000000000000000000e+00,0.000000000000000000e+00
