# CPU,RAM,NetworkR,NetworkW,DiskW,DiskR
9.390444159507751465e-01,9.406623840332031250e-01,1.000000000000000000e+00,9.379392862319946289e-02,9.656810760498046875e-02,9.785431623458862305e-02
9.003560543060302734e-01,1.000000000000000000e+00,1.000000000000000000e+00,5.329471826553344727e-02,8.914864063262939453e-02,4.205024242401123047e-02
9.050157070159912109e-01,9.435231089591979980e-01,1.000000000000000000e+00,5.880445241928100586e-02,9.256172180175781250e-02,8.918154239654541016e-02
9.012064337730407715e-01,1.000000000000000000e+00,1.000000000000000000e+00,3.262746334075927734e-02,5.607348680496215820e-02,7.365757226943969727e-02
9.004095792770385742e-01,9.872178435325622559e-01,1.000000000000000000e+00,0.000000000000000000e+00,0.000000000000000000e+00,0.000000000000000000e+00
9.052357673645019531e-01,1.000000000000000000e+00,1.000000000000000000e+00,0.000000000000000000e+00,0.000000000000000000e+00,0.000000000000000000e+00
9.045562148094177246e-01,1.000000000000000000e+00,1.000000000000000000e+00,0.000000000000000000e+00,0.000000000000000000e+00,0.000000000000000000e+00
9.023563861846923828e-01,1.000000000000000000e+00,1.000000000000000000e+00,0.000000000000000000e+00,0.000000000000000000e+00,0.000000000000000000e+00
9.253134131431579590e-01,1.000000000000000000e+00,1.000000000000000000e+00,0.000000000000000000e+00,0.000000000000000000e+00,0.000000000000000000e+00
1.000000000000000000e+00,1.000000000000000000e+00,9.067674875259399414e-01,0.000000000000000000e+00,0.000000000000000000e+00,0.000000000000000000e+00
