# CPU,RAM,NetworkR,NetworkW,DiskW,DiskR
9.391810894012451172e-01,9.407666921615600586e-01,1.000000000000000000e+00,9.379310160875320435e-02,9.656560420989990234e-02,9.785556793212890625e-02
9.005900025367736816e-01,1.000000000000000000e+00,1.000000000000000000e+00,5.870407819747924805e-02,9.380507469177246094e-02,7.741880416870117188e-02
9.040092229843139648e-01,9.428371191024780273e-01,1.000000000000000000e+00,6.177192926406860352e-02,9.321093559265136719e-02,9.179621934890747070e-02
9.017396569252014160e-01,1.000000000000000000e+00,1.000000000000000000e+00,2.764266729354858398e-02,5.747443437576293945e-02,7.500714063644409180e-02
9.006534218788146973e-01,9.943537712097167969e-01,1.000000000000000000e+00,0.000000000000000000e+00,0.000000000000000000e+00,4.799365997314453125e-03
9.062919616699218750e-01,1.000000000000000000e+00,1.000000000000000000e+00,0.000000000000000000e+00,0.000000000000000000e+00,0.000000000000000000e+00
9.072135686874389648e-01,1.000000000000000000e+00,1.000000000000000000e+00,0.000000000000000000e+00,0.000000000000000000e+00,0.000000000000000000e+00
9.050800204277038574e-01,1.000000000000000000e+00,1.000000000000000000e+00,0.000000000000000000e+00,0.000000000000000000e+00,0.000000000000000000e+00
9.292911291122436523e-01,1.000000000000000000e+00,1.000000000000000000e+00,0.000000000000000000e+00,0.000000000000000000e+00,0.000000000000000000e+00
1.000000000000000000e+00,1.000000000000000000e+00,9.059298038482666016e-01,0.000000000000000000e+00,0.000000000000000000e+00,0.000000000000000000e+00
