# CPU,RAM,NetworkR,NetworkW,DiskW,DiskR
9.390439987182617188e-01,9.402088522911071777e-01,1.000000000000000000e+00,9.378701448440551758e-02,9.657824039459228516e-02,9.784626960754394531e-02
9.006167054176330566e-01,1.000000000000000000e+00,1.000000000000000000e+00,6.390964984893798828e-02,9.509479999542236328e-02,8.339315652847290039e-02
9.021445512771606445e-01,9.918046593666076660e-01,1.000000000000000000e+00,5.175644159317016602e-02,8.972620964050292969e-02,8.779287338256835938e-02
9.011427164077758789e-01,1.000000000000000000e+00,1.000000000000000000e+00,2.171587944030761719e-02,3.321522474288940430e-02,6.597393751144409180e-02
9.005017280578613281e-01,1.000000000000000000e+00,1.000000000000000000e+00,0.000000000000000000e+00,0.000000000000000000e+00,0.000000000000000000e+00
9.062170386314392090e-01,1.000000000000000000e+00,1.000000000000000000e+00,0.000000000000000000e+00,0.000000000000000000e+00,0.000000000000000000e+00
9.047850966453552246e-01,1.000000000000000000e+00,1.000000000000000000e+00,0.000000000000000000e+00,0.000000000000000000e+00,0.000000000000000000e+00
9.047377109527587891e-01,1.000000000000000000e+00,1.000000000000000000e+00,0.000000000000000000e+00,0.000000000000000000e+00,0.000000000000000000e+00
9.698730707168579102e-01,1.000000000000000000e+00,1.000000000000000000e+00,0.000000000000000000e+00,0.000000000000000000e+00,0.000000000000000000e+00
1.000000000000000000e+00,1.000000000000000000e+00,9.050198197364807129e-01,0.000000000000000000e+00,0.000000000000000000e+00,0.000000000000000000e+00
