# CPU,RAM,NetworkR,NetworkW,DiskW,DiskR
9.390891194343566895e-01,9.408444762229919434e-01,1.000000000000000000e+00,9.379470348358154297e-02,9.656351804733276367e-02,9.785687923431396484e-02
9.012892842292785645e-01,9.405710101127624512e-01,1.000000000000000000e+00,7.095283269882202148e-02,9.662103652954101562e-02,9.189528226852416992e-02
9.096862077713012695e-01,1.000000000000000000e+00,1.000000000000000000e+00,1.706594228744506836e-02,8.359479904174804688e-02,8.232402801513671875e-02
9.400617480278015137e-01,1.000000000000000000e+00,1.000000000000000000e+00,0.000000000000000000e+00,1.106017827987670898e-02,5.747181177139282227e-02
9.435571432113647461e-01,1.000000000000000000e+00,1.000000000000000000e+00,0.000000000000000000e+00,0.000000000000000000e+00,2.603244781494140625e-02
9.257966876029968262e-01,1.000000000000000000e+00,1.000000000000000000e+00,0.000000000000000000e+00,0.000000000000000000e+00,0.000000000000000000e+00
9.030081033706665039e-01,1.000000000000000000e+00,1.000000000000000000e+00,0.000000000000000000e+00,0.000000000000000000e+00,0.000000000000000000e+00
1.000000000000000000e+00,1.000000000000000000e+00,1.000000000000000000e+00,0.000000000000000000e+00,0.000000000000000000e+00,0.000000000000000000e+00
9.019264578819274902e-01,9.042802453041076660e-01,1.000000000000000000e+00,0.000000000000000000e+00,0.000000000000000000e+00,0.000000000000000000e+00
9.923935532569885254e-01,9.128262996673583984e-01,9.059150218963623047e-01,0.000000000000000000e+00,0.000000000000000000e+00,0.000000000000000000e+00
