# CPU,RAM,NetworkR,NetworkW,DiskW,DiskR
9.390538334846496582e-01,9.405210018157958984e-01,1.000000000000000000e+00,9.379267692565917969e-02,9.657168388366699219e-02,9.785217046737670898e-02
9.001563191413879395e-01,1.000000000000000000e+00,1.000000000000000000e+00,5.079716444015502930e-02,8.143597841262817383e-02,0.000000000000000000e+00
9.008568525314331055e-01,1.000000000000000000e+00,1.000000000000000000e+00,1.477169990539550781e-02,5.191880464553833008e-02,8.657000144012272358e-04
9.003196954727172852e-01,1.000000000000000000e+00,1.000000000000000000e+00,2.732634544372558594e-03,0.000000000000000000e+00,0.000000000000000000e+00
9.002300500869750977e-01,1.000000000000000000e+00,1.000000000000000000e+00,0.000000000000000000e+00,0.000000000000000000e+00,0.000000000000000000e+00
9.022873044013977051e-01,1.000000000000000000e+00,1.000000000000000000e+00,0.000000000000000000e+00,0.000000000000000000e+00,0.000000000000000000e+00
9.018120765686035156e-01,1.000000000000000000e+00,1.000000000000000000e+00,0.000000000000000000e+00,0.000000000000000000e+00,0.000000000000000000e+00
9.083526134490966797e-01,1.000000000000000000e+00,1.000000000000000000e+00,0.000000000000000000e+00,0.000000000000000000e+00,0.000000000000000000e+00
1.000000000000000000e+00,1.000000000000000000e+00,1.000000000000000000e+00,0.000000000000000000e+00,0.000000000000000000e+00,0.000000000000000000e+00
1.000000000000000000e+00,1.000000000000000000e+00,9.059046506881713867e-01,0.000000000000000000e+00,0.000000000000000000e+00,0.000000000000000000e+00
