# CPU,RAM,NetworkR,NetworkW,DiskW,DiskR
3.391061425209045410e-01,3.406729400157928467e-01,1.000000000000000000e+00,6.937932968139648438e-01,6.965678930282592773e-01,6.978543400764465332e-01
3.013432919979095459e-01,3.231529295444488525e-01,1.000000000000000000e+00,6.755275130271911621e-01,6.969085335731506348e-01,6.932779550552368164e-01
3.039015233516693115e-01,4.695281088352203369e-01,1.000000000000000000e+00,6.284518837928771973e-01,6.838570237159729004e-01,6.817910075187683105e-01
3.037332594394683838e-01,3.890037238597869873e-01,1.000000000000000000e+00,6.331604123115539551e-01,6.635235548019409180e-01,6.804273128509521484e-01
3.063857257366180420e-01,4.336109459400177002e-01,1.000000000000000000e+00,5.391996502876281738e-01,4.571029841899871826e-01,6.085165739059448242e-01
3.570593297481536865e-01,4.773084819316864014e-01,7.740976214408874512e-01,4.078404307365417480e-01,4.237490892410278320e-01,5.861792564392089844e-01
6.152420043945312500e-01,1.000000000000000000e+00,5.392652153968811035e-01,2.970767021179199219e-01,4.445014894008636475e-02,5.956314206123352051e-01
1.000000000000000000e+00,1.000000000000000000e+00,4.006041288375854492e-01,7.521282136440277100e-02,0.000000000000000000e+00,2.030037939548492432e-01
3.042737245559692383e-01,3.018145561218261719e-01,3.592237830162048340e-01,0.000000000000000000e+00,0.000000000000000000e+00,0.000000000000000000e+00
5.687781572341918945e-01,3.183654248714447021e-01,3.025115430355072021e-01,0.000000000000000000e+00,0.000000000000000000e+00,0.000000000000000000e+00
