# CPU,RAM,NetworkR,NetworkW,DiskW,DiskR
3.391643464565277100e-01,3.408041894435882568e-01,1.000000000000000000e+00,6.937932968139648438e-01,6.965644955635070801e-01,6.978561282157897949e-01
3.012565076351165771e-01,3.420840799808502197e-01,1.000000000000000000e+00,6.707681417465209961e-01,6.966066360473632812e-01,6.918132901191711426e-01
3.088801205158233643e-01,4.613330960273742676e-01,1.000000000000000000e+00,6.297917962074279785e-01,6.886619925498962402e-01,6.861622929573059082e-01
3.293488025665283203e-01,6.209585070610046387e-01,1.000000000000000000e+00,5.822601318359375000e-01,6.536282300949096680e-01,6.721028089523315430e-01
3.447689116001129150e-01,7.208069562911987305e-01,8.361667990684509277e-01,4.981930255889892578e-01,5.197914242744445801e-01,6.276015043258666992e-01
3.711032271385192871e-01,7.980404496192932129e-01,6.907466053962707520e-01,4.047105014324188232e-01,3.991253376007080078e-01,5.903325080871582031e-01
3.077652156352996826e-01,1.000000000000000000e+00,6.120381355285644531e-01,4.157438278198242188e-01,4.859802871942520142e-02,5.772674083709716797e-01
1.000000000000000000e+00,1.000000000000000000e+00,4.652153253555297852e-01,2.196799069643020630e-01,0.000000000000000000e+00,2.310522347688674927e-01
3.065609335899353027e-01,3.036694824695587158e-01,3.878095746040344238e-01,5.028922855854034424e-02,0.000000000000000000e+00,0.000000000000000000e+00
4.257113039493560791e-01,3.097575604915618896e-01,3.058880865573883057e-01,0.000000000000000000e+00,0.000000000000000000e+00,0.000000000000000000e+00
