# CPU,RAM,NetworkR,NetworkW,DiskW,DiskR
3.391181528568267822e-01,3.406967520713806152e-01,1.000000000000000000e+00,6.937938928604125977e-01,6.965675354003906250e-01,6.978548765182495117e-01
3.004145026206970215e-01,6.732626557350158691e-01,1.000000000000000000e+00,6.551759839057922363e-01,6.910881400108337402e-01,6.577048301696777344e-01
3.070396780967712402e-01,3.269982933998107910e-01,1.000000000000000000e+00,6.652234196662902832e-01,6.945717930793762207e-01,6.923322081565856934e-01
3.016857206821441650e-01,4.190528094768524170e-01,1.000000000000000000e+00,6.274061203002929688e-01,6.598417758941650391e-01,6.744140386581420898e-01
3.012359738349914551e-01,3.719215393066406250e-01,1.000000000000000000e+00,5.920402407646179199e-01,4.719521105289459229e-01,6.250189542770385742e-01
3.169301450252532959e-01,4.173505604267120361e-01,8.437539935111999512e-01,4.265170991420745850e-01,3.940849006175994873e-01,5.766188502311706543e-01
3.315970301628112793e-01,4.317598938941955566e-01,7.371919751167297363e-01,3.264770507812500000e-01,3.971838355064392090e-01,5.802603363990783691e-01
3.505903780460357666e-01,4.463150799274444580e-01,6.492131948471069336e-01,1.995827406644821167e-01,3.660390079021453857e-01,5.764242410659790039e-01
3.924242258071899414e-01,4.177778661251068115e-01,6.004859805107116699e-01,7.970357686281204224e-02,3.605578839778900146e-01,5.829756855964660645e-01
1.000000000000000000e+00,1.000000000000000000e+00,3.037309646606445312e-01,0.000000000000000000e+00,0.000000000000000000e+00,0.000000000000000000e+00
