# CPU,RAM,NetworkR,NetworkW,DiskW,DiskR
3.390272557735443115e-01,3.406914174556732178e-01,1.000000000000000000e+00,6.937944293022155762e-01,6.965673565864562988e-01,6.978547573089599609e-01
3.004241287708282471e-01,5.874885916709899902e-01,1.000000000000000000e+00,6.570057272911071777e-01,6.920350193977355957e-01,6.626793742179870605e-01
3.029646575450897217e-01,3.701919317245483398e-01,1.000000000000000000e+00,6.533602476119995117e-01,6.901056766510009766e-01,6.868991255760192871e-01
3.009428977966308594e-01,4.282066226005554199e-01,1.000000000000000000e+00,6.307939887046813965e-01,6.431860327720642090e-01,6.694589853286743164e-01
3.003373444080352783e-01,3.931738138198852539e-01,1.000000000000000000e+00,5.955439209938049316e-01,3.779104351997375488e-01,5.786527395248413086e-01
3.049673438072204590e-01,4.221013784408569336e-01,8.498756885528564453e-01,4.360814988613128662e-01,3.065046966075897217e-01,5.318899154663085938e-01
3.049483299255371094e-01,4.436393976211547852e-01,7.563353776931762695e-01,3.510900139808654785e-01,3.056086897850036621e-01,5.339512825012207031e-01
3.036347925662994385e-01,4.367480874061584473e-01,7.346601486206054688e-01,2.680420875549316406e-01,2.911480069160461426e-01,5.376845002174377441e-01
3.342542648315429688e-01,4.757333695888519287e-01,5.678105950355529785e-01,6.117619946599006653e-02,2.145728021860122681e-01,4.940481185913085938e-01
1.000000000000000000e+00,1.000000000000000000e+00,3.060011863708496094e-01,0.000000000000000000e+00,0.000000000000000000e+00,0.000000000000000000e+00
