# CPU,RAM,NetworkR,NetworkW,DiskW,DiskR
3.391332924365997314e-01,3.408172428607940674e-01,1.000000000000000000e+00,6.937940120697021484e-01,6.965642571449279785e-01,6.978564262390136719e-01
3.012144863605499268e-01,3.570101857185363770e-01,1.000000000000000000e+00,6.683056354522705078e-01,6.964106559753417969e-01,6.909370422363281250e-01
3.126940429210662842e-01,4.540412127971649170e-01,1.000000000000000000e+00,6.314127445220947266e-01,6.904976963996887207e-01,6.878688931465148926e-01
3.321912884712219238e-01,9.025153517723083496e-01,8.890692591667175293e-01,5.464153289794921875e-01,5.992668271064758301e-01,6.554333567619323730e-01
3.367332518100738525e-01,6.430500149726867676e-01,8.612972497940063477e-01,5.110645890235900879e-01,5.263335704803466797e-01,6.302422881126403809e-01
3.175239861011505127e-01,7.144934535026550293e-01,6.995838284492492676e-01,4.152253270149230957e-01,3.152910470962524414e-01,5.494400858879089355e-01
3.044728636741638184e-01,1.000000000000000000e+00,6.191250085830688477e-01,4.003485739231109619e-01,1.237857788801193237e-01,5.775457024574279785e-01
1.000000000000000000e+00,1.000000000000000000e+00,4.796580672264099121e-01,1.949599236249923706e-01,0.000000000000000000e+00,3.029842376708984375e-01
3.041404783725738525e-01,3.056623935699462891e-01,4.413223862648010254e-01,7.726719975471496582e-02,0.000000000000000000e+00,0.000000000000000000e+00
4.405163824558258057e-01,3.191389441490173340e-01,3.050274252891540527e-01,0.000000000000000000e+00,0.000000000000000000e+00,0.000000000000000000e+00
