# CPU,RAM,NetworkR,NetworkW,DiskW,DiskR
3.391897380352020264e-01,3.407666385173797607e-01,1.000000000000000000e+00,6.937932372093200684e-01,6.965656876564025879e-01,6.978556513786315918e-01
3.009865283966064453e-01,4.209355711936950684e-01,1.000000000000000000e+00,6.629016995429992676e-01,6.956638097763061523e-01,6.877816915512084961e-01
3.046021163463592529e-01,3.698765337467193604e-01,1.000000000000000000e+00,6.532656550407409668e-01,6.920725107192993164e-01,6.908838152885437012e-01
3.044914603233337402e-01,4.029661118984222412e-01,1.000000000000000000e+00,6.302965879440307617e-01,6.716653108596801758e-01,6.820967793464660645e-01
3.171171545982360840e-01,4.673147201538085938e-01,9.906092882156372070e-01,5.320321321487426758e-01,5.439133048057556152e-01,6.334468126296997070e-01
3.841861486434936523e-01,5.620282888412475586e-01,7.651365995407104492e-01,4.049147069454193115e-01,4.592898488044738770e-01,6.030625104904174805e-01
3.464252352714538574e-01,1.000000000000000000e+00,6.286129951477050781e-01,3.815833330154418945e-01,1.570605784654617310e-01,6.335902214050292969e-01
1.000000000000000000e+00,1.000000000000000000e+00,4.396562278270721436e-01,1.367151290178298950e-01,0.000000000000000000e+00,3.237470388412475586e-01
3.039591014385223389e-01,3.025199472904205322e-01,3.719736337661743164e-01,3.210382163524627686e-02,0.000000000000000000e+00,0.000000000000000000e+00
4.063931107521057129e-01,3.067063391208648682e-01,3.067383766174316406e-01,0.000000000000000000e+00,0.000000000000000000e+00,0.000000000000000000e+00
