# CPU,RAM,NetworkR,NetworkW,DiskW,DiskR
3.390461206436157227e-01,3.407610356807708740e-01,1.000000000000000000e+00,6.937935948371887207e-01,6.965651512145996094e-01,6.978553533554077148e-01
3.007392883300781250e-01,4.534047842025756836e-01,1.000000000000000000e+00,6.617693901062011719e-01,6.949998140335083008e-01,6.841492056846618652e-01
3.025043010711669922e-01,3.627897202968597412e-01,1.000000000000000000e+00,6.578257083892822266e-01,6.913712024688720703e-01,6.903631091117858887e-01
3.014460802078247070e-01,4.248501360416412354e-01,1.000000000000000000e+00,6.280374526977539062e-01,6.501390933990478516e-01,6.731061339378356934e-01
3.005423247814178467e-01,4.000698924064636230e-01,1.000000000000000000e+00,5.849882364273071289e-01,3.883611559867858887e-01,5.881116986274719238e-01
3.058868944644927979e-01,4.404233098030090332e-01,8.237738013267517090e-01,4.214889407157897949e-01,3.001171052455902100e-01,5.294508337974548340e-01
3.056286275386810303e-01,4.481530487537384033e-01,7.372367382049560547e-01,3.348787426948547363e-01,2.826394140720367432e-01,5.204982161521911621e-01
3.033561110496520996e-01,4.258694648742675781e-01,7.357362508773803711e-01,2.623933553695678711e-01,2.822293937206268311e-01,5.320069193840026855e-01
3.300018012523651123e-01,4.887925684452056885e-01,5.547546744346618652e-01,4.766381904482841492e-02,1.887180358171463013e-01,4.756128191947937012e-01
1.000000000000000000e+00,1.000000000000000000e+00,3.057818412780761719e-01,0.000000000000000000e+00,0.000000000000000000e+00,0.000000000000000000e+00
