# CPU,RAM,NetworkR,NetworkW,DiskW,DiskR
3.391770124435424805e-01,3.407992720603942871e-01,1.000000000000000000e+00,6.937934160232543945e-01,6.965647339820861816e-01,6.978561282157897949e-01
3.012409210205078125e-01,3.508220016956329346e-01,1.000000000000000000e+00,6.692008972167968750e-01,6.964918971061706543e-01,6.912909150123596191e-01
3.092792928218841553e-01,4.724628031253814697e-01,1.000000000000000000e+00,6.293608546257019043e-01,6.886218786239624023e-01,6.863323450088500977e-01
3.347752690315246582e-01,6.106547117233276367e-01,1.000000000000000000e+00,5.854753851890563965e-01,6.593873500823974609e-01,6.746178865432739258e-01
3.925885856151580811e-01,8.156303167343139648e-01,8.167693018913269043e-01,4.932231903076171875e-01,5.440454483032226562e-01,6.379166245460510254e-01
4.113444387912750244e-01,8.597722053527832031e-01,6.940504908561706543e-01,4.113132059574127197e-01,4.312600493431091309e-01,6.070263981819152832e-01
3.051074147224426270e-01,1.000000000000000000e+00,6.229099035263061523e-01,4.316173195838928223e-01,5.034232884645462036e-02,5.765121579170227051e-01
1.000000000000000000e+00,1.000000000000000000e+00,4.796051084995269775e-01,2.711921632289886475e-01,0.000000000000000000e+00,1.910293847322463989e-01
3.091661334037780762e-01,3.068445622920989990e-01,3.980939090251922607e-01,6.662394106388092041e-02,0.000000000000000000e+00,0.000000000000000000e+00
4.100263416767120361e-01,3.103139996528625488e-01,3.062404990196228027e-01,0.000000000000000000e+00,0.000000000000000000e+00,0.000000000000000000e+00
