# CPU,RAM,NetworkR,NetworkW,DiskW,DiskR
3.390750586986541748e-01,3.406042754650115967e-01,1.000000000000000000e+00,6.937926411628723145e-01,6.965693831443786621e-01,6.978532075881958008e-01
3.002818226814270020e-01,6.155981421470642090e-01,1.000000000000000000e+00,6.555787324905395508e-01,6.895719766616821289e-01,6.292508244514465332e-01
3.023965656757354736e-01,4.328904151916503906e-01,1.000000000000000000e+00,6.388069987297058105e-01,6.838548183441162109e-01,6.746258139610290527e-01
3.007607758045196533e-01,4.782355129718780518e-01,1.000000000000000000e+00,6.211079359054565430e-01,6.142811179161071777e-01,6.548756957054138184e-01
3.002983629703521729e-01,4.250429868698120117e-01,1.000000000000000000e+00,5.877209305763244629e-01,3.488630950450897217e-01,5.470419526100158691e-01
3.035808503627777100e-01,4.627425074577331543e-01,8.377560973167419434e-01,4.453991055488586426e-01,2.988654077053070068e-01,5.202925205230712891e-01
3.042921125888824463e-01,4.144662618637084961e-01,8.434637784957885742e-01,4.078207015991210938e-01,3.675572276115417480e-01,5.705109238624572754e-01
3.292880356311798096e-01,4.542951285839080811e-01,7.733269333839416504e-01,3.012287914752960205e-01,4.892062842845916748e-01,6.237242817878723145e-01
1.000000000000000000e+00,1.000000000000000000e+00,5.786319971084594727e-01,1.184954792261123657e-01,4.396890401840209961e-01,6.627526283264160156e-01
1.000000000000000000e+00,1.000000000000000000e+00,3.080265522003173828e-01,0.000000000000000000e+00,0.000000000000000000e+00,0.000000000000000000e+00
