# CPU,RAM,NetworkR,NetworkW,DiskW,DiskR
3.391723930835723877e-01,3.408222198486328125e-01,1.000000000000000000e+00,6.937934756278991699e-01,6.965640783309936523e-01,6.978563070297241211e-01
3.012931048870086670e-01,3.383887410163879395e-01,1.000000000000000000e+00,6.714144945144653320e-01,6.966516971588134766e-01,6.920382976531982422e-01
3.091773092746734619e-01,5.711891055107116699e-01,1.000000000000000000e+00,6.165122985839843750e-01,6.829195022583007812e-01,6.817461252212524414e-01
3.465228080749511719e-01,7.513253688812255859e-01,9.338006973266601562e-01,5.590720772743225098e-01,6.289336085319519043e-01,6.630096435546875000e-01
3.588810861110687256e-01,7.879571318626403809e-01,7.920998334884643555e-01,4.876379072666168213e-01,4.989244639873504639e-01,6.222339272499084473e-01
4.044905900955200195e-01,8.556079864501953125e-01,7.170021533966064453e-01,4.312978982925415039e-01,4.796429276466369629e-01,6.220976710319519043e-01
3.040221631526947021e-01,1.000000000000000000e+00,6.176931858062744141e-01,4.463348090648651123e-01,0.000000000000000000e+00,4.655528068542480469e-01
1.000000000000000000e+00,1.000000000000000000e+00,4.723573923110961914e-01,2.532328069210052490e-01,0.000000000000000000e+00,2.138050943613052368e-01
3.081200420856475830e-01,3.074763417243957520e-01,3.973793685436248779e-01,6.093268096446990967e-02,0.000000000000000000e+00,0.000000000000000000e+00
4.078211188316345215e-01,3.133304119110107422e-01,3.057944476604461670e-01,0.000000000000000000e+00,0.000000000000000000e+00,0.000000000000000000e+00
