# CPU,RAM,NetworkR,NetworkW,DiskW,DiskR
3.391225039958953857e-01,3.408186435699462891e-01,1.000000000000000000e+00,6.937937140464782715e-01,6.965640187263488770e-01,6.978562474250793457e-01
3.008308708667755127e-01,4.534780681133270264e-01,1.000000000000000000e+00,6.614743471145629883e-01,6.951525211334228516e-01,6.853381991386413574e-01
3.029406070709228516e-01,3.513815104961395264e-01,1.000000000000000000e+00,6.602780222892761230e-01,6.922197937965393066e-01,6.915038824081420898e-01
3.021062910556793213e-01,3.948498666286468506e-01,1.000000000000000000e+00,6.333702802658081055e-01,6.633151769638061523e-01,6.788551807403564453e-01
3.044168353080749512e-01,3.937777578830718994e-01,1.000000000000000000e+00,5.605684518814086914e-01,4.914283156394958496e-01,6.248845458030700684e-01
3.478762209415435791e-01,4.499566256999969482e-01,8.021893501281738281e-01,4.074780642986297607e-01,4.378599524497985840e-01,5.921045541763305664e-01
4.076660573482513428e-01,1.000000000000000000e+00,5.620508193969726562e-01,2.999556064605712891e-01,1.172973290085792542e-01,6.009144783020019531e-01
1.000000000000000000e+00,9.809033274650573730e-01,3.752843439579010010e-01,2.196860034018754959e-03,0.000000000000000000e+00,0.000000000000000000e+00
3.052029311656951904e-01,3.015340864658355713e-01,3.727642893791198730e-01,0.000000000000000000e+00,0.000000000000000000e+00,0.000000000000000000e+00
5.604805946350097656e-01,3.131577670574188232e-01,3.040970861911773682e-01,0.000000000000000000e+00,0.000000000000000000e+00,0.000000000000000000e+00
