# CPU,RAM,NetworkR,NetworkW,DiskW,DiskR
3.391711711883544922e-01,3.408592045307159424e-01,1.000000000000000000e+00,6.937935948371887207e-01,6.965631246566772461e-01,6.978567838668823242e-01
3.013286590576171875e-01,3.338643312454223633e-01,1.000000000000000000e+00,6.723721027374267578e-01,6.967188119888305664e-01,6.923610568046569824e-01
3.111953437328338623e-01,6.376175284385681152e-01,1.000000000000000000e+00,6.090758442878723145e-01,6.797162890434265137e-01,6.796276569366455078e-01
3.357884287834167480e-01,1.000000000000000000e+00,7.662798762321472168e-01,5.058739185333251953e-01,4.701445102691650391e-01,6.202322244644165039e-01
3.563231825828552246e-01,5.538179278373718262e-01,8.926138877868652344e-01,5.250393748283386230e-01,5.579314827919006348e-01,6.406529545783996582e-01
3.216961324214935303e-01,8.649858832359313965e-01,6.838811039924621582e-01,4.243144989013671875e-01,3.553742170333862305e-01,5.780876278877258301e-01
3.009301126003265381e-01,1.000000000000000000e+00,6.419882178306579590e-01,4.451669454574584961e-01,4.856393858790397644e-02,5.212157964706420898e-01
1.000000000000000000e+00,1.000000000000000000e+00,5.259848833084106445e-01,2.457954436540603638e-01,0.000000000000000000e+00,4.281989634037017822e-01
3.021250963211059570e-01,3.049458265304565430e-01,4.545552432537078857e-01,1.080240011215209961e-01,0.000000000000000000e+00,0.000000000000000000e+00
4.332785308361053467e-01,3.211309313774108887e-01,3.045356273651123047e-01,0.000000000000000000e+00,0.000000000000000000e+00,0.000000000000000000e+00
