# CPU,RAM,NetworkR,NetworkW,DiskW,DiskR
3.391320705413818359e-01,3.407339155673980713e-01,1.000000000000000000e+00,6.937931180000305176e-01,6.965662240982055664e-01,6.978550553321838379e-01
3.009850084781646729e-01,3.727209866046905518e-01,1.000000000000000000e+00,6.670629978179931641e-01,6.961329579353332520e-01,6.896389126777648926e-01
3.021901249885559082e-01,3.548112809658050537e-01,1.000000000000000000e+00,6.597364544868469238e-01,6.917154788970947266e-01,6.910316944122314453e-01
3.015033006668090820e-01,4.053391814231872559e-01,1.000000000000000000e+00,6.304516196250915527e-01,6.517073512077331543e-01,6.744078397750854492e-01
3.008836209774017334e-01,3.920606970787048340e-01,1.000000000000000000e+00,5.747020244598388672e-01,3.836167454719543457e-01,5.897977352142333984e-01
3.115193843841552734e-01,4.427753090858459473e-01,7.795826196670532227e-01,3.962801992893218994e-01,3.045484125614166260e-01,5.307158231735229492e-01
3.114392757415771484e-01,4.259512424468994141e-01,7.090896964073181152e-01,3.121680915355682373e-01,2.857495844364166260e-01,5.223004221916198730e-01
3.077653646469116211e-01,4.215021431446075439e-01,6.932169795036315918e-01,2.328940033912658691e-01,3.096156120300292969e-01,5.481109023094177246e-01
3.399130403995513916e-01,4.367231726646423340e-01,5.781772732734680176e-01,5.897197872400283813e-02,2.520673871040344238e-01,5.244492888450622559e-01
1.000000000000000000e+00,1.000000000000000000e+00,3.048012256622314453e-01,0.000000000000000000e+00,0.000000000000000000e+00,0.000000000000000000e+00
