# CPU,RAM,NetworkR,NetworkW,DiskW,DiskR
3.391209542751312256e-01,3.408442437648773193e-01,1.000000000000000000e+00,6.937938332557678223e-01,6.965633034706115723e-01,6.978566050529479980e-01
3.012880980968475342e-01,3.416300714015960693e-01,1.000000000000000000e+00,6.707348227500915527e-01,6.966057419776916504e-01,6.918261051177978516e-01
3.087829351425170898e-01,5.369555354118347168e-01,1.000000000000000000e+00,6.207755804061889648e-01,6.848726272583007812e-01,6.832300424575805664e-01
3.377111554145812988e-01,6.432685256004333496e-01,9.955608844757080078e-01,5.775163769721984863e-01,6.500503420829772949e-01,6.708133816719055176e-01
3.781118392944335938e-01,8.126299977302551270e-01,8.008847236633300781e-01,4.887413382530212402e-01,5.219318270683288574e-01,6.304121017456054688e-01
3.431865870952606201e-01,7.903417348861694336e-01,6.897995471954345703e-01,4.130809903144836426e-01,3.725912570953369141e-01,5.805115103721618652e-01
3.048379719257354736e-01,1.000000000000000000e+00,6.604900360107421875e-01,4.470640122890472412e-01,1.380185633897781372e-01,6.200743317604064941e-01
1.000000000000000000e+00,1.000000000000000000e+00,5.048288106918334961e-01,2.687372565269470215e-01,0.000000000000000000e+00,4.812915921211242676e-01
3.017319142818450928e-01,3.068107664585113525e-01,3.775385916233062744e-01,7.524280250072479248e-02,0.000000000000000000e+00,0.000000000000000000e+00
4.174404144287109375e-01,3.257865011692047119e-01,3.032560646533966064e-01,0.000000000000000000e+00,0.000000000000000000e+00,0.000000000000000000e+00
