# CPU,RAM,NetworkR,NetworkW,DiskW,DiskR
3.390057384967803955e-01,3.408170938491821289e-01,1.000000000000000000e+00,6.937956213951110840e-01,6.965641379356384277e-01,6.978567242622375488e-01
3.013040423393249512e-01,3.339548408985137939e-01,1.000000000000000000e+00,6.724004149436950684e-01,6.967038512229919434e-01,6.923117041587829590e-01
3.053661882877349854e-01,4.894588291645050049e-01,1.000000000000000000e+00,6.263375878334045410e-01,6.845127940177917480e-01,6.827756762504577637e-01
3.275779187679290771e-01,5.125582814216613770e-01,1.000000000000000000e+00,5.973104834556579590e-01,6.648107767105102539e-01,6.767774224281311035e-01
4.689751267433166504e-01,9.362573027610778809e-01,7.640029191970825195e-01,4.692986011505126953e-01,5.123798251152038574e-01,6.324350237846374512e-01
4.042895138263702393e-01,9.161745905876159668e-01,6.574953794479370117e-01,3.943481743335723877e-01,3.740926980972290039e-01,5.905189514160156250e-01
3.027721345424652100e-01,1.000000000000000000e+00,5.946016311645507812e-01,4.300464987754821777e-01,0.000000000000000000e+00,4.432054162025451660e-01
1.000000000000000000e+00,1.000000000000000000e+00,4.699870944023132324e-01,2.151452451944351196e-01,0.000000000000000000e+00,2.979281842708587646e-01
3.053455054759979248e-01,3.053693473339080811e-01,3.912325501441955566e-01,5.218965932726860046e-02,0.000000000000000000e+00,0.000000000000000000e+00
4.067883193492889404e-01,3.104992806911468506e-01,3.059140443801879883e-01,0.000000000000000000e+00,0.000000000000000000e+00,0.000000000000000000e+00
