# CPU,RAM,NetworkR,NetworkW,DiskW,DiskR
3.391048312187194824e-01,3.407743573188781738e-01,1.000000000000000000e+00,6.937940716743469238e-01,6.965653300285339355e-01,6.978558301925659180e-01
3.013419508934020996e-01,3.234798014163970947e-01,1.000000000000000000e+00,6.753891110420227051e-01,6.968842744827270508e-01,6.932039260864257812e-01
3.102734088897705078e-01,5.511476993560791016e-01,1.000000000000000000e+00,6.138008236885070801e-01,6.827682256698608398e-01,6.805801987648010254e-01
3.606662452220916748e-01,8.354752063751220703e-01,8.812062144279479980e-01,5.422298908233642578e-01,6.070751547813415527e-01,6.557271480560302734e-01
4.639866352081298828e-01,8.584418296813964844e-01,7.756548523902893066e-01,4.816627502441406250e-01,5.277573466300964355e-01,6.346461772918701172e-01
4.144183695316314697e-01,8.618900775909423828e-01,6.964230537414550781e-01,4.247581362724304199e-01,4.523981213569641113e-01,6.154799461364746094e-01
3.015280067920684814e-01,1.000000000000000000e+00,6.513828039169311523e-01,4.685047268867492676e-01,3.046780079603195190e-02,5.367612242698669434e-01
1.000000000000000000e+00,1.000000000000000000e+00,5.395249128341674805e-01,3.271079957485198975e-01,0.000000000000000000e+00,5.982607007026672363e-01
3.014136552810668945e-01,3.234933614730834961e-01,3.855232894420623779e-01,1.003411486744880676e-01,0.000000000000000000e+00,0.000000000000000000e+00
3.344026207923889160e-01,3.188768923282623291e-01,3.057013452053070068e-01,0.000000000000000000e+00,0.000000000000000000e+00,0.000000000000000000e+00
