# CPU,RAM,NetworkR,NetworkW,DiskW,DiskR
3.392070531845092773e-01,3.408227562904357910e-01,1.000000000000000000e+00,6.937929987907409668e-01,6.965640783309936523e-01,6.978562474250793457e-01
3.012592196464538574e-01,3.499148786067962646e-01,1.000000000000000000e+00,6.693044304847717285e-01,6.965105533599853516e-01,6.913710236549377441e-01
3.127814233303070068e-01,5.173693895339965820e-01,1.000000000000000000e+00,6.232030391693115234e-01,6.879474520683288574e-01,6.856521964073181152e-01
3.714545369148254395e-01,9.479474425315856934e-01,8.582557439804077148e-01,5.359272956848144531e-01,5.973567962646484375e-01,6.556938886642456055e-01
3.602149486541748047e-01,7.725740671157836914e-01,7.843926548957824707e-01,4.855702519416809082e-01,4.878722429275512695e-01,6.187772154808044434e-01
3.758830130100250244e-01,8.318157792091369629e-01,6.998399496078491211e-01,4.243060946464538574e-01,4.444460272789001465e-01,6.097254753112792969e-01
3.022659122943878174e-01,1.000000000000000000e+00,6.225833892822265625e-01,4.473043978214263916e-01,2.875899896025657654e-03,4.935667514801025391e-01
1.000000000000000000e+00,1.000000000000000000e+00,4.614739120006561279e-01,2.332393527030944824e-01,0.000000000000000000e+00,1.283399611711502075e-01
3.073711991310119629e-01,3.073547184467315674e-01,4.094908237457275391e-01,5.922663956880569458e-02,0.000000000000000000e+00,0.000000000000000000e+00
3.703238666057586670e-01,3.083516657352447510e-01,3.093314468860626221e-01,0.000000000000000000e+00,0.000000000000000000e+00,0.000000000000000000e+00
