# CPU,RAM,NetworkR,NetworkW,DiskW,DiskR
3.390134274959564209e-01,3.407783210277557373e-01,1.000000000000000000e+00,6.937946081161499023e-01,6.965648531913757324e-01,6.978558897972106934e-01
3.013061881065368652e-01,3.284977674484252930e-01,1.000000000000000000e+00,6.738793253898620605e-01,6.967915892601013184e-01,6.927443742752075195e-01
3.064113557338714600e-01,4.583612680435180664e-01,1.000000000000000000e+00,6.285461187362670898e-01,6.866576075553894043e-01,6.841152310371398926e-01
3.189483880996704102e-01,4.846108257770538330e-01,1.000000000000000000e+00,6.031789779663085938e-01,6.648250222206115723e-01,6.772271990776062012e-01
3.660712242126464844e-01,7.018886208534240723e-01,8.312405943870544434e-01,4.897507131099700928e-01,5.256183743476867676e-01,6.275349259376525879e-01
4.247692823410034180e-01,9.095074534416198730e-01,6.663704514503479004e-01,3.909640312194824219e-01,4.005618095397949219e-01,5.985776185989379883e-01
3.162654936313629150e-01,1.000000000000000000e+00,5.755130052566528320e-01,4.049988389015197754e-01,0.000000000000000000e+00,4.766575098037719727e-01
1.000000000000000000e+00,1.000000000000000000e+00,4.515195488929748535e-01,1.847903430461883545e-01,0.000000000000000000e+00,2.851547896862030029e-01
3.065032660961151123e-01,3.035949468612670898e-01,3.810628056526184082e-01,3.573293983936309814e-02,0.000000000000000000e+00,0.000000000000000000e+00
4.415508508682250977e-01,3.104391992092132568e-01,3.050640821456909180e-01,0.000000000000000000e+00,0.000000000000000000e+00,0.000000000000000000e+00
