# CPU,RAM,NetworkR,NetworkW,DiskW,DiskR
3.391262888908386230e-01,3.406453430652618408e-01,1.000000000000000000e+00,6.937932968139648438e-01,6.965688467025756836e-01,6.978540420532226562e-01
3.005720973014831543e-01,5.573034286499023438e-01,1.000000000000000000e+00,6.583945155143737793e-01,6.936364769935607910e-01,6.762983202934265137e-01
3.030099272727966309e-01,3.627519607543945312e-01,1.000000000000000000e+00,6.571077108383178711e-01,6.915029287338256836e-01,6.898577213287353516e-01
3.011982142925262451e-01,4.103324413299560547e-01,1.000000000000000000e+00,6.350933313369750977e-01,6.564456224441528320e-01,6.759439110755920410e-01
3.004179894924163818e-01,3.824751377105712891e-01,1.000000000000000000e+00,6.001099944114685059e-01,4.185829162597656250e-01,6.036286354064941406e-01
3.052201867103576660e-01,4.094956815242767334e-01,8.779142498970031738e-01,4.433287084102630615e-01,3.307839035987854004e-01,5.505167841911315918e-01
3.059842586517333984e-01,4.245269894599914551e-01,7.737267017364501953e-01,3.500318527221679688e-01,3.229147195816040039e-01,5.462036728858947754e-01
3.041714429855346680e-01,4.295423328876495361e-01,7.343688607215881348e-01,2.581475973129272461e-01,2.990497052669525146e-01,5.430819392204284668e-01
3.319563865661621094e-01,4.632938206195831299e-01,5.712277293205261230e-01,5.617744848132133484e-02,2.146012336015701294e-01,4.942891895771026611e-01
1.000000000000000000e+00,1.000000000000000000e+00,3.058157563209533691e-01,0.000000000000000000e+00,0.000000000000000000e+00,0.000000000000000000e+00
