# CPU,RAM,NetworkR,NetworkW,DiskW,DiskR
3.000000119209289551e-01,3.000000119209289551e-01,1.000000000000000000e+00,6.999999880790710449e-01,6.999999880790710449e-01,6.999999880790710449e-01
3.000000119209289551e-01,3.833333253860473633e-01,1.000000000000000000e+00,6.622580289840698242e-01,6.971631050109863281e-01,6.609517931938171387e-01
3.000000119209289551e-01,4.666666686534881592e-01,1.000000000000000000e+00,6.475120186805725098e-01,6.890071034431457520e-01,6.609517931938171387e-01
3.000000119209289551e-01,4.666666686534881592e-01,1.000000000000000000e+00,5.932051539421081543e-01,6.528368592262268066e-01,6.609517931938171387e-01
3.000000119209289551e-01,4.666666686534881592e-01,1.000000000000000000e+00,5.400675535202026367e-01,3.113475143909454346e-01,5.633313059806823730e-01
3.000000119209289551e-01,4.666666686534881592e-01,7.855735421180725098e-01,3.634403049945831299e-01,2.515071034431457520e-01,5.316046476364135742e-01
3.000000119209289551e-01,4.666666686534881592e-01,7.469689249992370605e-01,3.301156163215637207e-01,2.301418483257293701e-01,5.316046476364135742e-01
3.000000119209289551e-01,4.666666686534881592e-01,6.858449578285217285e-01,1.961673349142074585e-01,2.034574449062347412e-01,5.316046476364135742e-01
4.000000059604644775e-01,5.500000119209289551e-01,5.639991760253906250e-01,4.474470391869544983e-02,1.669326275587081909e-01,5.218425989151000977e-01
1.000000000000000000e+00,1.000000000000000000e+00,3.000000119209289551e-01,0.000000000000000000e+00,0.000000000000000000e+00,0.000000000000000000e+00
