# CPU,RAM,NetworkR,NetworkW,DiskW,DiskR
3.390473425388336182e-01,3.407705426216125488e-01,1.000000000000000000e+00,6.937945485115051270e-01,6.965652704238891602e-01,6.978558301925659180e-01
3.012798726558685303e-01,3.325406312942504883e-01,1.000000000000000000e+00,6.728578209877014160e-01,6.967328190803527832e-01,6.924381256103515625e-01
3.022962808609008789e-01,3.882668912410736084e-01,1.000000000000000000e+00,6.480879187583923340e-01,6.886138319969177246e-01,6.872730255126953125e-01
3.026685714721679688e-01,4.012086391448974609e-01,1.000000000000000000e+00,6.281942725181579590e-01,6.553457379341125488e-01,6.760669946670532227e-01
3.016312420368194580e-01,4.118230640888214111e-01,1.000000000000000000e+00,5.585495829582214355e-01,3.883579075336456299e-01,5.880280137062072754e-01
3.151118755340576172e-01,4.869063198566436768e-01,7.403593063354492188e-01,3.865736126899719238e-01,2.990435957908630371e-01,5.259297490119934082e-01
3.180926442146301270e-01,4.634791314601898193e-01,6.465681791305541992e-01,2.844688296318054199e-01,2.304567992687225342e-01,4.845724999904632568e-01
3.100608885288238525e-01,4.231005907058715820e-01,6.549822092056274414e-01,2.220382988452911377e-01,2.765015065670013428e-01,5.249924063682556152e-01
3.370232880115509033e-01,4.221350848674774170e-01,5.667983293533325195e-01,6.252879649400711060e-02,2.288410067558288574e-01,5.073015093803405762e-01
1.000000000000000000e+00,1.000000000000000000e+00,3.049173951148986816e-01,0.000000000000000000e+00,0.000000000000000000e+00,0.000000000000000000e+00
