# CPU,RAM,NetworkR,NetworkW,DiskW,DiskR
3.391900956630706787e-01,3.408294022083282471e-01,1.000000000000000000e+00,6.937932372093200684e-01,6.965638995170593262e-01,6.978564262390136719e-01
3.012730181217193604e-01,3.475452065467834473e-01,1.000000000000000000e+00,6.696437001228332520e-01,6.965271830558776855e-01,6.914651989936828613e-01
3.108792304992675781e-01,5.755329132080078125e-01,1.000000000000000000e+00,6.175200343132019043e-01,6.844447851181030273e-01,6.831540465354919434e-01
3.462004959583282471e-01,9.086833596229553223e-01,8.651499152183532715e-01,5.385825037956237793e-01,5.889256000518798828e-01,6.517179012298583984e-01
3.700038492679595947e-01,6.964604258537292480e-01,8.385660052299499512e-01,5.061733126640319824e-01,5.452181100845336914e-01,6.366022229194641113e-01
3.452253639698028564e-01,8.300435543060302734e-01,7.011183500289916992e-01,4.267946481704711914e-01,4.128752052783966064e-01,5.988814830780029297e-01
3.014207184314727783e-01,1.000000000000000000e+00,6.519727706909179688e-01,4.574832022190093994e-01,4.037122055888175964e-02,5.424904227256774902e-01
1.000000000000000000e+00,1.000000000000000000e+00,5.150884985923767090e-01,2.675932049751281738e-01,0.000000000000000000e+00,4.307929873466491699e-01
3.025346100330352783e-01,3.065117001533508301e-01,4.038822948932647705e-01,8.087749779224395752e-02,0.000000000000000000e+00,0.000000000000000000e+00
3.969367146492004395e-01,3.182289004325866699e-01,3.048564195632934570e-01,0.000000000000000000e+00,0.000000000000000000e+00,0.000000000000000000e+00
