# CPU,RAM,NetworkR,NetworkW,DiskW,DiskR
3.391302525997161865e-01,3.404802680015563965e-01,1.000000000000000000e+00,6.937925815582275391e-01,6.965733170509338379e-01,6.978518366813659668e-01
3.012650012969970703e-01,3.419276475906372070e-01,1.000000000000000000e+00,6.708115339279174805e-01,6.966383457183837891e-01,6.918901205062866211e-01
3.019497692584991455e-01,4.238156378269195557e-01,1.000000000000000000e+00,6.442226171493530273e-01,6.869270205497741699e-01,6.858686208724975586e-01
3.025315403938293457e-01,3.969136774539947510e-01,1.000000000000000000e+00,6.329694986343383789e-01,6.597071290016174316e-01,6.784480810165405273e-01
3.011588454246520996e-01,3.913031816482543945e-01,1.000000000000000000e+00,5.796208381652832031e-01,4.222396016120910645e-01,6.064336895942687988e-01
3.111000955104827881e-01,4.285949766635894775e-01,8.280297517776489258e-01,4.262118935585021973e-01,3.495699167251586914e-01,5.586447715759277344e-01
3.222382962703704834e-01,4.116562902927398682e-01,7.417632341384887695e-01,3.302233219146728516e-01,3.478809893131256104e-01,5.590624809265136719e-01
3.305440843105316162e-01,4.518323838710784912e-01,6.487789154052734375e-01,2.069939970970153809e-01,3.487159013748168945e-01,5.681105256080627441e-01
3.743216395378112793e-01,4.124473333358764648e-01,6.159633994102478027e-01,9.104806929826736450e-02,3.604466021060943604e-01,5.833879709243774414e-01
1.000000000000000000e+00,1.000000000000000000e+00,3.043585121631622314e-01,0.000000000000000000e+00,0.000000000000000000e+00,0.000000000000000000e+00
