# CPU,RAM,NetworkR,NetworkW,DiskW,DiskR
3.389457762241363525e-01,3.406247496604919434e-01,1.000000000000000000e+00,6.937940716743469238e-01,6.965686082839965820e-01,6.978536844253540039e-01
3.013071119785308838e-01,3.298648595809936523e-01,1.000000000000000000e+00,6.734788417816162109e-01,6.967722773551940918e-01,6.926301717758178711e-01
3.020726740360260010e-01,4.127384722232818604e-01,1.000000000000000000e+00,6.433734297752380371e-01,6.865926384925842285e-01,6.851946115493774414e-01
3.028752505779266357e-01,4.128626883029937744e-01,1.000000000000000000e+00,6.247375011444091797e-01,6.515483260154724121e-01,6.743927001953125000e-01
3.014653325080871582e-01,4.264088273048400879e-01,1.000000000000000000e+00,5.552040338516235352e-01,3.706720471382141113e-01,5.773912072181701660e-01
3.119289875030517578e-01,5.038706660270690918e-01,7.403970956802368164e-01,3.918800354003906250e-01,2.908953428268432617e-01,5.205425024032592773e-01
3.133460283279418945e-01,4.482809305191040039e-01,6.829119324684143066e-01,3.095616996288299561e-01,2.484124451875686646e-01,4.980326890945434570e-01
3.079608678817749023e-01,4.303641319274902344e-01,6.769996285438537598e-01,2.395401000976562500e-01,2.897190451622009277e-01,5.353278517723083496e-01
3.430985212326049805e-01,4.505117535591125488e-01,5.614651441574096680e-01,6.074260175228118896e-02,2.292038053274154663e-01,5.103559494018554688e-01
1.000000000000000000e+00,1.000000000000000000e+00,3.051387369632720947e-01,0.000000000000000000e+00,0.000000000000000000e+00,0.000000000000000000e+00
