# CPU,RAM,NetworkR,NetworkW,DiskW,DiskR
3.391026854515075684e-01,3.404312729835510254e-01,1.000000000000000000e+00,6.937929391860961914e-01,6.965746879577636719e-01,6.978513002395629883e-01
3.002551496028900146e-01,6.355231404304504395e-01,1.000000000000000000e+00,6.552037000656127930e-01,6.890117526054382324e-01,6.172936558723449707e-01
3.029901385307312012e-01,3.992845118045806885e-01,1.000000000000000000e+00,6.444718837738037109e-01,6.879507303237915039e-01,6.784675121307373047e-01
3.008735179901123047e-01,4.700926244258880615e-01,1.000000000000000000e+00,6.226375102996826172e-01,6.283688545227050781e-01,6.594408750534057617e-01
3.003235757350921631e-01,4.335469007492065430e-01,1.000000000000000000e+00,5.867251753807067871e-01,3.698241114616394043e-01,5.583326816558837891e-01
3.044275343418121338e-01,4.680175483226776123e-01,8.309479951858520508e-01,4.386347830295562744e-01,3.018004298210144043e-01,5.204684734344482422e-01
3.024564683437347412e-01,4.622033238410949707e-01,7.860260009765625000e-01,3.832419514656066895e-01,2.872481942176818848e-01,5.199900269508361816e-01
3.025479018688201904e-01,4.655996263027191162e-01,7.328426837921142578e-01,2.816945016384124756e-01,2.518953084945678711e-01,5.085512399673461914e-01
3.409732580184936523e-01,6.379275321960449219e-01,5.155782699584960938e-01,4.457677900791168213e-02,1.521959453821182251e-01,4.472966194152832031e-01
1.000000000000000000e+00,1.000000000000000000e+00,3.063839375972747803e-01,0.000000000000000000e+00,0.000000000000000000e+00,0.000000000000000000e+00
