# CPU,RAM,NetworkR,NetworkW,DiskW,DiskR
3.390434682369232178e-01,3.405039310455322266e-01,1.000000000000000000e+00,6.937897801399230957e-01,6.965708732604980469e-01,6.978508234024047852e-01
3.010236024856567383e-01,3.395408689975738525e-01,1.000000000000000000e+00,6.719896197319030762e-01,6.965159177780151367e-01,6.915112733840942383e-01
3.017852604389190674e-01,4.480777382850646973e-01,1.000000000000000000e+00,6.396589875221252441e-01,6.843582391738891602e-01,6.830903291702270508e-01
3.027093708515167236e-01,4.625514745712280273e-01,1.000000000000000000e+00,6.125348210334777832e-01,6.333271861076354980e-01,6.664419770240783691e-01
3.012211322784423828e-01,4.248964190483093262e-01,1.000000000000000000e+00,5.649247765541076660e-01,3.862917423248291016e-01,5.856903195381164551e-01
3.092962503433227539e-01,5.749918222427368164e-01,7.627255916595458984e-01,4.146389961242675781e-01,3.516424000263214111e-01,5.555921196937561035e-01
3.092463016510009766e-01,4.015110135078430176e-01,8.184931874275207520e-01,3.836650252342224121e-01,3.382183313369750977e-01,5.597754716873168945e-01
3.061439394950866699e-01,4.636245369911193848e-01,6.950721144676208496e-01,2.561634182929992676e-01,2.923234105110168457e-01,5.412608385086059570e-01
3.626658320426940918e-01,5.398081541061401367e-01,5.464375019073486328e-01,5.739726126194000244e-02,2.389640957117080688e-01,5.203829407691955566e-01
1.000000000000000000e+00,1.000000000000000000e+00,3.051166832447052002e-01,0.000000000000000000e+00,0.000000000000000000e+00,0.000000000000000000e+00
