# CPU,RAM,NetworkR,NetworkW,DiskW,DiskR
3.391780853271484375e-01,3.406174778938293457e-01,1.000000000000000000e+00,6.937928199768066406e-01,6.965697407722473145e-01,6.978536844253540039e-01
3.012261688709259033e-01,3.522454798221588135e-01,1.000000000000000000e+00,6.690490245819091797e-01,6.964914798736572266e-01,6.912500262260437012e-01
3.040468096733093262e-01,3.728755116462707520e-01,1.000000000000000000e+00,6.510394215583801270e-01,6.915601491928100586e-01,6.901081204414367676e-01
3.084352016448974609e-01,4.538822770118713379e-01,1.000000000000000000e+00,6.110150814056396484e-01,6.636990904808044434e-01,6.767147779464721680e-01
3.456836044788360596e-01,6.167660355567932129e-01,8.592138290405273438e-01,4.882768988609313965e-01,5.102832913398742676e-01,6.193004250526428223e-01
4.742827713489532471e-01,9.662019014358520508e-01,6.414619088172912598e-01,3.643153309822082520e-01,3.699722290039062500e-01,5.933917164802551270e-01
3.349751830101013184e-01,1.000000000000000000e+00,5.776273012161254883e-01,3.758338987827301025e-01,2.691913954913616180e-02,5.871657133102416992e-01
1.000000000000000000e+00,1.000000000000000000e+00,4.447399377822875977e-01,1.751609593629837036e-01,0.000000000000000000e+00,4.265505075454711914e-01
3.033572435379028320e-01,3.055263757705688477e-01,3.557309508323669434e-01,2.481137029826641083e-02,0.000000000000000000e+00,0.000000000000000000e+00
4.239774644374847412e-01,3.098430037498474121e-01,3.047764599323272705e-01,0.000000000000000000e+00,0.000000000000000000e+00,0.000000000000000000e+00
