# CPU,RAM,NetworkR,NetworkW,DiskW,DiskR
3.391187191009521484e-01,3.407835066318511963e-01,1.000000000000000000e+00,6.937938332557678223e-01,6.965650320053100586e-01,6.978558897972106934e-01
3.010523319244384766e-01,3.902499675750732422e-01,1.000000000000000000e+00,6.650131344795227051e-01,6.959901452064514160e-01,6.891251206398010254e-01
3.029229938983917236e-01,3.603395223617553711e-01,1.000000000000000000e+00,6.572465300559997559e-01,6.917987465858459473e-01,6.910352706909179688e-01
3.017582893371582031e-01,3.933035135269165039e-01,1.000000000000000000e+00,6.351410150527954102e-01,6.604828238487243652e-01,6.785302162170410156e-01
3.008969426155090332e-01,3.867398798465728760e-01,1.000000000000000000e+00,5.818151235580444336e-01,4.129576981067657471e-01,6.034430265426635742e-01
3.110315203666687012e-01,4.230727851390838623e-01,8.073595166206359863e-01,4.075731039047241211e-01,3.096222877502441406e-01,5.369436144828796387e-01
3.138400018215179443e-01,4.179146587848663330e-01,7.054386138916015625e-01,3.065887093544006348e-01,2.837707996368408203e-01,5.212703347206115723e-01
3.109504282474517822e-01,4.386029541492462158e-01,6.494816541671752930e-01,2.049014717340469360e-01,2.826282978057861328e-01,5.305212736129760742e-01
3.394727110862731934e-01,4.139322936534881592e-01,5.788590312004089355e-01,6.004143878817558289e-02,2.537974119186401367e-01,5.207701921463012695e-01
1.000000000000000000e+00,1.000000000000000000e+00,3.047088980674743652e-01,0.000000000000000000e+00,0.000000000000000000e+00,0.000000000000000000e+00
