# CPU,RAM,NetworkR,NetworkW,DiskW,DiskR
3.390400707721710205e-01,3.405896425247192383e-01,1.000000000000000000e+00,6.937931180000305176e-01,6.965698003768920898e-01,6.978530883789062500e-01
3.006992936134338379e-01,4.028640687465667725e-01,1.000000000000000000e+00,6.651300191879272461e-01,6.954251527786254883e-01,6.857206225395202637e-01
3.021730482578277588e-01,3.799585700035095215e-01,1.000000000000000000e+00,6.535143256187438965e-01,6.900655031204223633e-01,6.885564327239990234e-01
3.013643920421600342e-01,4.456817209720611572e-01,1.000000000000000000e+00,6.225259900093078613e-01,6.384626030921936035e-01,6.682905554771423340e-01
3.005564212799072266e-01,4.099360704421997070e-01,1.000000000000000000e+00,5.779898762702941895e-01,3.627613186836242676e-01,5.734347105026245117e-01
3.067241311073303223e-01,4.638085961341857910e-01,7.955697178840637207e-01,4.125166833400726318e-01,2.982563376426696777e-01,5.249652266502380371e-01
3.049663603305816650e-01,4.301265776157379150e-01,7.737161517143249512e-01,3.582950532436370850e-01,3.093300461769104004e-01,5.385383963584899902e-01
3.044702410697937012e-01,4.296503067016601562e-01,7.489424943923950195e-01,2.716473639011383057e-01,3.244132399559020996e-01,5.587490200996398926e-01
3.604537248611450195e-01,5.135946869850158691e-01,5.771824717521667480e-01,6.273619830608367920e-02,2.850122451782226562e-01,5.467299818992614746e-01
1.000000000000000000e+00,1.000000000000000000e+00,3.052250742912292480e-01,0.000000000000000000e+00,0.000000000000000000e+00,0.000000000000000000e+00
