# CPU,RAM,NetworkR,NetworkW,DiskW,DiskR
3.390876054763793945e-01,3.407951593399047852e-01,1.000000000000000000e+00,6.937945485115051270e-01,6.965647935867309570e-01,6.978562474250793457e-01
3.014218807220458984e-01,3.167222142219543457e-01,1.000000000000000000e+00,6.778822541236877441e-01,6.970137953758239746e-01,6.938967108726501465e-01
3.125008940696716309e-01,5.569143295288085938e-01,1.000000000000000000e+00,6.080623269081115723e-01,6.810477375984191895e-01,6.784244179725646973e-01
4.264745712280273438e-01,9.378371834754943848e-01,8.190127015113830566e-01,5.203323364257812500e-01,5.804616212844848633e-01,6.492335796356201172e-01
4.515438377857208252e-01,8.925874233245849609e-01,7.061814069747924805e-01,4.521684944629669189e-01,4.342375099658966064e-01,6.059678196907043457e-01
3.480789065361022949e-01,8.791674971580505371e-01,6.512893438339233398e-01,4.103814959526062012e-01,3.624753057956695557e-01,5.840048193931579590e-01
3.027785718441009521e-01,1.000000000000000000e+00,6.339017152786254883e-01,4.549609422683715820e-01,4.339680075645446777e-02,5.742347240447998047e-01
1.000000000000000000e+00,1.000000000000000000e+00,4.991489052772521973e-01,2.742211222648620605e-01,0.000000000000000000e+00,5.571526288986206055e-01
3.009944558143615723e-01,3.134431838989257812e-01,3.610565066337585449e-01,6.845781952142715454e-02,0.000000000000000000e+00,0.000000000000000000e+00
3.498676419258117676e-01,3.167200088500976562e-01,3.059338033199310303e-01,0.000000000000000000e+00,0.000000000000000000e+00,0.000000000000000000e+00
