# CPU,RAM,NetworkR,NetworkW,DiskW,DiskR
3.391090333461761475e-01,3.407350480556488037e-01,1.000000000000000000e+00,6.937933564186096191e-01,6.965662240982055664e-01,6.978551149368286133e-01
3.010937869548797607e-01,3.719461560249328613e-01,1.000000000000000000e+00,6.667581200599670410e-01,6.962039470672607422e-01,6.900165081024169922e-01
3.026357889175415039e-01,3.587637841701507568e-01,1.000000000000000000e+00,6.576919555664062500e-01,6.916918158531188965e-01,6.909363269805908203e-01
3.017639815807342529e-01,3.973988294601440430e-01,1.000000000000000000e+00,6.328179240226745605e-01,6.573861837387084961e-01,6.770616769790649414e-01
3.009963035583496094e-01,3.901999890804290771e-01,1.000000000000000000e+00,5.763504505157470703e-01,4.011373519897460938e-01,5.979930162429809570e-01
3.126414418220520020e-01,4.430787563323974609e-01,7.786574959754943848e-01,3.957073092460632324e-01,3.059468269348144531e-01,5.320852398872375488e-01
3.133591711521148682e-01,4.326629936695098877e-01,6.856244802474975586e-01,2.986886501312255859e-01,2.626719474792480469e-01,5.067910552024841309e-01
3.064782619476318359e-01,4.253468513488769531e-01,6.700702309608459473e-01,2.227770090103149414e-01,2.681306898593902588e-01,5.210951566696166992e-01
3.241640627384185791e-01,4.154295027256011963e-01,5.751318931579589844e-01,6.032050028443336487e-02,2.037786990404129028e-01,4.851302504539489746e-01
1.000000000000000000e+00,1.000000000000000000e+00,3.053976893424987793e-01,0.000000000000000000e+00,0.000000000000000000e+00,0.000000000000000000e+00
