# CPU,RAM,NetworkR,NetworkW,DiskW,DiskR
3.390493988990783691e-01,3.406860530376434326e-01,1.000000000000000000e+00,6.937947273254394531e-01,6.965677738189697266e-01,6.978548765182495117e-01
3.009483218193054199e-01,4.007941186428070068e-01,1.000000000000000000e+00,6.644881367683410645e-01,6.958184242248535156e-01,6.882695555686950684e-01
3.031424880027770996e-01,3.432660996913909912e-01,1.000000000000000000e+00,6.623448729515075684e-01,6.930849552154541016e-01,6.923907399177551270e-01
3.020541667938232422e-01,4.064712822437286377e-01,1.000000000000000000e+00,6.285553574562072754e-01,6.586112976074218750e-01,6.764249205589294434e-01
3.032665550708770752e-01,3.803829848766326904e-01,1.000000000000000000e+00,5.698539018630981445e-01,4.825643301010131836e-01,6.258950829505920410e-01
4.324158132076263428e-01,5.637454986572265625e-01,6.988665461540222168e-01,3.517055511474609375e-01,4.063414931297302246e-01,5.791618227958679199e-01
5.345776081085205078e-01,1.000000000000000000e+00,5.439599156379699707e-01,3.070915937423706055e-01,0.000000000000000000e+00,5.912138223648071289e-01
1.000000000000000000e+00,7.150828838348388672e-01,3.634527921676635742e-01,1.041720039211213589e-03,0.000000000000000000e+00,0.000000000000000000e+00
3.091706633567810059e-01,3.011357486248016357e-01,3.651586472988128662e-01,0.000000000000000000e+00,0.000000000000000000e+00,0.000000000000000000e+00
4.705128371715545654e-01,3.054938614368438721e-01,3.076472878456115723e-01,0.000000000000000000e+00,0.000000000000000000e+00,0.000000000000000000e+00
