# CPU,RAM,NetworkR,NetworkW,DiskW,DiskR
3.390913903713226318e-01,3.408393263816833496e-01,1.000000000000000000e+00,6.937942504882812500e-01,6.965634226799011230e-01,6.978566050529479980e-01
3.009770512580871582e-01,4.118386209011077881e-01,1.000000000000000000e+00,6.635203361511230469e-01,6.957212090492248535e-01,6.879795193672180176e-01
3.026226162910461426e-01,3.557594418525695801e-01,1.000000000000000000e+00,6.593538522720336914e-01,6.918715834617614746e-01,6.913009285926818848e-01
3.013127446174621582e-01,3.856342136859893799e-01,1.000000000000000000e+00,6.388733386993408203e-01,6.592251062393188477e-01,6.784957051277160645e-01
3.007714450359344482e-01,3.762737810611724854e-01,1.000000000000000000e+00,5.868970751762390137e-01,4.098011255264282227e-01,6.043907999992370605e-01
3.113920688629150391e-01,4.034206271171569824e-01,8.287848234176635742e-01,4.139218330383300781e-01,3.254217505455017090e-01,5.470657348632812500e-01
3.153250515460968018e-01,4.208168983459472656e-01,6.976259350776672363e-01,2.990660965442657471e-01,2.923009395599365234e-01,5.260306000709533691e-01
3.079911172389984131e-01,4.348249137401580811e-01,6.479129791259765625e-01,2.037194967269897461e-01,2.578504979610443115e-01,5.143889188766479492e-01
3.244197666645050049e-01,4.074131846427917480e-01,5.665394067764282227e-01,5.240920186042785645e-02,1.946467310190200806e-01,4.731546044349670410e-01
1.000000000000000000e+00,1.000000000000000000e+00,3.049925267696380615e-01,0.000000000000000000e+00,0.000000000000000000e+00,0.000000000000000000e+00
