# CPU,RAM,NetworkR,NetworkW,DiskW,DiskR
3.390734791755676270e-01,3.405183553695678711e-01,1.000000000000000000e+00,6.937914490699768066e-01,6.965713500976562500e-01,6.978517174720764160e-01
3.001703917980194092e-01,7.401662468910217285e-01,1.000000000000000000e+00,6.501097083091735840e-01,6.816089153289794922e-01,5.080149769783020020e-01
3.005120456218719482e-01,7.486882209777832031e-01,1.000000000000000000e+00,6.058284044265747070e-01,6.240449547767639160e-01,5.556001067161560059e-01
3.002085983753204346e-01,6.259718537330627441e-01,1.000000000000000000e+00,6.000156402587890625e-01,4.819642305374145508e-01,5.373104214668273926e-01
3.001465499401092529e-01,5.948291420936584473e-01,1.000000000000000000e+00,5.589790344238281250e-01,2.915946543216705322e-01,3.788826465606689453e-01
3.012885153293609619e-01,5.384714603424072266e-01,7.922946214675903320e-01,4.420439898967742920e-01,1.879581063985824585e-01,3.646441996097564697e-01
3.018095791339874268e-01,5.409044623374938965e-01,6.952630281448364258e-01,3.591552078723907471e-01,1.722407937049865723e-01,3.933345079421997070e-01
3.062530457973480225e-01,4.658450484275817871e-01,7.064138054847717285e-01,2.894768118858337402e-01,2.881588041782379150e-01,5.198305249214172363e-01
4.652347862720489502e-01,8.818900585174560547e-01,5.179855823516845703e-01,7.746256887912750244e-02,2.758726477622985840e-01,5.570217967033386230e-01
1.000000000000000000e+00,1.000000000000000000e+00,3.066409230232238770e-01,0.000000000000000000e+00,0.000000000000000000e+00,0.000000000000000000e+00
