# CPU,RAM,NetworkR,NetworkW,DiskW,DiskR
3.000000119209289551e-01,3.000000119209289551e-01,1.000000000000000000e+00,6.999999880790710449e-01,6.999999880790710449e-01,6.999999880790710449e-01
3.000000119209289551e-01,3.000000119209289551e-01,1.000000000000000000e+00,6.807140707969665527e-01,6.975781321525573730e-01,6.627690792083740234e-01
3.000000119209289551e-01,3.833333253860473633e-01,1.000000000000000000e+00,6.536850929260253906e-01,6.969726681709289551e-01,6.627690792083740234e-01
3.000000119209289551e-01,3.833333253860473633e-01,1.000000000000000000e+00,6.161170005798339844e-01,6.884961724281311035e-01,6.627690792083740234e-01
3.000000119209289551e-01,3.833333253860473633e-01,1.000000000000000000e+00,5.998422503471374512e-01,5.717929601669311523e-01,5.789994001388549805e-01
3.000000119209289551e-01,3.833333253860473633e-01,7.886888384819030762e-01,3.866217434406280518e-01,3.502686619758605957e-01,5.487492680549621582e-01
3.000000119209289551e-01,3.833333253860473633e-01,7.507876157760620117e-01,3.528534471988677979e-01,3.356618583202362061e-01,5.487492680549621582e-01
3.000000119209289551e-01,3.833333253860473633e-01,7.128863930702209473e-01,2.243762612342834473e-01,3.122757971286773682e-01,5.487492680549621582e-01
3.000000119209289551e-01,4.666666686534881592e-01,5.359351038932800293e-01,3.890163451433181763e-02,2.810943722724914551e-01,5.394415259361267090e-01
1.000000000000000000e+00,1.000000000000000000e+00,3.000000119209289551e-01,0.000000000000000000e+00,0.000000000000000000e+00,0.000000000000000000e+00
