# CPU,RAM,NetworkR,NetworkW,DiskW,DiskR
3.391910791397094727e-01,3.398869931697845459e-01,1.000000000000000000e+00,6.937761902809143066e-01,6.965837478637695312e-01,6.978385448455810547e-01
3.013152480125427246e-01,3.247045576572418213e-01,1.000000000000000000e+00,6.749929189682006836e-01,6.968532204627990723e-01,6.930268406867980957e-01
3.016602993011474609e-01,4.445683360099792480e-01,1.000000000000000000e+00,6.386098265647888184e-01,6.835731863975524902e-01,6.821116805076599121e-01
3.026023805141448975e-01,4.380750656127929688e-01,1.000000000000000000e+00,6.170790195465087891e-01,6.357790231704711914e-01,6.680039167404174805e-01
3.014278411865234375e-01,4.329316616058349609e-01,1.000000000000000000e+00,5.535474419593811035e-01,3.601949214935302734e-01,5.712720155715942383e-01
3.124823570251464844e-01,5.566774606704711914e-01,7.219142913818359375e-01,3.894763886928558350e-01,2.984291911125183105e-01,5.240257978439331055e-01
3.094446957111358643e-01,4.136204421520233154e-01,7.505022287368774414e-01,3.507955968379974365e-01,2.808319032192230225e-01,5.227211117744445801e-01
3.052664101123809814e-01,4.496345520019531250e-01,6.845289468765258789e-01,2.505109310150146484e-01,2.725611329078674316e-01,5.274811983108520508e-01
3.610183000564575195e-01,5.386098623275756836e-01,5.491390228271484375e-01,5.790159851312637329e-02,2.538335323333740234e-01,5.292006731033325195e-01
1.000000000000000000e+00,1.000000000000000000e+00,3.051125407218933105e-01,0.000000000000000000e+00,0.000000000000000000e+00,0.000000000000000000e+00
