# CPU,RAM,NetworkR,NetworkW,DiskW,DiskR
3.391165733337402344e-01,3.406780660152435303e-01,1.000000000000000000e+00,6.937927007675170898e-01,6.965675354003906250e-01,6.978542208671569824e-01
3.002785444259643555e-01,5.751360058784484863e-01,1.000000000000000000e+00,6.571361422538757324e-01,6.904144287109375000e-01,6.342579126358032227e-01
3.015777766704559326e-01,4.801264405250549316e-01,1.000000000000000000e+00,6.345621347427368164e-01,6.794371008872985840e-01,6.685035228729248047e-01
3.006609678268432617e-01,4.929077923297882080e-01,1.000000000000000000e+00,6.190149188041687012e-01,6.011534333229064941e-01,6.489012241363525391e-01
3.002564311027526855e-01,4.348247945308685303e-01,1.000000000000000000e+00,5.869542956352233887e-01,3.390706181526184082e-01,5.344023704528808594e-01
3.033390939235687256e-01,4.700612723827362061e-01,8.268935680389404297e-01,4.416772127151489258e-01,2.790038883686065674e-01,5.040842890739440918e-01
3.028846085071563721e-01,4.896270930767059326e-01,7.527884244918823242e-01,3.712091743946075439e-01,2.731258273124694824e-01,5.092128515243530273e-01
3.026745617389678955e-01,4.474088251590728760e-01,7.430095076560974121e-01,2.931925058364868164e-01,2.596051096916198730e-01,5.142747759819030762e-01
3.356429040431976318e-01,6.047891974449157715e-01,5.153273940086364746e-01,4.959670081734657288e-02,1.367920190095901489e-01,4.324697256088256836e-01
1.000000000000000000e+00,1.000000000000000000e+00,3.068235516548156738e-01,0.000000000000000000e+00,0.000000000000000000e+00,0.000000000000000000e+00
