# CPU,RAM,NetworkR,NetworkW,DiskW,DiskR
3.391599357128143311e-01,3.407699763774871826e-01,1.000000000000000000e+00,6.937933564186096191e-01,6.965654492378234863e-01,6.978556513786315918e-01
3.011354506015777588e-01,3.795301616191864014e-01,1.000000000000000000e+00,6.657730937004089355e-01,6.961433887481689453e-01,6.898001432418823242e-01
3.052344620227813721e-01,4.296593964099884033e-01,1.000000000000000000e+00,6.399885416030883789e-01,6.893373727798461914e-01,6.877949237823486328e-01
3.030661642551422119e-01,3.922540545463562012e-01,1.000000000000000000e+00,6.375644207000732422e-01,6.700199842453002930e-01,6.830891966819763184e-01
3.023606836795806885e-01,3.998166322708129883e-01,1.000000000000000000e+00,5.755627155303955078e-01,4.895757734775543213e-01,6.269310712814331055e-01
3.413429856300354004e-01,3.888065516948699951e-01,8.678917884826660156e-01,4.338329732418060303e-01,4.170832931995391846e-01,5.889873504638671875e-01
4.323614835739135742e-01,1.000000000000000000e+00,5.722385048866271973e-01,2.967321872711181641e-01,2.202693372964859009e-01,6.156386733055114746e-01
1.000000000000000000e+00,1.000000000000000000e+00,3.977242410182952881e-01,3.461620211601257324e-02,0.000000000000000000e+00,1.474269181489944458e-01
3.069192171096801758e-01,3.014846742153167725e-01,3.623441159725189209e-01,0.000000000000000000e+00,0.000000000000000000e+00,0.000000000000000000e+00
4.477322101593017578e-01,3.062867224216461182e-01,3.067652583122253418e-01,0.000000000000000000e+00,0.000000000000000000e+00,0.000000000000000000e+00
