# CPU,RAM,NetworkR,NetworkW,DiskW,DiskR
3.390461206436157227e-01,3.405561447143554688e-01,1.000000000000000000e+00,6.937919259071350098e-01,6.965702772140502930e-01,6.978522539138793945e-01
3.001093864440917969e-01,8.466870188713073730e-01,1.000000000000000000e+00,6.424918174743652344e-01,6.628984212875366211e-01,2.795551121234893799e-01
3.002701699733734131e-01,8.805984854698181152e-01,1.000000000000000000e+00,5.884059071540832520e-01,5.620109438896179199e-01,3.220793008804321289e-01
3.001236021518707275e-01,7.701731324195861816e-01,1.000000000000000000e+00,5.730337500572204590e-01,4.031876325607299805e-01,2.898778915405273438e-01
3.001193404197692871e-01,8.001462817192077637e-01,8.922590017318725586e-01,5.210195779800415039e-01,2.583253085613250732e-01,1.647431403398513794e-01
3.005614876747131348e-01,6.746653318405151367e-01,6.787424087524414062e-01,4.026750922203063965e-01,1.005011275410652161e-01,5.514569953083992004e-02
3.008551895618438721e-01,7.088869214057922363e-01,5.487929582595825195e-01,2.787482142448425293e-01,1.076607033610343933e-02,0.000000000000000000e+00
3.091224431991577148e-01,5.758841633796691895e-01,5.881443023681640625e-01,2.056348025798797607e-01,1.625270992517471313e-01,3.765747845172882080e-01
6.458115577697753906e-01,1.000000000000000000e+00,5.417644977569580078e-01,9.695387631654739380e-02,3.791911005973815918e-01,6.051682233810424805e-01
1.000000000000000000e+00,1.000000000000000000e+00,3.080213665962219238e-01,0.000000000000000000e+00,0.000000000000000000e+00,0.000000000000000000e+00
