# CPU,RAM,NetworkR,NetworkW,DiskW,DiskR
3.390167355537414551e-01,3.405685722827911377e-01,1.000000000000000000e+00,6.937928199768066406e-01,6.965701580047607422e-01,6.978526711463928223e-01
3.002754747867584229e-01,5.294309854507446289e-01,1.000000000000000000e+00,6.591675877571105957e-01,6.913765072822570801e-01,6.406876444816589355e-01
3.005293905735015869e-01,6.755414605140686035e-01,1.000000000000000000e+00,6.203303337097167969e-01,6.526442170143127441e-01,6.315246224403381348e-01
3.002876341342926025e-01,5.787968039512634277e-01,1.000000000000000000e+00,6.070131063461303711e-01,5.161042213439941406e-01,5.959687232971191406e-01
3.001661300659179688e-01,5.210259556770324707e-01,1.000000000000000000e+00,5.671908259391784668e-01,2.894260883331298828e-01,4.364854097366333008e-01
3.017663955688476562e-01,5.036187171936035156e-01,8.025064468383789062e-01,4.360426068305969238e-01,2.069277167320251465e-01,4.185411036014556885e-01
3.017911612987518311e-01,5.174038410186767578e-01,7.188821434974670410e-01,3.599474430084228516e-01,2.020417600870132446e-01,4.372268021106719971e-01
3.054733872413635254e-01,4.638687372207641602e-01,7.174328565597534180e-01,2.805666327476501465e-01,2.983218133449554443e-01,5.321537256240844727e-01
4.205797612667083740e-01,7.642450928688049316e-01,5.168845653533935547e-01,5.599280074238777161e-02,2.445366531610488892e-01,5.335202217102050781e-01
1.000000000000000000e+00,1.000000000000000000e+00,3.056679069995880127e-01,0.000000000000000000e+00,0.000000000000000000e+00,0.000000000000000000e+00
