# CPU,RAM,NetworkR,NetworkW,DiskW,DiskR
3.390918672084808350e-01,3.403631448745727539e-01,1.000000000000000000e+00,6.937857270240783691e-01,6.965734958648681641e-01,6.978477239608764648e-01
3.003785014152526855e-01,4.327801167964935303e-01,1.000000000000000000e+00,6.644539237022399902e-01,6.941434741020202637e-01,6.724160313606262207e-01
3.008777499198913574e-01,5.774904489517211914e-01,1.000000000000000000e+00,6.292766332626342773e-01,6.714507341384887695e-01,6.648788452148437500e-01
3.008221387863159180e-01,4.971069097518920898e-01,1.000000000000000000e+00,6.140398979187011719e-01,5.889789462089538574e-01,6.472883224487304688e-01
3.003619313240051270e-01,4.709778428077697754e-01,1.000000000000000000e+00,5.723376274108886719e-01,3.447527885437011719e-01,5.411450266838073730e-01
3.040467798709869385e-01,4.887872338294982910e-01,8.395815491676330566e-01,4.482698738574981689e-01,3.197176456451416016e-01,5.333539247512817383e-01
3.028032481670379639e-01,4.128838777542114258e-01,8.582666516304016113e-01,4.157496094703674316e-01,3.292335271835327148e-01,5.527374148368835449e-01
3.057662248611450195e-01,5.115681290626525879e-01,6.764782071113586426e-01,2.488351017236709595e-01,2.527432143688201904e-01,5.131143331527709961e-01
4.223441481590270996e-01,9.050553441047668457e-01,4.699614942073822021e-01,1.890099979937076569e-02,1.307209730148315430e-01,4.737797379493713379e-01
1.000000000000000000e+00,1.000000000000000000e+00,3.050813376903533936e-01,0.000000000000000000e+00,0.000000000000000000e+00,0.000000000000000000e+00
