# CPU,RAM,NetworkR,NetworkW,DiskW,DiskR
3.389645218849182129e-01,3.403023779392242432e-01,1.000000000000000000e+00,6.937864422798156738e-01,6.965747475624084473e-01,6.978469491004943848e-01
3.008092343807220459e-01,4.115232229232788086e-01,1.000000000000000000e+00,6.641089320182800293e-01,6.955488920211791992e-01,6.867356896400451660e-01
3.020167946815490723e-01,4.113531708717346191e-01,1.000000000000000000e+00,6.489024162292480469e-01,6.884794235229492188e-01,6.873437166213989258e-01
3.015069663524627686e-01,4.749506115913391113e-01,1.000000000000000000e+00,6.179586052894592285e-01,6.337730884552001953e-01,6.665366291999816895e-01
3.005934357643127441e-01,4.202337563037872314e-01,1.000000000000000000e+00,5.802833437919616699e-01,3.865050971508026123e-01,5.844176411628723145e-01
3.060836493968963623e-01,5.068904757499694824e-01,8.150147199630737305e-01,4.301674365997314453e-01,3.484855294227600098e-01,5.531529188156127930e-01
3.053214251995086670e-01,4.128226637840270996e-01,8.385912179946899414e-01,3.920148015022277832e-01,3.531216979026794434e-01,5.662451982498168945e-01
3.039035201072692871e-01,4.609287083148956299e-01,7.289689183235168457e-01,2.668754458427429199e-01,2.862623631954193115e-01,5.375642180442810059e-01
3.535336256027221680e-01,5.567010045051574707e-01,5.471886992454528809e-01,5.070225894451141357e-02,2.239491939544677734e-01,5.068433284759521484e-01
1.000000000000000000e+00,1.000000000000000000e+00,3.054056167602539062e-01,0.000000000000000000e+00,0.000000000000000000e+00,0.000000000000000000e+00
