# CPU,RAM,NetworkR,NetworkW,DiskW,DiskR
3.391974568367004395e-01,3.408332169055938721e-01,1.000000000000000000e+00,6.937931776046752930e-01,6.965637803077697754e-01,6.978564262390136719e-01
3.004191815853118896e-01,7.393618822097778320e-01,1.000000000000000000e+00,6.538490056991577148e-01,6.902083158493041992e-01,6.545293927192687988e-01
3.053312003612518311e-01,3.436584174633026123e-01,1.000000000000000000e+00,6.589751243591308594e-01,6.926446557044982910e-01,6.900609135627746582e-01
3.014472723007202148e-01,3.966368436813354492e-01,1.000000000000000000e+00,6.370322108268737793e-01,6.634373068809509277e-01,6.780688166618347168e-01
3.004585206508636475e-01,3.798240125179290771e-01,1.000000000000000000e+00,6.023306250572204590e-01,4.377353191375732422e-01,6.102756261825561523e-01
3.053226470947265625e-01,3.981362879276275635e-01,8.943835496902465820e-01,4.503695070743560791e-01,3.321854472160339355e-01,5.526995062828063965e-01
3.074199259281158447e-01,4.155919253826141357e-01,7.670639157295227051e-01,3.458939194679260254e-01,3.217990398406982422e-01,5.448165535926818848e-01
3.055156469345092773e-01,4.257296919822692871e-01,7.188086509704589844e-01,2.507151961326599121e-01,3.035258054733276367e-01,5.441998839378356934e-01
3.346015512943267822e-01,4.548975527286529541e-01,5.718852281570434570e-01,5.970196053385734558e-02,2.273533493280410767e-01,5.033696293830871582e-01
1.000000000000000000e+00,1.000000000000000000e+00,3.060358464717864990e-01,0.000000000000000000e+00,0.000000000000000000e+00,0.000000000000000000e+00
