# CPU,RAM,NetworkR,NetworkW,DiskW,DiskR
3.391511738300323486e-01,3.407417237758636475e-01,1.000000000000000000e+00,6.937935352325439453e-01,6.965662837028503418e-01,6.978553533554077148e-01
3.013702332973480225e-01,3.241847753524780273e-01,1.000000000000000000e+00,6.750724315643310547e-01,6.968784928321838379e-01,6.931486129760742188e-01
3.041025996208190918e-01,6.784145832061767578e-01,1.000000000000000000e+00,6.065741181373596191e-01,6.671721935272216797e-01,6.711624860763549805e-01
3.167384266853332520e-01,4.093572199344635010e-01,1.000000000000000000e+00,6.195040345191955566e-01,6.693989038467407227e-01,6.811191439628601074e-01
3.267488777637481689e-01,5.862135291099548340e-01,8.829827904701232910e-01,5.099009275436401367e-01,5.201039910316467285e-01,6.242105960845947266e-01
3.752975463867187500e-01,6.925657391548156738e-01,7.265771627426147461e-01,4.140994846820831299e-01,4.416055083274841309e-01,6.007252335548400879e-01
3.256472051143646240e-01,1.000000000000000000e+00,6.059911847114562988e-01,4.002380073070526123e-01,4.813029989600181580e-02,5.948915481567382812e-01
1.000000000000000000e+00,1.000000000000000000e+00,4.584805667400360107e-01,2.010908126831054688e-01,0.000000000000000000e+00,3.248676955699920654e-01
3.060212731361389160e-01,3.025373518466949463e-01,3.802350759506225586e-01,4.306022822856903076e-02,0.000000000000000000e+00,0.000000000000000000e+00
4.193274974822998047e-01,3.080023229122161865e-01,3.062131404876708984e-01,0.000000000000000000e+00,0.000000000000000000e+00,0.000000000000000000e+00
