# CPU,RAM,NetworkR,NetworkW,DiskW,DiskR
3.391295969486236572e-01,3.407667279243469238e-01,1.000000000000000000e+00,6.937940716743469238e-01,6.965656876564025879e-01,6.978557705879211426e-01
3.011476099491119385e-01,3.761150538921356201e-01,1.000000000000000000e+00,6.660889983177185059e-01,6.961799263954162598e-01,6.899533271789550781e-01
3.069732487201690674e-01,3.970775306224822998e-01,1.000000000000000000e+00,6.442612409591674805e-01,6.914955377578735352e-01,6.896254420280456543e-01
3.044525086879730225e-01,4.134564399719238281e-01,1.000000000000000000e+00,6.293635368347167969e-01,6.698840260505676270e-01,6.818416118621826172e-01
3.120222091674804688e-01,4.518877863883972168e-01,1.000000000000000000e+00,5.415946245193481445e-01,5.345587730407714844e-01,6.325991153717041016e-01
3.817614018917083740e-01,5.337600111961364746e-01,7.599391937255859375e-01,4.003372192382812500e-01,4.341264069080352783e-01,5.924637317657470703e-01
3.851026594638824463e-01,1.000000000000000000e+00,5.925902724266052246e-01,3.483532071113586426e-01,1.366954594850540161e-01,6.213964819908142090e-01
1.000000000000000000e+00,1.000000000000000000e+00,3.977596759796142578e-01,6.376232206821441650e-02,0.000000000000000000e+00,0.000000000000000000e+00
3.126757442951202393e-01,3.019929230213165283e-01,3.756039738655090332e-01,1.479835994541645050e-02,0.000000000000000000e+00,0.000000000000000000e+00
5.044785141944885254e-01,3.089645802974700928e-01,3.051821589469909668e-01,0.000000000000000000e+00,0.000000000000000000e+00,0.000000000000000000e+00
