# CPU,RAM,NetworkR,NetworkW,DiskW,DiskR
3.391778767108917236e-01,3.408014774322509766e-01,1.000000000000000000e+00,6.937928795814514160e-01,6.965644955635070801e-01,6.978558897972106934e-01
3.011093437671661377e-01,3.735475242137908936e-01,1.000000000000000000e+00,6.665475964546203613e-01,6.962060332298278809e-01,6.900327205657958984e-01
3.026140630245208740e-01,3.727223575115203857e-01,1.000000000000000000e+00,6.542190909385681152e-01,6.908155083656311035e-01,6.899853348731994629e-01
3.018845915794372559e-01,3.849020004272460938e-01,1.000000000000000000e+00,6.379896998405456543e-01,6.633735299110412598e-01,6.801431179046630859e-01
3.087871670722961426e-01,4.110714495182037354e-01,1.000000000000000000e+00,5.385325551033020020e-01,4.854719042778015137e-01,6.179731488227844238e-01
4.224712848663330078e-01,5.234565734863281250e-01,7.600722908973693848e-01,3.930252194404602051e-01,4.797551035881042480e-01,6.080390810966491699e-01
4.016162157058715820e-01,1.000000000000000000e+00,6.032438874244689941e-01,3.620830178260803223e-01,6.491617858409881592e-02,6.245919466018676758e-01
1.000000000000000000e+00,1.000000000000000000e+00,3.955075144767761230e-01,7.665310055017471313e-02,0.000000000000000000e+00,5.493576824665069580e-02
3.052155971527099609e-01,3.017590939998626709e-01,3.713173866271972656e-01,6.338280159980058670e-03,0.000000000000000000e+00,0.000000000000000000e+00
4.230015277862548828e-01,3.066969513893127441e-01,3.069802522659301758e-01,0.000000000000000000e+00,0.000000000000000000e+00,0.000000000000000000e+00
