# CPU,RAM,NetworkR,NetworkW,DiskW,DiskR
3.391576707363128662e-01,3.408031463623046875e-01,1.000000000000000000e+00,6.937931180000305176e-01,6.965643763542175293e-01,6.978559494018554688e-01
3.013371527194976807e-01,3.210070431232452393e-01,1.000000000000000000e+00,6.763195395469665527e-01,6.969346404075622559e-01,6.934641003608703613e-01
3.036779463291168213e-01,4.525563418865203857e-01,1.000000000000000000e+00,6.300445795059204102e-01,6.840297579765319824e-01,6.817925572395324707e-01
3.037256002426147461e-01,3.828179538249969482e-01,1.000000000000000000e+00,6.339289546012878418e-01,6.635158061981201172e-01,6.804511547088623047e-01
3.116358816623687744e-01,4.483083188533782959e-01,9.671566486358642578e-01,5.218970179557800293e-01,4.620194137096405029e-01,6.062781810760498047e-01
3.432736396789550781e-01,4.819156825542449951e-01,7.806198000907897949e-01,4.162109494209289551e-01,4.292191863059997559e-01,5.897619724273681641e-01
3.990266919136047363e-01,1.000000000000000000e+00,5.580388307571411133e-01,2.759777009487152100e-01,2.454748153686523438e-01,5.785291194915771484e-01
5.750522017478942871e-01,8.576096892356872559e-01,4.122808873653411865e-01,5.276245996356010437e-02,0.000000000000000000e+00,2.371450960636138916e-01
3.198053538799285889e-01,3.179765045642852783e-01,3.633714914321899414e-01,0.000000000000000000e+00,0.000000000000000000e+00,0.000000000000000000e+00
8.043025732040405273e-01,4.008669257164001465e-01,3.024479150772094727e-01,0.000000000000000000e+00,0.000000000000000000e+00,0.000000000000000000e+00
