# CPU,RAM,NetworkR,NetworkW,DiskW,DiskR
3.390850722789764404e-01,3.405504226684570312e-01,1.000000000000000000e+00,6.937900185585021973e-01,6.965699195861816406e-01,6.978515386581420898e-01
3.008908331394195557e-01,3.555474579334259033e-01,1.000000000000000000e+00,6.695219278335571289e-01,6.961768865585327148e-01,6.898724436759948730e-01
3.017935454845428467e-01,4.297578334808349609e-01,1.000000000000000000e+00,6.432470083236694336e-01,6.855667233467102051e-01,6.843300461769104004e-01
3.016780316829681396e-01,4.786454737186431885e-01,1.000000000000000000e+00,6.120473742485046387e-01,6.201769113540649414e-01,6.615243554115295410e-01
3.006553947925567627e-01,4.371911883354187012e-01,1.000000000000000000e+00,5.648672580718994141e-01,3.347890079021453857e-01,5.536404252052307129e-01
3.067463040351867676e-01,5.044299960136413574e-01,7.593485713005065918e-01,4.040141105651855469e-01,2.711310088634490967e-01,5.052920579910278320e-01
3.043793141841888428e-01,4.318886101245880127e-01,7.686241865158081055e-01,3.639048039913177490e-01,2.827083468437194824e-01,5.221593976020812988e-01
3.034353554248809814e-01,4.590623676776885986e-01,7.156410813331604004e-01,2.646583914756774902e-01,2.722272872924804688e-01,5.274177789688110352e-01
3.435950875282287598e-01,5.193642377853393555e-01,5.589822530746459961e-01,6.007890030741691589e-02,2.282086014747619629e-01,5.078058838844299316e-01
1.000000000000000000e+00,1.000000000000000000e+00,3.056514263153076172e-01,0.000000000000000000e+00,0.000000000000000000e+00,0.000000000000000000e+00
