# CPU,RAM,NetworkR,NetworkW,DiskW,DiskR
3.391088843345642090e-01,3.406584560871124268e-01,1.000000000000000000e+00,6.937938332557678223e-01,6.965685486793518066e-01,6.978543400764465332e-01
3.008557856082916260e-01,4.328381717205047607e-01,1.000000000000000000e+00,6.625466942787170410e-01,6.953928470611572266e-01,6.863329410552978516e-01
3.033874630928039551e-01,3.434202969074249268e-01,1.000000000000000000e+00,6.621776819229125977e-01,6.930906176567077637e-01,6.923230290412902832e-01
3.083073496818542480e-01,4.553207755088806152e-01,1.000000000000000000e+00,6.074928045272827148e-01,6.634427309036254883e-01,6.752834320068359375e-01
3.696195483207702637e-01,6.815639734268188477e-01,8.317902684211730957e-01,4.759185910224914551e-01,5.164171457290649414e-01,6.215624213218688965e-01
4.690211117267608643e-01,1.000000000000000000e+00,6.369402408599853516e-01,3.662025630474090576e-01,3.644523024559020996e-01,5.988069772720336914e-01
3.080658316612243652e-01,1.000000000000000000e+00,5.736166834831237793e-01,3.906921148300170898e-01,0.000000000000000000e+00,5.012012124061584473e-01
1.000000000000000000e+00,1.000000000000000000e+00,4.396881163120269775e-01,1.711000949144363403e-01,0.000000000000000000e+00,2.762697935104370117e-01
3.058524429798126221e-01,3.048721551895141602e-01,3.781279921531677246e-01,3.706837818026542664e-02,0.000000000000000000e+00,0.000000000000000000e+00
4.140331447124481201e-01,3.103203475475311279e-01,3.053323030471801758e-01,0.000000000000000000e+00,0.000000000000000000e+00,0.000000000000000000e+00
