# CPU,RAM,NetworkR,NetworkW,DiskW,DiskR
3.390513062477111816e-01,3.407981097698211670e-01,1.000000000000000000e+00,6.937941908836364746e-01,6.965643763542175293e-01,6.978561282157897949e-01
3.014034628868103027e-01,3.148742318153381348e-01,1.000000000000000000e+00,6.788231134414672852e-01,6.970487236976623535e-01,6.941190361976623535e-01
3.033693432807922363e-01,5.076635479927062988e-01,1.000000000000000000e+00,6.188807487487792969e-01,6.767276525497436523e-01,6.750992536544799805e-01
3.035210072994232178e-01,3.782888352870941162e-01,1.000000000000000000e+00,6.336103081703186035e-01,6.574263572692871094e-01,6.788175702095031738e-01
3.017841875553131104e-01,4.096386730670928955e-01,1.000000000000000000e+00,5.593801736831665039e-01,3.802391290664672852e-01,5.849056243896484375e-01
3.197655081748962402e-01,4.583975970745086670e-01,7.606880664825439453e-01,4.023006558418273926e-01,3.288887143135070801e-01,5.430923104286193848e-01
3.463368415832519531e-01,4.552483260631561279e-01,6.530061960220336914e-01,2.896887958049774170e-01,2.921110987663269043e-01,5.273104310035705566e-01
3.602682650089263916e-01,5.249552130699157715e-01,5.631487369537353516e-01,1.658075004816055298e-01,2.805690169334411621e-01,5.344147086143493652e-01
3.736197054386138916e-01,3.854447305202484131e-01,5.902930498123168945e-01,8.903949707746505737e-02,3.188340961933135986e-01,5.585766434669494629e-01
1.000000000000000000e+00,1.000000000000000000e+00,3.036860525608062744e-01,0.000000000000000000e+00,0.000000000000000000e+00,0.000000000000000000e+00
