# CPU,RAM,NetworkR,NetworkW,DiskW,DiskR
3.390424847602844238e-01,3.407590687274932861e-01,1.000000000000000000e+00,6.937949061393737793e-01,6.965657472610473633e-01,6.978558301925659180e-01
3.014290928840637207e-01,3.163875937461853027e-01,1.000000000000000000e+00,6.780197024345397949e-01,6.970214247703552246e-01,6.939337253570556641e-01
3.103451728820800781e-01,6.326401233673095703e-01,1.000000000000000000e+00,6.016339063644409180e-01,6.743858456611633301e-01,6.742886900901794434e-01
4.005584418773651123e-01,8.372274041175842285e-01,8.568596243858337402e-01,5.332671403884887695e-01,6.018157005310058594e-01,6.533440351486206055e-01
4.367702305316925049e-01,9.023181796073913574e-01,7.154436111450195312e-01,4.583346545696258545e-01,4.499821960926055908e-01,6.110603213310241699e-01
3.390622437000274658e-01,8.759620785713195801e-01,6.498193740844726562e-01,4.100410044193267822e-01,3.412872552871704102e-01,5.744762420654296875e-01
3.019102215766906738e-01,1.000000000000000000e+00,6.077011823654174805e-01,4.512419104576110840e-01,0.000000000000000000e+00,3.988375067710876465e-01
1.000000000000000000e+00,1.000000000000000000e+00,4.994644820690155029e-01,2.255487591028213501e-01,0.000000000000000000e+00,5.113526582717895508e-01
3.007889389991760254e-01,3.117878735065460205e-01,3.606426417827606201e-01,5.164853855967521667e-02,0.000000000000000000e+00,0.000000000000000000e+00
3.869092166423797607e-01,3.341386914253234863e-01,3.036715388298034668e-01,0.000000000000000000e+00,0.000000000000000000e+00,0.000000000000000000e+00
