# CPU,RAM,NetworkR,NetworkW,DiskW,DiskR
3.390137851238250732e-01,3.405718803405761719e-01,1.000000000000000000e+00,6.937939524650573730e-01,6.965705156326293945e-01,6.978531479835510254e-01
3.014652431011199951e-01,3.251709640026092529e-01,1.000000000000000000e+00,6.744935512542724609e-01,6.968843340873718262e-01,6.930901408195495605e-01
3.066478371620178223e-01,6.055081486701965332e-01,1.000000000000000000e+00,6.124244928359985352e-01,6.782677769660949707e-01,6.781893372535705566e-01
3.051198124885559082e-01,3.779555559158325195e-01,1.000000000000000000e+00,6.368557214736938477e-01,6.688150763511657715e-01,6.833832263946533203e-01
3.014961779117584229e-01,4.027653634548187256e-01,1.000000000000000000e+00,5.797628760337829590e-01,4.511614739894866943e-01,6.146439909934997559e-01
3.098774254322052002e-01,4.045999944210052490e-01,8.650820851325988770e-01,4.476408958435058594e-01,3.281467556953430176e-01,5.541825294494628906e-01
3.413628935813903809e-01,4.562748372554779053e-01,6.619407534599304199e-01,2.924415469169616699e-01,2.966443300247192383e-01,5.299572944641113281e-01
3.649215400218963623e-01,5.146318078041076660e-01,5.490247011184692383e-01,1.511396318674087524e-01,2.363516092300415039e-01,5.064817070960998535e-01
3.602216243743896484e-01,3.657429218292236328e-01,6.121292710304260254e-01,1.034931018948554993e-01,3.315531015396118164e-01,5.603889822959899902e-01
1.000000000000000000e+00,1.000000000000000000e+00,3.040212094783782959e-01,0.000000000000000000e+00,0.000000000000000000e+00,0.000000000000000000e+00
