# CPU,RAM,NetworkR,NetworkW,DiskW,DiskR
3.389262259006500244e-01,3.404094874858856201e-01,1.000000000000000000e+00,6.937905550003051758e-01,6.965731978416442871e-01,6.978496909141540527e-01
3.003712296485900879e-01,4.859097599983215332e-01,1.000000000000000000e+00,6.611943244934082031e-01,6.932037472724914551e-01,6.655697226524353027e-01
3.011332750320434570e-01,4.690282940864562988e-01,1.000000000000000000e+00,6.406448483467102051e-01,6.811851263046264648e-01,6.751419305801391602e-01
3.004587292671203613e-01,4.922823309898376465e-01,1.000000000000000000e+00,6.214852333068847656e-01,5.904645919799804688e-01,6.458388566970825195e-01
3.002617955207824707e-01,4.378400743007659912e-01,1.000000000000000000e+00,5.814549922943115234e-01,3.313861489295959473e-01,5.311380028724670410e-01
3.035105168819427490e-01,4.480069875717163086e-01,8.428917527198791504e-01,4.419924914836883545e-01,2.850899994373321533e-01,5.115508437156677246e-01
3.029154241085052490e-01,4.370684921741485596e-01,8.041952848434448242e-01,3.867489993572235107e-01,3.155810534954071045e-01,5.399544239044189453e-01
3.052482008934020996e-01,4.628490805625915527e-01,7.250466346740722656e-01,2.698674201965332031e-01,3.072218894958496094e-01,5.462958812713623047e-01
3.923231959342956543e-01,7.002679109573364258e-01,5.092886686325073242e-01,3.542489930987358093e-02,2.029091119766235352e-01,5.056260824203491211e-01
1.000000000000000000e+00,1.000000000000000000e+00,3.050936460494995117e-01,0.000000000000000000e+00,0.000000000000000000e+00,0.000000000000000000e+00
