# CPU,RAM,NetworkR,NetworkW,DiskW,DiskR
3.390552699565887451e-01,3.406770527362823486e-01,1.000000000000000000e+00,6.937873959541320801e-01,6.965649724006652832e-01,6.978520154953002930e-01
3.009236454963684082e-01,3.263288140296936035e-01,1.000000000000000000e+00,6.757010817527770996e-01,6.966559886932373047e-01,6.924217343330383301e-01
3.015463054180145264e-01,4.557110369205474854e-01,1.000000000000000000e+00,6.361898779869079590e-01,6.815007925033569336e-01,6.797120571136474609e-01
3.022535443305969238e-01,4.757775962352752686e-01,1.000000000000000000e+00,6.061732172966003418e-01,6.121127009391784668e-01,6.582092046737670898e-01
3.011743426322937012e-01,4.391234517097473145e-01,1.000000000000000000e+00,5.526748299598693848e-01,3.410093188285827637e-01,5.598268508911132812e-01
3.099265396595001221e-01,5.438537001609802246e-01,7.337903976440429688e-01,3.976928889751434326e-01,2.949522137641906738e-01,5.218309164047241211e-01
3.075201809406280518e-01,3.927596509456634521e-01,8.097013831138610840e-01,3.824982047080993652e-01,3.245047628879547119e-01,5.516955852508544922e-01
3.063010871410369873e-01,4.759250283241271973e-01,6.805378198623657227e-01,2.484763413667678833e-01,2.878248989582061768e-01,5.394480228424072266e-01
3.746948242187500000e-01,5.575223565101623535e-01,5.514227747917175293e-01,6.156919896602630615e-02,2.736214101314544678e-01,5.421254038810729980e-01
1.000000000000000000e+00,1.000000000000000000e+00,3.049260973930358887e-01,0.000000000000000000e+00,0.000000000000000000e+00,0.000000000000000000e+00
