# CPU,RAM,NetworkR,NetworkW,DiskW,DiskR
3.391527235507965088e-01,3.408126831054687500e-01,1.000000000000000000e+00,6.937936544418334961e-01,6.965643167495727539e-01,6.978562474250793457e-01
3.006738126277923584e-01,5.412718653678894043e-01,1.000000000000000000e+00,6.585388779640197754e-01,6.940503120422363281e-01,6.798703074455261230e-01
3.040801286697387695e-01,3.376194834709167480e-01,1.000000000000000000e+00,6.636115312576293945e-01,6.934350132942199707e-01,6.924784779548645020e-01
3.012894093990325928e-01,3.851750195026397705e-01,1.000000000000000000e+00,6.390874981880187988e-01,6.626226305961608887e-01,6.789221167564392090e-01
3.009550869464874268e-01,3.654149174690246582e-01,1.000000000000000000e+00,5.937164425849914551e-01,4.535298943519592285e-01,6.216393709182739258e-01
3.183967769145965576e-01,3.638657629489898682e-01,9.067792892456054688e-01,4.428301453590393066e-01,3.966216742992401123e-01,5.853725075721740723e-01
4.389501214027404785e-01,4.991716742515563965e-01,6.790043115615844727e-01,2.824585139751434326e-01,4.619489908218383789e-01,6.074033379554748535e-01
1.000000000000000000e+00,1.000000000000000000e+00,4.221779406070709229e-01,3.813657909631729126e-02,0.000000000000000000e+00,4.989278316497802734e-01
3.028859794139862061e-01,3.037420809268951416e-01,3.418436348438262939e-01,0.000000000000000000e+00,0.000000000000000000e+00,0.000000000000000000e+00
7.211715579032897949e-01,3.466487824916839600e-01,3.016010224819183350e-01,0.000000000000000000e+00,0.000000000000000000e+00,0.000000000000000000e+00
