# CPU,RAM,NetworkR,NetworkW,DiskW,DiskR
3.389765322208404541e-01,3.406773805618286133e-01,1.000000000000000000e+00,6.937934756278991699e-01,6.965671181678771973e-01,6.978542208671569824e-01
3.011411130428314209e-01,3.476350903511047363e-01,1.000000000000000000e+00,6.700448393821716309e-01,6.964816451072692871e-01,6.912742257118225098e-01
3.023147284984588623e-01,3.695236146450042725e-01,1.000000000000000000e+00,6.542220115661621094e-01,6.905332207679748535e-01,6.895098090171813965e-01
3.021267652511596680e-01,4.181143939495086670e-01,1.000000000000000000e+00,6.245669722557067871e-01,6.496733427047729492e-01,6.732141375541687012e-01
3.011480867862701416e-01,4.054562449455261230e-01,1.000000000000000000e+00,5.662425756454467773e-01,3.799964189529418945e-01,5.858693718910217285e-01
3.149652481079101562e-01,4.811792373657226562e-01,7.484822273254394531e-01,3.873331844806671143e-01,3.086274862289428711e-01,5.306066274642944336e-01
3.148873746395111084e-01,4.335828423500061035e-01,6.960424184799194336e-01,3.098383843898773193e-01,2.781843841075897217e-01,5.175636410713195801e-01
3.072090744972229004e-01,4.232818782329559326e-01,6.789904236793518066e-01,2.331918030977249146e-01,2.825138568878173828e-01,5.320200324058532715e-01
3.330453336238861084e-01,4.340027570724487305e-01,5.699921250343322754e-01,6.114730238914489746e-02,2.252705991268157959e-01,5.050948262214660645e-01
1.000000000000000000e+00,1.000000000000000000e+00,3.050863444805145264e-01,0.000000000000000000e+00,0.000000000000000000e+00,0.000000000000000000e+00
