# CPU,RAM,NetworkR,NetworkW,DiskW,DiskR
3.391775488853454590e-01,3.407998979091644287e-01,1.000000000000000000e+00,6.937934160232543945e-01,6.965647339820861816e-01,6.978561282157897949e-01
3.010398149490356445e-01,4.042849838733673096e-01,1.000000000000000000e+00,6.639006137847900391e-01,6.958562135696411133e-01,6.885973811149597168e-01
3.091255128383636475e-01,3.730099201202392578e-01,1.000000000000000000e+00,6.494684219360351562e-01,6.931592822074890137e-01,6.913130283355712891e-01
3.282681107521057129e-01,5.856366157531738281e-01,1.000000000000000000e+00,5.884997844696044922e-01,6.641599535942077637e-01,6.758161187171936035e-01
3.900799453258514404e-01,7.915489077568054199e-01,8.367949724197387695e-01,4.963870942592620850e-01,5.584456324577331543e-01,6.418182253837585449e-01
4.144643843173980713e-01,8.927993774414062500e-01,6.706757545471191406e-01,3.918683528900146484e-01,3.895677924156188965e-01,5.944194197654724121e-01
3.076551854610443115e-01,1.000000000000000000e+00,6.070845723152160645e-01,4.097295999526977539e-01,6.645958125591278076e-02,5.850666761398315430e-01
1.000000000000000000e+00,1.000000000000000000e+00,4.613733589649200439e-01,2.396998554468154907e-01,0.000000000000000000e+00,1.426288932561874390e-01
3.107331991195678711e-01,3.070370256900787354e-01,4.091154336929321289e-01,6.490994989871978760e-02,0.000000000000000000e+00,0.000000000000000000e+00
3.812002539634704590e-01,3.082512617111206055e-01,3.076245784759521484e-01,0.000000000000000000e+00,0.000000000000000000e+00,0.000000000000000000e+00
