# CPU,RAM,NetworkR,NetworkW,DiskW,DiskR
3.391652703285217285e-01,3.406114280223846436e-01,1.000000000000000000e+00,6.937928795814514160e-01,6.965699195861816406e-01,6.978536248207092285e-01
3.001991808414459229e-01,7.002345919609069824e-01,1.000000000000000000e+00,6.520759463310241699e-01,6.848949193954467773e-01,5.591805577278137207e-01
3.018896877765655518e-01,5.070227384567260742e-01,1.000000000000000000e+00,6.259597539901733398e-01,6.740456819534301758e-01,6.529897451400756836e-01
3.007099926471710205e-01,5.194777250289916992e-01,1.000000000000000000e+00,6.129039525985717773e-01,5.905133485794067383e-01,6.400098204612731934e-01
3.002475500106811523e-01,4.767480492591857910e-01,1.000000000000000000e+00,5.809965729713439941e-01,3.359720110893249512e-01,5.145052075386047363e-01
3.028956949710845947e-01,5.107042193412780762e-01,8.130581974983215332e-01,4.449863731861114502e-01,2.661472558975219727e-01,4.865843057632446289e-01
3.021032810211181641e-01,5.131429433822631836e-01,7.460386753082275391e-01,3.806805014610290527e-01,2.372667044401168823e-01,4.769324064254760742e-01
3.030220568180084229e-01,4.734949469566345215e-01,7.150377631187438965e-01,2.909362316131591797e-01,2.359088957309722900e-01,4.928624033927917480e-01
3.481564521789550781e-01,7.057692408561706543e-01,4.913592338562011719e-01,4.754064977169036865e-02,1.129373386502265930e-01,4.166361093521118164e-01
1.000000000000000000e+00,1.000000000000000000e+00,3.071962594985961914e-01,0.000000000000000000e+00,0.000000000000000000e+00,0.000000000000000000e+00
