# CPU,RAM,NetworkR,NetworkW,DiskW,DiskR
3.391393125057220459e-01,3.408072292804718018e-01,1.000000000000000000e+00,6.937940120697021484e-01,6.965645551681518555e-01,6.978563070297241211e-01
3.011181652545928955e-01,3.823832869529724121e-01,1.000000000000000000e+00,6.655259728431701660e-01,6.960989236831665039e-01,6.896188259124755859e-01
3.031694293022155762e-01,3.878724277019500732e-01,1.000000000000000000e+00,6.500685214996337891e-01,6.902826428413391113e-01,6.892868280410766602e-01
3.020333647727966309e-01,3.891663849353790283e-01,1.000000000000000000e+00,6.376284360885620117e-01,6.640966534614562988e-01,6.805753111839294434e-01
3.008318245410919189e-01,3.943744897842407227e-01,1.000000000000000000e+00,5.824169516563415527e-01,4.139774143695831299e-01,6.021558046340942383e-01
3.086294233798980713e-01,4.138199985027313232e-01,8.330044746398925781e-01,4.219070971012115479e-01,3.043750524520874023e-01,5.366946458816528320e-01
3.142213523387908936e-01,4.218069911003112793e-01,6.993579864501953125e-01,3.045113086700439453e-01,2.731981873512268066e-01,5.145959258079528809e-01
3.118365705013275146e-01,4.300990402698516846e-01,6.550940871238708496e-01,2.100611031055450439e-01,2.905999422073364258e-01,5.340399146080017090e-01
3.422791063785552979e-01,4.239358603954315186e-01,5.697719454765319824e-01,5.689220130443572998e-02,2.480380684137344360e-01,5.182477831840515137e-01
1.000000000000000000e+00,1.000000000000000000e+00,3.048628866672515869e-01,0.000000000000000000e+00,0.000000000000000000e+00,0.000000000000000000e+00
