# CPU,RAM,NetworkR,NetworkW,DiskW,DiskR
3.391021490097045898e-01,3.407668471336364746e-01,1.000000000000000000e+00,6.937937140464782715e-01,6.965653896331787109e-01,6.978555917739868164e-01
3.005931973457336426e-01,5.267863273620605469e-01,1.000000000000000000e+00,6.591694951057434082e-01,6.939262151718139648e-01,6.779316067695617676e-01
3.027850091457366943e-01,3.510519862174987793e-01,1.000000000000000000e+00,6.605557203292846680e-01,6.921035051345825195e-01,6.907837986946105957e-01
3.010606467723846436e-01,3.918795883655548096e-01,1.000000000000000000e+00,6.390375494956970215e-01,6.576978564262390137e-01,6.769556403160095215e-01
3.004608750343322754e-01,3.746868073940277100e-01,1.000000000000000000e+00,5.971980094909667969e-01,4.069817066192626953e-01,6.009777784347534180e-01
3.069987595081329346e-01,3.988254964351654053e-01,8.578001856803894043e-01,4.288491904735565186e-01,3.191774487495422363e-01,5.442475080490112305e-01
3.075845837593078613e-01,4.213367998600006104e-01,7.366431951522827148e-01,3.256545960903167725e-01,3.012475967407226562e-01,5.318696498870849609e-01
3.045441806316375732e-01,4.325783550739288330e-01,6.994615793228149414e-01,2.354838401079177856e-01,2.758378088474273682e-01,5.271927118301391602e-01
3.262608945369720459e-01,4.505613148212432861e-01,5.579445958137512207e-01,4.604177176952362061e-02,1.850011944770812988e-01,4.672448933124542236e-01
1.000000000000000000e+00,1.000000000000000000e+00,3.054999113082885742e-01,0.000000000000000000e+00,0.000000000000000000e+00,0.000000000000000000e+00
