# CPU,RAM,NetworkR,NetworkW,DiskW,DiskR
3.000000119209289551e-01,4.000000059604644775e-01,1.000000000000000000e+00,6.999999880790710449e-01,6.999999880790710449e-01,6.999999880790710449e-01
3.000000119209289551e-01,6.000000238418579102e-01,1.000000000000000000e+00,6.541650295257568359e-01,6.886301636695861816e-01,6.854155659675598145e-01
3.000000119209289551e-01,6.000000238418579102e-01,1.000000000000000000e+00,6.360701322555541992e-01,6.452676057815551758e-01,6.854155659675598145e-01
3.000000119209289551e-01,6.999999880790710449e-01,9.829268455505371094e-01,5.708649158477783203e-01,6.154520511627197266e-01,6.854155659675598145e-01
3.000000119209289551e-01,6.999999880790710449e-01,9.097561240196228027e-01,5.293344259262084961e-01,4.105533659458160400e-01,5.563002824783325195e-01
3.493827283382415771e-01,8.000000119209289551e-01,8.121951222419738770e-01,4.868473410606384277e-01,3.595101237297058105e-01,5.494369864463806152e-01
3.000000119209289551e-01,1.000000000000000000e+00,6.414633989334106445e-01,4.133519232273101807e-01,6.722104549407958984e-02,5.131903290748596191e-01
1.000000000000000000e+00,1.000000000000000000e+00,5.439024567604064941e-01,2.480271011590957642e-01,0.000000000000000000e+00,4.090616703033447266e-01
3.000000119209289551e-01,3.000000119209289551e-01,3.975609838962554932e-01,8.405739068984985352e-02,0.000000000000000000e+00,0.000000000000000000e+00
3.864197432994842529e-01,3.000000119209289551e-01,3.000000119209289551e-01,0.000000000000000000e+00,0.000000000000000000e+00,0.000000000000000000e+00
