# CPU,RAM,NetworkR,NetworkW,DiskW,DiskR
3.000000119209289551e-01,3.000000119209289551e-01,1.000000000000000000e+00,6.999999880790710449e-01,6.999999880790710449e-01,6.999999880790710449e-01
3.000000119209289551e-01,3.833333253860473633e-01,1.000000000000000000e+00,6.767525672912597656e-01,6.981561183929443359e-01,6.999999880790710449e-01
3.000000119209289551e-01,3.833333253860473633e-01,1.000000000000000000e+00,6.526414155960083008e-01,6.975414752960205078e-01,6.999999880790710449e-01
3.000000119209289551e-01,4.666666686534881592e-01,1.000000000000000000e+00,6.188138723373413086e-01,6.723417043685913086e-01,6.999999880790710449e-01
3.000000119209289551e-01,4.666666686534881592e-01,1.000000000000000000e+00,5.916798710823059082e-01,3.760909736156463623e-01,5.956727862358093262e-01
3.000000119209289551e-01,4.666666686534881592e-01,7.750418782234191895e-01,3.892903327941894531e-01,3.260756134986877441e-01,5.648488402366638184e-01
3.000000119209289551e-01,4.666666686534881592e-01,7.321608066558837891e-01,3.553908169269561768e-01,3.114013671875000000e-01,5.648488402366638184e-01
3.000000119209289551e-01,4.666666686534881592e-01,6.964265704154968262e-01,2.303008437156677246e-01,2.882759571075439453e-01,5.648488402366638184e-01
3.000000119209289551e-01,5.500000119209289551e-01,5.610831975936889648e-01,6.253059208393096924e-02,2.566226124763488770e-01,5.553645491600036621e-01
1.000000000000000000e+00,1.000000000000000000e+00,3.000000119209289551e-01,0.000000000000000000e+00,0.000000000000000000e+00,0.000000000000000000e+00
