# CPU,RAM,NetworkR,NetworkW,DiskW,DiskR
3.391099572181701660e-01,3.408114910125732422e-01,1.000000000000000000e+00,6.937940716743469238e-01,6.965642571449279785e-01,6.978563070297241211e-01
3.004018366336822510e-01,6.536371707916259766e-01,1.000000000000000000e+00,6.552094221115112305e-01,6.909155845642089844e-01,6.556072235107421875e-01
3.034798800945281982e-01,3.622025847434997559e-01,1.000000000000000000e+00,6.545046567916870117e-01,6.906362175941467285e-01,6.873528957366943359e-01
3.010024726390838623e-01,4.209518432617187500e-01,1.000000000000000000e+00,6.324421167373657227e-01,6.480653285980224609e-01,6.713086962699890137e-01
3.003345727920532227e-01,3.896038532257080078e-01,1.000000000000000000e+00,5.991974472999572754e-01,3.929570913314819336e-01,5.866872072219848633e-01
3.043462038040161133e-01,4.163658916950225830e-01,8.644387722015380859e-01,4.424504041671752930e-01,3.047379255294799805e-01,5.325681567192077637e-01
3.047423362731933594e-01,4.551085233688354492e-01,7.396458983421325684e-01,3.423236012458801270e-01,2.846863269805908203e-01,5.200967788696289062e-01
3.028105497360229492e-01,4.331483840942382812e-01,7.357047200202941895e-01,2.700842022895812988e-01,2.689814567565917969e-01,5.216013193130493164e-01
3.231990337371826172e-01,4.838981330394744873e-01,5.536308288574218750e-01,5.465862900018692017e-02,1.636472195386886597e-01,4.485774040222167969e-01
1.000000000000000000e+00,1.000000000000000000e+00,3.066684007644653320e-01,0.000000000000000000e+00,0.000000000000000000e+00,0.000000000000000000e+00
