# CPU,RAM,NetworkR,NetworkW,DiskW,DiskR
3.390357196331024170e-01,3.405765295028686523e-01,1.000000000000000000e+00,6.937943100929260254e-01,6.965706944465637207e-01,6.978533864021301270e-01
3.003380298614501953e-01,6.907287240028381348e-01,1.000000000000000000e+00,6.543301939964294434e-01,6.897274255752563477e-01,6.417106389999389648e-01
3.016011416912078857e-01,4.825344383716583252e-01,1.000000000000000000e+00,6.358730792999267578e-01,6.783893108367919922e-01,6.716725230216979980e-01
3.003495335578918457e-01,5.377987623214721680e-01,1.000000000000000000e+00,6.202458739280700684e-01,5.828028917312622070e-01,6.386975049972534180e-01
3.001411557197570801e-01,4.706947207450866699e-01,1.000000000000000000e+00,5.906351208686828613e-01,3.334251046180725098e-01,5.015767812728881836e-01
3.014327883720397949e-01,4.863770306110382080e-01,8.415009975433349609e-01,4.481385946273803711e-01,2.264581024646759033e-01,4.458588063716888428e-01
3.016038537025451660e-01,5.777388811111450195e-01,6.873579621315002441e-01,3.381189107894897461e-01,1.701400727033615112e-01,4.032590985298156738e-01
3.029736876487731934e-01,4.787157475948333740e-01,7.109631896018981934e-01,2.732237577438354492e-01,2.468785941600799561e-01,4.950285553932189941e-01
3.653576672077178955e-01,6.471198797225952148e-01,5.311490297317504883e-01,5.593730136752128601e-02,2.192056328058242798e-01,5.009586215019226074e-01
1.000000000000000000e+00,1.000000000000000000e+00,3.065346777439117432e-01,0.000000000000000000e+00,0.000000000000000000e+00,0.000000000000000000e+00
