# CPU,RAM,NetworkR,NetworkW,DiskW,DiskR
3.391501903533935547e-01,3.406035900115966797e-01,1.000000000000000000e+00,6.937925219535827637e-01,6.965698003768920898e-01,6.978533267974853516e-01
3.004222810268402100e-01,4.725509583950042725e-01,1.000000000000000000e+00,6.618605256080627441e-01,6.937838792800903320e-01,6.720217466354370117e-01
3.018052875995635986e-01,4.590333402156829834e-01,1.000000000000000000e+00,6.403111219406127930e-01,6.844599246978759766e-01,6.800143718719482422e-01
3.011763989925384521e-01,4.805822372436523438e-01,1.000000000000000000e+00,6.190508008003234863e-01,6.252890825271606445e-01,6.622052192687988281e-01
3.003638386726379395e-01,4.312164485454559326e-01,1.000000000000000000e+00,5.848229527473449707e-01,3.646610081195831299e-01,5.638972520828247070e-01
3.038582801818847656e-01,4.983401894569396973e-01,8.274331092834472656e-01,4.395177960395812988e-01,3.177265524864196777e-01,5.335034728050231934e-01
3.034425675868988037e-01,4.569438695907592773e-01,8.081020712852478027e-01,3.882700204849243164e-01,3.238756060600280762e-01,5.470131039619445801e-01
3.031622171401977539e-01,4.503010213375091553e-01,7.532184123992919922e-01,2.875693738460540771e-01,2.823458015918731689e-01,5.333272814750671387e-01
3.373845219612121582e-01,5.655681490898132324e-01,5.310396552085876465e-01,4.912348091602325439e-02,1.591714769601821899e-01,4.537054002285003662e-01
1.000000000000000000e+00,1.000000000000000000e+00,3.062235713005065918e-01,0.000000000000000000e+00,0.000000000000000000e+00,0.000000000000000000e+00
