# CPU,RAM,NetworkR,NetworkW,DiskW,DiskR
3.390599787235260010e-01,3.408441841602325439e-01,1.000000000000000000e+00,6.937950849533081055e-01,6.965634822845458984e-01,6.978570222854614258e-01
3.014164268970489502e-01,3.149037063121795654e-01,1.000000000000000000e+00,6.787684559822082520e-01,6.970422863960266113e-01,6.940998435020446777e-01
3.063811361789703369e-01,7.887904047966003418e-01,9.619257450103759766e-01,5.889378190040588379e-01,6.506304144859313965e-01,6.614880561828613281e-01
3.512043356895446777e-01,6.275331377983093262e-01,9.373548626899719238e-01,5.585291385650634766e-01,6.214774250984191895e-01,6.583317518234252930e-01
3.756611347198486328e-01,8.234215974807739258e-01,7.483438253402709961e-01,4.727868735790252686e-01,4.703950881958007812e-01,6.127219796180725098e-01
3.250815570354461670e-01,7.986829280853271484e-01,6.722152233123779297e-01,4.170961380004882812e-01,3.330779969692230225e-01,5.642797350883483887e-01
3.026760518550872803e-01,1.000000000000000000e+00,5.810764431953430176e-01,4.182240068912506104e-01,0.000000000000000000e+00,4.273628890514373779e-01
1.000000000000000000e+00,1.000000000000000000e+00,4.988551139831542969e-01,2.075983434915542603e-01,0.000000000000000000e+00,4.036387205123901367e-01
3.023069798946380615e-01,3.050417006015777588e-01,4.038158059120178223e-01,6.602732837200164795e-02,0.000000000000000000e+00,0.000000000000000000e+00
5.674737691879272461e-01,3.483974039554595947e-01,3.021054565906524658e-01,0.000000000000000000e+00,0.000000000000000000e+00,0.000000000000000000e+00
