# CPU,RAM,NetworkR,NetworkW,DiskW,DiskR
3.390238285064697266e-01,3.408001661300659180e-01,1.000000000000000000e+00,6.937950253486633301e-01,6.965644359588623047e-01,6.978562474250793457e-01
3.014483749866485596e-01,3.171353042125701904e-01,1.000000000000000000e+00,6.776177287101745605e-01,6.970021724700927734e-01,6.938340067863464355e-01
3.043924272060394287e-01,8.987048864364624023e-01,9.419850707054138184e-01,5.847865343093872070e-01,6.304289102554321289e-01,6.536648869514465332e-01
3.652183115482330322e-01,5.182315111160278320e-01,1.000000000000000000e+00,5.795586109161376953e-01,6.494820117950439453e-01,6.697782874107360840e-01
4.051532745361328125e-01,9.214283823966979980e-01,7.244976162910461426e-01,4.637070000171661377e-01,4.648851156234741211e-01,6.157438158988952637e-01
3.502493202686309814e-01,8.033699989318847656e-01,6.960328221321105957e-01,4.278079271316528320e-01,4.141657948493957520e-01,5.988762378692626953e-01
3.040355741977691650e-01,1.000000000000000000e+00,6.435738801956176758e-01,4.536952078342437744e-01,6.413245946168899536e-02,5.907590985298156738e-01
1.000000000000000000e+00,1.000000000000000000e+00,5.191559791564941406e-01,2.978890836238861084e-01,0.000000000000000000e+00,5.794834494590759277e-01
3.011602759361267090e-01,3.119690716266632080e-01,3.625631332397460938e-01,7.595185935497283936e-02,0.000000000000000000e+00,0.000000000000000000e+00
3.636929094791412354e-01,3.187161087989807129e-01,3.049646317958831787e-01,0.000000000000000000e+00,0.000000000000000000e+00,0.000000000000000000e+00
