# CPU,RAM,NetworkR,NetworkW,DiskW,DiskR
3.390421867370605469e-01,3.405937254428863525e-01,1.000000000000000000e+00,6.937928199768066406e-01,6.965696215629577637e-01,6.978530287742614746e-01
3.008686006069183350e-01,3.894642889499664307e-01,1.000000000000000000e+00,6.656969189643859863e-01,6.958280205726623535e-01,6.881449222564697266e-01
3.020956516265869141e-01,3.997974693775177002e-01,1.000000000000000000e+00,6.500148773193359375e-01,6.889532208442687988e-01,6.878529191017150879e-01
3.018497824668884277e-01,4.503840506076812744e-01,1.000000000000000000e+00,6.210702061653137207e-01,6.432837247848510742e-01,6.704453825950622559e-01
3.006698489189147949e-01,4.172857403755187988e-01,1.000000000000000000e+00,5.770092010498046875e-01,3.812295198440551758e-01,5.829114913940429688e-01
3.059357404708862305e-01,4.903605878353118896e-01,7.979881763458251953e-01,4.188309311866760254e-01,3.076242208480834961e-01,5.314202308654785156e-01
3.047133982181549072e-01,4.478684663772583008e-01,7.692365050315856934e-01,3.591225147247314453e-01,2.947999536991119385e-01,5.304480791091918945e-01
3.026990890502929688e-01,4.344408810138702393e-01,7.506524324417114258e-01,2.783910930156707764e-01,2.759251892566680908e-01,5.296410918235778809e-01
3.301892578601837158e-01,5.016833543777465820e-01,5.625923871994018555e-01,5.820507928729057312e-02,1.976473629474639893e-01,4.833400547504425049e-01
1.000000000000000000e+00,1.000000000000000000e+00,3.062838613986968994e-01,0.000000000000000000e+00,0.000000000000000000e+00,0.000000000000000000e+00
