# CPU,RAM,NetworkR,NetworkW,DiskW,DiskR
3.390101194381713867e-01,3.408711552619934082e-01,1.000000000000000000e+00,6.937961578369140625e-01,6.965628266334533691e-01,6.978576183319091797e-01
3.013703823089599609e-01,3.232479393482208252e-01,1.000000000000000000e+00,6.753664016723632812e-01,6.968749165534973145e-01,6.931895017623901367e-01
3.112615048885345459e-01,5.819470286369323730e-01,1.000000000000000000e+00,6.099135279655456543e-01,6.810051202774047852e-01,6.793711185455322266e-01
3.628997206687927246e-01,9.897398948669433594e-01,7.968818545341491699e-01,5.142415165901184082e-01,5.356441736221313477e-01,6.366264224052429199e-01
3.903633952140808105e-01,8.110252022743225098e-01,7.294838428497314453e-01,4.615613222122192383e-01,4.415332078933715820e-01,6.020411252975463867e-01
3.150013387203216553e-01,8.149805665016174316e-01,6.415366530418395996e-01,4.052708148956298828e-01,2.641672492027282715e-01,5.283724069595336914e-01
3.010697066783905029e-01,1.000000000000000000e+00,6.258946061134338379e-01,4.376392364501953125e-01,4.035000130534172058e-02,5.267814397811889648e-01
1.000000000000000000e+00,1.000000000000000000e+00,5.096888542175292969e-01,2.253485023975372314e-01,0.000000000000000000e+00,4.244791269302368164e-01
3.015013039112091064e-01,3.048059940338134766e-01,4.345493316650390625e-01,9.992779791355133057e-02,0.000000000000000000e+00,0.000000000000000000e+00
5.206809043884277344e-01,3.442731499671936035e-01,3.024504184722900391e-01,0.000000000000000000e+00,0.000000000000000000e+00,0.000000000000000000e+00
