# CPU,RAM,NetworkR,NetworkW,DiskW,DiskR
3.391741812229156494e-01,3.401213288307189941e-01,1.000000000000000000e+00,6.937812566757202148e-01,6.965790390968322754e-01,6.978433132171630859e-01
3.001532256603240967e-01,7.480044960975646973e-01,1.000000000000000000e+00,6.493235826492309570e-01,6.798033714294433594e-01,4.710312485694885254e-01
3.003291785717010498e-01,7.888243198394775391e-01,1.000000000000000000e+00,6.039944291114807129e-01,6.095576882362365723e-01,4.919035732746124268e-01
3.001444339752197266e-01,6.615355014801025391e-01,1.000000000000000000e+00,5.952173471450805664e-01,4.560428261756896973e-01,4.597030282020568848e-01
3.001621663570404053e-01,6.722381711006164551e-01,9.747006893157958984e-01,5.427689552307128906e-01,2.948235273361206055e-01,3.465951085090637207e-01
3.010891079902648926e-01,5.477402210235595703e-01,8.009147644042968750e-01,4.461469054222106934e-01,1.887526661157608032e-01,3.500611186027526855e-01
3.015445470809936523e-01,4.960271716117858887e-01,7.536440491676330566e-01,3.870246410369873047e-01,2.099279165267944336e-01,4.335816502571105957e-01
3.111111223697662354e-01,4.793504476547241211e-01,7.042117714881896973e-01,2.846563458442687988e-01,3.274149000644683838e-01,5.426055192947387695e-01
7.037807106971740723e-01,1.000000000000000000e+00,5.032469034194946289e-01,8.055049926042556763e-02,2.541064918041229248e-01,5.979088544845581055e-01
1.000000000000000000e+00,1.000000000000000000e+00,3.068664669990539551e-01,0.000000000000000000e+00,0.000000000000000000e+00,0.000000000000000000e+00
