# CPU,RAM,NetworkR,NetworkW,DiskW,DiskR
3.390444517135620117e-01,3.406624495983123779e-01,1.000000000000000000e+00,6.937938928604125977e-01,6.965680718421936035e-01,6.978542804718017578e-01
3.003560602664947510e-01,7.485324144363403320e-01,1.000000000000000000e+00,6.532946825027465820e-01,6.891486048698425293e-01,6.420502066612243652e-01
3.050157427787780762e-01,3.435231745243072510e-01,1.000000000000000000e+00,6.588044166564941406e-01,6.925616860389709473e-01,6.891815066337585449e-01
3.012064397335052490e-01,4.156976342201232910e-01,1.000000000000000000e+00,6.326274275779724121e-01,6.560734510421752930e-01,6.736575365066528320e-01
3.004095852375030518e-01,3.872178792953491211e-01,1.000000000000000000e+00,5.996863245964050293e-01,4.174644351005554199e-01,5.987909436225891113e-01
3.052358031272888184e-01,4.253195226192474365e-01,8.589746952056884766e-01,4.393200874328613281e-01,3.230286538600921631e-01,5.416161417961120605e-01
3.045562505722045898e-01,4.553086161613464355e-01,7.507365345954895020e-01,3.481078147888183594e-01,2.922037541866302490e-01,5.251430869102478027e-01
3.023564219474792480e-01,4.256303012371063232e-01,7.547407746315002441e-01,2.794815897941589355e-01,2.681665122509002686e-01,5.211793184280395508e-01
3.253134191036224365e-01,5.128107070922851562e-01,5.499410033226013184e-01,5.153565108776092529e-02,1.706241518259048462e-01,4.561189115047454834e-01
1.000000000000000000e+00,1.000000000000000000e+00,3.067675232887268066e-01,0.000000000000000000e+00,0.000000000000000000e+00,0.000000000000000000e+00
