# CPU,RAM,NetworkR,NetworkW,DiskW,DiskR
3.391810953617095947e-01,3.407667279243469238e-01,1.000000000000000000e+00,6.937931180000305176e-01,6.965656280517578125e-01,6.978555321693420410e-01
3.005900084972381592e-01,5.455076694488525391e-01,1.000000000000000000e+00,6.587040424346923828e-01,6.938050389289855957e-01,6.774188280105590820e-01
3.040092587471008301e-01,3.428371846675872803e-01,1.000000000000000000e+00,6.617718935012817383e-01,6.932108998298645020e-01,6.917961835861206055e-01
3.017396926879882812e-01,4.225744903087615967e-01,1.000000000000000000e+00,6.276426315307617188e-01,6.574743986129760742e-01,6.750071048736572266e-01
3.006534278392791748e-01,3.943538069725036621e-01,1.000000000000000000e+00,5.887957215309143066e-01,4.248031079769134521e-01,6.047993302345275879e-01
3.062919676303863525e-01,4.392257928848266602e-01,8.377481102943420410e-01,4.268324375152587891e-01,3.201495409011840820e-01,5.418868064880371094e-01
3.072135746479034424e-01,4.289585053920745850e-01,7.592265605926513672e-01,3.421020507812500000e-01,3.101828992366790771e-01,5.385199189186096191e-01
3.050800263881683350e-01,4.269939959049224854e-01,7.248174548149108887e-01,2.529227137565612793e-01,3.018494546413421631e-01,5.442706942558288574e-01
3.292911350727081299e-01,4.396646022796630859e-01,5.831822156906127930e-01,6.400615721940994263e-02,2.224390655755996704e-01,5.004378557205200195e-01
1.000000000000000000e+00,1.000000000000000000e+00,3.059298098087310791e-01,0.000000000000000000e+00,0.000000000000000000e+00,0.000000000000000000e+00
