# CPU,RAM,NetworkR,NetworkW,DiskW,DiskR
3.390440046787261963e-01,3.402088880538940430e-01,1.000000000000000000e+00,6.937869787216186523e-01,6.965782046318054199e-01,6.978462338447570801e-01
3.006167113780975342e-01,4.257478415966033936e-01,1.000000000000000000e+00,6.639096140861511230e-01,6.950948238372802734e-01,6.833931207656860352e-01
3.021445572376251221e-01,3.918046951293945312e-01,1.000000000000000000e+00,6.517564058303833008e-01,6.897261738777160645e-01,6.877928376197814941e-01
3.011427521705627441e-01,4.620635807514190674e-01,1.000000000000000000e+00,6.217158436775207520e-01,6.332151889801025391e-01,6.659739017486572266e-01
3.005017638206481934e-01,4.139993190765380859e-01,1.000000000000000000e+00,5.817592740058898926e-01,3.760442137718200684e-01,5.784050226211547852e-01
3.062170743942260742e-01,4.716445505619049072e-01,8.194441199302673340e-01,4.263110160827636719e-01,3.310162425041198730e-01,5.434363484382629395e-01
3.047851324081420898e-01,4.100141823291778564e-01,8.299278616905212402e-01,3.861653208732604980e-01,3.505722880363464355e-01,5.637829899787902832e-01
3.047377169132232666e-01,4.531199038028717041e-01,7.341418266296386719e-01,2.644999921321868896e-01,3.126879632472991943e-01,5.528098344802856445e-01
3.698730766773223877e-01,5.761488080024719238e-01,5.498015284538269043e-01,4.899879172444343567e-02,2.560556828975677490e-01,5.314515829086303711e-01
1.000000000000000000e+00,1.000000000000000000e+00,3.050198256969451904e-01,0.000000000000000000e+00,0.000000000000000000e+00,0.000000000000000000e+00
