# CPU,RAM,NetworkR,NetworkW,DiskW,DiskR
3.390891551971435547e-01,3.408445119857788086e-01,1.000000000000000000e+00,6.937947273254394531e-01,6.965634822845458984e-01,6.978568434715270996e-01
3.012893199920654297e-01,3.405710160732269287e-01,1.000000000000000000e+00,6.709527969360351562e-01,6.966210007667541504e-01,6.918952465057373047e-01
3.096862137317657471e-01,5.708812475204467773e-01,1.000000000000000000e+00,6.170659065246582031e-01,6.835948228836059570e-01,6.823239922523498535e-01
3.400617539882659912e-01,8.159139752388000488e-01,9.052705168724060059e-01,5.508837103843688965e-01,6.110601425170898438e-01,6.574717760086059570e-01
3.435571789741516113e-01,7.030849456787109375e-01,8.279487490653991699e-01,5.015080571174621582e-01,5.137860178947448730e-01,6.260324120521545410e-01
3.257967233657836914e-01,7.466961145401000977e-01,7.075369954109191895e-01,4.248183965682983398e-01,3.691379427909851074e-01,5.770115256309509277e-01
3.030081391334533691e-01,1.000000000000000000e+00,6.472118496894836426e-01,4.400095045566558838e-01,8.093500137329101562e-02,5.854631066322326660e-01
1.000000000000000000e+00,1.000000000000000000e+00,5.076821446418762207e-01,2.458429038524627686e-01,0.000000000000000000e+00,4.276489019393920898e-01
3.019264936447143555e-01,3.042802512645721436e-01,4.021979570388793945e-01,8.051703870296478271e-02,0.000000000000000000e+00,0.000000000000000000e+00
3.923935890197753906e-01,3.128263056278228760e-01,3.059150278568267822e-01,0.000000000000000000e+00,0.000000000000000000e+00,0.000000000000000000e+00
