# CPU,RAM,NetworkR,NetworkW,DiskW,DiskR
3.391500413417816162e-01,3.406690061092376709e-01,1.000000000000000000e+00,6.937923431396484375e-01,6.965678930282592773e-01,6.978540420532226562e-01
3.002620339393615723e-01,5.789022445678710938e-01,1.000000000000000000e+00,6.568592786788940430e-01,6.899549961090087891e-01,6.267475485801696777e-01
3.012657463550567627e-01,5.720601081848144531e-01,1.000000000000000000e+00,6.231694221496582031e-01,6.680282354354858398e-01,6.530113816261291504e-01
3.006748259067535400e-01,5.403011441230773926e-01,1.000000000000000000e+00,6.076415181159973145e-01,5.680165886878967285e-01,6.328359246253967285e-01
3.002329766750335693e-01,4.939465224742889404e-01,1.000000000000000000e+00,5.724977254867553711e-01,3.069941103458404541e-01,4.866985082626342773e-01
3.026147186756134033e-01,5.149006843566894531e-01,7.936493754386901855e-01,4.339191913604736328e-01,2.343533933162689209e-01,4.581194519996643066e-01
3.020414412021636963e-01,5.181214809417724609e-01,7.262023687362670898e-01,3.664495944976806641e-01,2.156960070133209229e-01,4.563938975334167480e-01
3.036373257637023926e-01,4.786892235279083252e-01,7.041174769401550293e-01,2.782956957817077637e-01,2.468717992305755615e-01,5.007769465446472168e-01
3.602289855480194092e-01,6.983782649040222168e-01,4.951164424419403076e-01,4.227180033922195435e-02,1.378976553678512573e-01,4.439860582351684570e-01
1.000000000000000000e+00,1.000000000000000000e+00,3.062896430492401123e-01,0.000000000000000000e+00,0.000000000000000000e+00,0.000000000000000000e+00
