# CPU,RAM,NetworkR,NetworkW,DiskW,DiskR
3.390538692474365234e-01,3.405210375785827637e-01,1.000000000000000000e+00,6.937926411628723145e-01,6.965716481208801270e-01,6.978521347045898438e-01
3.001563549041748047e-01,6.924352049827575684e-01,1.000000000000000000e+00,6.507971286773681641e-01,6.814359426498413086e-01,4.884060919284820557e-01
3.008569180965423584e-01,6.080033183097839355e-01,1.000000000000000000e+00,6.147717237472534180e-01,6.519188284873962402e-01,6.008657217025756836e-01
3.003197312355041504e-01,5.774767994880676270e-01,1.000000000000000000e+00,6.027325987815856934e-01,5.139579772949218750e-01,5.784596204757690430e-01
3.002300858497619629e-01,5.591663718223571777e-01,1.000000000000000000e+00,5.562741756439208984e-01,2.938642501831054688e-01,4.305191040039062500e-01
3.022873401641845703e-01,5.152649879455566406e-01,7.828689813613891602e-01,4.362390935420989990e-01,2.052956372499465942e-01,4.122467935085296631e-01
3.018121123313903809e-01,5.015420317649841309e-01,7.172188758850097656e-01,3.722185492515563965e-01,1.911126822233200073e-01,4.225701987743377686e-01
3.083526492118835449e-01,5.070992708206176758e-01,6.593140363693237305e-01,2.608468830585479736e-01,2.602557837963104248e-01,5.045968890190124512e-01
4.664849936962127686e-01,1.000000000000000000e+00,4.487977325916290283e-01,2.627982012927532196e-02,7.970613986253738403e-02,4.510900080204010010e-01
1.000000000000000000e+00,1.000000000000000000e+00,3.059046566486358643e-01,0.000000000000000000e+00,0.000000000000000000e+00,0.000000000000000000e+00
