# CPU,RAM,NetworkR,NetworkW,DiskW,DiskR
9.916435182094573975e-02,1.008041799068450928e-01,1.000000000000000000e+00,9.337933063507080078e-01,9.365645051002502441e-01,9.378560781478881836e-01
6.125649809837341309e-02,1.020840704441070557e-01,1.000000000000000000e+00,9.107681512832641602e-01,9.366066455841064453e-01,9.318132996559143066e-01
6.888011842966079712e-02,2.213331162929534912e-01,8.880264759063720703e-01,8.697918057441711426e-01,9.286620020866394043e-01,9.261623024940490723e-01
8.934879302978515625e-02,3.809585273265838623e-01,7.732599973678588867e-01,8.222601413726806641e-01,8.936282396316528320e-01,9.121028184890747070e-01
1.047689169645309448e-01,4.808069765567779541e-01,5.961667895317077637e-01,7.381930351257324219e-01,7.597913742065429688e-01,8.676015138626098633e-01
1.311032325029373169e-01,5.580404400825500488e-01,4.507466256618499756e-01,6.447104811668395996e-01,6.391253471374511719e-01,8.303325176239013672e-01
6.776522099971771240e-02,1.000000000000000000e+00,3.720381259918212891e-01,6.557438373565673828e-01,2.885980308055877686e-01,8.172674179077148438e-01
1.000000000000000000e+00,1.000000000000000000e+00,2.252153307199478149e-01,4.596799015998840332e-01,7.143305242061614990e-02,4.710522294044494629e-01
6.656093150377273560e-02,6.366949528455734253e-02,1.478095650672912598e-01,2.902892231941223145e-01,0.000000000000000000e+00,0.000000000000000000e+00
1.857112944126129150e-01,6.975755095481872559e-02,6.588808447122573853e-02,0.000000000000000000e+00,0.000000000000000000e+00,0.000000000000000000e+00
