# CPU,RAM,NetworkR,NetworkW,DiskW,DiskR
9.902724623680114746e-02,1.006914228200912476e-01,1.000000000000000000e+00,9.337943792343139648e-01,9.365673661231994629e-01,9.378547668457031250e-01
6.042412295937538147e-02,3.474886119365692139e-01,9.597088098526000977e-01,8.970056772232055664e-01,9.320350289344787598e-01,9.026793837547302246e-01
6.296465545892715454e-02,1.301919370889663696e-01,9.800423979759216309e-01,8.933602571487426758e-01,9.301056861877441406e-01,9.268990755081176758e-01
6.094290316104888916e-02,1.882066279649734497e-01,9.507560729980468750e-01,8.707939982414245605e-01,8.831860423088073730e-01,9.094589948654174805e-01
6.033734232187271118e-02,1.531738042831420898e-01,9.301092028617858887e-01,8.355438709259033203e-01,6.179104447364807129e-01,8.186527490615844727e-01
6.496735662221908569e-02,1.821013838052749634e-01,6.098756790161132812e-01,6.760814785957336426e-01,5.465046763420104980e-01,7.718899250030517578e-01
6.494833528995513916e-02,2.036394029855728149e-01,5.163353681564331055e-01,5.910900235176086426e-01,5.456086993217468262e-01,7.739512920379638672e-01
6.363479048013687134e-02,1.967480927705764771e-01,4.946601688861846924e-01,5.080420970916748047e-01,5.311480164527893066e-01,7.776845097541809082e-01
9.425427019596099854e-02,2.357333749532699585e-01,3.278105854988098145e-01,3.011761903762817383e-01,4.545727968215942383e-01,7.340481281280517578e-01
1.000000000000000000e+00,1.000000000000000000e+00,6.600119173526763916e-02,0.000000000000000000e+00,0.000000000000000000e+00,0.000000000000000000e+00
