# CPU,RAM,NetworkR,NetworkW,DiskW,DiskR
9.903308004140853882e-02,1.005286127328872681e-01,1.000000000000000000e+00,9.337924122810363770e-01,9.365712404251098633e-01,9.378520846366882324e-01
6.013263761997222900e-02,4.988453686237335205e-01,9.681246876716613770e-01,8.883287310600280762e-01,9.166237115859985352e-01,6.524574756622314453e-01
6.024710834026336670e-02,6.266555786132812500e-01,8.119248151779174805e-01,8.357272148132324219e-01,8.244031071662902832e-01,6.282104849815368652e-01
6.013618037104606628e-02,4.704748988151550293e-01,8.156191706657409668e-01,8.236678838729858398e-01,6.692593097686767578e-01,6.179941892623901367e-01
6.013588979840278625e-02,4.927136898040771484e-01,6.906205415725708008e-01,7.700609564781188965e-01,5.112305283546447754e-01,4.871519207954406738e-01
6.078375875949859619e-02,3.768022656440734863e-01,4.783400893211364746e-01,6.538617610931396484e-01,3.645733594894409180e-01,4.170058667659759521e-01
6.091033667325973511e-02,3.775334358215332031e-01,3.699221909046173096e-01,5.540894865989685059e-01,2.994698286056518555e-01,3.866198062896728516e-01
6.775446981191635132e-02,2.942355871200561523e-01,3.956624865531921387e-01,4.801409244537353516e-01,4.680339992046356201e-01,6.950439214706420898e-01
3.559330701828002930e-01,8.689696788787841797e-01,2.771332561969757080e-01,3.191941976547241211e-01,5.525593757629394531e-01,8.289132118225097656e-01
1.000000000000000000e+00,1.000000000000000000e+00,6.696364283561706543e-02,0.000000000000000000e+00,0.000000000000000000e+00,0.000000000000000000e+00
