# CPU,RAM,NetworkR,NetworkW,DiskW,DiskR
9.913328289985656738e-02,1.008172333240509033e-01,1.000000000000000000e+00,9.337940216064453125e-01,9.365642666816711426e-01,9.378563761711120605e-01
6.121449545025825500e-02,1.170101761817932129e-01,9.917445182800292969e-01,9.083056449890136719e-01,9.364106655120849609e-01,9.309370517730712891e-01
7.269404828548431396e-02,2.140412032604217529e-01,8.946596384048461914e-01,8.714127540588378906e-01,9.304977059364318848e-01,9.278689026832580566e-01
9.219127893447875977e-02,6.625153422355651855e-01,6.490692496299743652e-01,7.864152789115905762e-01,8.392667770385742188e-01,8.954333662986755371e-01
9.673325717449188232e-02,4.030500054359436035e-01,6.212972402572631836e-01,7.510645985603332520e-01,7.663335800170898438e-01,8.702422976493835449e-01
7.752399891614913940e-02,4.744934439659118652e-01,4.595838487148284912e-01,6.552253365516662598e-01,5.552910566329956055e-01,7.894400954246520996e-01
6.447287648916244507e-02,1.000000000000000000e+00,3.791249990463256836e-01,6.403485536575317383e-01,3.637857735157012939e-01,8.175457119941711426e-01
1.000000000000000000e+00,8.955020904541015625e-01,2.396580576896667480e-01,4.349599182605743408e-01,9.052608162164688110e-02,5.429842472076416016e-01
6.414049118757247925e-02,6.566240638494491577e-02,2.013223916292190552e-01,3.172672092914581299e-01,0.000000000000000000e+00,0.000000000000000000e+00
2.005163729190826416e-01,7.913894206285476685e-02,6.502743810415267944e-02,0.000000000000000000e+00,0.000000000000000000e+00,0.000000000000000000e+00
