# CPU,RAM,NetworkR,NetworkW,DiskW,DiskR
9.918972849845886230e-02,1.007666438817977905e-01,1.000000000000000000e+00,9.337932467460632324e-01,9.365656971931457520e-01,9.378556609153747559e-01
6.098652631044387817e-02,1.809355616569519043e-01,9.702318906784057617e-01,9.029017090797424316e-01,9.356638193130493164e-01,9.277817010879516602e-01
6.460212916135787964e-02,1.298765391111373901e-01,9.746357202529907227e-01,8.932656645774841309e-01,9.320725202560424805e-01,9.308838248252868652e-01
6.449145823717117310e-02,1.629661023616790771e-01,9.398186206817626953e-01,8.702965974807739258e-01,9.116653203964233398e-01,9.220967888832092285e-01
7.711714506149291992e-02,2.273147255182266235e-01,7.506092786788940430e-01,7.720321416854858398e-01,7.839133143424987793e-01,8.734468221664428711e-01
1.441861540079116821e-01,3.220282793045043945e-01,5.251365900039672852e-01,6.449146866798400879e-01,6.992898583412170410e-01,8.430625200271606445e-01
1.064252257347106934e-01,1.000000000000000000e+00,3.886129856109619141e-01,6.215833425521850586e-01,3.970605731010437012e-01,8.735902309417724609e-01
1.000000000000000000e+00,1.000000000000000000e+00,1.996562182903289795e-01,3.767151236534118652e-01,4.730879887938499451e-02,5.637470483779907227e-01
6.395909190177917480e-02,6.251993775367736816e-02,1.319736242294311523e-01,2.721038162708282471e-01,0.000000000000000000e+00,0.000000000000000000e+00
1.663931012153625488e-01,6.670632958412170410e-02,6.673837453126907349e-02,0.000000000000000000e+00,0.000000000000000000e+00,0.000000000000000000e+00
