# CPU,RAM,NetworkR,NetworkW,DiskW,DiskR
9.917700290679931641e-02,1.007992625236511230e-01,1.000000000000000000e+00,9.337934255599975586e-01,9.365647435188293457e-01,9.378560781478881836e-01
6.124092638492584229e-02,1.108220070600509644e-01,9.951738715171813965e-01,9.092009067535400391e-01,9.364919066429138184e-01,9.312909245491027832e-01
6.927929818630218506e-02,2.324627935886383057e-01,8.856772184371948242e-01,8.693608641624450684e-01,9.286218881607055664e-01,9.263323545455932617e-01
9.477527439594268799e-02,3.706547021865844727e-01,7.829350829124450684e-01,8.254753947257995605e-01,8.993873596191406250e-01,9.146178960800170898e-01
1.525885909795761108e-01,5.756303071975708008e-01,5.767692923545837402e-01,7.332231998443603516e-01,7.840454578399658203e-01,8.779165744781494141e-01
1.713444441556930542e-01,6.197721958160400391e-01,4.540504813194274902e-01,6.513131856918334961e-01,6.712600588798522949e-01,8.470264077186584473e-01
6.510740518569946289e-02,1.000000000000000000e+00,3.829099237918853760e-01,6.716173291206359863e-01,2.903423309326171875e-01,8.165121674537658691e-01
1.000000000000000000e+00,1.000000000000000000e+00,2.396050989627838135e-01,5.111921429634094238e-01,7.731301337480545044e-02,4.310293793678283691e-01
6.916612386703491211e-02,6.684456765651702881e-02,1.580939143896102905e-01,3.066239356994628906e-01,0.000000000000000000e+00,0.000000000000000000e+00
1.700263470411300659e-01,7.031399011611938477e-02,6.624048948287963867e-02,0.000000000000000000e+00,0.000000000000000000e+00,0.000000000000000000e+00
