# CPU,RAM,NetworkR,NetworkW,DiskW,DiskR
9.907505661249160767e-02,1.006042659282684326e-01,1.000000000000000000e+00,9.337926506996154785e-01,9.365693926811218262e-01,9.378532171249389648e-01
6.028182804584503174e-02,3.755981326103210449e-01,9.661793112754821777e-01,8.955787420272827148e-01,9.295719861984252930e-01,8.692508339881896973e-01
6.239656731486320496e-02,1.928904354572296143e-01,9.363234639167785645e-01,8.788070082664489746e-01,9.238548278808593750e-01,9.146258234977722168e-01
6.076076626777648926e-02,2.382355034351348877e-01,9.222272634506225586e-01,8.611079454421997070e-01,8.542811274528503418e-01,8.948757052421569824e-01
6.029836833477020264e-02,1.850430071353912354e-01,8.973566889762878418e-01,8.277209401130676270e-01,5.888630747795104980e-01,7.870419621467590332e-01
6.358085572719573975e-02,2.227424979209899902e-01,5.977560877799987793e-01,6.853991150856018066e-01,5.388653874397277832e-01,7.602925300598144531e-01
6.429211050271987915e-02,1.744662672281265259e-01,6.034637689590454102e-01,6.478207111358642578e-01,6.075572371482849121e-01,8.105109333992004395e-01
8.928804099559783936e-02,2.142951339483261108e-01,5.333269238471984863e-01,5.412287712097167969e-01,7.292062640190124512e-01,8.637242913246154785e-01
7.930119037628173828e-01,9.437807798385620117e-01,3.386319875717163086e-01,3.584954738616943359e-01,6.796890497207641602e-01,9.027526378631591797e-01
1.000000000000000000e+00,1.000000000000000000e+00,6.802655011415481567e-02,0.000000000000000000e+00,0.000000000000000000e+00,0.000000000000000000e+00
