# CPU,RAM,NetworkR,NetworkW,DiskW,DiskR
9.912250936031341553e-02,1.008186489343643188e-01,1.000000000000000000e+00,9.337937235832214355e-01,9.365640282630920410e-01,9.378562569618225098e-01
6.083087995648384094e-02,2.134780734777450562e-01,9.657458662986755371e-01,9.014743566513061523e-01,9.351524710655212402e-01,9.253382086753845215e-01
6.294061243534088135e-02,1.113815084099769592e-01,9.968849420547485352e-01,9.002779722213745117e-01,9.322198033332824707e-01,9.315038919448852539e-01
6.210628896951675415e-02,1.548498570919036865e-01,9.555161595344543457e-01,8.733702898025512695e-01,9.033151865005493164e-01,9.188551902770996094e-01
6.441682577133178711e-02,1.537777483463287354e-01,8.477819561958312988e-01,8.005684614181518555e-01,7.314283251762390137e-01,8.648845553398132324e-01
1.078762263059616089e-01,2.099566459655761719e-01,5.621893405914306641e-01,6.474780440330505371e-01,6.778599619865417480e-01,8.321045637130737305e-01
1.676660478115081787e-01,1.000000000000000000e+00,3.220508098602294922e-01,5.399556159973144531e-01,3.572973310947418213e-01,8.409144878387451172e-01
1.000000000000000000e+00,7.409033179283142090e-01,1.352843344211578369e-01,2.421968579292297363e-01,3.913313150405883789e-02,1.460068821907043457e-01
6.520292162895202637e-02,6.153409928083419800e-02,1.327642947435379028e-01,2.356187701225280762e-01,0.000000000000000000e+00,0.000000000000000000e+00
3.204805850982666016e-01,7.315777242183685303e-02,6.409706920385360718e-02,0.000000000000000000e+00,0.000000000000000000e+00,0.000000000000000000e+00
