# CPU,RAM,NetworkR,NetworkW,DiskW,DiskR
9.917116165161132812e-02,1.008591949939727783e-01,1.000000000000000000e+00,9.337936043739318848e-01,9.365630745887756348e-01,9.378567934036254883e-01
6.132866442203521729e-02,9.386432170867919922e-02,1.000000000000000000e+00,9.123721122741699219e-01,9.367188215255737305e-01,9.323610663414001465e-01
7.119534164667129517e-02,3.976175189018249512e-01,8.006862998008728027e-01,8.490758538246154785e-01,9.197162985801696777e-01,9.196276664733886719e-01
9.578844159841537476e-02,8.250096440315246582e-01,5.262798666954040527e-01,7.458739280700683594e-01,7.101445198059082031e-01,8.602321743965148926e-01
1.163231730461120605e-01,3.138179183006286621e-01,6.526138782501220703e-01,7.650393843650817871e-01,7.979314923286437988e-01,8.806529641151428223e-01
8.169612288475036621e-02,6.249858736991882324e-01,4.438810944557189941e-01,6.643145084381103516e-01,5.953742265701293945e-01,8.180875778198242188e-01
6.093011796474456787e-02,1.000000000000000000e+00,4.019882082939147949e-01,6.851669549942016602e-01,2.885639369487762451e-01,7.612158060073852539e-01
1.000000000000000000e+00,9.336292743682861328e-01,2.859849035739898682e-01,4.857954382896423340e-01,1.018080636858940125e-01,6.681989431381225586e-01
6.212510913610458374e-02,6.494580954313278198e-02,2.145552337169647217e-01,3.480240106582641602e-01,0.000000000000000000e+00,0.000000000000000000e+00
1.932785212993621826e-01,8.113093674182891846e-02,6.453562527894973755e-02,0.000000000000000000e+00,0.000000000000000000e+00,0.000000000000000000e+00
