# CPU,RAM,NetworkR,NetworkW,DiskW,DiskR
9.913207590579986572e-02,1.007339209318161011e-01,1.000000000000000000e+00,9.337931275367736816e-01,9.365662336349487305e-01,9.378550648689270020e-01
6.098499894142150879e-02,1.327209770679473877e-01,9.874315261840820312e-01,9.070630073547363281e-01,9.361329674720764160e-01,9.296389222145080566e-01
6.219012290239334106e-02,1.148112788796424866e-01,9.950217604637145996e-01,8.997364640235900879e-01,9.317154884338378906e-01,9.310317039489746094e-01
6.150328367948532104e-02,1.653391867876052856e-01,9.518961906433105469e-01,8.704516291618347168e-01,8.917073607444763184e-01,9.144078493118286133e-01
6.088362261652946472e-02,1.520606875419616699e-01,8.886299729347229004e-01,8.147019743919372559e-01,6.236167550086975098e-01,8.297977447509765625e-01
7.151938229799270630e-02,2.027752995491027832e-01,5.395826101303100586e-01,6.362801790237426758e-01,5.445483922958374023e-01,7.707158327102661133e-01
7.143928110599517822e-02,1.859512478113174438e-01,4.690896868705749512e-01,5.521680712699890137e-01,5.257495641708374023e-01,7.623003721237182617e-01
6.776537001132965088e-02,1.815021336078643799e-01,4.532169699668884277e-01,4.728940129280090332e-01,5.496156215667724609e-01,7.881109118461608887e-01
9.991304576396942139e-02,1.967231631278991699e-01,3.381772637367248535e-01,2.989719808101654053e-01,4.920673966407775879e-01,7.644492983818054199e-01
1.000000000000000000e+00,1.000000000000000000e+00,6.480121612548828125e-02,0.000000000000000000e+00,0.000000000000000000e+00,0.000000000000000000e+00
