# CPU,RAM,NetworkR,NetworkW,DiskW,DiskR
9.898556768894195557e-02,1.007790416479110718e-01,1.000000000000000000e+00,9.337944388389587402e-01,9.365646243095397949e-01,9.378557801246643066e-01
6.099103763699531555e-02,1.204965263605117798e-01,9.931576848030090332e-01,9.084537625312805176e-01,9.362045526504516602e-01,9.300401210784912109e-01
6.205478310585021973e-02,1.307661384344100952e-01,9.808532595634460449e-01,8.948722481727600098e-01,9.301276206970214844e-01,9.292284846305847168e-01
6.169447675347328186e-02,1.935182213783264160e-01,9.268567562103271484e-01,8.614818453788757324e-01,8.804198503494262695e-01,9.093196988105773926e-01
6.091822683811187744e-02,1.659118682146072388e-01,8.661628961563110352e-01,8.084415197372436523e-01,6.055278182029724121e-01,8.185969591140747070e-01
6.965933740139007568e-02,2.339593768119812012e-01,5.249760746955871582e-01,6.376641392707824707e-01,5.369009375572204590e-01,7.647739648818969727e-01
6.752178072929382324e-02,1.856195628643035889e-01,5.013794898986816406e-01,5.785413384437561035e-01,5.306434035301208496e-01,7.673334479331970215e-01
6.602752953767776489e-02,1.773128956556320190e-01,4.958198368549346924e-01,5.038986206054687500e-01,5.760025978088378906e-01,8.043237924575805664e-01
1.187420859932899475e-01,2.321428954601287842e-01,3.563305139541625977e-01,3.140112757682800293e-01,5.525827407836914062e-01,8.023490905761718750e-01
1.000000000000000000e+00,1.000000000000000000e+00,6.513708829879760742e-02,0.000000000000000000e+00,0.000000000000000000e+00,0.000000000000000000e+00
