# CPU,RAM,NetworkR,NetworkW,DiskW,DiskR
9.920704364776611328e-02,1.008227691054344177e-01,1.000000000000000000e+00,9.337930083274841309e-01,9.365640878677368164e-01,9.378562569618225098e-01
6.125920638442039490e-02,1.099148690700531006e-01,9.955446720123291016e-01,9.093044400215148926e-01,9.365105628967285156e-01,9.313710331916809082e-01
7.278141379356384277e-02,2.773693501949310303e-01,8.600158691406250000e-01,8.632030487060546875e-01,9.279474616050720215e-01,9.256522059440612793e-01
1.314545422792434692e-01,7.079474329948425293e-01,6.182557344436645508e-01,7.759273052215576172e-01,8.373568058013916016e-01,8.956938982009887695e-01
1.202149614691734314e-01,5.325740575790405273e-01,5.443926453590393066e-01,7.255702614784240723e-01,7.278722524642944336e-01,8.587772250175476074e-01
1.358830034732818604e-01,5.918157696723937988e-01,4.598399400711059570e-01,6.643061041831970215e-01,6.844460368156433105e-01,8.497254848480224609e-01
6.226592138409614563e-02,1.000000000000000000e+00,3.825833797454833984e-01,6.873043775558471680e-01,2.428759038448333740e-01,7.335667610168457031e-01
1.000000000000000000e+00,1.000000000000000000e+00,2.214739024639129639e-01,4.732393622398376465e-01,9.125494211912155151e-02,3.683399558067321777e-01
6.737119704484939575e-02,6.735470145940780640e-02,1.694908142089843750e-01,2.992266416549682617e-01,0.000000000000000000e+00,0.000000000000000000e+00
1.303238719701766968e-01,6.835165619850158691e-02,6.933145970106124878e-02,0.000000000000000000e+00,0.000000000000000000e+00,0.000000000000000000e+00
