# CPU,RAM,NetworkR,NetworkW,DiskW,DiskR
9.901344031095504761e-02,1.007783263921737671e-01,1.000000000000000000e+00,9.337946176528930664e-01,9.365648627281188965e-01,9.378558993339538574e-01
6.130617856979370117e-02,8.849777281284332275e-02,1.000000000000000000e+00,9.138793349266052246e-01,9.367915987968444824e-01,9.327443838119506836e-01
6.641133874654769897e-02,2.183612585067749023e-01,8.842728734016418457e-01,8.685461282730102539e-01,9.266576170921325684e-01,9.241152405738830566e-01
7.894840091466903687e-02,2.446108460426330566e-01,8.483103513717651367e-01,8.431789875030517578e-01,9.048249721527099609e-01,9.172272086143493652e-01
1.260712146759033203e-01,4.618886411190032959e-01,5.912405848503112793e-01,7.297506928443908691e-01,7.656183838844299316e-01,8.675348758697509766e-01
1.847692877054214478e-01,6.695074439048767090e-01,4.263704717159271240e-01,6.309640407562255859e-01,6.405618190765380859e-01,8.385776281356811523e-01
7.626549899578094482e-02,1.000000000000000000e+00,3.355130255222320557e-01,6.449988484382629395e-01,1.998785734176635742e-01,7.166575193405151367e-01
1.000000000000000000e+00,9.793789982795715332e-01,2.115195393562316895e-01,4.247903525829315186e-01,5.839898064732551575e-02,5.251548290252685547e-01
6.650327146053314209e-02,6.359495967626571655e-02,1.410627961158752441e-01,2.757329344749450684e-01,0.000000000000000000e+00,0.000000000000000000e+00
2.015508413314819336e-01,7.043920457363128662e-02,6.506408751010894775e-02,0.000000000000000000e+00,0.000000000000000000e+00,0.000000000000000000e+00
