# CPU,RAM,NetworkR,NetworkW,DiskW,DiskR
9.912627935409545898e-02,1.006453335285186768e-01,1.000000000000000000e+00,9.337933063507080078e-01,9.365688562393188477e-01,9.378540515899658203e-01
6.057210266590118408e-02,3.173034489154815674e-01,9.577784538269042969e-01,8.983945250511169434e-01,9.336364865303039551e-01,9.162982702255249023e-01
6.300994008779525757e-02,1.227519661188125610e-01,9.887994527816772461e-01,8.971077203750610352e-01,9.315028786659240723e-01,9.298577308654785156e-01
6.119820103049278259e-02,1.703324317932128906e-01,9.606879949569702148e-01,8.750933408737182617e-01,8.964456319808959961e-01,9.159439206123352051e-01
6.041797623038291931e-02,1.424751430749893188e-01,9.431950449943542480e-01,8.401100039482116699e-01,6.585829257965087891e-01,8.436286449432373047e-01
6.522019952535629272e-02,1.694956868886947632e-01,6.379142403602600098e-01,6.833286881446838379e-01,5.707839131355285645e-01,7.905167937278747559e-01
6.598426401615142822e-02,1.845269948244094849e-01,5.337266921997070312e-01,5.900318622589111328e-01,5.629147291183471680e-01,7.862036824226379395e-01
6.417143344879150391e-02,1.895423382520675659e-01,4.943688809871673584e-01,4.981476068496704102e-01,5.390496850013732910e-01,7.830819487571716309e-01
9.195639193058013916e-02,2.232938110828399658e-01,3.312277197837829590e-01,2.961774468421936035e-01,4.546012282371520996e-01,7.342892289161682129e-01
1.000000000000000000e+00,1.000000000000000000e+00,6.581576168537139893e-02,0.000000000000000000e+00,0.000000000000000000e+00,0.000000000000000000e+00
