# CPU,RAM,NetworkR,NetworkW,DiskW,DiskR
9.907535463571548462e-02,1.006938964128494263e-01,1.000000000000000000e+00,9.337937831878662109e-01,9.365673065185546875e-01,9.378547072410583496e-01
6.015897914767265320e-02,4.722425341606140137e-01,9.668551683425903320e-01,8.900577425956726074e-01,9.206721782684326172e-01,7.271183133125305176e-01
6.063668057322502136e-02,4.389858245849609375e-01,8.430033326148986816e-01,8.493617773056030273e-01,8.768861293792724609e-01,8.148155212402343750e-01
6.028667464852333069e-02,3.394699692726135254e-01,8.689392209053039551e-01,8.431255817413330078e-01,7.445726394653320312e-01,8.095273971557617188e-01
6.018444523215293884e-02,2.927839756011962891e-01,8.027510643005371094e-01,8.048899173736572266e-01,5.315862298011779785e-01,6.580529212951660156e-01
6.184832379221916199e-02,2.807264328002929688e-01,5.352324843406677246e-01,6.750335097312927246e-01,4.311279952526092529e-01,6.274699568748474121e-01
6.198035180568695068e-02,3.290530443191528320e-01,4.188107252120971680e-01,5.845680236816406250e-01,3.924715816974639893e-01,6.127116084098815918e-01
6.561806797981262207e-02,2.286776751279830933e-01,4.445249438285827637e-01,5.199259519577026367e-01,4.928578138351440430e-01,7.357805371284484863e-01
1.754607558250427246e-01,5.688733458518981934e-01,2.507449984550476074e-01,2.960280776023864746e-01,4.242899119853973389e-01,7.348231673240661621e-01
1.000000000000000000e+00,1.000000000000000000e+00,6.662797927856445312e-02,0.000000000000000000e+00,0.000000000000000000e+00,0.000000000000000000e+00
