# CPU,RAM,NetworkR,NetworkW,DiskW,DiskR
5.999999865889549255e-02,5.999999865889549255e-02,1.000000000000000000e+00,9.399999976158142090e-01,9.399999976158142090e-01,9.399999976158142090e-01
5.999999865889549255e-02,1.433333307504653931e-01,9.988760352134704590e-01,9.022580385208129883e-01,9.371631145477294922e-01,9.009518027305603027e-01
5.999999865889549255e-02,2.266666740179061890e-01,9.795737266540527344e-01,8.875120282173156738e-01,9.290071129798889160e-01,9.009518027305603027e-01
5.999999865889549255e-02,2.266666740179061890e-01,9.184497594833374023e-01,8.332051634788513184e-01,8.928368687629699707e-01,9.009518027305603027e-01
5.999999865889549255e-02,2.266666740179061890e-01,8.201286792755126953e-01,7.800675630569458008e-01,5.513474941253662109e-01,8.033313155174255371e-01
5.999999865889549255e-02,2.266666740179061890e-01,5.455735325813293457e-01,6.034402847290039062e-01,4.915071129798889160e-01,7.716046571731567383e-01
5.999999865889549255e-02,2.266666740179061890e-01,5.069689154624938965e-01,5.701156258583068848e-01,4.701418578624725342e-01,7.716046571731567383e-01
5.999999865889549255e-02,2.266666740179061890e-01,4.458449780941009521e-01,4.361673295497894287e-01,4.434574544429779053e-01,7.716046571731567383e-01
1.599999964237213135e-01,3.100000023841857910e-01,3.239991962909698486e-01,2.847447097301483154e-01,4.069326221942901611e-01,7.618426084518432617e-01
1.000000000000000000e+00,1.000000000000000000e+00,5.999999865889549255e-02,0.000000000000000000e+00,0.000000000000000000e+00,0.000000000000000000e+00
