# CPU,RAM,NetworkR,NetworkW,DiskW,DiskR
9.908629953861236572e-02,1.007335931062698364e-01,1.000000000000000000e+00,9.337934851646423340e-01,9.365661144256591797e-01,9.378550648689270020e-01
6.016081571578979492e-02,5.869435667991638184e-01,9.522758126258850098e-01,8.863859772682189941e-01,9.154868721961975098e-01,6.982465386390686035e-01
6.140647456049919128e-02,3.267604708671569824e-01,8.579137325286865234e-01,8.550988435745239258e-01,8.948063254356384277e-01,8.590521216392517090e-01
6.030186265707015991e-02,3.429636061191558838e-01,8.716537952423095703e-01,8.460620045661926270e-01,7.621722817420959473e-01,8.279184103012084961e-01
6.016675382852554321e-02,2.851512730121612549e-01,8.237923979759216309e-01,8.116611838340759277e-01,5.366693735122680664e-01,6.657099723815917969e-01
6.157647073268890381e-02,2.818433642387390137e-01,5.368268489837646484e-01,6.766510605812072754e-01,4.217098057270050049e-01,6.118572354316711426e-01
6.175576895475387573e-02,3.755635023117065430e-01,3.895863294601440430e-01,5.700356364250183105e-01,3.596935272216796875e-01,5.627681016921997070e-01
6.492452323436737061e-02,2.474904358386993408e-01,4.276657104492187500e-01,5.110689997673034668e-01,4.678820073604583740e-01,7.136076092720031738e-01
1.763093620538711548e-01,5.017670392990112305e-01,2.755871117115020752e-01,3.112243711948394775e-01,4.799414873123168945e-01,7.606087923049926758e-01
1.000000000000000000e+00,1.000000000000000000e+00,6.704349815845489502e-02,0.000000000000000000e+00,0.000000000000000000e+00,0.000000000000000000e+00
