# CPU,RAM,NetworkR,NetworkW,DiskW,DiskR
9.919875115156173706e-02,1.007818803191184998e-01,1.000000000000000000e+00,9.337930083274841309e-01,9.365652203559875488e-01,9.378557205200195312e-01
6.028036028146743774e-02,5.385113954544067383e-01,9.494594931602478027e-01,8.915021419525146484e-01,9.263393282890319824e-01,8.504757285118103027e-01
6.222554668784141541e-02,1.980409771203994751e-01,9.343277812004089355e-01,8.785114288330078125e-01,9.213755726814270020e-01,9.128458499908447266e-01
6.042135134339332581e-02,2.532377243041992188e-01,9.357656836509704590e-01,8.659020662307739258e-01,8.451677560806274414e-01,8.892387151718139648e-01
6.016467511653900146e-02,1.971283555030822754e-01,9.222758412361145020e-01,8.381521105766296387e-01,5.951308012008666992e-01,7.731781005859375000e-01
6.158886849880218506e-02,2.183653563261032104e-01,6.204143762588500977e-01,6.962870359420776367e-01,4.817643165588378906e-01,7.096855640411376953e-01
6.253567337989807129e-02,3.072005212306976318e-01,4.374188482761383057e-01,5.699021220207214355e-01,4.185350537300109863e-01,6.601678729057312012e-01
6.363239884376525879e-02,2.347829639911651611e-01,4.461199045181274414e-01,5.019701719284057617e-01,4.760967493057250977e-01,7.274918556213378906e-01
1.121821254491806030e-01,3.585816919803619385e-01,2.753529250621795654e-01,2.877606153488159180e-01,4.100588262081146240e-01,6.996760964393615723e-01
1.000000000000000000e+00,1.000000000000000000e+00,6.712412834167480469e-02,0.000000000000000000e+00,0.000000000000000000e+00,0.000000000000000000e+00
