# CPU,RAM,NetworkR,NetworkW,DiskW,DiskR
9.913346171379089355e-02,1.007378250360488892e-01,1.000000000000000000e+00,9.337939023971557617e-01,9.365664720535278320e-01,9.378554224967956543e-01
6.029269471764564514e-02,4.474167227745056152e-01,9.576659798622131348e-01,8.938093185424804688e-01,9.286244511604309082e-01,8.663219213485717773e-01
6.194346770644187927e-02,2.191489934921264648e-01,9.273362755775451660e-01,8.765182495117187500e-01,9.204756021499633789e-01,9.117367267608642578e-01
6.057077273726463318e-02,2.534902989864349365e-01,9.254766106605529785e-01,8.624238967895507812e-01,8.464271426200866699e-01,8.913518190383911133e-01
6.019762530922889709e-02,1.992484927177429199e-01,9.090451598167419434e-01,8.331177234649658203e-01,5.866541862487792969e-01,7.729418873786926270e-01
6.217049062252044678e-02,2.307843863964080811e-01,5.996817946434020996e-01,6.876285076141357422e-01,4.942091107368469238e-01,7.222889661788940430e-01
6.219889968633651733e-02,3.107045590877532959e-01,4.641171991825103760e-01,5.878861546516418457e-01,4.502576589584350586e-01,6.936621069908142090e-01
6.257179379463195801e-02,2.075628191232681274e-01,4.984362721443176270e-01,5.305684804916381836e-01,4.913923144340515137e-01,7.434793710708618164e-01
1.060663387179374695e-01,3.905680775642395020e-01,2.775395214557647705e-01,2.898659110069274902e-01,4.033077657222747803e-01,6.986266970634460449e-01
1.000000000000000000e+00,1.000000000000000000e+00,6.689094007015228271e-02,0.000000000000000000e+00,0.000000000000000000e+00,0.000000000000000000e+00
