# CPU,RAM,NetworkR,NetworkW,DiskW,DiskR
9.913024306297302246e-02,1.004802733659744263e-01,1.000000000000000000e+00,9.337925910949707031e-01,9.365733265876770020e-01,9.378518462181091309e-01
6.126499921083450317e-02,1.019276380538940430e-01,1.000000000000000000e+00,9.108115434646606445e-01,9.366383552551269531e-01,9.318901300430297852e-01
6.194977462291717529e-02,1.838156282901763916e-01,9.427906274795532227e-01,8.842226266860961914e-01,9.269269704818725586e-01,9.258686304092407227e-01
6.253153085708618164e-02,1.569136679172515869e-01,9.522957801818847656e-01,8.729695081710815430e-01,8.997071385383605957e-01,9.184480905532836914e-01
6.115883588790893555e-02,1.513031721115112305e-01,8.888502717018127441e-01,8.196208477020263672e-01,6.622396111488342285e-01,8.464336991310119629e-01
7.110009342432022095e-02,1.885949820280075073e-01,5.880297422409057617e-01,6.662119030952453613e-01,5.895699262619018555e-01,7.986447811126708984e-01
8.223828673362731934e-02,1.716562807559967041e-01,5.017632246017456055e-01,5.702233314514160156e-01,5.878810286521911621e-01,7.990624904632568359e-01
9.054407477378845215e-02,2.118323743343353271e-01,4.087789058685302734e-01,4.469940066337585449e-01,5.887159109115600586e-01,8.081104755401611328e-01
1.343216300010681152e-01,1.724473387002944946e-01,3.759634196758270264e-01,3.310480713844299316e-01,6.004465818405151367e-01,8.233879804611206055e-01
1.000000000000000000e+00,1.000000000000000000e+00,6.435852497816085815e-02,0.000000000000000000e+00,0.000000000000000000e+00,0.000000000000000000e+00
