# CPU,RAM,NetworkR,NetworkW,DiskW,DiskR
9.894576668739318848e-02,1.006247550249099731e-01,1.000000000000000000e+00,9.337940812110900879e-01,9.365686178207397461e-01,9.378536939620971680e-01
6.130712106823921204e-02,8.986486494541168213e-02,1.000000000000000000e+00,9.134788513183593750e-01,9.367722868919372559e-01,9.326301813125610352e-01
6.207268312573432922e-02,1.727384626865386963e-01,9.413448572158813477e-01,8.833733797073364258e-01,9.265926480293273926e-01,9.251946210861206055e-01
6.287524104118347168e-02,1.728626787662506104e-01,9.305745363235473633e-01,8.647375106811523438e-01,8.915483355522155762e-01,9.143927097320556641e-01
6.146534532308578491e-02,1.864088326692581177e-01,8.237591981887817383e-01,7.952040433883666992e-01,6.106720566749572754e-01,8.173912167549133301e-01
7.192897796630859375e-02,2.638706564903259277e-01,5.003970861434936523e-01,6.318800449371337891e-01,5.308953523635864258e-01,7.605425119400024414e-01
7.334602624177932739e-02,2.082809358835220337e-01,4.429119527339935303e-01,5.495616793632507324e-01,4.884124398231506348e-01,7.380326986312866211e-01
6.796085089445114136e-02,1.903641223907470703e-01,4.369996488094329834e-01,4.795401096343994141e-01,5.297190546989440918e-01,7.753278613090515137e-01
1.030985191464424133e-01,2.105117589235305786e-01,3.214651346206665039e-01,3.007425963878631592e-01,4.692037999629974365e-01,7.503559589385986328e-01
1.000000000000000000e+00,1.000000000000000000e+00,6.513872742652893066e-02,0.000000000000000000e+00,0.000000000000000000e+00,0.000000000000000000e+00
