# CPU,RAM,NetworkR,NetworkW,DiskW,DiskR
9.910269081592559814e-02,1.004312783479690552e-01,1.000000000000000000e+00,9.337929487228393555e-01,9.365746974945068359e-01,9.378513097763061523e-01
6.025514751672744751e-02,3.955231308937072754e-01,9.677424430847167969e-01,8.952037096023559570e-01,9.290117621421813965e-01,8.572936654090881348e-01
6.299013644456863403e-02,1.592845171689987183e-01,9.554738402366638184e-01,8.844718933105468750e-01,9.279507398605346680e-01,9.184675216674804688e-01
6.087353080511093140e-02,2.300926297903060913e-01,9.261652827262878418e-01,8.626375198364257812e-01,8.683688640594482422e-01,8.994408845901489258e-01
6.032356247305870056e-02,1.935468912124633789e-01,8.968858718872070312e-01,8.267251849174499512e-01,6.098241209983825684e-01,7.983326911926269531e-01
6.442753225564956665e-02,2.280175536870956421e-01,5.909479856491088867e-01,6.786347627639770508e-01,5.418004393577575684e-01,7.604684829711914062e-01
6.245646253228187561e-02,2.222033143043518066e-01,5.460259914398193359e-01,6.232419610023498535e-01,5.272482037544250488e-01,7.599900364875793457e-01
6.254789233207702637e-02,2.255996316671371460e-01,4.928427040576934814e-01,5.216944813728332520e-01,4.918953180313110352e-01,7.485512495040893555e-01
1.009732484817504883e-01,3.979275524616241455e-01,2.755782604217529297e-01,2.845767736434936523e-01,3.921959400177001953e-01,6.872966289520263672e-01
1.000000000000000000e+00,1.000000000000000000e+00,6.638394296169281006e-02,0.000000000000000000e+00,0.000000000000000000e+00,0.000000000000000000e+00
