# CPU,RAM,NetworkR,NetworkW,DiskW,DiskR
9.892092645168304443e-02,1.006861329078674316e-01,1.000000000000000000e+00,9.337953329086303711e-01,9.365672469139099121e-01,9.378548264503479004e-01
6.137403473258018494e-02,8.399274945259094238e-02,1.000000000000000000e+00,9.151095151901245117e-01,9.368761181831359863e-01,9.331461787223815918e-01
7.165004312992095947e-02,3.437659740447998047e-01,8.079517483711242676e-01,8.502174019813537598e-01,9.214264154434204102e-01,9.197720289230346680e-01
1.362835764884948730e-01,7.388241291046142578e-01,5.638192296028137207e-01,7.562800645828247070e-01,7.896361947059631348e-01,8.807074427604675293e-01
1.916724890470504761e-01,5.586430430412292480e-01,5.201148986816406250e-01,7.145893573760986328e-01,7.350861430168151855e-01,8.615749478340148926e-01
1.107427179813385010e-01,6.494407057762145996e-01,4.336373209953308105e-01,6.616365909576416016e-01,6.405849456787109375e-01,8.387280106544494629e-01
6.070653721690177917e-02,1.000000000000000000e+00,3.855866789817810059e-01,7.058160901069641113e-01,2.200750112533569336e-01,5.412511229515075684e-01
1.000000000000000000e+00,1.000000000000000000e+00,2.749017179012298584e-01,4.866833090782165527e-01,8.922916650772094727e-02,7.324177622795104980e-01
6.099282577633857727e-02,7.355356216430664062e-02,1.336861699819564819e-01,3.046900928020477295e-01,0.000000000000000000e+00,0.000000000000000000e+00
1.548595279455184937e-01,1.005509346723556519e-01,6.319976598024368286e-02,0.000000000000000000e+00,0.000000000000000000e+00,0.000000000000000000e+00
