# CPU,RAM,NetworkR,NetworkW,DiskW,DiskR
9.901438653469085693e-02,1.007049158215522766e-01,1.000000000000000000e+00,9.337942004203796387e-01,9.365668296813964844e-01,9.378548264503479004e-01
6.025493890047073364e-02,4.517839550971984863e-01,9.582247734069824219e-01,8.925820589065551758e-01,9.267536401748657227e-01,8.429867625236511230e-01
6.210605055093765259e-02,2.219098061323165894e-01,9.167279601097106934e-01,8.727563023567199707e-01,9.180386066436767578e-01,9.061385393142700195e-01
6.051875650882720947e-02,2.791843414306640625e-01,9.047414660453796387e-01,8.552564978599548340e-01,8.216727972030639648e-01,8.776223659515380859e-01
6.021596118807792664e-02,2.179778218269348145e-01,8.750692009925842285e-01,8.223338127136230469e-01,5.579593181610107422e-01,7.419115304946899414e-01
6.262126564979553223e-02,2.368080019950866699e-01,5.672311782836914062e-01,6.760985851287841797e-01,4.706246256828308105e-01,6.979094147682189941e-01
6.226851046085357666e-02,2.958504557609558105e-01,4.544658660888671875e-01,5.878810286521911621e-01,4.415288567543029785e-01,6.825271248817443848e-01
6.327924132347106934e-02,2.272646278142929077e-01,4.664025604724884033e-01,5.182570219039916992e-01,4.856999516487121582e-01,7.386329770088195801e-01
1.147906482219696045e-01,3.980900347232818604e-01,2.717804610729217529e-01,2.906324863433837891e-01,4.072245955467224121e-01,7.029365897178649902e-01
1.000000000000000000e+00,1.000000000000000000e+00,6.650974601507186890e-02,0.000000000000000000e+00,0.000000000000000000e+00,0.000000000000000000e+00
