# CPU,RAM,NetworkR,NetworkW,DiskW,DiskR
9.917809069156646729e-02,1.006174758076667786e-01,1.000000000000000000e+00,9.337928295135498047e-01,9.365697503089904785e-01,9.378536939620971680e-01
6.122617423534393311e-02,1.122454926371574402e-01,9.945023655891418457e-01,9.090489745140075684e-01,9.364914894104003906e-01,9.312500357627868652e-01
6.404680758714675903e-02,1.328755170106887817e-01,9.668520092964172363e-01,8.910393714904785156e-01,9.315601587295532227e-01,9.301081299781799316e-01
6.843519210815429688e-02,2.138822674751281738e-01,8.828456997871398926e-01,8.510150909423828125e-01,9.036991000175476074e-01,9.167147874832153320e-01
1.056836098432540894e-01,3.767660558223724365e-01,6.192138195037841797e-01,7.282769083976745605e-01,7.502833008766174316e-01,8.593003749847412109e-01
2.342827767133712769e-01,7.262018918991088867e-01,4.014619290828704834e-01,6.043153405189514160e-01,6.099722385406494141e-01,8.333917260169982910e-01
9.497518092393875122e-02,1.000000000000000000e+00,3.376273214817047119e-01,6.158338785171508789e-01,2.669191360473632812e-01,8.271657228469848633e-01
1.000000000000000000e+00,1.000000000000000000e+00,2.047399431467056274e-01,4.151609539985656738e-01,4.856622591614723206e-02,6.665505170822143555e-01
6.335724890232086182e-02,6.552636623382568359e-02,1.157309561967849731e-01,2.648113667964935303e-01,0.000000000000000000e+00,0.000000000000000000e+00
1.839774549007415771e-01,6.984299421310424805e-02,6.477647274732589722e-02,0.000000000000000000e+00,0.000000000000000000e+00,0.000000000000000000e+00
