# CPU,RAM,NetworkR,NetworkW,DiskW,DiskR
9.911871701478958130e-02,1.007834970951080322e-01,1.000000000000000000e+00,9.337938427925109863e-01,9.365650415420532227e-01,9.378558993339538574e-01
6.105231866240501404e-02,1.502499729394912720e-01,9.788639545440673828e-01,9.050131440162658691e-01,9.359901547431945801e-01,9.291251301765441895e-01
6.292298436164855957e-02,1.203395202755928040e-01,9.870431423187255859e-01,8.972465395927429199e-01,9.317987561225891113e-01,9.310352802276611328e-01
6.175827607512474060e-02,1.533035039901733398e-01,9.604705572128295898e-01,8.751410245895385742e-01,9.004828333854675293e-01,9.185302257537841797e-01
6.089692935347557068e-02,1.467398703098297119e-01,9.035596847534179688e-01,8.218150734901428223e-01,6.529576778411865234e-01,8.434429764747619629e-01
7.103151082992553711e-02,1.830728054046630859e-01,5.673595070838928223e-01,6.475731134414672852e-01,5.496222972869873047e-01,7.769436240196228027e-01
7.383999228477478027e-02,1.779146641492843628e-01,4.654386043548583984e-01,5.465887188911437988e-01,5.237708091735839844e-01,7.612703442573547363e-01
7.095043361186981201e-02,1.986029446125030518e-01,4.094816446304321289e-01,4.449014663696289062e-01,5.226283073425292969e-01,7.705212831497192383e-01
9.947271645069122314e-02,1.739322841167449951e-01,3.388590514659881592e-01,3.000414371490478516e-01,4.937974214553833008e-01,7.607702016830444336e-01
1.000000000000000000e+00,1.000000000000000000e+00,6.470891088247299194e-02,0.000000000000000000e+00,0.000000000000000000e+00,0.000000000000000000e+00
