# CPU,RAM,NetworkR,NetworkW,DiskW,DiskR
9.908761084079742432e-02,1.007951572537422180e-01,1.000000000000000000e+00,9.337945580482482910e-01,9.365648031234741211e-01,9.378562569618225098e-01
6.142188981175422668e-02,7.672221958637237549e-02,1.000000000000000000e+00,9.178822636604309082e-01,9.370138049125671387e-01,9.338967204093933105e-01
7.250089198350906372e-02,3.169142901897430420e-01,8.018996715545654297e-01,8.480622768402099609e-01,9.210477471351623535e-01,9.184244275093078613e-01
1.864745616912841797e-01,6.978371739387512207e-01,5.790126919746398926e-01,7.603323459625244141e-01,8.204615712165832520e-01,8.892335891723632812e-01
2.115438431501388550e-01,6.525874137878417969e-01,4.661814272403717041e-01,6.921684741973876953e-01,6.742374897003173828e-01,8.459678292274475098e-01
1.080788969993591309e-01,6.391674876213073730e-01,4.112893342971801758e-01,6.503815054893493652e-01,6.024752855300903320e-01,8.240048289299011230e-01
6.277855485677719116e-02,1.000000000000000000e+00,3.939017355442047119e-01,6.949609518051147461e-01,2.833968102931976318e-01,8.142346739768981934e-01
1.000000000000000000e+00,1.000000000000000000e+00,2.591489255428314209e-01,5.142211318016052246e-01,8.517590165138244629e-02,7.971526384353637695e-01
6.099446490406990051e-02,7.344318926334381104e-02,1.210565194487571716e-01,3.084578216075897217e-01,0.000000000000000000e+00,0.000000000000000000e+00
1.098676547408103943e-01,7.671999931335449219e-02,6.593380868434906006e-02,0.000000000000000000e+00,0.000000000000000000e+00,0.000000000000000000e+00
