# CPU,RAM,NetworkR,NetworkW,DiskW,DiskR
9.910903871059417725e-02,1.007350608706474304e-01,1.000000000000000000e+00,9.337933659553527832e-01,9.365661740303039551e-01,9.378551244735717773e-01
6.109378114342689514e-02,1.319461613893508911e-01,9.858197569847106934e-01,9.067581295967102051e-01,9.362039566040039062e-01,9.300165176391601562e-01
6.263577938079833984e-02,1.187637895345687866e-01,9.884829521179199219e-01,8.976919651031494141e-01,9.316918253898620605e-01,9.309362769126892090e-01
6.176399067044258118e-02,1.573988199234008789e-01,9.555482864379882812e-01,8.728178739547729492e-01,8.973861932754516602e-01,9.170616865158081055e-01
6.099629402160644531e-02,1.501999944448471069e-01,8.908669948577880859e-01,8.163504600524902344e-01,6.411373615264892578e-01,8.379930257797241211e-01
7.264144718647003174e-02,2.030787616968154907e-01,5.386574864387512207e-01,6.357073187828063965e-01,5.459468364715576172e-01,7.720852494239807129e-01
7.335918396711349487e-02,1.926629841327667236e-01,4.456244707107543945e-01,5.386886596679687500e-01,5.026719570159912109e-01,7.467910647392272949e-01
6.647824496030807495e-02,1.853468418121337891e-01,4.300702214241027832e-01,4.627770185470581055e-01,5.081307291984558105e-01,7.610951662063598633e-01
8.416407555341720581e-02,1.754295080900192261e-01,3.351319134235382080e-01,3.003205060958862305e-01,4.437786936759948730e-01,7.251302599906921387e-01
1.000000000000000000e+00,1.000000000000000000e+00,6.539769470691680908e-02,0.000000000000000000e+00,0.000000000000000000e+00,0.000000000000000000e+00
