# CPU,RAM,NetworkR,NetworkW,DiskW,DiskR
9.915784001350402832e-02,1.007726266980171204e-01,1.000000000000000000e+00,9.337933063507080078e-01,9.365653395652770996e-01,9.378556609153747559e-01
6.125596165657043457e-02,1.024244129657745361e-01,1.000000000000000000e+00,9.106876850128173828e-01,9.365965723991394043e-01,9.317721724510192871e-01
6.712459772825241089e-02,2.055098414421081543e-01,9.004262089729309082e-01,8.728669881820678711e-01,9.286283850669860840e-01,9.263147711753845215e-01
8.219919353723526001e-02,2.931395471096038818e-01,8.232752680778503418e-01,8.361399769783020020e-01,9.027493000030517578e-01,9.160206317901611328e-01
1.914279609918594360e-01,6.622934341430664062e-01,5.323187708854675293e-01,7.107824087142944336e-01,7.494587302207946777e-01,8.691818714141845703e-01
1.263772696256637573e-01,6.454386711120605469e-01,4.028465449810028076e-01,6.236272454261779785e-01,5.613536238670349121e-01,8.049441576004028320e-01
6.326498091220855713e-02,1.000000000000000000e+00,3.723242878913879395e-01,6.630319952964782715e-01,2.854270339012145996e-01,8.030725717544555664e-01
1.000000000000000000e+00,1.000000000000000000e+00,2.371460646390914917e-01,4.632200002670288086e-01,7.377725094556808472e-02,5.650520920753479004e-01
6.500864028930664062e-02,6.439784914255142212e-02,1.489278078079223633e-01,2.933685481548309326e-01,0.000000000000000000e+00,0.000000000000000000e+00
2.060874253511428833e-01,7.439403980970382690e-02,6.437967717647552490e-02,0.000000000000000000e+00,0.000000000000000000e+00,0.000000000000000000e+00
