# CPU,RAM,NetworkR,NetworkW,DiskW,DiskR
9.904938936233520508e-02,1.006860435009002686e-01,1.000000000000000000e+00,9.337947368621826172e-01,9.365677833557128906e-01,9.378548860549926758e-01
6.094831600785255432e-02,1.607941240072250366e-01,9.772316217422485352e-01,9.044881463050842285e-01,9.358183741569519043e-01,9.282695651054382324e-01
6.314247846603393555e-02,1.032660976052284241e-01,1.000000000000000000e+00,9.023448824882507324e-01,9.330849647521972656e-01,9.323907494544982910e-01
6.205414980649948120e-02,1.664712876081466675e-01,9.438437819480895996e-01,8.685553669929504395e-01,8.986113071441650391e-01,9.164249300956726074e-01
6.326656043529510498e-02,1.403829753398895264e-01,8.725239634513854980e-01,8.098539113998413086e-01,7.225643396377563477e-01,8.658950924873352051e-01
1.924158036708831787e-01,3.237454891204833984e-01,4.588665366172790527e-01,5.917055606842041016e-01,6.463415026664733887e-01,8.191618323326110840e-01
2.945776283740997314e-01,1.000000000000000000e+00,3.039599061012268066e-01,5.470916032791137695e-01,2.367182374000549316e-01,8.312137722969055176e-01
9.817469120025634766e-01,4.750829041004180908e-01,1.234527975320816040e-01,2.410417199134826660e-01,2.480066195130348206e-02,6.851881742477416992e-02
6.917066872119903564e-02,6.113575398921966553e-02,1.251586526632308960e-01,2.105312943458557129e-01,0.000000000000000000e+00,0.000000000000000000e+00
2.305128276348114014e-01,6.549385935068130493e-02,6.764729321002960205e-02,0.000000000000000000e+00,0.000000000000000000e+00,0.000000000000000000e+00
