# CPU,RAM,NetworkR,NetworkW,DiskW,DiskR
9.909139573574066162e-02,1.008393168449401855e-01,1.000000000000000000e+00,9.337942600250244141e-01,9.365634322166442871e-01,9.378566145896911621e-01
6.097705662250518799e-02,1.718386113643646240e-01,9.730346202850341797e-01,9.035203456878662109e-01,9.357212185859680176e-01,9.279795289039611816e-01
6.262260675430297852e-02,1.157594397664070129e-01,9.935735464096069336e-01,8.993538618087768555e-01,9.318715929985046387e-01,9.313009381294250488e-01
6.131273880600929260e-02,1.456342190504074097e-01,9.719942808151245117e-01,8.788733482360839844e-01,8.992251157760620117e-01,9.184957146644592285e-01
6.077144667506217957e-02,1.362737864255905151e-01,9.190016984939575195e-01,8.268970847129821777e-01,6.498011350631713867e-01,8.443908095359802246e-01
7.139207422733306885e-02,1.634206175804138184e-01,5.887848138809204102e-01,6.539218425750732422e-01,5.654217600822448730e-01,7.870657444000244141e-01
7.532504945993423462e-02,1.808169037103652954e-01,4.576259553432464600e-01,5.390660762786865234e-01,5.323009490966796875e-01,7.660306096076965332e-01
6.799112260341644287e-02,1.948249042034149170e-01,4.079129695892333984e-01,4.437195062637329102e-01,4.978505074977874756e-01,7.543889284133911133e-01
8.441977202892303467e-02,1.674131751060485840e-01,3.265394270420074463e-01,2.924092113971710205e-01,4.346467256546020508e-01,7.131546139717102051e-01
1.000000000000000000e+00,1.000000000000000000e+00,6.499253213405609131e-02,0.000000000000000000e+00,0.000000000000000000e+00,0.000000000000000000e+00
