# CPU,RAM,NetworkR,NetworkW,DiskW,DiskR
9.907346963882446289e-02,1.005183458328247070e-01,1.000000000000000000e+00,9.337914586067199707e-01,9.365713596343994141e-01,9.378517270088195801e-01
6.017039343714714050e-02,5.001662373542785645e-01,9.639610648155212402e-01,8.901097178459167480e-01,9.216089248657226562e-01,7.480149865150451660e-01
6.051205471158027649e-02,5.086882114410400391e-01,8.311167955398559570e-01,8.458284139633178711e-01,8.640449643135070801e-01,7.956001162528991699e-01
6.020861119031906128e-02,3.859718739986419678e-01,8.612827658653259277e-01,8.400156497955322266e-01,7.219642400741577148e-01,7.773104310035705566e-01
6.014655902981758118e-02,3.548291623592376709e-01,7.852658629417419434e-01,7.989790439605712891e-01,5.315946340560913086e-01,6.188826560974121094e-01
6.128850206732749939e-02,2.984714806079864502e-01,5.522946119308471680e-01,6.820440292358398438e-01,4.279581010341644287e-01,6.046441793441772461e-01
6.180957704782485962e-02,3.009044826030731201e-01,4.552630484104156494e-01,5.991551876068115234e-01,4.122408032417297363e-01,6.333345174789428711e-01
6.625302881002426147e-02,2.258450388908386230e-01,4.664138257503509521e-01,5.294768214225769043e-01,5.281587839126586914e-01,7.598305344581604004e-01
2.252347916364669800e-01,6.418900489807128906e-01,2.779855728149414062e-01,3.174625635147094727e-01,5.158726572990417480e-01,7.970218062400817871e-01
1.000000000000000000e+00,1.000000000000000000e+00,6.664091348648071289e-02,0.000000000000000000e+00,0.000000000000000000e+00,0.000000000000000000e+00
