# CPU,RAM,NetworkR,NetworkW,DiskW,DiskR
5.999999865889549255e-02,5.999999865889549255e-02,1.000000000000000000e+00,9.399999976158142090e-01,9.399999976158142090e-01,9.399999976158142090e-01
5.999999865889549255e-02,5.999999865889549255e-02,1.000000000000000000e+00,9.207140803337097168e-01,9.375781416893005371e-01,9.027690291404724121e-01
5.999999865889549255e-02,1.433333307504653931e-01,9.841975569725036621e-01,8.936851024627685547e-01,9.369726777076721191e-01,9.027690291404724121e-01
5.999999865889549255e-02,1.433333307504653931e-01,9.538765549659729004e-01,8.561170101165771484e-01,9.284961819648742676e-01,9.027690291404724121e-01
5.999999865889549255e-02,1.433333307504653931e-01,9.311358332633972168e-01,8.398422598838806152e-01,8.117929100990295410e-01,8.189994096755981445e-01
5.999999865889549255e-02,1.433333307504653931e-01,5.486888289451599121e-01,6.266217231750488281e-01,5.902686715126037598e-01,7.887492775917053223e-01
5.999999865889549255e-02,1.433333307504653931e-01,5.107876062393188477e-01,5.928534269332885742e-01,5.756618380546569824e-01,7.887492775917053223e-01
5.999999865889549255e-02,1.433333307504653931e-01,4.728864133358001709e-01,4.643762707710266113e-01,5.522757768630981445e-01,7.887492775917053223e-01
5.999999865889549255e-02,2.266666740179061890e-01,2.959350943565368652e-01,2.789016366004943848e-01,5.210943818092346191e-01,7.794415354728698730e-01
1.000000000000000000e+00,1.000000000000000000e+00,5.999999865889549255e-02,0.000000000000000000e+00,0.000000000000000000e+00,0.000000000000000000e+00
