# CPU,RAM,NetworkR,NetworkW,DiskW,DiskR
9.911193698644638062e-02,1.007391139864921570e-01,1.000000000000000000e+00,9.337937235832214355e-01,9.365662336349487305e-01,9.378553032875061035e-01
6.129153445363044739e-02,1.027864515781402588e-01,1.000000000000000000e+00,9.105006456375122070e-01,9.366003870964050293e-01,9.317770600318908691e-01
7.139243930578231812e-02,3.222118020057678223e-01,8.379892706871032715e-01,8.580581545829772949e-01,9.251572489738464355e-01,9.234850406646728516e-01
9.430149942636489868e-02,7.136927843093872070e-01,6.042302846908569336e-01,7.724948525428771973e-01,8.019072413444519043e-01,8.843733668327331543e-01
9.783518314361572266e-02,3.764791190624237061e-01,6.236991286277770996e-01,7.547052502632141113e-01,7.680707573890686035e-01,8.707986474037170410e-01
9.842263162136077881e-02,5.534896254539489746e-01,4.641958475112915039e-01,6.649476289749145508e-01,6.442191600799560547e-01,8.331360816955566406e-01
6.244599074125289917e-02,1.000000000000000000e+00,4.275102913379669189e-01,6.959583163261413574e-01,3.507373631000518799e-01,8.437041640281677246e-01
1.000000000000000000e+00,1.000000000000000000e+00,2.741002738475799561e-01,5.153023600578308105e-01,8.817481994628906250e-02,6.663854718208312988e-01
6.300380080938339233e-02,6.481317430734634399e-02,1.609846353530883789e-01,3.217558562755584717e-01,0.000000000000000000e+00,0.000000000000000000e+00
1.540254652500152588e-01,7.063464820384979248e-02,6.639280170202255249e-02,0.000000000000000000e+00,0.000000000000000000e+00,0.000000000000000000e+00
