# CPU,RAM,NetworkR,NetworkW,DiskW,DiskR
9.919106960296630859e-02,9.988698363304138184e-02,1.000000000000000000e+00,9.337761998176574707e-01,9.365837574005126953e-01,9.378385543823242188e-01
6.131523847579956055e-02,8.470454812049865723e-02,1.000000000000000000e+00,9.149929285049438477e-01,9.368532299995422363e-01,9.330268502235412598e-01
6.166030466556549072e-02,2.045683413743972778e-01,9.243706464767456055e-01,8.786098361015319824e-01,9.235731959342956543e-01,9.221116900444030762e-01
6.260237097740173340e-02,1.980750709772109985e-01,9.100703597068786621e-01,8.570790290832519531e-01,8.757790327072143555e-01,9.080039262771606445e-01
6.142785400152206421e-02,1.929316520690917969e-01,8.123611807823181152e-01,7.935474514961242676e-01,6.001949310302734375e-01,8.112720251083374023e-01
7.248234748840332031e-02,3.166774809360504150e-01,4.819143116474151611e-01,6.294764280319213867e-01,5.384292006492614746e-01,7.640258073806762695e-01
6.944467872381210327e-02,1.736204475164413452e-01,5.105022192001342773e-01,5.907955765724182129e-01,5.208318829536437988e-01,7.627211213111877441e-01
6.526639312505722046e-02,2.096345573663711548e-01,4.445289373397827148e-01,4.905109405517578125e-01,5.125611424446105957e-01,7.674812078475952148e-01
1.210182905197143555e-01,2.986098229885101318e-01,3.091390132904052734e-01,2.979016005992889404e-01,4.938335418701171875e-01,7.692006826400756836e-01
1.000000000000000000e+00,1.000000000000000000e+00,6.511253863573074341e-02,0.000000000000000000e+00,0.000000000000000000e+00,0.000000000000000000e+00
