# CPU,RAM,NetworkR,NetworkW,DiskW,DiskR
0.000000000000000000e+00,0.000000000000000000e+00,9.369682669639587402e-01,1.000000000000000000e+00,1.000000000000000000e+00,1.000000000000000000e+00
0.000000000000000000e+00,3.923349082469940186e-01,8.494521379470825195e-01,1.000000000000000000e+00,1.000000000000000000e+00,5.487225651741027832e-01
0.000000000000000000e+00,6.520352959632873535e-01,6.727512478828430176e-01,9.405350089073181152e-01,8.912910819053649902e-01,3.436427116394042969e-01
6.008115038275718689e-02,7.297270894050598145e-01,6.904136538505554199e-01,7.838886976242065430e-01,6.223613023757934570e-01,2.145157009363174438e-01
6.009938195347785950e-02,7.502568364143371582e-01,5.367492437362670898e-01,7.221122384071350098e-01,4.687665998935699463e-01,1.706096380949020386e-01
6.027064472436904907e-02,6.018375158309936523e-01,3.481748700141906738e-01,5.979425907135009766e-01,3.025997877120971680e-01,5.323069170117378235e-02
6.071892008185386658e-02,4.937136173248291016e-01,2.688070237636566162e-01,4.597043097019195557e-01,2.095571160316467285e-01,5.301505699753761292e-02
8.660722523927688599e-02,5.231142044067382812e-01,3.220266401767730713e-01,4.043084979057312012e-01,4.090761542320251465e-01,6.187826991081237793e-01
6.470668911933898926e-01,9.693992137908935547e-01,3.552491664886474609e-01,3.706118762493133545e-01,7.097538709640502930e-01,8.824722170829772949e-01
1.000000000000000000e+00,1.000000000000000000e+00,7.173182815313339233e-02,0.000000000000000000e+00,0.000000000000000000e+00,0.000000000000000000e+00
