# CPU,RAM,NetworkR,NetworkW,DiskW,DiskR
9.911655634641647339e-02,1.006780713796615601e-01,1.000000000000000000e+00,9.337927103042602539e-01,9.365675449371337891e-01,9.378541707992553711e-01
6.027852743864059448e-02,3.351359963417053223e-01,9.722456336021423340e-01,8.971361517906188965e-01,9.304143786430358887e-01,8.742579221725463867e-01
6.157778203487396240e-02,2.401264458894729614e-01,9.218725562095642090e-01,8.745621442794799805e-01,9.194371104240417480e-01,9.085035324096679688e-01
6.066096574068069458e-02,2.529077827930450439e-01,9.179327487945556641e-01,8.590149283409118652e-01,8.411534428596496582e-01,8.889011740684509277e-01
6.025643274188041687e-02,1.948247998952865601e-01,8.926767110824584961e-01,8.269543051719665527e-01,5.790706276893615723e-01,7.744023799896240234e-01
6.333909928798675537e-02,2.300612628459930420e-01,5.868935585021972656e-01,6.816772222518920898e-01,5.190039277076721191e-01,7.440842986106872559e-01
6.288459897041320801e-02,2.496270984411239624e-01,5.127884149551391602e-01,6.112091541290283203e-01,5.131258368492126465e-01,7.492128610610961914e-01
6.267455220222473145e-02,2.074088454246520996e-01,5.030094981193542480e-01,5.331925153732299805e-01,4.996051192283630371e-01,7.542747855186462402e-01
9.564290940761566162e-02,3.647891879081726074e-01,2.753274142742156982e-01,2.895967066287994385e-01,3.767920136451721191e-01,6.724697351455688477e-01
1.000000000000000000e+00,1.000000000000000000e+00,6.682353466749191284e-02,0.000000000000000000e+00,0.000000000000000000e+00,0.000000000000000000e+00
