# CPU,RAM,NetworkR,NetworkW,DiskW,DiskR
9.915992617607116699e-02,1.007699742913246155e-01,1.000000000000000000e+00,9.337933659553527832e-01,9.365654587745666504e-01,9.378556609153747559e-01
6.113545224070549011e-02,1.395301669836044312e-01,9.817159175872802734e-01,9.057731032371520996e-01,9.361433982849121094e-01,9.298001527786254883e-01
6.523445248603820801e-02,1.896594166755676270e-01,9.267646074295043945e-01,8.799885511398315430e-01,9.293373823165893555e-01,9.277949333190917969e-01
6.306616216897964478e-02,1.522540599107742310e-01,9.573128819465637207e-01,8.775644302368164062e-01,9.100199937820434570e-01,9.230892062187194824e-01
6.236069276928901672e-02,1.598166227340698242e-01,8.719165325164794922e-01,8.155627250671386719e-01,7.295757532119750977e-01,8.669310808181762695e-01
1.013429909944534302e-01,1.488065570592880249e-01,6.278917789459228516e-01,6.738329529762268066e-01,6.570832729339599609e-01,8.289873600006103516e-01
1.923614740371704102e-01,1.000000000000000000e+00,3.322384953498840332e-01,5.367321968078613281e-01,4.602693319320678711e-01,8.556386828422546387e-01
1.000000000000000000e+00,1.000000000000000000e+00,1.577242314815521240e-01,2.746162116527557373e-01,3.679772838950157166e-02,3.874269127845764160e-01
6.691921502351760864e-02,6.148467212915420532e-02,1.223441064357757568e-01,2.386166453361511230e-01,0.000000000000000000e+00,0.000000000000000000e+00
2.077322155237197876e-01,6.628672033548355103e-02,6.676525622606277466e-02,0.000000000000000000e+00,0.000000000000000000e+00,0.000000000000000000e+00
