# CPU,RAM,NetworkR,NetworkW,DiskW,DiskR
9.904612600803375244e-02,1.005561500787734985e-01,1.000000000000000000e+00,9.337918758392333984e-01,9.365702867507934570e-01,9.378522634506225586e-01
6.010939180850982666e-02,6.066870093345642090e-01,9.555773138999938965e-01,8.824918270111083984e-01,9.028983712196350098e-01,5.195550918579101562e-01
6.027017906308174133e-02,6.405984759330749512e-01,7.834610939025878906e-01,8.284059166908264160e-01,8.020109534263610840e-01,5.620793104171752930e-01
6.012361124157905579e-02,5.301731228828430176e-01,7.721630334854125977e-01,8.130337595939636230e-01,6.431876420974731445e-01,5.298779010772705078e-01
6.011934578418731689e-02,5.601462721824645996e-01,6.522589921951293945e-01,7.610195875167846680e-01,4.983252882957458496e-01,4.047431349754333496e-01
6.056149676442146301e-02,4.346653521060943604e-01,4.387424290180206299e-01,6.426751017570495605e-01,3.405011296272277832e-01,2.951456904411315918e-01
6.085518375039100647e-02,4.688869416713714600e-01,3.087929487228393555e-01,5.187482237815856934e-01,2.507660686969757080e-01,2.225399315357208252e-01
6.912244856357574463e-02,3.358841538429260254e-01,3.481443226337432861e-01,4.456348121166229248e-01,4.025270938873291016e-01,6.165747642517089844e-01
4.058115780353546143e-01,8.688048720359802246e-01,3.017644882202148438e-01,3.369538784027099609e-01,6.191911101341247559e-01,8.451682329177856445e-01
1.000000000000000000e+00,1.000000000000000000e+00,6.802137196063995361e-02,0.000000000000000000e+00,0.000000000000000000e+00,0.000000000000000000e+00
