# CPU,RAM,NetworkR,NetworkW,DiskW,DiskR
9.901673346757888794e-02,1.005685627460479736e-01,1.000000000000000000e+00,9.337928295135498047e-01,9.365701675415039062e-01,9.378526806831359863e-01
6.027546525001525879e-02,2.894309759140014648e-01,9.797173142433166504e-01,8.991675972938537598e-01,9.313765168190002441e-01,8.806876540184020996e-01
6.052938476204872131e-02,4.355414807796478271e-01,8.779252171516418457e-01,8.603303432464599609e-01,8.926442265510559082e-01,8.715245723724365234e-01
6.028763949871063232e-02,3.387968242168426514e-01,8.902707695960998535e-01,8.470131158828735352e-01,7.561041712760925293e-01,8.359687328338623047e-01
6.016613170504570007e-02,2.810259163379669189e-01,8.273987174034118652e-01,8.071907758712768555e-01,5.294260978698730469e-01,6.764854192733764648e-01
6.176639720797538757e-02,2.636187076568603516e-01,5.625064373016357422e-01,6.760426163673400879e-01,4.469277262687683105e-01,6.585410833358764648e-01
6.179115548729896545e-02,2.774038314819335938e-01,4.788821339607238770e-01,5.999474525451660156e-01,4.420417547225952148e-01,6.772267818450927734e-01
6.547337770462036133e-02,2.238687425851821899e-01,4.774328470230102539e-01,5.205666422843933105e-01,5.383217930793762207e-01,7.721536755561828613e-01
1.805797517299652100e-01,5.242450833320617676e-01,2.768845260143280029e-01,2.959927916526794434e-01,4.845366477966308594e-01,7.735201716423034668e-01
1.000000000000000000e+00,1.000000000000000000e+00,6.566789746284484863e-02,0.000000000000000000e+00,0.000000000000000000e+00,0.000000000000000000e+00
