# CPU,RAM,NetworkR,NetworkW,DiskW,DiskR
9.909187257289886475e-02,1.003631502389907837e-01,1.000000000000000000e+00,9.337857365608215332e-01,9.365735054016113281e-01,9.378477334976196289e-01
6.037850677967071533e-02,1.927801221609115601e-01,9.898359775543212891e-01,9.044538736343383789e-01,9.341434836387634277e-01,9.124160408973693848e-01
6.087775528430938721e-02,3.374904692173004150e-01,9.017950892448425293e-01,8.692766427993774414e-01,9.114507436752319336e-01,9.048788547515869141e-01
6.082213297486305237e-02,2.571069002151489258e-01,9.062554240226745605e-01,8.540399074554443359e-01,8.289789557456970215e-01,8.872882723808288574e-01
6.036194041371345520e-02,2.309778332710266113e-01,8.493070006370544434e-01,8.123376369476318359e-01,5.847527980804443359e-01,7.811450362205505371e-01
6.404678523540496826e-02,2.487872242927551270e-01,5.995815396308898926e-01,6.882698535919189453e-01,5.597176551818847656e-01,7.733538746833801270e-01
6.280326098203659058e-02,1.728838831186294556e-01,6.182666420936584473e-01,6.557496190071105957e-01,5.692335367202758789e-01,7.927374243736267090e-01
6.576621532440185547e-02,2.715681493282318115e-01,4.364782273769378662e-01,4.888350963592529297e-01,4.927431941032409668e-01,7.531143426895141602e-01
1.823441535234451294e-01,6.650553345680236816e-01,2.299614846706390381e-01,2.589010000228881836e-01,3.707209825515747070e-01,7.137797474861145020e-01
1.000000000000000000e+00,1.000000000000000000e+00,6.508132815361022949e-02,0.000000000000000000e+00,0.000000000000000000e+00,0.000000000000000000e+00
