# CPU,RAM,NetworkR,NetworkW,DiskW,DiskR
9.905745834112167358e-02,1.003487110137939453e-01,1.000000000000000000e+00,9.337877035140991211e-01,9.365745782852172852e-01,9.378482103347778320e-01
6.077007949352264404e-02,1.192896813154220581e-01,9.985101222991943359e-01,9.095985293388366699e-01,9.360960721969604492e-01,9.292319416999816895e-01
6.189783662557601929e-02,1.450181454420089722e-01,9.735237360000610352e-01,8.923568129539489746e-01,9.297446608543395996e-01,9.281069040298461914e-01
6.160317733883857727e-02,2.209117859601974487e-01,9.133497476577758789e-01,8.564774394035339355e-01,8.723906278610229492e-01,9.054577350616455078e-01
6.079883873462677002e-02,1.824549138545989990e-01,8.564984202384948730e-01,8.062345385551452637e-01,5.994358062744140625e-01,8.110676407814025879e-01
6.884911656379699707e-02,2.629422843456268311e-01,5.191776156425476074e-01,6.381170153617858887e-01,5.365782976150512695e-01,7.622640132904052734e-01
6.506982445716857910e-02,1.797169148921966553e-01,5.391990542411804199e-01,6.024277806282043457e-01,5.408411622047424316e-01,7.744420766830444336e-01
6.422396004199981689e-02,2.033305168151855469e-01,4.861286878585815430e-01,5.019360780715942383e-01,5.394997596740722656e-01,7.847514748573303223e-01
1.322257965803146362e-01,3.036244511604309082e-01,3.365630209445953369e-01,3.049826323986053467e-01,5.510663986206054688e-01,8.004335165023803711e-01
1.000000000000000000e+00,1.000000000000000000e+00,6.503578275442123413e-02,0.000000000000000000e+00,0.000000000000000000e+00,0.000000000000000000e+00
