# CPU,RAM,NetworkR,NetworkW,DiskW,DiskR
9.910206496715545654e-02,1.006993055343627930e-01,1.000000000000000000e+00,9.337930083274841309e-01,9.365670084953308105e-01,9.378545284271240234e-01
6.128703057765960693e-02,8.452323079109191895e-02,1.000000000000000000e+00,9.152015447616577148e-01,9.368671774864196777e-01,9.331157803535461426e-01
6.289224326610565186e-02,1.453997492790222168e-01,9.508019089698791504e-01,8.858674168586730957e-01,9.288406968116760254e-01,9.269493818283081055e-01
6.246314570307731628e-02,1.478828936815261841e-01,9.519189000129699707e-01,8.722337484359741211e-01,8.967658281326293945e-01,9.173699617385864258e-01
6.247120723128318787e-02,1.439416855573654175e-01,8.557360172271728516e-01,8.047379255294799805e-01,6.624332666397094727e-01,8.465642929077148438e-01
9.466271847486495972e-02,2.439894229173660278e-01,4.991841316223144531e-01,6.235339045524597168e-01,6.124944090843200684e-01,8.026763200759887695e-01
1.229574233293533325e-01,3.137401342391967773e-01,3.655829429626464844e-01,4.984267950057983398e-01,5.270274281501770020e-01,7.706426978111267090e-01
1.418011188507080078e-01,3.779778778553009033e-01,2.760960459709167480e-01,3.666366338729858398e-01,4.554201960563659668e-01,7.442832589149475098e-01
1.127379313111305237e-01,1.096476316452026367e-01,3.336038589477539062e-01,3.131620585918426514e-01,4.799766540527343750e-01,7.420312166213989258e-01
1.000000000000000000e+00,1.000000000000000000e+00,6.283744424581527710e-02,0.000000000000000000e+00,0.000000000000000000e+00,0.000000000000000000e+00
