# CPU,RAM,NetworkR,NetworkW,DiskW,DiskR
9.896452724933624268e-02,1.003023833036422729e-01,1.000000000000000000e+00,9.337864518165588379e-01,9.365747570991516113e-01,9.378469586372375488e-01
6.080923601984977722e-02,1.715232282876968384e-01,9.771248102188110352e-01,9.041089415550231934e-01,9.355489015579223633e-01,9.267356991767883301e-01
6.201678887009620667e-02,1.713531613349914551e-01,9.605242013931274414e-01,8.889024257659912109e-01,9.284793734550476074e-01,9.273437261581420898e-01
6.150697171688079834e-02,2.349506169557571411e-01,9.130885601043701172e-01,8.579586148262023926e-01,8.737730979919433594e-01,9.065365791320800781e-01
6.059344485402107239e-02,1.802337467670440674e-01,8.867753744125366211e-01,8.202833533287048340e-01,6.265050768852233887e-01,8.244176506996154785e-01
6.608364731073379517e-02,2.668904960155487061e-01,5.750147104263305664e-01,6.701674461364746094e-01,5.884855389595031738e-01,7.931529283523559570e-01
6.532141566276550293e-02,1.728226542472839355e-01,5.985912084579467773e-01,6.320148110389709473e-01,5.931217074394226074e-01,8.062452077865600586e-01
6.390351802110671997e-02,2.209286987781524658e-01,4.889689385890960693e-01,5.068754553794860840e-01,5.262623429298400879e-01,7.775642275810241699e-01
1.135336160659790039e-01,3.167010247707366943e-01,3.071886599063873291e-01,2.907022535800933838e-01,4.639492034912109375e-01,7.468433380126953125e-01
1.000000000000000000e+00,1.000000000000000000e+00,6.540561467409133911e-02,0.000000000000000000e+00,0.000000000000000000e+00,0.000000000000000000e+00
