# CPU,RAM,NetworkR,NetworkW,DiskW,DiskR
9.906477481126785278e-02,1.008507162332534790e-01,1.000000000000000000e+00,9.337950348854064941e-01,9.365633130073547363e-01,9.378570318222045898e-01
6.114761903882026672e-02,1.407100856304168701e-01,9.809238910675048828e-01,9.055517315864562988e-01,9.361097812652587891e-01,9.296957254409790039e-01
7.292926311492919922e-02,2.149400860071182251e-01,8.996319770812988281e-01,8.726318478584289551e-01,9.306598901748657227e-01,9.282636046409606934e-01
1.041984856128692627e-01,5.678473711013793945e-01,6.959196925163269043e-01,8.004757761955261230e-01,8.743698000907897949e-01,9.060248732566833496e-01
1.465466022491455078e-01,5.235098004341125488e-01,5.949107408523559570e-01,7.423223257064819336e-01,7.952521443367004395e-01,8.809962868690490723e-01
1.018741577863693237e-01,5.537281632423400879e-01,4.587062597274780273e-01,6.580317616462707520e-01,6.251737475395202637e-01,8.264431953430175781e-01
6.195281445980072021e-02,1.000000000000000000e+00,4.132927954196929932e-01,6.844715476036071777e-01,3.313450813293457031e-01,8.234683871269226074e-01
1.000000000000000000e+00,9.712341427803039551e-01,2.571264505386352539e-01,4.813883006572723389e-01,9.233736246824264526e-02,5.115152597427368164e-01
6.449002027511596680e-02,6.472215801477432251e-02,1.847374886274337769e-01,3.164219558238983154e-01,0.000000000000000000e+00,0.000000000000000000e+00
1.495773792266845703e-01,7.062105834484100342e-02,6.730514764785766602e-02,0.000000000000000000e+00,0.000000000000000000e+00,0.000000000000000000e+00
