# CPU,RAM,NetworkR,NetworkW,DiskW,DiskR
9.919744729995727539e-02,1.008332297205924988e-01,1.000000000000000000e+00,9.337931871414184570e-01,9.365637898445129395e-01,9.378564357757568359e-01
6.041919440031051636e-02,4.993618726730346680e-01,9.456471800804138184e-01,8.938490152359008789e-01,9.302083253860473633e-01,8.945294022560119629e-01
6.533119827508926392e-02,1.036584079265594482e-01,9.966500997543334961e-01,8.989750742912292480e-01,9.326446652412414551e-01,9.300609230995178223e-01
6.144727021455764771e-02,1.566368490457534790e-01,9.626618027687072754e-01,8.770322203636169434e-01,9.034373164176940918e-01,9.180688261985778809e-01
6.045852974057197571e-02,1.398240029811859131e-01,9.459326863288879395e-01,8.423305749893188477e-01,6.777353286743164062e-01,8.502755761146545410e-01
6.532265245914459229e-02,1.581362932920455933e-01,6.543835401535034180e-01,6.903694868087768555e-01,5.721854567527770996e-01,7.926995158195495605e-01
6.741992384195327759e-02,1.755919456481933594e-01,5.270639061927795410e-01,5.858939290046691895e-01,5.617990493774414062e-01,7.848165631294250488e-01
6.551564484834671021e-02,1.857296973466873169e-01,4.788086414337158203e-01,4.907152056694030762e-01,5.435258150100708008e-01,7.841998934745788574e-01
9.460154175758361816e-02,2.148975431919097900e-01,3.318852186203002930e-01,2.997019588947296143e-01,4.673533439636230469e-01,7.433695793151855469e-01
1.000000000000000000e+00,1.000000000000000000e+00,6.603585183620452881e-02,0.000000000000000000e+00,0.000000000000000000e+00,0.000000000000000000e+00
