# CPU,RAM,NetworkR,NetworkW,DiskW,DiskR
9.915116429328918457e-02,1.007417216897010803e-01,1.000000000000000000e+00,9.337935447692871094e-01,9.365662932395935059e-01,9.378553628921508789e-01
6.137023493647575378e-02,8.418475836515426636e-02,1.000000000000000000e+00,9.150724411010742188e-01,9.368785023689270020e-01,9.331486225128173828e-01
6.410260498523712158e-02,4.384145736694335938e-01,7.913359999656677246e-01,8.465741276741027832e-01,9.071722030639648438e-01,9.111624956130981445e-01
7.673843204975128174e-02,1.693572252988815308e-01,8.992958664894104004e-01,8.595040440559387207e-01,9.093989133834838867e-01,9.211191534996032715e-01
8.674886822700500488e-02,3.462135195732116699e-01,6.429827809333801270e-01,7.499008774757385254e-01,7.601040005683898926e-01,8.642106056213378906e-01
1.352975368499755859e-01,4.525657594203948975e-01,4.865771532058715820e-01,6.540994644165039062e-01,6.816055178642272949e-01,8.407252430915832520e-01
8.564720302820205688e-02,1.000000000000000000e+00,3.659912049770355225e-01,6.402379870414733887e-01,2.881303131580352783e-01,8.348915576934814453e-01
1.000000000000000000e+00,1.000000000000000000e+00,2.184805870056152344e-01,4.410908222198486328e-01,6.240703538060188293e-02,5.648676753044128418e-01
6.602128595113754272e-02,6.253734230995178223e-02,1.402350664138793945e-01,2.830602228641510010e-01,0.000000000000000000e+00,0.000000000000000000e+00
1.793274879455566406e-01,6.800233572721481323e-02,6.621313095092773438e-02,0.000000000000000000e+00,0.000000000000000000e+00,0.000000000000000000e+00
