# CPU,RAM,NetworkR,NetworkW,DiskW,DiskR
9.913581609725952148e-02,1.005804687738418579e-01,1.000000000000000000e+00,9.337931275367736816e-01,9.365706443786621094e-01,9.378532171249389648e-01
6.136720255017280579e-02,8.128573000431060791e-02,1.000000000000000000e+00,9.161476492881774902e-01,9.369487166404724121e-01,9.334651231765747070e-01
6.169401481747627258e-02,2.324700355529785156e-01,9.037407040596008301e-01,8.731431961059570312e-01,9.206601381301879883e-01,9.193481206893920898e-01
6.401024758815765381e-02,1.757787615060806274e-01,9.199555516242980957e-01,8.619742989540100098e-01,8.919483423233032227e-01,9.142768979072570801e-01
6.191180273890495300e-02,2.029247879981994629e-01,7.976364493370056152e-01,7.895203232765197754e-01,6.218346953392028809e-01,8.200587034225463867e-01
6.976966559886932373e-02,2.707831561565399170e-01,5.069278478622436523e-01,6.419754028320312500e-01,5.218755006790161133e-01,7.564295530319213867e-01
7.328908890485763550e-02,2.297465503215789795e-01,4.223349690437316895e-01,5.442662835121154785e-01,4.594981670379638672e-01,7.172172069549560547e-01
6.807909905910491943e-02,1.877214610576629639e-01,4.294880926609039307e-01,4.815677106380462646e-01,5.107522606849670410e-01,7.619429826736450195e-01
1.066286414861679077e-01,2.344722151756286621e-01,3.028619587421417236e-01,2.956848144531250000e-01,4.509106874465942383e-01,7.378600239753723145e-01
1.000000000000000000e+00,1.000000000000000000e+00,6.556621938943862915e-02,0.000000000000000000e+00,0.000000000000000000e+00,0.000000000000000000e+00
