# CPU,RAM,NetworkR,NetworkW,DiskW,DiskR
9.917788207530975342e-02,1.008014678955078125e-01,1.000000000000000000e+00,9.337928891181945801e-01,9.365645051002502441e-01,9.378558993339538574e-01
6.110934540629386902e-02,1.335475295782089233e-01,9.848546981811523438e-01,9.065476059913635254e-01,9.362060427665710449e-01,9.300326704978942871e-01
6.261405348777770996e-02,1.327223479747772217e-01,9.773928523063659668e-01,8.942191004753112793e-01,9.308155179023742676e-01,9.299853444099426270e-01
6.188460066914558411e-02,1.449020057916641235e-01,9.670742154121398926e-01,8.779897093772888184e-01,9.033735394477844238e-01,9.201431274414062500e-01
6.878715753555297852e-02,1.710714548826217651e-01,7.919518947601318359e-01,7.785325646400451660e-01,7.254719138145446777e-01,8.579731583595275879e-01
1.824712902307510376e-01,2.834565341472625732e-01,5.200722813606262207e-01,6.330252289772033691e-01,7.197551131248474121e-01,8.480390906333923340e-01
1.616162061691284180e-01,1.000000000000000000e+00,3.632438778877258301e-01,6.020830273628234863e-01,3.049161732196807861e-01,8.645919561386108398e-01
1.000000000000000000e+00,8.963422179222106934e-01,1.555075198411941528e-01,3.166531026363372803e-01,4.232695326209068298e-02,2.949357628822326660e-01
6.521560996770858765e-02,6.175908073782920837e-02,1.313173770904541016e-01,2.463382780551910400e-01,0.000000000000000000e+00,0.000000000000000000e+00
1.830015331506729126e-01,6.669696420431137085e-02,6.698025763034820557e-02,0.000000000000000000e+00,0.000000000000000000e+00,0.000000000000000000e+00
