# CPU,RAM,NetworkR,NetworkW,DiskW,DiskR
9.915766119956970215e-02,1.008031368255615234e-01,1.000000000000000000e+00,9.337931275367736816e-01,9.365643858909606934e-01,9.378559589385986328e-01
6.133716180920600891e-02,8.100705593824386597e-02,1.000000000000000000e+00,9.163195490837097168e-01,9.369346499443054199e-01,9.334641098976135254e-01
6.367795169353485107e-02,2.125563472509384155e-01,8.915568590164184570e-01,8.700445890426635742e-01,9.240297675132751465e-01,9.217925667762756348e-01
6.372558325529098511e-02,1.428179442882537842e-01,9.502378702163696289e-01,8.739289641380310059e-01,9.035158157348632812e-01,9.204511642456054688e-01
7.163587957620620728e-02,2.083083242177963257e-01,7.271566390991210938e-01,7.618970274925231934e-01,7.020193934440612793e-01,8.462781906127929688e-01
1.032736375927925110e-01,2.419156879186630249e-01,5.406197905540466309e-01,6.562109589576721191e-01,6.692191958427429199e-01,8.297619819641113281e-01
1.590266823768615723e-01,9.066636562347412109e-01,3.180388212203979492e-01,5.159776806831359863e-01,4.854748249053955078e-01,8.185291290283203125e-01
3.350522220134735107e-01,6.176096796989440918e-01,1.722808778285980225e-01,2.927624583244323730e-01,1.624157577753067017e-01,4.771451056003570557e-01
7.980535179376602173e-02,7.797650247812271118e-02,1.233714967966079712e-01,1.791871637105941772e-01,4.691862687468528748e-02,2.497591078281402588e-03
5.643026232719421387e-01,1.608669310808181763e-01,6.244790181517601013e-02,0.000000000000000000e+00,0.000000000000000000e+00,0.000000000000000000e+00
