# CPU,RAM,NetworkR,NetworkW,DiskW,DiskR
9.908507764339447021e-02,1.005504280328750610e-01,1.000000000000000000e+00,9.337900280952453613e-01,9.365699291229248047e-01,9.378515481948852539e-01
6.089082732796669006e-02,1.155474707484245300e-01,9.977183341979980469e-01,9.095219373703002930e-01,9.361768960952758789e-01,9.298724532127380371e-01
6.179353222250938416e-02,1.897578388452529907e-01,9.427127242088317871e-01,8.832470178604125977e-01,9.255667328834533691e-01,9.243300557136535645e-01
6.167802214622497559e-02,2.386454641819000244e-01,8.971929550170898438e-01,8.520473837852478027e-01,8.601769208908081055e-01,9.015243649482727051e-01
6.065538153052330017e-02,1.971911936998367310e-01,8.437563776969909668e-01,8.048672676086425781e-01,5.747889876365661621e-01,7.936404347419738770e-01
6.674629449844360352e-02,2.644300162792205811e-01,5.193485617637634277e-01,6.440141201019287109e-01,5.111309885978698730e-01,7.452920675277709961e-01
6.437932699918746948e-02,1.918886005878448486e-01,5.286241769790649414e-01,6.039047837257385254e-01,5.227083563804626465e-01,7.621594071388244629e-01
6.343536078929901123e-02,2.190623730421066284e-01,4.756410717964172363e-01,5.046584010124206543e-01,5.122272968292236328e-01,7.674177885055541992e-01
1.035951003432273865e-01,2.793642282485961914e-01,3.189822435379028320e-01,3.000788986682891846e-01,4.682086110115051270e-01,7.478058934211730957e-01
1.000000000000000000e+00,1.000000000000000000e+00,6.565143913030624390e-02,0.000000000000000000e+00,0.000000000000000000e+00,0.000000000000000000e+00
