# CPU,RAM,NetworkR,NetworkW,DiskW,DiskR
9.910886734724044800e-02,1.006584614515304565e-01,1.000000000000000000e+00,9.337938427925109863e-01,9.365685582160949707e-01,9.378543496131896973e-01
6.085578724741935730e-02,1.928381621837615967e-01,9.700123071670532227e-01,9.025467038154602051e-01,9.353928565979003906e-01,9.263329505920410156e-01
6.338746100664138794e-02,1.034203022718429565e-01,1.000000000000000000e+00,9.021776914596557617e-01,9.330906271934509277e-01,9.323229789733886719e-01
6.830734759569168091e-02,2.153207808732986450e-01,8.769518136978149414e-01,8.474928140640258789e-01,9.034427404403686523e-01,9.152834415435791016e-01
1.296195536851882935e-01,4.415639638900756836e-01,5.917902588844299316e-01,7.159186005592346191e-01,7.564171552658081055e-01,8.615624308586120605e-01
2.290211021900177002e-01,8.065890669822692871e-01,3.969402611255645752e-01,6.062025427818298340e-01,6.044523119926452637e-01,8.388069868087768555e-01
6.806584447622299194e-02,1.000000000000000000e+00,3.336166739463806152e-01,6.306921243667602539e-01,2.160532772541046143e-01,7.412012219429016113e-01
1.000000000000000000e+00,1.000000000000000000e+00,1.996881365776062012e-01,4.111000895500183105e-01,5.410939827561378479e-02,5.162698030471801758e-01
6.585244834423065186e-02,6.487215310335159302e-02,1.381279826164245605e-01,2.770683765411376953e-01,0.000000000000000000e+00,0.000000000000000000e+00
1.740331351757049561e-01,7.032033056020736694e-02,6.533230096101760864e-02,0.000000000000000000e+00,0.000000000000000000e+00,0.000000000000000000e+00
