# CPU,RAM,NetworkR,NetworkW,DiskW,DiskR
9.905130416154861450e-02,1.007981002330780029e-01,1.000000000000000000e+00,9.337942004203796387e-01,9.365643858909606934e-01,9.378560781478881836e-01
6.140346080064773560e-02,7.487422972917556763e-02,1.000000000000000000e+00,9.188231229782104492e-01,9.370486736297607422e-01,9.341190457344055176e-01
6.336933374404907227e-02,2.676635384559631348e-01,8.487488031387329102e-01,8.588807582855224609e-01,9.167276620864868164e-01,9.150992631912231445e-01
6.352102011442184448e-02,1.382888406515121460e-01,9.489956498146057129e-01,8.736103177070617676e-01,8.974263668060302734e-01,9.188175797462463379e-01
6.178417056798934937e-02,1.696386784315109253e-01,8.266890048980712891e-01,7.993801832199096680e-01,6.202391386032104492e-01,8.249056339263916016e-01
7.976550608873367310e-02,2.183976024389266968e-01,5.206880569458007812e-01,6.423006653785705566e-01,5.688887238502502441e-01,7.830923199653625488e-01
1.063368469476699829e-01,2.152483463287353516e-01,4.130061864852905273e-01,5.296887755393981934e-01,5.321111083030700684e-01,7.673104405403137207e-01
1.202682629227638245e-01,2.849552035331726074e-01,3.231487572193145752e-01,4.058074951171875000e-01,5.205690264701843262e-01,7.744147181510925293e-01
1.336197108030319214e-01,1.454447358846664429e-01,3.502930402755737305e-01,3.290395140647888184e-01,5.588340759277343750e-01,7.985766530036926270e-01
1.000000000000000000e+00,1.000000000000000000e+00,6.368606537580490112e-02,0.000000000000000000e+00,0.000000000000000000e+00,0.000000000000000000e+00
