# CPU,RAM,NetworkR,NetworkW,DiskW,DiskR
9.904249012470245361e-02,1.007590740919113159e-01,1.000000000000000000e+00,9.337949156761169434e-01,9.365657567977905273e-01,9.378558397293090820e-01
6.142908334732055664e-02,7.638758420944213867e-02,1.000000000000000000e+00,9.180197119712829590e-01,9.370213747024536133e-01,9.339337348937988281e-01
7.034516334533691406e-02,3.926401436328887939e-01,7.738924622535705566e-01,8.416339159011840820e-01,9.143858551979064941e-01,9.142886996269226074e-01
1.605584472417831421e-01,5.972273945808410645e-01,6.168596148490905762e-01,7.732671499252319336e-01,8.418157100677490234e-01,8.933440446853637695e-01
1.967702209949493408e-01,6.623182296752929688e-01,4.754436314105987549e-01,6.983346343040466309e-01,6.899821758270263672e-01,8.510603308677673340e-01
9.906224161386489868e-02,6.359620690345764160e-01,4.098193943500518799e-01,6.500409841537475586e-01,5.812872648239135742e-01,8.144762516021728516e-01
6.191021949052810669e-02,1.000000000000000000e+00,3.677012026309967041e-01,6.912419199943542480e-01,2.150007039308547974e-01,6.388375163078308105e-01
1.000000000000000000e+00,1.000000000000000000e+00,2.594644725322723389e-01,4.655487537384033203e-01,9.193801879882812500e-02,7.513526678085327148e-01
6.078893318772315979e-02,7.178788632154464722e-02,1.206426396965980530e-01,2.916485369205474854e-01,0.000000000000000000e+00,0.000000000000000000e+00
1.469092220067977905e-01,9.413868188858032227e-02,6.367155164480209351e-02,0.000000000000000000e+00,0.000000000000000000e+00,0.000000000000000000e+00
