# CPU,RAM,NetworkR,NetworkW,DiskW,DiskR
9.908636659383773804e-02,1.005343347787857056e-01,1.000000000000000000e+00,9.337925910949707031e-01,9.365714788436889648e-01,9.378523826599121094e-01
6.049356237053871155e-02,2.597608566284179688e-01,9.691237211227416992e-01,9.002556204795837402e-01,9.337255358695983887e-01,9.143488407135009766e-01
6.223955750465393066e-02,1.836548745632171631e-01,9.507188200950622559e-01,8.847725987434387207e-01,9.267422556877136230e-01,9.237601757049560547e-01
6.104953214526176453e-02,2.358401864767074585e-01,9.215747714042663574e-01,8.608283400535583496e-01,8.669421076774597168e-01,9.032503366470336914e-01
6.032327190041542053e-02,1.846740394830703735e-01,9.030463695526123047e-01,8.273018002510070801e-01,5.992047786712646484e-01,8.013674020767211914e-01
6.385309994220733643e-02,2.289543002843856812e-01,5.908857583999633789e-01,6.760202050209045410e-01,5.365784764289855957e-01,7.614181637763977051e-01
6.332003325223922729e-02,2.206554561853408813e-01,5.417046546936035156e-01,6.123420000076293945e-01,5.408146977424621582e-01,7.715700864791870117e-01
6.301825493574142456e-02,2.070086896419525146e-01,5.120328068733215332e-01,5.235715508460998535e-01,5.262610912322998047e-01,7.748776674270629883e-01
9.941042214632034302e-02,3.003005385398864746e-01,3.077244162559509277e-01,2.945733666419982910e-01,4.335165917873382568e-01,7.212626934051513672e-01
1.000000000000000000e+00,1.000000000000000000e+00,6.611476838588714600e-02,0.000000000000000000e+00,0.000000000000000000e+00,0.000000000000000000e+00
