# CPU,RAM,NetworkR,NetworkW,DiskW,DiskR
9.905526041984558105e-02,1.006770431995391846e-01,1.000000000000000000e+00,9.337874054908752441e-01,9.365649819374084473e-01,9.378520250320434570e-01
6.092364713549613953e-02,8.632881194353103638e-02,1.000000000000000000e+00,9.157010912895202637e-01,9.366559982299804688e-01,9.324217438697814941e-01
6.154630705714225769e-02,2.157110422849655151e-01,9.192672371864318848e-01,8.761898875236511230e-01,9.215008020401000977e-01,9.197120666503906250e-01
6.225355714559555054e-02,2.357776015996932983e-01,8.805566430091857910e-01,8.461732268333435059e-01,8.521127104759216309e-01,8.982092142105102539e-01
6.117433309555053711e-02,1.991234421730041504e-01,8.044885396957397461e-01,7.926748394966125488e-01,5.810093283653259277e-01,7.998268604278564453e-01
6.992654502391815186e-02,3.038536906242370605e-01,4.937904179096221924e-01,6.376929283142089844e-01,5.349522233009338379e-01,7.618309259414672852e-01
6.752019375562667847e-02,1.527596563100814819e-01,5.697013735771179199e-01,6.224982142448425293e-01,5.645047426223754883e-01,7.916955947875976562e-01
6.630108505487442017e-02,2.359250336885452271e-01,4.405378401279449463e-01,4.884763360023498535e-01,5.278248786926269531e-01,7.794479727745056152e-01
1.346948146820068359e-01,3.175223469734191895e-01,3.114227950572967529e-01,3.015691936016082764e-01,5.136213898658752441e-01,7.821254134178161621e-01
1.000000000000000000e+00,1.000000000000000000e+00,6.492608785629272461e-02,0.000000000000000000e+00,0.000000000000000000e+00,0.000000000000000000e+00
