# CPU,RAM,NetworkR,NetworkW,DiskW,DiskR
9.915270656347274780e-02,1.008126735687255859e-01,1.000000000000000000e+00,9.337936639785766602e-01,9.365643262863159180e-01,9.378562569618225098e-01
6.067381054162979126e-02,3.012718856334686279e-01,9.556009769439697266e-01,8.985388875007629395e-01,9.340503215789794922e-01,9.198703169822692871e-01
6.408011913299560547e-02,9.761948883533477783e-02,1.000000000000000000e+00,9.036115407943725586e-01,9.334350228309631348e-01,9.324784874916076660e-01
6.128942221403121948e-02,1.451750248670578003e-01,9.716160893440246582e-01,8.790875077247619629e-01,9.026226401329040527e-01,9.189221262931823730e-01
6.095508113503456116e-02,1.254149079322814941e-01,9.337060451507568359e-01,8.337164521217346191e-01,6.935299038887023926e-01,8.616393804550170898e-01
7.839678227901458740e-02,1.238657683134078979e-01,6.667792797088623047e-01,6.828301548957824707e-01,6.366216540336608887e-01,8.253725171089172363e-01
1.989501118659973145e-01,2.591716647148132324e-01,4.390043020248413086e-01,5.224584937095642090e-01,7.019490003585815430e-01,8.474033474922180176e-01
9.988301396369934082e-01,1.000000000000000000e+00,1.821779310703277588e-01,2.781365811824798584e-01,9.557857364416122437e-02,7.389278411865234375e-01
6.288598477840423584e-02,6.374209374189376831e-02,1.018436402082443237e-01,1.892803162336349487e-01,0.000000000000000000e+00,0.000000000000000000e+00
4.811715781688690186e-01,1.066487729549407959e-01,6.160100549459457397e-02,0.000000000000000000e+00,0.000000000000000000e+00,0.000000000000000000e+00
