# CPU,RAM,NetworkR,NetworkW,DiskW,DiskR
9.953834116458892822e-02,1.006769984960556030e-01,1.000000000000000000e+00,9.337642788887023926e-01,9.365580677986145020e-01,9.378444552421569824e-01
6.028598174452781677e-02,1.981782019138336182e-01,9.949331283569335938e-01,9.040455222129821777e-01,9.329787492752075195e-01,8.972231149673461914e-01
6.046210601925849915e-02,3.574827313423156738e-01,9.064547419548034668e-01,8.670632839202880859e-01,8.998677134513854980e-01,8.802958726882934570e-01
6.030179560184478760e-02,2.919279038906097412e-01,9.033903479576110840e-01,8.482909202575683594e-01,7.501048445701599121e-01,8.358769416809082031e-01
6.044339761137962341e-02,3.108812868595123291e-01,7.468531727790832520e-01,7.790373563766479492e-01,5.484720468521118164e-01,7.289867997169494629e-01
6.242083385586738586e-02,2.368183284997940063e-01,6.083332896232604980e-01,6.947405338287353516e-01,5.154734253883361816e-01,7.398515939712524414e-01
6.183565035462379456e-02,1.697038412094116211e-01,6.351733207702636719e-01,6.680040955543518066e-01,5.652620792388916016e-01,7.896688580513000488e-01
7.082445174455642700e-02,2.954042851924896240e-01,4.045553505420684814e-01,4.672478139400482178e-01,4.932727217674255371e-01,7.522047758102416992e-01
5.876044631004333496e-01,1.000000000000000000e+00,1.658301502466201782e-01,2.181338667869567871e-01,1.188394278287887573e-01,5.952079892158508301e-01
1.000000000000000000e+00,1.000000000000000000e+00,6.521815061569213867e-02,0.000000000000000000e+00,0.000000000000000000e+00,0.000000000000000000e+00
