# CPU,RAM,NetworkR,NetworkW,DiskW,DiskR
9.897653758525848389e-02,1.006773859262466431e-01,1.000000000000000000e+00,9.337934851646423340e-01,9.365671277046203613e-01,9.378541707992553711e-01
6.114111095666885376e-02,1.076351031661033630e-01,9.985557794570922852e-01,9.100448489189147949e-01,9.364816546440124512e-01,9.312741756439208984e-01
6.231474131345748901e-02,1.295236051082611084e-01,9.780535697937011719e-01,8.942220211029052734e-01,9.305332303047180176e-01,9.295098185539245605e-01
6.212677061557769775e-02,1.781143993139266968e-01,9.333379864692687988e-01,8.645669817924499512e-01,8.896733522415161133e-01,9.132141470909118652e-01
6.114808842539787292e-02,1.654562503099441528e-01,8.607866168022155762e-01,8.062425851821899414e-01,6.199964284896850586e-01,8.258693814277648926e-01
7.496525347232818604e-02,2.411792427301406860e-01,5.084822177886962891e-01,6.273331642150878906e-01,5.486274957656860352e-01,7.706066370010375977e-01
7.488738000392913818e-02,1.935828328132629395e-01,4.560424387454986572e-01,5.498383641242980957e-01,5.181843638420104980e-01,7.575636506080627441e-01
6.720907986164093018e-02,1.832818686962127686e-01,4.389904141426086426e-01,4.731917977333068848e-01,5.225138664245605469e-01,7.720200419425964355e-01
9.304533153772354126e-02,1.940027773380279541e-01,3.299921452999114990e-01,3.011473119258880615e-01,4.652706086635589600e-01,7.450947761535644531e-01
1.000000000000000000e+00,1.000000000000000000e+00,6.508634984493255615e-02,0.000000000000000000e+00,0.000000000000000000e+00,0.000000000000000000e+00
