# CPU,RAM,NetworkR,NetworkW,DiskW,DiskR
9.917755424976348877e-02,1.007998958230018616e-01,1.000000000000000000e+00,9.337934255599975586e-01,9.365647435188293457e-01,9.378560781478881836e-01
6.103982403874397278e-02,1.642849892377853394e-01,9.741984009742736816e-01,9.039006233215332031e-01,9.358562231063842773e-01,9.285973906517028809e-01
6.912551075220108032e-02,1.330099254846572876e-01,9.628418087959289551e-01,8.894684314727783203e-01,9.331592917442321777e-01,9.313130378723144531e-01
8.826811611652374268e-02,3.456366062164306641e-01,7.984674572944641113e-01,8.284997940063476562e-01,9.041599631309509277e-01,9.158161282539367676e-01
1.500799506902694702e-01,5.515488982200622559e-01,5.967950224876403809e-01,7.363870739936828613e-01,7.984456419944763184e-01,8.818181753158569336e-01
1.744643896818161011e-01,6.527993679046630859e-01,4.306757748126983643e-01,6.318683624267578125e-01,6.295678019523620605e-01,8.344194293022155762e-01
6.765519082546234131e-02,1.000000000000000000e+00,3.670845627784729004e-01,6.497296094894409180e-01,3.064595758914947510e-01,8.250666856765747070e-01
1.000000000000000000e+00,1.000000000000000000e+00,2.213733643293380737e-01,4.796998500823974609e-01,7.033912837505340576e-02,3.826288878917694092e-01
7.073319703340530396e-02,6.703701615333557129e-02,1.691154390573501587e-01,3.049099445343017578e-01,0.000000000000000000e+00,0.000000000000000000e+00
1.412002593278884888e-01,6.825125217437744141e-02,6.762459129095077515e-02,0.000000000000000000e+00,0.000000000000000000e+00,0.000000000000000000e+00
