# CPU,RAM,NetworkR,NetworkW,DiskW,DiskR
9.913930296897888184e-02,1.008072420954704285e-01,1.000000000000000000e+00,9.337940216064453125e-01,9.365645647048950195e-01,9.378563165664672852e-01
6.111816316843032837e-02,1.423832774162292480e-01,9.807830452919006348e-01,9.055259823799133301e-01,9.360989332199096680e-01,9.296187758445739746e-01
6.316941231489181519e-02,1.478724181652069092e-01,9.633721709251403809e-01,8.900684714317321777e-01,9.302826523780822754e-01,9.292868375778198242e-01
6.203337013721466064e-02,1.491663753986358643e-01,9.638270139694213867e-01,8.776284456253051758e-01,9.040966629981994629e-01,9.205753207206726074e-01
6.083182618021965027e-02,1.543744802474975586e-01,9.010523557662963867e-01,8.224169611930847168e-01,6.539773941040039062e-01,8.421558141708374023e-01
6.862942874431610107e-02,1.738199889659881592e-01,5.930044651031494141e-01,6.619070768356323242e-01,5.443750619888305664e-01,7.766946554183959961e-01
7.422134280204772949e-02,1.818069964647293091e-01,4.593579769134521484e-01,5.445113182067871094e-01,5.131981968879699707e-01,7.545958757400512695e-01
7.183658331632614136e-02,1.900990456342697144e-01,4.150940775871276855e-01,4.500611126422882080e-01,5.305999517440795898e-01,7.740399241447448730e-01
1.022791042923927307e-01,1.839358657598495483e-01,3.297719359397888184e-01,2.968921959400177002e-01,4.880380630493164062e-01,7.582477927207946777e-01
1.000000000000000000e+00,1.000000000000000000e+00,6.486289203166961670e-02,0.000000000000000000e+00,0.000000000000000000e+00,0.000000000000000000e+00
