# CPU,RAM,NetworkR,NetworkW,DiskW,DiskR
9.910216182470321655e-02,1.007668524980545044e-01,1.000000000000000000e+00,9.337937235832214355e-01,9.365653991699218750e-01,9.378556013107299805e-01
6.059320271015167236e-02,2.867863178253173828e-01,9.606879353523254395e-01,8.991695046424865723e-01,9.339262247085571289e-01,9.179316163063049316e-01
6.278501451015472412e-02,1.110519766807556152e-01,9.988607764244079590e-01,9.005556702613830566e-01,9.321035146713256836e-01,9.307838082313537598e-01
6.106064468622207642e-02,1.518795937299728394e-01,9.731239080429077148e-01,8.790375590324401855e-01,8.976978659629821777e-01,9.169556498527526855e-01
6.046087667346000671e-02,1.346867978572845459e-01,9.414687752723693848e-01,8.371980190277099609e-01,6.469817161560058594e-01,8.409777879714965820e-01
6.699874252080917358e-02,1.588254868984222412e-01,6.178001761436462402e-01,6.688491702079772949e-01,5.591774582862854004e-01,7.842475175857543945e-01
6.758458912372589111e-02,1.813367903232574463e-01,4.966431856155395508e-01,5.656545758247375488e-01,5.412476062774658203e-01,7.718696594238281250e-01
6.454416364431381226e-02,1.925783604383468628e-01,4.594615995883941650e-01,4.754838347434997559e-01,5.158377885818481445e-01,7.671927213668823242e-01
8.626089245080947876e-02,2.105613201856613159e-01,3.179445862770080566e-01,2.860417664051055908e-01,4.250012040138244629e-01,7.072448730468750000e-01
1.000000000000000000e+00,1.000000000000000000e+00,6.549991667270660400e-02,0.000000000000000000e+00,0.000000000000000000e+00,0.000000000000000000e+00
