# CPU,RAM,NetworkR,NetworkW,DiskW,DiskR
5.999999865889549255e-02,1.599999964237213135e-01,1.000000000000000000e+00,9.399999976158142090e-01,9.399999976158142090e-01,9.399999976158142090e-01
5.999999865889549255e-02,3.600000143051147461e-01,9.380487799644470215e-01,8.941649794578552246e-01,9.286301732063293457e-01,9.254155755043029785e-01
5.999999865889549255e-02,3.600000143051147461e-01,8.648780584335327148e-01,8.760701417922973633e-01,8.852676153182983398e-01,9.254155755043029785e-01
5.999999865889549255e-02,4.600000083446502686e-01,7.429268360137939453e-01,8.108648657798767090e-01,8.554520606994628906e-01,9.254155755043029785e-01
5.999999865889549255e-02,4.600000083446502686e-01,6.697561144828796387e-01,7.693343758583068848e-01,6.505533456802368164e-01,7.963002920150756836e-01
1.093827188014984131e-01,5.600000023841857910e-01,5.721951127052307129e-01,7.268473505973815918e-01,5.995101332664489746e-01,7.894369959831237793e-01
5.999999865889549255e-02,1.000000000000000000e+00,4.014634191989898682e-01,6.533519625663757324e-01,3.072210550308227539e-01,7.531903386116027832e-01
1.000000000000000000e+00,1.000000000000000000e+00,3.039024472236633301e-01,4.880270957946777344e-01,9.754460304975509644e-02,6.490616798400878906e-01
5.999999865889549255e-02,5.999999865889549255e-02,1.575609743595123291e-01,3.240574002265930176e-01,0.000000000000000000e+00,0.000000000000000000e+00
1.464197486639022827e-01,5.999999865889549255e-02,5.999999865889549255e-02,0.000000000000000000e+00,0.000000000000000000e+00,0.000000000000000000e+00
