# CPU,RAM,NetworkR,NetworkW,DiskW,DiskR
9.914848208427429199e-02,1.007151454687118530e-01,1.000000000000000000e+00,9.337931275367736816e-01,9.365668892860412598e-01,9.378548860549926758e-01
6.131514534354209900e-02,8.645005524158477783e-02,1.000000000000000000e+00,9.145132899284362793e-01,9.368484020233154297e-01,9.329774975776672363e-01
6.764110922813415527e-02,2.620501518249511719e-01,8.560519814491271973e-01,8.617960810661315918e-01,9.249144792556762695e-01,9.224846959114074707e-01
8.884787559509277344e-02,3.289803564548492432e-01,7.900050282478332520e-01,8.268435597419738770e-01,8.956770896911621094e-01,9.128303527832031250e-01
1.077817678451538086e-01,4.853952527046203613e-01,5.833395123481750488e-01,7.330405116081237793e-01,7.497707605361938477e-01,8.637506365776062012e-01
1.800746172666549683e-01,6.338334679603576660e-01,4.484305679798126221e-01,6.466817259788513184e-01,6.754066944122314453e-01,8.476865887641906738e-01
7.186013460159301758e-02,1.000000000000000000e+00,3.602685928344726562e-01,6.569982171058654785e-01,2.501841187477111816e-01,7.977504134178161621e-01
1.000000000000000000e+00,1.000000000000000000e+00,2.335966676473617554e-01,4.918352067470550537e-01,6.806763261556625366e-02,6.192325353622436523e-01
6.639412045478820801e-02,6.560147553682327271e-02,1.399479359388351440e-01,2.940751910209655762e-01,0.000000000000000000e+00,0.000000000000000000e+00
1.594002842903137207e-01,6.856022775173187256e-02,6.628283113241195679e-02,0.000000000000000000e+00,0.000000000000000000e+00,0.000000000000000000e+00
