# CPU,RAM,NetworkR,NetworkW,DiskW,DiskR
5.999999865889549255e-02,5.999999865889549255e-02,1.000000000000000000e+00,9.399999976158142090e-01,9.399999976158142090e-01,9.399999976158142090e-01
5.999999865889549255e-02,1.433333307504653931e-01,1.000000000000000000e+00,9.167525768280029297e-01,9.381561279296875000e-01,9.399999976158142090e-01
5.999999865889549255e-02,1.433333307504653931e-01,9.813846945762634277e-01,8.926414251327514648e-01,9.375414848327636719e-01,9.399999976158142090e-01
5.999999865889549255e-02,2.266666740179061890e-01,9.527972936630249023e-01,8.588138818740844727e-01,9.123417139053344727e-01,9.399999976158142090e-01
5.999999865889549255e-02,2.266666740179061890e-01,7.666443586349487305e-01,8.316798806190490723e-01,6.160909533500671387e-01,8.356727957725524902e-01
5.999999865889549255e-02,2.266666740179061890e-01,5.350418686866760254e-01,6.292903423309326172e-01,5.660756230354309082e-01,8.048488497734069824e-01
5.999999865889549255e-02,2.266666740179061890e-01,4.921607971191406250e-01,5.953907966613769531e-01,5.514013767242431641e-01,8.048488497734069824e-01
5.999999865889549255e-02,2.266666740179061890e-01,4.564265906810760498e-01,4.703008532524108887e-01,5.282759666442871094e-01,8.048488497734069824e-01
5.999999865889549255e-02,3.100000023841857910e-01,3.210831880569458008e-01,3.025305867195129395e-01,4.966226220130920410e-01,7.953645586967468262e-01
1.000000000000000000e+00,1.000000000000000000e+00,5.999999865889549255e-02,0.000000000000000000e+00,0.000000000000000000e+00,0.000000000000000000e+00
