# CPU,RAM,NetworkR,NetworkW,DiskW,DiskR
9.893231093883514404e-02,1.006999313831329346e-01,1.000000000000000000e+00,9.337955713272094727e-01,9.365671277046203613e-01,9.378551244735717773e-01
6.124976649880409241e-02,1.146786808967590332e-01,9.925997257232666016e-01,9.085054397583007812e-01,9.364343881607055664e-01,9.310445189476013184e-01
6.987157464027404785e-02,3.203258812427520752e-01,8.459824919700622559e-01,8.600660562515258789e-01,9.249932765960693359e-01,9.237030744552612305e-01
1.104799658060073853e-01,4.994692802429199219e-01,7.114607691764831543e-01,8.047481775283813477e-01,8.794057965278625488e-01,9.071218371391296387e-01
1.397675424814224243e-01,5.996945500373840332e-01,5.452395081520080566e-01,7.250169515609741211e-01,7.490818500518798828e-01,8.672787547111511230e-01
1.220454797148704529e-01,6.095650196075439453e-01,4.572885036468505859e-01,6.626024842262268066e-01,6.624276041984558105e-01,8.428713083267211914e-01
6.188027560710906982e-02,1.000000000000000000e+00,4.304010868072509766e-01,7.050672769546508789e-01,3.308623731136322021e-01,8.350570201873779297e-01
1.000000000000000000e+00,1.000000000000000000e+00,2.797436416149139404e-01,5.430386066436767578e-01,8.575987815856933594e-02,7.070797085762023926e-01
6.275831907987594604e-02,6.939252465963363647e-02,1.415212005376815796e-01,3.164737820625305176e-01,0.000000000000000000e+00,0.000000000000000000e+00
1.596844196319580078e-01,8.050392568111419678e-02,6.418247520923614502e-02,0.000000000000000000e+00,0.000000000000000000e+00,0.000000000000000000e+00
