# CPU,RAM,NetworkR,NetworkW,DiskW,DiskR
9.910996258258819580e-02,1.008115038275718689e-01,1.000000000000000000e+00,9.337940812110900879e-01,9.365642666816711426e-01,9.378563165664672852e-01
6.040184572339057922e-02,4.136371612548828125e-01,9.535315036773681641e-01,8.952093720436096191e-01,9.309155941009521484e-01,8.956072330474853516e-01
6.347988545894622803e-02,1.222025752067565918e-01,9.837939143180847168e-01,8.945046663284301758e-01,9.306362271308898926e-01,9.273529052734375000e-01
6.100248172879219055e-02,1.809518486261367798e-01,9.538124799728393555e-01,8.724421262741088867e-01,8.880652785301208496e-01,9.113087058067321777e-01
6.033455953001976013e-02,1.496038436889648438e-01,9.378429651260375977e-01,8.391974568367004395e-01,6.329571008682250977e-01,8.266872167587280273e-01
6.434620171785354614e-02,1.763658970594406128e-01,6.244388222694396973e-01,6.824504137039184570e-01,5.447379350662231445e-01,7.725681662559509277e-01
6.474233418703079224e-02,2.151085287332534790e-01,4.996458888053894043e-01,5.823236107826232910e-01,5.246863365173339844e-01,7.600967884063720703e-01
6.281054764986038208e-02,1.931483745574951172e-01,4.957047104835510254e-01,5.100842118263244629e-01,5.089814662933349609e-01,7.616013288497924805e-01
8.319903910160064697e-02,2.438981235027313232e-01,3.136308491230010986e-01,2.946586310863494873e-01,4.036472141742706299e-01,6.885774135589599609e-01
1.000000000000000000e+00,1.000000000000000000e+00,6.666840612888336182e-02,0.000000000000000000e+00,0.000000000000000000e+00,0.000000000000000000e+00
