# CPU,RAM,NetworkR,NetworkW,DiskW,DiskR
9.897493571043014526e-02,1.006888896226882935e-01,1.000000000000000000e+00,9.337949752807617188e-01,9.365673661231994629e-01,9.378548860549926758e-01
6.084930524230003357e-02,2.195333987474441528e-01,9.640579223632812500e-01,9.011629223823547363e-01,9.351534843444824219e-01,9.254311323165893555e-01
6.301584094762802124e-02,1.228023469448089600e-01,9.877482056617736816e-01,8.973775506019592285e-01,9.317730665206909180e-01,9.309287071228027344e-01
6.165108829736709595e-02,1.607610136270523071e-01,9.592823982238769531e-01,8.750199675559997559e-01,9.010691046714782715e-01,9.184454083442687988e-01
6.060257181525230408e-02,1.538075208663940430e-01,9.165062904357910156e-01,8.278064131736755371e-01,6.503251194953918457e-01,8.396447300910949707e-01
6.683524698019027710e-02,1.809088289737701416e-01,5.988516807556152344e-01,6.639253497123718262e-01,5.455021262168884277e-01,7.754800319671630859e-01
6.887227296829223633e-02,1.873540282249450684e-01,4.851254224777221680e-01,5.603089928627014160e-01,5.228870511054992676e-01,7.606151103973388672e-01
6.627268344163894653e-02,1.879791617393493652e-01,4.546273648738861084e-01,4.736812114715576172e-01,5.303601026535034180e-01,7.754042148590087891e-01
1.010278612375259399e-01,2.115544527769088745e-01,3.284510970115661621e-01,2.925548553466796875e-01,4.790126979351043701e-01,7.525190114974975586e-01
1.000000000000000000e+00,1.000000000000000000e+00,6.534103304147720337e-02,0.000000000000000000e+00,0.000000000000000000e+00,0.000000000000000000e+00
