# CPU,RAM,NetworkR,NetworkW,DiskW,DiskR
9.915018081665039062e-02,1.006035953760147095e-01,1.000000000000000000e+00,9.337924718856811523e-01,9.365698099136352539e-01,9.378532767295837402e-01
6.042228266596794128e-02,2.325509488582611084e-01,9.783890843391418457e-01,9.018605351448059082e-01,9.337838888168334961e-01,9.120217561721801758e-01
6.180528178811073303e-02,2.190333306789398193e-01,9.365327358245849609e-01,8.803110718727111816e-01,9.244599342346191406e-01,9.200143814086914062e-01
6.117640063166618347e-02,2.405822277069091797e-01,9.162487983703613281e-01,8.590508103370666504e-01,8.652890920639038086e-01,9.022052288055419922e-01
6.036382168531417847e-02,1.912164390087127686e-01,8.929669857025146484e-01,8.248229622840881348e-01,6.046609878540039062e-01,8.038972616195678711e-01
6.385828554630279541e-02,2.583402097225189209e-01,5.874330997467041016e-01,6.795178055763244629e-01,5.577265620231628418e-01,7.735034823417663574e-01
6.344255805015563965e-02,2.169438749551773071e-01,5.681020617485046387e-01,6.282700300216674805e-01,5.638756155967712402e-01,7.870131134986877441e-01
6.316222995519638062e-02,2.103010118007659912e-01,5.132184028625488281e-01,5.275693535804748535e-01,5.223457813262939453e-01,7.733272910118103027e-01
9.738451242446899414e-02,3.255681395530700684e-01,2.910396456718444824e-01,2.891234755516052246e-01,3.991714715957641602e-01,6.937053799629211426e-01
1.000000000000000000e+00,1.000000000000000000e+00,6.622357666492462158e-02,0.000000000000000000e+00,0.000000000000000000e+00,0.000000000000000000e+00
