# CPU,RAM,NetworkR,NetworkW,DiskW,DiskR
9.915362298488616943e-02,1.007296666502952576e-01,1.000000000000000000e+00,9.337934851646423340e-01,9.365666508674621582e-01,9.378551840782165527e-01
6.113966554403305054e-02,1.355296969413757324e-01,9.833893179893493652e-01,9.061805605888366699e-01,9.361838102340698242e-01,9.299601316452026367e-01
6.719361245632171631e-02,1.763993650674819946e-01,9.291800260543823242e-01,8.803880214691162109e-01,9.306228160858154297e-01,9.286801218986511230e-01
7.334338128566741943e-02,2.655593752861022949e-01,8.528227210044860840e-01,8.449480533599853516e-01,9.049825072288513184e-01,9.175552725791931152e-01
9.907193481922149658e-02,4.151014089584350586e-01,6.341913938522338867e-01,7.440904378890991211e-01,7.757927179336547852e-01,8.706913590431213379e-01
1.172970905900001526e-01,4.929680228233337402e-01,4.742296636104583740e-01,6.461857557296752930e-01,6.473788022994995117e-01,8.300109505653381348e-01
7.063520699739456177e-02,1.000000000000000000e+00,3.834115564823150635e-01,6.460614800453186035e-01,3.312545418739318848e-01,8.403937816619873047e-01
1.000000000000000000e+00,1.000000000000000000e+00,2.346281558275222778e-01,4.476194083690643311e-01,6.852061301469802856e-02,6.290715932846069336e-01
6.376194208860397339e-02,6.385402381420135498e-02,1.490045487880706787e-01,2.940958738327026367e-01,0.000000000000000000e+00,0.000000000000000000e+00
1.664104014635086060e-01,7.253209501504898071e-02,6.504970043897628784e-02,0.000000000000000000e+00,0.000000000000000000e+00,0.000000000000000000e+00
