# CPU,RAM,NetworkR,NetworkW,DiskW,DiskR
9.905998408794403076e-02,1.008441895246505737e-01,1.000000000000000000e+00,9.337950944900512695e-01,9.365634918212890625e-01,9.378569722175598145e-01
6.141642108559608459e-02,7.490371167659759521e-02,1.000000000000000000e+00,9.187684655189514160e-01,9.370422959327697754e-01,9.340998530387878418e-01
6.638113409280776978e-02,5.487903952598571777e-01,7.219257354736328125e-01,8.289378285408020020e-01,8.906304240226745605e-01,9.014880657196044922e-01
1.112043261528015137e-01,3.875331282615661621e-01,6.973548531532287598e-01,7.985291481018066406e-01,8.614774346351623535e-01,8.983317613601684570e-01
1.356611251831054688e-01,5.834215879440307617e-01,5.083438158035278320e-01,7.127868533134460449e-01,7.103950977325439453e-01,8.527219891548156738e-01
8.508156239986419678e-02,5.586828589439392090e-01,4.322152137756347656e-01,6.570961475372314453e-01,5.730779767036437988e-01,8.042797446250915527e-01
6.267605721950531006e-02,1.000000000000000000e+00,3.410764336585998535e-01,6.582239866256713867e-01,2.216224968433380127e-01,6.673629283905029297e-01
1.000000000000000000e+00,8.904081583023071289e-01,2.588551044464111328e-01,4.475983381271362305e-01,9.123247116804122925e-02,6.436387300491333008e-01
6.230699270963668823e-02,6.504171341657638550e-02,1.638158112764358521e-01,3.060273230075836182e-01,0.000000000000000000e+00,0.000000000000000000e+00
3.274737894535064697e-01,1.083973869681358337e-01,6.210544705390930176e-02,0.000000000000000000e+00,0.000000000000000000e+00,0.000000000000000000e+00
