# CPU,RAM,NetworkR,NetworkW,DiskW,DiskR
9.902384132146835327e-02,1.008001640439033508e-01,1.000000000000000000e+00,9.337949752807617188e-01,9.365644454956054688e-01,9.378562569618225098e-01
6.144836172461509705e-02,7.713530957698822021e-02,1.000000000000000000e+00,9.176176786422729492e-01,9.370021820068359375e-01,9.338340163230895996e-01
6.439241766929626465e-02,6.587048768997192383e-01,7.019851207733154297e-01,8.247865438461303711e-01,8.704289197921752930e-01,8.936648964881896973e-01
1.252183169126510620e-01,2.782315313816070557e-01,7.710242867469787598e-01,8.195586204528808594e-01,8.894820213317871094e-01,9.097782969474792480e-01
1.651532649993896484e-01,6.814283728599548340e-01,4.844976067543029785e-01,7.037069797515869141e-01,7.048851251602172852e-01,8.557438254356384277e-01
1.102493256330490112e-01,5.633699893951416016e-01,4.560328423976898193e-01,6.678079366683959961e-01,6.541658043861389160e-01,8.388762474060058594e-01
6.403557956218719482e-02,1.000000000000000000e+00,4.035738706588745117e-01,6.936951875686645508e-01,3.041324615478515625e-01,8.307591080665588379e-01
1.000000000000000000e+00,1.000000000000000000e+00,2.791559696197509766e-01,5.378890633583068848e-01,8.338589221239089966e-02,8.194834589958190918e-01
6.116027757525444031e-02,7.196907699108123779e-02,1.225631386041641235e-01,3.159518539905548096e-01,0.000000000000000000e+00,0.000000000000000000e+00
1.236928999423980713e-01,7.871612161397933960e-02,6.496464461088180542e-02,0.000000000000000000e+00,0.000000000000000000e+00,0.000000000000000000e+00
