# CPU,RAM,NetworkR,NetworkW,DiskW,DiskR
9.917417168617248535e-02,1.001213192939758301e-01,1.000000000000000000e+00,9.337812662124633789e-01,9.365790486335754395e-01,9.378433227539062500e-01
6.015321239829063416e-02,5.080044865608215332e-01,9.655944705009460449e-01,8.893235921859741211e-01,9.198033809661865234e-01,7.110312581062316895e-01
6.032916530966758728e-02,5.488243103027343750e-01,8.338441252708435059e-01,8.439944386482238770e-01,8.495576977729797363e-01,7.319035530090332031e-01
6.014442071318626404e-02,4.215355217456817627e-01,8.535297513008117676e-01,8.352173566818237305e-01,6.960428357124328613e-01,6.997030377388000488e-01
6.016216799616813660e-02,4.322381913661956787e-01,7.347006797790527344e-01,7.827689647674560547e-01,5.348235368728637695e-01,5.865951180458068848e-01
6.108911335468292236e-02,3.077402114868164062e-01,5.609147548675537109e-01,6.861469149589538574e-01,4.287526607513427734e-01,5.900611281394958496e-01
6.154455617070198059e-02,2.560271620750427246e-01,5.136440396308898926e-01,6.270246505737304688e-01,4.499279260635375977e-01,6.735816597938537598e-01
7.111111283302307129e-02,2.393504381179809570e-01,4.642117917537689209e-01,5.246563553810119629e-01,5.674148797988891602e-01,7.826055288314819336e-01
4.637807309627532959e-01,9.309475421905517578e-01,2.632468938827514648e-01,3.205505013465881348e-01,4.941065013408660889e-01,8.379088640213012695e-01
1.000000000000000000e+00,1.000000000000000000e+00,6.686647981405258179e-02,0.000000000000000000e+00,0.000000000000000000e+00,0.000000000000000000e+00
