# CPU,RAM,NetworkR,NetworkW,DiskW,DiskR
9.904444217681884766e-02,1.006624400615692139e-01,1.000000000000000000e+00,9.337939023971557617e-01,9.365680813789367676e-01,9.378542900085449219e-01
6.035606563091278076e-02,5.085324048995971680e-01,9.483959674835205078e-01,8.932946920394897461e-01,9.291486144065856934e-01,8.820502161979675293e-01
6.501574814319610596e-02,1.035231575369834900e-01,9.968541860580444336e-01,8.988044261932373047e-01,9.325616955757141113e-01,9.291815161705017090e-01
6.120644509792327881e-02,1.756976395845413208e-01,9.522420167922973633e-01,8.726274371147155762e-01,8.960734605789184570e-01,9.136575460433959961e-01
6.040959432721138000e-02,1.472178846597671509e-01,9.390732049942016602e-01,8.396863341331481934e-01,6.574644446372985840e-01,8.387909531593322754e-01
6.523579359054565430e-02,1.853195130825042725e-01,6.189746856689453125e-01,6.793200969696044922e-01,5.630286335945129395e-01,7.816161513328552246e-01
6.455626338720321655e-02,2.153086364269256592e-01,5.107365250587463379e-01,5.881078243255615234e-01,5.322037339210510254e-01,7.651430964469909668e-01
6.235641241073608398e-02,1.856303066015243530e-01,5.147407650947570801e-01,5.194815993309020996e-01,5.081664919853210449e-01,7.611793279647827148e-01
8.531342446804046631e-02,2.728107273578643799e-01,3.099409937858581543e-01,2.915356457233428955e-01,4.106241464614868164e-01,6.961188912391662598e-01
1.000000000000000000e+00,1.000000000000000000e+00,6.676752865314483643e-02,0.000000000000000000e+00,0.000000000000000000e+00,0.000000000000000000e+00
