# CPU,RAM,NetworkR,NetworkW,DiskW,DiskR
9.918110817670822144e-02,1.007667183876037598e-01,1.000000000000000000e+00,9.337931275367736816e-01,9.365655779838562012e-01,9.378555417060852051e-01
6.058999896049499512e-02,3.055076301097869873e-01,9.585358500480651855e-01,8.987040519714355469e-01,9.338050484657287598e-01,9.174187779426574707e-01
6.400924175977706909e-02,1.028371676802635193e-01,1.000000000000000000e+00,9.017719030380249023e-01,9.332109093666076660e-01,9.317961931228637695e-01
6.173968315124511719e-02,1.825744807720184326e-01,9.396858811378479004e-01,8.676426410675048828e-01,8.974744081497192383e-01,9.150071144104003906e-01
6.065342202782630920e-02,1.543538123369216919e-01,9.165415167808532715e-01,8.287956714630126953e-01,6.648030877113342285e-01,8.447993397712707520e-01
6.629195809364318848e-02,1.992257833480834961e-01,5.977481007575988770e-01,6.668324470520019531e-01,5.601495504379272461e-01,7.818868160247802734e-01
6.721357256174087524e-02,1.889585256576538086e-01,5.192265510559082031e-01,5.821020603179931641e-01,5.501828789710998535e-01,7.785199284553527832e-01
6.508001685142517090e-02,1.869940012693405151e-01,4.848174452781677246e-01,4.929227232933044434e-01,5.418494343757629395e-01,7.842707037925720215e-01
8.929113298654556274e-02,1.996645927429199219e-01,3.431822359561920166e-01,3.040061593055725098e-01,4.624390602111816406e-01,7.404378652572631836e-01
1.000000000000000000e+00,1.000000000000000000e+00,6.592982262372970581e-02,0.000000000000000000e+00,0.000000000000000000e+00,0.000000000000000000e+00
