# CPU,RAM,NetworkR,NetworkW,DiskW,DiskR
9.908916801214218140e-02,1.008445173501968384e-01,1.000000000000000000e+00,9.337946772575378418e-01,9.365634918212890625e-01,9.378568530082702637e-01
6.128932908177375793e-02,1.005710288882255554e-01,1.000000000000000000e+00,9.109528064727783203e-01,9.366210103034973145e-01,9.318952560424804688e-01
6.968621164560317993e-02,3.308812379837036133e-01,8.340773582458496094e-01,8.570659160614013672e-01,9.235947728157043457e-01,9.223240017890930176e-01
1.000617444515228271e-01,5.759140253067016602e-01,6.652705073356628418e-01,7.908837199211120605e-01,8.510601520538330078e-01,8.974717855453491211e-01
1.035571843385696411e-01,4.630849361419677734e-01,5.879487395286560059e-01,7.415080666542053223e-01,7.537860274314880371e-01,8.660324215888977051e-01
8.579671382904052734e-02,5.066961050033569336e-01,4.675369858741760254e-01,6.648184061050415039e-01,6.091379523277282715e-01,8.170115351676940918e-01
6.300813704729080200e-02,1.000000000000000000e+00,4.072118401527404785e-01,6.800094842910766602e-01,3.209350109100341797e-01,8.254631161689758301e-01
1.000000000000000000e+00,9.815772175788879395e-01,2.676821351051330566e-01,4.858429133892059326e-01,8.876670897006988525e-02,6.676489114761352539e-01
6.192648038268089294e-02,6.428024172782897949e-02,1.621979624032974243e-01,3.205170333385467529e-01,0.000000000000000000e+00,0.000000000000000000e+00
1.523935794830322266e-01,7.282630354166030884e-02,6.591504067182540894e-02,0.000000000000000000e+00,0.000000000000000000e+00,0.000000000000000000e+00
