# CPU,RAM,NetworkR,NetworkW,DiskW,DiskR
9.905388206243515015e-02,1.005210429430007935e-01,1.000000000000000000e+00,9.337926506996154785e-01,9.365716576576232910e-01,9.378521442413330078e-01
6.015634164214134216e-02,4.524352252483367920e-01,9.701887965202331543e-01,8.907971382141113281e-01,9.214359521865844727e-01,7.284060716629028320e-01
6.085690483450889587e-02,3.680033385753631592e-01,8.609956502914428711e-01,8.547716736793518066e-01,8.919187784194946289e-01,8.408656716346740723e-01
6.031972914934158325e-02,3.374768197536468506e-01,8.680359721183776855e-01,8.427326083183288574e-01,7.539579868316650391e-01,8.184595704078674316e-01
6.023008376359939575e-02,3.191663920879364014e-01,7.776954174041748047e-01,7.962741851806640625e-01,5.338642597198486328e-01,6.705191135406494141e-01
6.228734925389289856e-02,2.752649784088134766e-01,5.428689718246459961e-01,6.762390732765197754e-01,4.452956318855285645e-01,6.522467732429504395e-01
6.181211024522781372e-02,2.615420222282409668e-01,4.772188961505889893e-01,6.122185587882995605e-01,4.311126768589019775e-01,6.625701785087585449e-01
6.835265457630157471e-02,2.670992612838745117e-01,4.193140566349029541e-01,5.008468627929687500e-01,5.002557635307312012e-01,7.445968985557556152e-01
2.264849841594696045e-01,7.714300155639648438e-01,2.087977230548858643e-01,2.662798166275024414e-01,3.197061419486999512e-01,6.910899877548217773e-01
1.000000000000000000e+00,1.000000000000000000e+00,6.590466201305389404e-02,0.000000000000000000e+00,0.000000000000000000e+00,0.000000000000000000e+00
