# CPU,RAM,NetworkR,NetworkW,DiskW,DiskR
5.910615250468254089e-02,6.067294999957084656e-02,1.000000000000000000e+00,9.737933278083801270e-01,9.765679240226745605e-01,9.778543710708618164e-01
2.134327962994575500e-02,4.315291345119476318e-02,9.774464368820190430e-01,9.555275440216064453e-01,9.769085645675659180e-01,9.732779860496520996e-01
2.390151098370552063e-02,1.895280927419662476e-01,8.438593745231628418e-01,9.084519147872924805e-01,9.638569951057434082e-01,9.617910385131835938e-01
2.373324893414974213e-02,1.090037077665328979e-01,9.065573811531066895e-01,9.131604433059692383e-01,9.435235857963562012e-01,9.604273438453674316e-01
2.638572826981544495e-02,1.536109447479248047e-01,7.312901020050048828e-01,8.191996812820434570e-01,7.371029853820800781e-01,8.885166049003601074e-01
7.705934345722198486e-02,1.973084807395935059e-01,4.940975904464721680e-01,6.878404617309570312e-01,7.037491202354431152e-01,8.661792874336242676e-01
3.352420330047607422e-01,1.000000000000000000e+00,2.592651844024658203e-01,5.770767331123352051e-01,3.244501352310180664e-01,8.756314516067504883e-01
1.000000000000000000e+00,8.606052398681640625e-01,1.206041276454925537e-01,3.552128076553344727e-01,7.748784124851226807e-02,4.830037951469421387e-01
2.427370846271514893e-02,2.181455865502357483e-02,7.922378182411193848e-02,2.786642611026763916e-01,7.281089201569557190e-03,0.000000000000000000e+00
2.887781858444213867e-01,3.836543858051300049e-02,2.251153998076915741e-02,0.000000000000000000e+00,0.000000000000000000e+00,0.000000000000000000e+00
