# CPU,RAM,NetworkR,NetworkW,DiskW,DiskR
5.902724713087081909e-02,6.069141998887062073e-02,1.000000000000000000e+00,9.737944006919860840e-01,9.765673875808715820e-01,9.778547883033752441e-01
2.042412571609020233e-02,3.074885904788970947e-01,9.197087883949279785e-01,9.370056986808776855e-01,9.720349907875061035e-01,9.426794052124023438e-01
2.296465262770652771e-02,9.019193053245544434e-02,9.400423765182495117e-01,9.333602786064147949e-01,9.701057076454162598e-01,9.668990969657897949e-01
2.094290591776371002e-02,1.482066214084625244e-01,9.107560515403747559e-01,9.107940196990966797e-01,9.231860637664794922e-01,9.494590163230895996e-01
2.033734507858753204e-02,1.131738126277923584e-01,8.901091814041137695e-01,8.755438923835754395e-01,6.579104661941528320e-01,8.586527705192565918e-01
2.496735751628875732e-02,1.421013772487640381e-01,5.698756575584411621e-01,7.160815000534057617e-01,5.865046977996826172e-01,8.118899464607238770e-01
2.494833804666996002e-02,1.636393964290618896e-01,4.763353765010833740e-01,6.310900449752807617e-01,5.856087207794189453e-01,8.139513134956359863e-01
2.363479137420654297e-02,1.567480862140655518e-01,4.546601772308349609e-01,5.480421185493469238e-01,5.711480379104614258e-01,8.176845312118530273e-01
5.425426736474037170e-02,1.957333683967590332e-01,2.878105938434600830e-01,3.411762118339538574e-01,4.945727884769439697e-01,7.740481495857238770e-01
1.000000000000000000e+00,1.000000000000000000e+00,2.600119076669216156e-02,0.000000000000000000e+00,0.000000000000000000e+00,0.000000000000000000e+00
