# CPU,RAM,NetworkR,NetworkW,DiskW,DiskR
5.913328379392623901e-02,6.081723794341087341e-02,1.000000000000000000e+00,9.737940430641174316e-01,9.765642881393432617e-01,9.778563976287841797e-01
2.121449820697307587e-02,7.701016962528228760e-02,9.517444968223571777e-01,9.483056664466857910e-01,9.764106869697570801e-01,9.709370732307434082e-01
3.269404545426368713e-02,1.740411967039108276e-01,8.546596169471740723e-01,9.114127755165100098e-01,9.704977273941040039e-01,9.678689241409301758e-01
5.219127982854843140e-02,6.225153207778930664e-01,6.090692281723022461e-01,8.264153003692626953e-01,8.792667984962463379e-01,9.354333877563476562e-01
5.673325434327125549e-02,3.630500137805938721e-01,5.812972187995910645e-01,7.910646200180053711e-01,8.063336014747619629e-01,9.102423191070556641e-01
3.752399981021881104e-02,4.344934523105621338e-01,4.195838570594787598e-01,6.952253580093383789e-01,5.952910780906677246e-01,8.294401168823242188e-01
2.447287365794181824e-02,1.000000000000000000e+00,3.391250073909759521e-01,6.803485751152038574e-01,4.037857651710510254e-01,8.575457334518432617e-01
1.000000000000000000e+00,8.555020689964294434e-01,1.996580511331558228e-01,4.749599099159240723e-01,1.305260807275772095e-01,5.829842686653137207e-01
2.414048835635185242e-02,2.566240727901458740e-02,1.613223850727081299e-01,3.572672009468078613e-01,3.347405046224594116e-02,2.137486264109611511e-02
1.605163663625717163e-01,3.913894295692443848e-02,2.502743527293205261e-02,0.000000000000000000e+00,0.000000000000000000e+00,0.000000000000000000e+00
