# CPU,RAM,NetworkR,NetworkW,DiskW,DiskR
5.918972939252853394e-02,6.076664477586746216e-02,1.000000000000000000e+00,9.737932682037353516e-01,9.765657186508178711e-01,9.778556823730468750e-01
2.098652720451354980e-02,1.409355700016021729e-01,9.302318692207336426e-01,9.429017305374145508e-01,9.756638407707214355e-01,9.677817225456237793e-01
2.460212819278240204e-02,8.987654745578765869e-02,9.346356987953186035e-01,9.332656860351562500e-01,9.720725417137145996e-01,9.708838462829589844e-01
2.449146285653114319e-02,1.229660958051681519e-01,8.998185992240905762e-01,9.102966189384460449e-01,9.516653418540954590e-01,9.620968103408813477e-01
3.711714595556259155e-02,1.873147189617156982e-01,7.106092572212219238e-01,8.120321631431579590e-01,8.239133358001708984e-01,9.134468436241149902e-01
1.041861623525619507e-01,2.820282876491546631e-01,4.851365983486175537e-01,6.849147081375122070e-01,7.392898797988891602e-01,8.830625414848327637e-01
6.642522662878036499e-02,1.000000000000000000e+00,3.486129939556121826e-01,6.615833640098571777e-01,4.370605945587158203e-01,9.135902523994445801e-01
1.000000000000000000e+00,9.886792898178100586e-01,1.596562117338180542e-01,4.167151153087615967e-01,8.730880171060562134e-02,6.037470698356628418e-01
2.395908907055854797e-02,2.251993864774703979e-02,9.197361767292022705e-02,3.121038079261779785e-01,5.624450743198394775e-03,0.000000000000000000e+00
1.263931095600128174e-01,2.670633047819137573e-02,2.673837728798389435e-02,0.000000000000000000e+00,0.000000000000000000e+00,0.000000000000000000e+00
