# CPU,RAM,NetworkR,NetworkW,DiskW,DiskR
5.904612690210342407e-02,6.076103448867797852e-02,1.000000000000000000e+00,9.737936258316040039e-01,9.765651822090148926e-01,9.778553843498229980e-01
2.073927782475948334e-02,1.734047681093215942e-01,9.284057021141052246e-01,9.417694211006164551e-01,9.749998450279235840e-01,9.641492366790771484e-01
2.250431291759014130e-02,8.278972655534744263e-02,9.500004053115844727e-01,9.378257393836975098e-01,9.713712334632873535e-01,9.703631401062011719e-01
2.144607901573181152e-02,1.448501348495483398e-01,9.032918214797973633e-01,9.080374836921691895e-01,9.301391243934631348e-01,9.531061649322509766e-01
2.054231800138950348e-02,1.200698912143707275e-01,8.685879111289978027e-01,8.649882674217224121e-01,6.683611869812011719e-01,8.681117296218872070e-01
2.588690631091594696e-02,1.604233086109161377e-01,5.437737703323364258e-01,7.014889717102050781e-01,5.801171064376831055e-01,8.094508647918701172e-01
2.562863565981388092e-02,1.681530475616455078e-01,4.572367370128631592e-01,6.148787736892700195e-01,5.626394152641296387e-01,8.004982471466064453e-01
2.335610240697860718e-02,1.458694487810134888e-01,4.557362794876098633e-01,5.423933863639831543e-01,5.622293949127197266e-01,8.120068907737731934e-01
5.000180006027221680e-02,2.087925523519515991e-01,2.747546732425689697e-01,3.276638090610504150e-01,4.687180221080780029e-01,7.556128501892089844e-01
1.000000000000000000e+00,1.000000000000000000e+00,2.578183263540267944e-02,0.000000000000000000e+00,0.000000000000000000e+00,0.000000000000000000e+00
