# CPU,RAM,NetworkR,NetworkW,DiskW,DiskR
5.917700007557868958e-02,6.079926341772079468e-02,1.000000000000000000e+00,9.737934470176696777e-01,9.765647649765014648e-01,9.778560996055603027e-01
2.124092541635036469e-02,7.082200795412063599e-02,9.551739096641540527e-01,9.492009282112121582e-01,9.764919281005859375e-01,9.712909460067749023e-01
2.927930280566215515e-02,1.924628019332885742e-01,8.456771969795227051e-01,9.093608856201171875e-01,9.686219096183776855e-01,9.663323760032653809e-01
5.477527901530265808e-02,3.306547105312347412e-01,7.429350614547729492e-01,8.654754161834716797e-01,9.393873810768127441e-01,9.546179175376892090e-01
1.125885993242263794e-01,5.356302857398986816e-01,5.367692708969116211e-01,7.732232213020324707e-01,8.240454792976379395e-01,9.179165959358215332e-01
1.313444375991821289e-01,5.797721743583679199e-01,4.140504896640777588e-01,6.913132071495056152e-01,7.112600803375244141e-01,8.870264291763305664e-01
2.510740607976913452e-02,1.000000000000000000e+00,3.429099321365356445e-01,7.116173505783081055e-01,3.303423225879669189e-01,8.565121889114379883e-01
1.000000000000000000e+00,1.000000000000000000e+00,1.996050924062728882e-01,5.511921644210815430e-01,1.173130124807357788e-01,4.710293710231781006e-01
2.916612662374973297e-02,2.684456855058670044e-02,1.180939227342605591e-01,3.466239273548126221e-01,6.470430642366409302e-03,0.000000000000000000e+00
1.300263553857803345e-01,3.031398728489875793e-02,2.624049223959445953e-02,0.000000000000000000e+00,0.000000000000000000e+00,0.000000000000000000e+00
