# CPU,RAM,NetworkR,NetworkW,DiskW,DiskR
5.907506123185157776e-02,6.060426682233810425e-02,1.000000000000000000e+00,9.737926721572875977e-01,9.765694141387939453e-01,9.778532385826110840e-01
2.028182893991470337e-02,3.355981409549713135e-01,9.261792898178100586e-01,9.355787634849548340e-01,9.695720076560974121e-01,9.092508554458618164e-01
2.239656820893287659e-02,1.528904289007186890e-01,8.963234424591064453e-01,9.188070297241210938e-01,9.638547897338867188e-01,9.546258449554443359e-01
2.076076529920101166e-02,1.982354968786239624e-01,8.822272419929504395e-01,9.011079668998718262e-01,8.942810893058776855e-01,9.348757266998291016e-01
2.029837109148502350e-02,1.450430005788803101e-01,8.573566675186157227e-01,8.677209615707397461e-01,6.288630962371826172e-01,8.270419836044311523e-01
2.358085848391056061e-02,1.827424913644790649e-01,5.577560663223266602e-01,7.253991365432739258e-01,5.788654088973999023e-01,8.002925515174865723e-01
2.429210767149925232e-02,1.344662755727767944e-01,5.634637475013732910e-01,6.878207325935363770e-01,6.475572586059570312e-01,8.505109548568725586e-01
4.928803816437721252e-02,1.742951273918151855e-01,4.933269321918487549e-01,5.812287926673889160e-01,7.692062854766845703e-01,9.037243127822875977e-01
7.530118823051452637e-01,9.037807583808898926e-01,2.986319959163665771e-01,3.984954655170440674e-01,7.196890711784362793e-01,9.427526593208312988e-01
1.000000000000000000e+00,1.000000000000000000e+00,2.802655100822448730e-02,0.000000000000000000e+00,0.000000000000000000e+00,0.000000000000000000e+00
