# CPU,RAM,NetworkR,NetworkW,DiskW,DiskR
5.917239934206008911e-02,6.082222983241081238e-02,1.000000000000000000e+00,9.737935066223144531e-01,9.765641093254089355e-01,9.778563380241394043e-01
2.129310928285121918e-02,5.838873609900474548e-02,9.634549021720886230e-01,9.514145255088806152e-01,9.766517281532287598e-01,9.720383286476135254e-01
2.917730808258056641e-02,2.911891341209411621e-01,7.922572493553161621e-01,8.965123295783996582e-01,9.629195332527160645e-01,9.617461562156677246e-01
6.652280688285827637e-02,4.713253676891326904e-01,6.538006663322448730e-01,8.390721082687377930e-01,9.089336395263671875e-01,9.430096745491027832e-01
7.888109982013702393e-02,5.079571604728698730e-01,5.120998024940490723e-01,7.676379084587097168e-01,7.789244651794433594e-01,9.022339582443237305e-01
1.244905740022659302e-01,5.756079554557800293e-01,4.370021820068359375e-01,7.112979292869567871e-01,7.596429586410522461e-01,9.020977020263671875e-01
2.402216941118240356e-02,1.000000000000000000e+00,3.376931846141815186e-01,7.263348102569580078e-01,2.664724588394165039e-01,7.455528378486633301e-01
1.000000000000000000e+00,9.849162101745605469e-01,1.923573762178421021e-01,5.332328081130981445e-01,1.223515868186950684e-01,4.938051104545593262e-01
2.812004834413528442e-02,2.747633680701255798e-02,1.173793822526931763e-01,3.409326672554016113e-01,1.019035652279853821e-02,0.000000000000000000e+00
1.278211027383804321e-01,3.333041071891784668e-02,2.579445578157901764e-02,0.000000000000000000e+00,0.000000000000000000e+00,0.000000000000000000e+00
