# CPU,RAM,NetworkR,NetworkW,DiskW,DiskR
5.912250652909278870e-02,6.081864610314369202e-02,1.000000000000000000e+00,9.737937450408935547e-01,9.765640497207641602e-01,9.778562784194946289e-01
2.083087898790836334e-02,1.734780669212341309e-01,9.257458448410034180e-01,9.414743781089782715e-01,9.751524925231933594e-01,9.653382301330566406e-01
2.294061332941055298e-02,7.138150930404663086e-02,9.568849205970764160e-01,9.402779936790466309e-01,9.722198247909545898e-01,9.715039134025573730e-01
2.210628986358642578e-02,1.148498579859733582e-01,9.155161380767822266e-01,9.133703112602233887e-01,9.433152079582214355e-01,9.588552117347717285e-01
2.441682852804660797e-02,1.137777492403984070e-01,8.077819347381591797e-01,8.405684828758239746e-01,7.714283466339111328e-01,9.048845767974853516e-01
6.787622720003128052e-02,1.699566394090652466e-01,5.221893191337585449e-01,6.874780654907226562e-01,7.178599834442138672e-01,8.721045851707458496e-01
1.276660412549972534e-01,1.000000000000000000e+00,2.820507884025573730e-01,5.799556374549865723e-01,3.972973227500915527e-01,8.809145092964172363e-01
9.642236232757568359e-01,7.009032964706420898e-01,9.528432786464691162e-02,2.821968495845794678e-01,7.913313060998916626e-02,1.860068887472152710e-01
2.520291879773139954e-02,2.153410017490386963e-02,9.276430308818817139e-02,2.756187617778778076e-01,1.766804233193397522e-02,0.000000000000000000e+00
2.804805934429168701e-01,3.315776959061622620e-02,2.409707196056842804e-02,0.000000000000000000e+00,0.000000000000000000e+00,0.000000000000000000e+00
