# CPU,RAM,NetworkR,NetworkW,DiskW,DiskR
5.917116627097129822e-02,6.085919588804244995e-02,1.000000000000000000e+00,9.737936258316040039e-01,9.765630960464477539e-01,9.778568148612976074e-01
2.132866345345973969e-02,5.386431887745857239e-02,9.669000506401062012e-01,9.523721337318420410e-01,9.767188429832458496e-01,9.723610877990722656e-01
3.119534254074096680e-02,3.576175272464752197e-01,7.606862783432006836e-01,8.890758752822875977e-01,9.597163200378417969e-01,9.596276879310607910e-01
5.578844249248504639e-02,7.850096225738525391e-01,4.862798452377319336e-01,7.858739495277404785e-01,7.501445412635803223e-01,9.002321958541870117e-01
7.632318139076232910e-02,2.738179266452789307e-01,6.126138567924499512e-01,8.050394058227539062e-01,8.379315137863159180e-01,9.206529855728149414e-01
4.169612377882003784e-02,5.849858522415161133e-01,4.038811028003692627e-01,7.043145298957824707e-01,6.353742480278015137e-01,8.580875992774963379e-01
2.093012072145938873e-02,1.000000000000000000e+00,3.619881868362426758e-01,7.251669764518737793e-01,3.285639286041259766e-01,8.012158274650573730e-01
1.000000000000000000e+00,8.936292529106140137e-01,2.459848970174789429e-01,5.257954597473144531e-01,1.418080627918243408e-01,7.081989645957946777e-01
2.212510816752910614e-02,2.494581229984760284e-02,1.745552271604537964e-01,3.880240023136138916e-01,2.788643166422843933e-02,5.529092624783515930e-03
1.532785147428512573e-01,4.113094136118888855e-02,2.453562989830970764e-02,0.000000000000000000e+00,0.000000000000000000e+00,0.000000000000000000e+00
