# CPU,RAM,NetworkR,NetworkW,DiskW,DiskR
5.913207307457923889e-02,6.073392182588577271e-02,1.000000000000000000e+00,9.737930893898010254e-01,9.765662550926208496e-01,9.778550863265991211e-01
2.098499797284603119e-02,9.272097796201705933e-02,9.474315047264099121e-01,9.470630288124084473e-01,9.761329889297485352e-01,9.696389436721801758e-01
2.219012379646301270e-02,7.481127977371215820e-02,9.550217390060424805e-01,9.397364854812622070e-01,9.717155098915100098e-01,9.710317254066467285e-01
2.150328457355499268e-02,1.253391951322555542e-01,9.118961691856384277e-01,9.104516506195068359e-01,9.317073822021484375e-01,9.544078707695007324e-01
2.088362351059913635e-02,1.120606884360313416e-01,8.486299514770507812e-01,8.547019958496093750e-01,6.636167764663696289e-01,8.697977662086486816e-01
3.151938319206237793e-02,1.627752929925918579e-01,4.995826482772827148e-01,6.762802004814147949e-01,5.845484137535095215e-01,8.107158541679382324e-01
3.143928572535514832e-02,1.459512412548065186e-01,4.290896952152252197e-01,5.921680927276611328e-01,5.657495856285095215e-01,8.023003935813903809e-01
2.776537090539932251e-02,1.415021419525146484e-01,4.132169783115386963e-01,5.128940343856811523e-01,5.896156430244445801e-01,8.281109333038330078e-01
5.991305038332939148e-02,1.567231565713882446e-01,2.981772720813751221e-01,3.389719724655151367e-01,5.320674180984497070e-01,8.044493198394775391e-01
1.000000000000000000e+00,1.000000000000000000e+00,2.480121888220310211e-02,0.000000000000000000e+00,0.000000000000000000e+00,0.000000000000000000e+00
