# CPU,RAM,NetworkR,NetworkW,DiskW,DiskR
5.912096425890922546e-02,6.084425002336502075e-02,1.000000000000000000e+00,9.737938642501831055e-01,9.765633344650268555e-01,9.778566360473632812e-01
2.128810063004493713e-02,6.163006648421287537e-02,9.609882831573486328e-01,9.507347941398620605e-01,9.766057729721069336e-01,9.718261361122131348e-01
2.878294326364994049e-02,2.569555640220642090e-01,8.099795579910278320e-01,9.007756114006042480e-01,9.648725986480712891e-01,9.632300734519958496e-01
5.771116539835929871e-02,3.632684946060180664e-01,7.155608534812927246e-01,8.575164079666137695e-01,9.300503730773925781e-01,9.508134126663208008e-01
9.811182320117950439e-02,5.326299667358398438e-01,5.208846926689147949e-01,7.687413692474365234e-01,8.019317984580993652e-01,9.104121327400207520e-01
6.318657100200653076e-02,5.103417038917541504e-01,4.097995758056640625e-01,6.930810213088989258e-01,6.525912880897521973e-01,8.605115413665771484e-01
2.483796328306198120e-02,1.000000000000000000e+00,3.804900646209716797e-01,7.270640134811401367e-01,4.180185496807098389e-01,9.000743627548217773e-01
1.000000000000000000e+00,9.950830340385437012e-01,2.248288244009017944e-01,5.487372875213623047e-01,1.177911907434463501e-01,7.612916231155395508e-01
2.173192240297794342e-02,2.681077271699905396e-02,9.753857553005218506e-02,3.552427887916564941e-01,1.115735247731208801e-02,0.000000000000000000e+00
1.374404132366180420e-01,4.578648507595062256e-02,2.325606346130371094e-02,0.000000000000000000e+00,0.000000000000000000e+00,0.000000000000000000e+00
