# CPU,RAM,NetworkR,NetworkW,DiskW,DiskR
5.900574848055839539e-02,6.081707775592803955e-02,1.000000000000000000e+00,9.737955927848815918e-01,9.765641689300537109e-01,9.778566956520080566e-01
2.130405232310295105e-02,5.395483598113059998e-02,9.670414924621582031e-01,9.524004459381103516e-01,9.767038822174072266e-01,9.723117351531982422e-01
2.536620199680328369e-02,2.094588130712509155e-01,8.344668149948120117e-01,9.063376188278198242e-01,9.645128250122070312e-01,9.627757072448730469e-01
4.757792502641677856e-02,2.325582951307296753e-01,7.889139056205749512e-01,8.773105144500732422e-01,9.448108077049255371e-01,9.567774534225463867e-01
1.889751404523849487e-01,6.562572717666625977e-01,4.840028882026672363e-01,7.492986321449279785e-01,7.923798561096191406e-01,9.124350547790527344e-01
1.242895126342773438e-01,6.361745595932006836e-01,3.774953782558441162e-01,6.743481755256652832e-01,6.540927290916442871e-01,8.705189824104309082e-01
2.277214825153350830e-02,1.000000000000000000e+00,3.146016597747802734e-01,7.100465297698974609e-01,2.574245035648345947e-01,7.232054471969604492e-01
1.000000000000000000e+00,9.577090740203857422e-01,1.899870783090591431e-01,4.951452314853668213e-01,1.142971664667129517e-01,5.779281854629516602e-01
2.534550987184047699e-02,2.536933869123458862e-02,1.112325489521026611e-01,3.321896493434906006e-01,1.114171184599399567e-02,0.000000000000000000e+00
1.267883181571960449e-01,3.049926459789276123e-02,2.591405808925628662e-02,0.000000000000000000e+00,0.000000000000000000e+00,0.000000000000000000e+00
