# CPU,RAM,NetworkR,NetworkW,DiskW,DiskR
5.910484492778778076e-02,6.077436730265617371e-02,1.000000000000000000e+00,9.737941026687622070e-01,9.765653610229492188e-01,9.778558611869812012e-01
2.134196273982524872e-02,4.347980394959449768e-02,9.770819544792175293e-01,9.553891420364379883e-01,9.768843054771423340e-01,9.732038974761962891e-01
3.027340583503246307e-02,2.711476981639862061e-01,7.832376956939697266e-01,8.938008546829223633e-01,9.627681970596313477e-01,9.605802297592163086e-01
8.066623657941818237e-02,5.554751753807067871e-01,6.012061834335327148e-01,8.222299218177795410e-01,8.870751857757568359e-01,9.357271790504455566e-01
1.839866489171981812e-01,5.784417986869812012e-01,4.956548810005187988e-01,7.616627812385559082e-01,8.077573776245117188e-01,9.146462082862854004e-01
1.344183832406997681e-01,5.818900465965270996e-01,4.164230525493621826e-01,7.047581672668457031e-01,7.323981523513793945e-01,8.954799771308898926e-01
2.152800932526588440e-02,1.000000000000000000e+00,3.713828027248382568e-01,7.485047578811645508e-01,3.104678094387054443e-01,8.167611956596374512e-01
1.000000000000000000e+00,1.000000000000000000e+00,2.595249116420745850e-01,6.071079969406127930e-01,1.238390654325485229e-01,8.782607316970825195e-01
2.141365595161914825e-02,4.349337145686149597e-02,1.055232882499694824e-01,3.803411424160003662e-01,1.354594156146049500e-02,0.000000000000000000e+00
5.440261960029602051e-02,3.887689858675003052e-02,2.570134028792381287e-02,0.000000000000000000e+00,0.000000000000000000e+00,0.000000000000000000e+00
