# CPU,RAM,NetworkR,NetworkW,DiskW,DiskR
5.920704826712608337e-02,6.082276999950408936e-02,1.000000000000000000e+00,9.737930297851562500e-01,9.765641093254089355e-01,9.778562784194946289e-01
2.125920541584491730e-02,6.991487741470336914e-02,9.555447101593017578e-01,9.493044614791870117e-01,9.765105843544006348e-01,9.713710546493530273e-01
3.278141841292381287e-02,2.373693585395812988e-01,8.200158476829528809e-01,9.032030701637268066e-01,9.679474830627441406e-01,9.656522274017333984e-01
9.145455062389373779e-02,6.679474115371704102e-01,5.782557129859924316e-01,8.159273266792297363e-01,8.773568272590637207e-01,9.356939196586608887e-01
8.021496236324310303e-02,4.925740659236907959e-01,5.043926835060119629e-01,7.655702829360961914e-01,7.678722739219665527e-01,8.987772464752197266e-01
9.588299691677093506e-02,5.518157482147216797e-01,4.198399484157562256e-01,7.043061256408691406e-01,7.244460582733154297e-01,8.897255063056945801e-01
2.226592227816581726e-02,1.000000000000000000e+00,3.425833880901336670e-01,7.273043990135192871e-01,2.828758955001831055e-01,7.735667824745178223e-01
9.797024130821228027e-01,9.645601511001586914e-01,1.814738959074020386e-01,5.132393836975097656e-01,1.312549412250518799e-01,4.083399474620819092e-01
2.737119607627391815e-02,2.735470421612262726e-02,1.294908076524734497e-01,3.392266333103179932e-01,1.969869062304496765e-02,4.176361486315727234e-03
9.032388031482696533e-02,2.835165709257125854e-02,2.933146059513092041e-02,0.000000000000000000e+00,0.000000000000000000e+00,0.000000000000000000e+00
