# CPU,RAM,NetworkR,NetworkW,DiskW,DiskR
5.901344120502471924e-02,6.077832728624343872e-02,1.000000000000000000e+00,9.737946391105651855e-01,9.765648841857910156e-01,9.778559207916259766e-01
2.130617946386337280e-02,4.849777743220329285e-02,9.721086621284484863e-01,9.538793563842773438e-01,9.767916202545166016e-01,9.727444052696228027e-01
2.641134150326251984e-02,1.783612519502639771e-01,8.442728519439697266e-01,9.085460901260375977e-01,9.666576385498046875e-01,9.641152620315551758e-01
3.894840180873870850e-02,2.046108394861221313e-01,8.083103299140930176e-01,8.831790089607238770e-01,9.448249936103820801e-01,9.572272300720214844e-01
8.607122302055358887e-02,4.218886494636535645e-01,5.512405633926391602e-01,7.697507143020629883e-01,8.056184053421020508e-01,9.075348973274230957e-01
1.447692811489105225e-01,6.295074224472045898e-01,3.863704800605773926e-01,6.709640622138977051e-01,6.805618405342102051e-01,8.785775899887084961e-01
3.626549988985061646e-02,1.000000000000000000e+00,2.955130338668823242e-01,6.849988698959350586e-01,2.398785799741744995e-01,7.566575407981872559e-01
1.000000000000000000e+00,9.393789768218994141e-01,1.715195327997207642e-01,4.647903442382812500e-01,9.839898347854614258e-02,5.651547908782958984e-01
2.650327235460281372e-02,2.359495870769023895e-02,1.010627970099449158e-01,3.157329261302947998e-01,7.465723901987075806e-03,0.000000000000000000e+00
1.615508347749710083e-01,3.043920360505580902e-02,2.506408840417861938e-02,0.000000000000000000e+00,0.000000000000000000e+00,0.000000000000000000e+00
