# CPU,RAM,NetworkR,NetworkW,DiskW,DiskR
5.912628024816513062e-02,6.064533814787864685e-02,1.000000000000000000e+00,9.737933278083801270e-01,9.765688776969909668e-01,9.778540730476379395e-01
2.057210542261600494e-02,2.773034572601318359e-01,9.177784323692321777e-01,9.383945465087890625e-01,9.736365079879760742e-01,9.562982916831970215e-01
2.300993725657463074e-02,8.275196701288223267e-02,9.487994313240051270e-01,9.371077418327331543e-01,9.715029001235961914e-01,9.698577523231506348e-01
2.119820378720760345e-02,1.303324401378631592e-01,9.206879734992980957e-01,9.150933623313903809e-01,9.364456534385681152e-01,9.559439420700073242e-01
2.041797898709774017e-02,1.024751365184783936e-01,9.031950235366821289e-01,8.801100254058837891e-01,6.985829472541809082e-01,8.836286664009094238e-01
2.522020041942596436e-02,1.294956952333450317e-01,5.979142189025878906e-01,7.233287096023559570e-01,6.107839345932006836e-01,8.305168151855468750e-01
2.598426491022109985e-02,1.445269882678985596e-01,4.937267303466796875e-01,6.300318837165832520e-01,6.029147505760192871e-01,8.262037038803100586e-01
2.417143061757087708e-02,1.495423316955566406e-01,4.543688893318176270e-01,5.381476283073425293e-01,5.790497064590454102e-01,8.230819702148437500e-01
5.195639282464981079e-02,1.832938045263290405e-01,2.912277281284332275e-01,3.361774384975433350e-01,4.946012198925018311e-01,7.742891907691955566e-01
1.000000000000000000e+00,1.000000000000000000e+00,2.581576444208621979e-02,0.000000000000000000e+00,0.000000000000000000e+00,0.000000000000000000e+00
