# CPU,RAM,NetworkR,NetworkW,DiskW,DiskR
5.907535552978515625e-02,6.069389358162879944e-02,1.000000000000000000e+00,9.737938046455383301e-01,9.765673279762268066e-01,9.778547286987304688e-01
2.015897817909717560e-02,4.322425425052642822e-01,9.268551468849182129e-01,9.300577640533447266e-01,9.606721997261047363e-01,7.671183347702026367e-01
2.063668332993984222e-02,3.989858329296112061e-01,8.030033111572265625e-01,8.893617987632751465e-01,9.168860912322998047e-01,8.548155426979064941e-01
2.028667554259300232e-02,2.994699776172637939e-01,8.289391994476318359e-01,8.831256031990051270e-01,7.845726609230041504e-01,8.495274186134338379e-01
2.018444798886775970e-02,2.527839839458465576e-01,7.627510428428649902e-01,8.448899388313293457e-01,5.715861916542053223e-01,6.980529427528381348e-01
2.184832654893398285e-02,2.407264262437820435e-01,4.952324926853179932e-01,7.150335311889648438e-01,4.711279869079589844e-01,6.674699783325195312e-01
2.198035083711147308e-02,2.890530526638031006e-01,3.788107335567474365e-01,6.245680451393127441e-01,4.324715733528137207e-01,6.527116298675537109e-01
2.561807259917259216e-02,1.886776685714721680e-01,4.045249521732330322e-01,5.599259734153747559e-01,5.328578352928161621e-01,7.757805585861206055e-01
1.354607641696929932e-01,5.288733243942260742e-01,2.107450067996978760e-01,3.360280692577362061e-01,4.642899036407470703e-01,7.748231887817382812e-01
1.000000000000000000e+00,1.000000000000000000e+00,2.662798017263412476e-02,0.000000000000000000e+00,0.000000000000000000e+00,0.000000000000000000e+00
