# CPU,RAM,NetworkR,NetworkW,DiskW,DiskR
1.999999955296516418e-02,1.999999955296516418e-02,1.000000000000000000e+00,9.800000190734863281e-01,9.800000190734863281e-01,9.800000190734863281e-01
1.999999955296516418e-02,1.033333316445350647e-01,9.588760137557983398e-01,9.422580599784851074e-01,9.771631360054016113e-01,9.409518241882324219e-01
1.999999955296516418e-02,1.866666674613952637e-01,9.395737051963806152e-01,9.275120496749877930e-01,9.690071344375610352e-01,9.409518241882324219e-01
1.999999955296516418e-02,1.866666674613952637e-01,8.784497380256652832e-01,8.732051849365234375e-01,9.328368902206420898e-01,9.409518241882324219e-01
1.999999955296516418e-02,1.866666674613952637e-01,7.801286578178405762e-01,8.200675845146179199e-01,5.913475155830383301e-01,8.433313369750976562e-01
1.999999955296516418e-02,1.866666674613952637e-01,5.055735111236572266e-01,6.434403061866760254e-01,5.315071344375610352e-01,8.116046786308288574e-01
1.999999955296516418e-02,1.866666674613952637e-01,4.669689238071441650e-01,6.101156473159790039e-01,5.101418495178222656e-01,8.116046786308288574e-01
1.999999955296516418e-02,1.866666674613952637e-01,4.058449864387512207e-01,4.761673510074615479e-01,4.834574460983276367e-01,8.116046786308288574e-01
1.199999973177909851e-01,2.700000107288360596e-01,2.839992046356201172e-01,3.247447013854980469e-01,4.469326138496398926e-01,8.018426299095153809e-01
1.000000000000000000e+00,1.000000000000000000e+00,1.999999955296516418e-02,0.000000000000000000e+00,0.000000000000000000e+00,0.000000000000000000e+00
