# CPU,RAM,NetworkR,NetworkW,DiskW,DiskR
5.919875204563140869e-02,6.078188121318817139e-02,1.000000000000000000e+00,9.737930297851562500e-01,9.765652418136596680e-01,9.778557419776916504e-01
2.028036117553710938e-02,4.985114336013793945e-01,9.094594717025756836e-01,9.315021634101867676e-01,9.663392901420593262e-01,8.904756903648376465e-01
2.222554758191108704e-02,1.580409705638885498e-01,8.943277597427368164e-01,9.185113906860351562e-01,9.613755941390991211e-01,9.528458714485168457e-01
2.042135037481784821e-02,2.132377326488494873e-01,8.957656621932983398e-01,9.059020876884460449e-01,8.851677775382995605e-01,9.292387366294860840e-01
2.016467787325382233e-02,1.571283489465713501e-01,8.822758197784423828e-01,8.781521320343017578e-01,6.351308226585388184e-01,8.131781220436096191e-01
2.158887125551700592e-02,1.783653497695922852e-01,5.804143548011779785e-01,7.362870573997497559e-01,5.217643380165100098e-01,7.496855854988098145e-01
2.253567613661289215e-02,2.672005295753479004e-01,3.974188566207885742e-01,6.099021434783935547e-01,4.585350453853607178e-01,7.001678943634033203e-01
2.363239601254463196e-02,1.947829574346542358e-01,4.061199128627777100e-01,5.419701933860778809e-01,5.160967707633972168e-01,7.674918770790100098e-01
7.218211889266967773e-02,3.185817003250122070e-01,2.353529185056686401e-01,3.277606070041656494e-01,4.500588178634643555e-01,7.396761178970336914e-01
1.000000000000000000e+00,1.000000000000000000e+00,2.712412551045417786e-02,0.000000000000000000e+00,0.000000000000000000e+00,0.000000000000000000e+00
