# CPU,RAM,NetworkR,NetworkW,DiskW,DiskR
5.913346260786056519e-02,6.073782220482826233e-02,1.000000000000000000e+00,9.737939238548278809e-01,9.765664935111999512e-01,9.778554439544677734e-01
2.029269374907016754e-02,4.074167311191558838e-01,9.176659584045410156e-01,9.338093400001525879e-01,9.686244726181030273e-01,9.063219428062438965e-01
2.194346860051155090e-02,1.791489869356155396e-01,8.873362541198730469e-01,9.165182709693908691e-01,9.604756236076354980e-01,9.517367482185363770e-01
2.057077363133430481e-02,2.134902924299240112e-01,8.854765892028808594e-01,9.024239182472229004e-01,8.864271640777587891e-01,9.313518404960632324e-01
2.019762620329856873e-02,1.592485010623931885e-01,8.690451383590698242e-01,8.731177449226379395e-01,6.266542077064514160e-01,8.129419088363647461e-01
2.217048965394496918e-02,1.907843798398971558e-01,5.596817731857299805e-01,7.276285290718078613e-01,5.342091321945190430e-01,7.622889876365661621e-01
2.219889871776103973e-02,2.707045674324035645e-01,4.241172075271606445e-01,6.278861761093139648e-01,4.902576506137847900e-01,7.336621284484863281e-01
2.257179655134677887e-02,1.675628125667572021e-01,4.584362804889678955e-01,5.705685019493103027e-01,5.313923358917236328e-01,7.834793925285339355e-01
6.606633961200714111e-02,3.505680859088897705e-01,2.375395148992538452e-01,3.298659026622772217e-01,4.433077573776245117e-01,7.386267185211181641e-01
1.000000000000000000e+00,1.000000000000000000e+00,2.689093910157680511e-02,0.000000000000000000e+00,0.000000000000000000e+00,0.000000000000000000e+00
