# CPU,RAM,NetworkR,NetworkW,DiskW,DiskR
5.919008702039718628e-02,6.082939356565475464e-02,1.000000000000000000e+00,9.737932682037353516e-01,9.765639305114746094e-01,9.778563976287841797e-01
2.127302065491676331e-02,6.754522025585174561e-02,9.569182395935058594e-01,9.496437311172485352e-01,9.765272140502929688e-01,9.714652299880981445e-01
3.087924420833587646e-02,2.955329120159149170e-01,7.954328656196594238e-01,8.975200653076171875e-01,9.644448161125183105e-01,9.631540775299072266e-01
6.620048731565475464e-02,6.286833286285400391e-01,5.851498842239379883e-01,8.185825347900390625e-01,8.689256310462951660e-01,9.317179322242736816e-01
9.000384807586669922e-02,4.164603948593139648e-01,5.585659742355346680e-01,7.861733436584472656e-01,8.252181410789489746e-01,9.166022539138793945e-01
6.522537022829055786e-02,5.500435233116149902e-01,4.211183786392211914e-01,7.067946791648864746e-01,6.928752064704895020e-01,8.788815140724182129e-01
2.142072096467018127e-02,1.000000000000000000e+00,3.719727993011474609e-01,7.374832034111022949e-01,3.203712105751037598e-01,8.224904537200927734e-01
1.000000000000000000e+00,9.648558497428894043e-01,2.350884675979614258e-01,5.475932359695434570e-01,1.325559169054031372e-01,7.107930183410644531e-01
2.253462001681327820e-02,2.651171199977397919e-02,1.238822937011718750e-01,3.608775138854980469e-01,1.688440516591072083e-02,0.000000000000000000e+00
1.169367134571075439e-01,3.822888433933258057e-02,2.485643327236175537e-02,0.000000000000000000e+00,0.000000000000000000e+00,0.000000000000000000e+00
