# CPU,RAM,NetworkR,NetworkW,DiskW,DiskR
5.913024023175239563e-02,6.048027053475379944e-02,1.000000000000000000e+00,9.737926125526428223e-01,9.765733480453491211e-01,9.778518676757812500e-01
2.126500010490417480e-02,6.192763522267341614e-02,9.610667228698730469e-01,9.508115649223327637e-01,9.766383767127990723e-01,9.718901515007019043e-01
2.194977551698684692e-02,1.438156217336654663e-01,9.027906060218811035e-01,9.242226481437683105e-01,9.669269919395446777e-01,9.658686518669128418e-01
2.253153547644615173e-02,1.169136688113212585e-01,9.122957587242126465e-01,9.129695296287536621e-01,9.397071599960327148e-01,9.584481120109558105e-01
2.115883678197860718e-02,1.113031655550003052e-01,8.488502502441406250e-01,8.596208691596984863e-01,7.022396326065063477e-01,8.864337205886840820e-01
3.110009431838989258e-02,1.485949754714965820e-01,5.480297207832336426e-01,7.062119245529174805e-01,6.295699477195739746e-01,8.386448025703430176e-01
4.223829135298728943e-02,1.316562891006469727e-01,4.617632627487182617e-01,6.102233529090881348e-01,6.278809905052185059e-01,8.390625119209289551e-01
5.054407566785812378e-02,1.718323677778244019e-01,3.687789142131805420e-01,4.869939982891082764e-01,6.287159323692321777e-01,8.481104969978332520e-01
9.432162344455718994e-02,1.324473321437835693e-01,3.359634280204772949e-01,3.710480630397796631e-01,6.404466032981872559e-01,8.633880019187927246e-01
1.000000000000000000e+00,1.000000000000000000e+00,2.435852214694023132e-02,0.000000000000000000e+00,0.000000000000000000e+00,0.000000000000000000e+00
