# CPU,RAM,NetworkR,NetworkW,DiskW,DiskR
5.892092734575271606e-02,6.068613380193710327e-02,1.000000000000000000e+00,9.737953543663024902e-01,9.765672683715820312e-01,9.778548479080200195e-01
2.137403562664985657e-02,4.399274662137031555e-02,9.762367010116577148e-01,9.551095366477966309e-01,9.768761396408081055e-01,9.731462001800537109e-01
3.165004402399063110e-02,3.037659823894500732e-01,7.679517269134521484e-01,8.902174234390258789e-01,9.614264369010925293e-01,9.597719907760620117e-01
9.628356993198394775e-02,6.988241076469421387e-01,5.238192081451416016e-01,7.962800860404968262e-01,8.296362161636352539e-01,9.207074642181396484e-01
1.516724824905395508e-01,5.186430215835571289e-01,4.801149070262908936e-01,7.545893788337707520e-01,7.750861644744873047e-01,9.015749692916870117e-01
7.074271887540817261e-02,6.094406843185424805e-01,3.936373293399810791e-01,7.016366124153137207e-01,6.805849671363830566e-01,8.787280321121215820e-01
2.070653624832630157e-02,1.000000000000000000e+00,3.455866873264312744e-01,7.458161115646362305e-01,2.600750029087066650e-01,5.812511444091796875e-01
1.000000000000000000e+00,9.668401479721069336e-01,2.349017262458801270e-01,5.266833305358886719e-01,1.292291730642318726e-01,7.724177837371826172e-01
2.099282667040824890e-02,3.355356305837631226e-02,9.368617832660675049e-02,3.446901142597198486e-01,1.704604923725128174e-02,0.000000000000000000e+00
1.148595213890075684e-01,6.055093929171562195e-02,2.319976501166820526e-02,0.000000000000000000e+00,0.000000000000000000e+00,0.000000000000000000e+00
