# CPU,RAM,NetworkR,NetworkW,DiskW,DiskR
5.904346331954002380e-02,6.050392612814903259e-02,1.000000000000000000e+00,9.737898111343383789e-01,9.765709042549133301e-01,9.778508543968200684e-01
2.102361619472503662e-02,5.954086408019065857e-02,9.659066796302795410e-01,9.519896507263183594e-01,9.765159487724304199e-01,9.715113043785095215e-01
2.178525365889072418e-02,1.680777370929718018e-01,8.886690735816955566e-01,9.196590185165405273e-01,9.643582701683044434e-01,9.630903005599975586e-01
2.270937524735927582e-02,1.825514584779739380e-01,8.555127382278442383e-01,8.925348520278930664e-01,9.133272171020507812e-01,9.464420080184936523e-01
2.122114412486553192e-02,1.448964029550552368e-01,7.995678782463073730e-01,8.449248075485229492e-01,6.662917733192443848e-01,8.656903505325317383e-01
2.929623983800411224e-02,2.949917912483215332e-01,4.827255904674530029e-01,6.946390271186828613e-01,6.316424012184143066e-01,8.355920910835266113e-01
2.924629114568233490e-02,1.215110123157501221e-01,5.384931564331054688e-01,6.636650562286376953e-01,6.182183623313903809e-01,8.397755026817321777e-01
2.614394761621952057e-02,1.836245507001876831e-01,4.150721430778503418e-01,5.361634492874145508e-01,5.723234415054321289e-01,8.212608695030212402e-01
8.266581594944000244e-02,2.598081529140472412e-01,2.664375007152557373e-01,3.373972475528717041e-01,5.189641118049621582e-01,8.003829717636108398e-01
1.000000000000000000e+00,1.000000000000000000e+00,2.511667087674140930e-02,0.000000000000000000e+00,0.000000000000000000e+00,0.000000000000000000e+00
