# CPU,RAM,NetworkR,NetworkW,DiskW,DiskR
5.901438370347023010e-02,6.070491671562194824e-02,1.000000000000000000e+00,9.737942218780517578e-01,9.765668511390686035e-01,9.778548479080200195e-01
2.025494165718555450e-02,4.117839634418487549e-01,9.182247519493103027e-01,9.325820803642272949e-01,9.667536616325378418e-01,8.829867839813232422e-01
2.210605330765247345e-02,1.819097995758056641e-01,8.767279386520385742e-01,9.127563238143920898e-01,9.580386281013488770e-01,9.461385607719421387e-01
2.051875740289688110e-02,2.391843497753143311e-01,8.647414445877075195e-01,8.952565193176269531e-01,8.616728186607360840e-01,9.176223874092102051e-01
2.021596021950244904e-02,1.779778152704238892e-01,8.350691795349121094e-01,8.623338341712951660e-01,5.979593396186828613e-01,7.819115519523620605e-01
2.262126840651035309e-02,1.968079954385757446e-01,5.272311568260192871e-01,7.160986065864562988e-01,5.106246471405029297e-01,7.379094362258911133e-01
2.226851321756839752e-02,2.558504641056060791e-01,4.144658744335174561e-01,6.278809905052185059e-01,4.815288484096527100e-01,7.225271463394165039e-01
2.327924035489559174e-02,1.872646212577819824e-01,4.264025688171386719e-01,5.582570433616638184e-01,5.256999731063842773e-01,7.786329984664916992e-01
7.479065656661987305e-02,3.580900430679321289e-01,2.317804694175720215e-01,3.306325078010559082e-01,4.472245872020721436e-01,7.429366111755371094e-01
1.000000000000000000e+00,1.000000000000000000e+00,2.650974690914154053e-02,0.000000000000000000e+00,0.000000000000000000e+00,0.000000000000000000e+00
