# CPU,RAM,NetworkR,NetworkW,DiskW,DiskR
5.917809531092643738e-02,6.061747670173645020e-02,1.000000000000000000e+00,9.737928509712219238e-01,9.765697717666625977e-01,9.778537154197692871e-01
2.122617699205875397e-02,7.224549353122711182e-02,9.545023441314697266e-01,9.490489959716796875e-01,9.764915108680725098e-01,9.712500572204589844e-01
2.404681034386157990e-02,9.287551790475845337e-02,9.268519878387451172e-01,9.310393929481506348e-01,9.715601801872253418e-01,9.701081514358520508e-01
2.843519486486911774e-02,1.738822609186172485e-01,8.428456783294677734e-01,8.910151124000549316e-01,9.436991214752197266e-01,9.567148089408874512e-01
6.568361073732376099e-02,3.367660641670227051e-01,5.792137980461120605e-01,7.682769298553466797e-01,7.902833223342895508e-01,8.993003964424133301e-01
1.942827701568603516e-01,6.862018704414367676e-01,3.614619374275207520e-01,6.443153619766235352e-01,6.499722599983215332e-01,8.733917474746704102e-01
5.497518181800842285e-02,1.000000000000000000e+00,2.976273298263549805e-01,6.558338999748229980e-01,3.069191277027130127e-01,8.671657443046569824e-01
1.000000000000000000e+00,1.000000000000000000e+00,1.647399365901947021e-01,4.551609456539154053e-01,8.856622874736785889e-02,7.065505385398864746e-01
2.335725352168083191e-02,2.552636712789535522e-02,7.573094964027404785e-02,3.048113584518432617e-01,3.684796392917633057e-03,0.000000000000000000e+00
1.439774632453918457e-01,2.984299883246421814e-02,2.477646991610527039e-02,0.000000000000000000e+00,0.000000000000000000e+00,0.000000000000000000e+00
