# CPU,RAM,NetworkR,NetworkW,DiskW,DiskR
1.999999955296516418e-02,2.199999988079071045e-01,1.000000000000000000e+00,9.800000190734863281e-01,9.800000190734863281e-01,9.800000190734863281e-01
1.999999955296516418e-02,3.199999928474426270e-01,8.771428465843200684e-01,9.278694391250610352e-01,9.689865708351135254e-01,9.653148055076599121e-01
1.999999955296516418e-02,3.199999928474426270e-01,7.342857122421264648e-01,8.852583765983581543e-01,9.265143871307373047e-01,9.653148055076599121e-01
1.999999955296516418e-02,4.199999868869781494e-01,6.322448849678039551e-01,8.125022649765014648e-01,8.970474600791931152e-01,9.653148055076599121e-01
1.999999955296516418e-02,4.199999868869781494e-01,5.506122112274169922e-01,7.717044353485107422e-01,7.098184227943420410e-01,8.456732630729675293e-01
1.049315035343170166e-01,5.199999809265136719e-01,4.281632602214813232e-01,7.227470874786376953e-01,6.514118313789367676e-01,8.283964991569519043e-01
1.999999955296516418e-02,1.000000000000000000e+00,3.057142794132232666e-01,6.571683287620544434e-01,3.577972948551177979e-01,7.918993830680847168e-01
1.000000000000000000e+00,1.000000000000000000e+00,2.240816354751586914e-01,4.999456107616424561e-01,1.476625651121139526e-01,6.939617991447448730e-01
1.999999955296516418e-02,1.999999955296516418e-02,1.016326546669006348e-01,3.212662339210510254e-01,0.000000000000000000e+00,0.000000000000000000e+00
9.397260099649429321e-02,1.999999955296516418e-02,1.999999955296516418e-02,0.000000000000000000e+00,0.000000000000000000e+00,0.000000000000000000e+00
