# CPU,RAM,NetworkR,NetworkW,DiskW,DiskR
5.911871790885925293e-02,6.078349426388740540e-02,1.000000000000000000e+00,9.737938642501831055e-01,9.765650629997253418e-01,9.778559207916259766e-01
2.105231769382953644e-02,1.102499663829803467e-01,9.388639330863952637e-01,9.450131654739379883e-01,9.759901762008666992e-01,9.691251516342163086e-01
2.292298153042793274e-02,8.033952116966247559e-02,9.470431208610534668e-01,9.372465610504150391e-01,9.717987775802612305e-01,9.710353016853332520e-01
2.175827510654926300e-02,1.133034974336624146e-01,9.204705357551574707e-01,9.151410460472106934e-01,9.404828548431396484e-01,9.585302472114562988e-01
2.089692838490009308e-02,1.067398637533187866e-01,8.635596632957458496e-01,8.618150949478149414e-01,6.929576992988586426e-01,8.834429979324340820e-01
3.103151544928550720e-02,1.430727988481521606e-01,5.273594856262207031e-01,6.875731348991394043e-01,5.896223187446594238e-01,8.169436454772949219e-01
3.383999690413475037e-02,1.379146575927734375e-01,4.254386126995086670e-01,5.865887403488159180e-01,5.637708306312561035e-01,8.012703657150268555e-01
3.095043823122978210e-02,1.586029380559921265e-01,3.694816529750823975e-01,4.849014580249786377e-01,5.626283288002014160e-01,8.105213046073913574e-01
5.947271361947059631e-02,1.339322775602340698e-01,2.988590598106384277e-01,3.400414288043975830e-01,5.337974429130554199e-01,8.007702231407165527e-01
1.000000000000000000e+00,1.000000000000000000e+00,2.470891177654266357e-02,0.000000000000000000e+00,0.000000000000000000e+00,0.000000000000000000e+00
