# CPU,RAM,NetworkR,NetworkW,DiskW,DiskR
5.915784090757369995e-02,6.077263131737709045e-02,1.000000000000000000e+00,9.737933278083801270e-01,9.765653610229492188e-01,9.778556823730468750e-01
2.125596255064010620e-02,6.242441385984420776e-02,9.607681035995483398e-01,9.506877064704895020e-01,9.765965938568115234e-01,9.717721939086914062e-01
2.712460234761238098e-02,1.655098348855972290e-01,8.604261875152587891e-01,9.128670096397399902e-01,9.686284065246582031e-01,9.663147926330566406e-01
4.219919443130493164e-02,2.531395256519317627e-01,7.832752466201782227e-01,8.761399984359741211e-01,9.427493214607238770e-01,9.560206532478332520e-01
1.514279544353485107e-01,6.222934126853942871e-01,4.923188090324401855e-01,7.507824301719665527e-01,7.894587516784667969e-01,9.091818928718566895e-01
8.637727797031402588e-02,6.054386496543884277e-01,3.628465533256530762e-01,6.636272668838500977e-01,6.013536453247070312e-01,8.449441790580749512e-01
2.326497994363307953e-02,1.000000000000000000e+00,3.323242962360382080e-01,7.030320167541503906e-01,3.254270255565643311e-01,8.430725932121276855e-01
1.000000000000000000e+00,9.689636230468750000e-01,1.971460580825805664e-01,5.032200217247009277e-01,1.137772500514984131e-01,6.050521135330200195e-01
2.500864490866661072e-02,2.439784817397594452e-02,1.089278012514114380e-01,3.333685398101806641e-01,9.741973131895065308e-03,0.000000000000000000e+00
1.660874187946319580e-01,3.439404070377349854e-02,2.437967993319034576e-02,0.000000000000000000e+00,0.000000000000000000e+00,0.000000000000000000e+00
