# CPU,RAM,NetworkR,NetworkW,DiskW,DiskR
5.904939398169517517e-02,6.068604066967964172e-02,1.000000000000000000e+00,9.737947583198547363e-01,9.765678048133850098e-01,9.778549075126647949e-01
2.094831690192222595e-02,1.207941174507141113e-01,9.372316002845764160e-01,9.444881677627563477e-01,9.758183956146240234e-01,9.682695865631103516e-01
2.314247936010360718e-02,6.326609849929809570e-02,9.623936414718627930e-01,9.423449039459228516e-01,9.730849862098693848e-01,9.723907709121704102e-01
2.205415070056915283e-02,1.264712810516357422e-01,9.038437604904174805e-01,9.085553884506225586e-01,9.386113286018371582e-01,9.564249515533447266e-01
2.326656132936477661e-02,1.003829836845397949e-01,8.325239419937133789e-01,8.498539328575134277e-01,7.625643610954284668e-01,9.058951139450073242e-01
1.524157971143722534e-01,2.837454974651336670e-01,4.188665151596069336e-01,6.317055821418762207e-01,6.863415241241455078e-01,8.591618537902832031e-01
2.545776367187500000e-01,1.000000000000000000e+00,2.639599144458770752e-01,5.870916247367858887e-01,2.767182290554046631e-01,8.712137937545776367e-01
9.417468905448913574e-01,4.350829124450683594e-01,8.345279842615127563e-02,2.810417115688323975e-01,6.480066478252410889e-02,1.085188239812850952e-01
2.917066588997840881e-02,2.113575302064418793e-02,8.515866100788116455e-02,2.505312860012054443e-01,1.565451547503471375e-02,0.000000000000000000e+00
1.905128210783004761e-01,2.549385651946067810e-02,2.764729224145412445e-02,0.000000000000000000e+00,0.000000000000000000e+00,0.000000000000000000e+00
