# CPU,RAM,NetworkR,NetworkW,DiskW,DiskR
5.909139290452003479e-02,6.083931773900985718e-02,1.000000000000000000e+00,9.737942814826965332e-01,9.765634536743164062e-01,9.778566360473632812e-01
2.097705937922000885e-02,1.318386197090148926e-01,9.330345988273620605e-01,9.435203671455383301e-01,9.757212400436401367e-01,9.679795503616333008e-01
2.262260951101779938e-02,7.575944066047668457e-02,9.535735249519348145e-01,9.393538832664489746e-01,9.718716144561767578e-01,9.713009595870971680e-01
2.131273783743381500e-02,1.056342124938964844e-01,9.319942593574523926e-01,9.188733696937561035e-01,9.392251372337341309e-01,9.584957361221313477e-01
2.077144756913185120e-02,9.627378731966018677e-02,8.790016770362854004e-01,8.668971061706542969e-01,6.898011565208435059e-01,8.843908309936523438e-01
3.139207512140274048e-02,1.234206184744834900e-01,5.487847924232482910e-01,6.939218640327453613e-01,6.054217815399169922e-01,8.270657658576965332e-01
3.532505035400390625e-02,1.408169120550155640e-01,4.176259636878967285e-01,5.790660977363586426e-01,5.723009705543518066e-01,8.060306310653686523e-01
2.799111977219581604e-02,1.548248976469039917e-01,3.679129779338836670e-01,4.837194979190826416e-01,5.378504991531372070e-01,7.943889498710632324e-01
4.441977292299270630e-02,1.274131834506988525e-01,2.865394055843353271e-01,3.324092030525207520e-01,4.746467173099517822e-01,7.531546354293823242e-01
9.983677268028259277e-01,1.000000000000000000e+00,2.499253675341606140e-02,0.000000000000000000e+00,0.000000000000000000e+00,0.000000000000000000e+00
