# CPU,RAM,NetworkR,NetworkW,DiskW,DiskR
5.907346680760383606e-02,6.051834672689437866e-02,1.000000000000000000e+00,9.737914800643920898e-01,9.765713810920715332e-01,9.778517484664916992e-01
2.017039619386196136e-02,4.601662158966064453e-01,9.239610433578491211e-01,9.301097393035888672e-01,9.616089463233947754e-01,7.880150079727172852e-01
2.051205560564994812e-02,4.686882495880126953e-01,7.911167740821838379e-01,8.858284354209899902e-01,9.040449857711791992e-01,8.356001377105712891e-01
2.020861208438873291e-02,3.459718823432922363e-01,8.212827444076538086e-01,8.800156712532043457e-01,7.619642615318298340e-01,8.173104524612426758e-01
2.014655992388725281e-02,3.148291707038879395e-01,7.452658414840698242e-01,8.389790654182434082e-01,5.715946555137634277e-01,6.588826775550842285e-01
2.128850296139717102e-02,2.584714889526367188e-01,5.122945904731750488e-01,7.220439910888671875e-01,4.679580926895141602e-01,6.446442008018493652e-01
2.180957980453968048e-02,2.609044909477233887e-01,4.152630567550659180e-01,6.391552090644836426e-01,4.522407948970794678e-01,6.733345389366149902e-01
2.625303156673908234e-02,1.858450323343276978e-01,4.264138340950012207e-01,5.694768428802490234e-01,5.681588053703308105e-01,7.998305559158325195e-01
1.852347850799560547e-01,6.018900275230407715e-01,2.379855662584304810e-01,3.574625551700592041e-01,5.558726787567138672e-01,8.370218276977539062e-01
1.000000000000000000e+00,1.000000000000000000e+00,2.664091810584068298e-02,0.000000000000000000e+00,0.000000000000000000e+00,0.000000000000000000e+00
