# CPU,RAM,NetworkR,NetworkW,DiskW,DiskR
5.911193788051605225e-02,6.073911488056182861e-02,1.000000000000000000e+00,9.737937450408935547e-01,9.765662550926208496e-01,9.778553247451782227e-01
2.129153721034526825e-02,6.278645247220993042e-02,9.600850343704223633e-01,9.505006670951843262e-01,9.766004085540771484e-01,9.717770814895629883e-01
3.139244019985198975e-02,2.822118103504180908e-01,7.979893088340759277e-01,8.980581760406494141e-01,9.651572704315185547e-01,9.634850621223449707e-01
5.430150032043457031e-02,6.736927628517150879e-01,5.642302632331848145e-01,8.124948740005493164e-01,8.419072628021240234e-01,9.243733882904052734e-01
5.783518031239509583e-02,3.364791274070739746e-01,5.836991071701049805e-01,7.947052717208862305e-01,8.080707788467407227e-01,9.107986688613891602e-01
5.842262879014015198e-02,5.134896636009216309e-01,4.241958558559417725e-01,7.049475908279418945e-01,6.842191815376281738e-01,8.731361031532287598e-01
2.244599163532257080e-02,1.000000000000000000e+00,3.875102996826171875e-01,7.359583377838134766e-01,3.907373845577239990e-01,8.837041854858398438e-01
1.000000000000000000e+00,9.804400205612182617e-01,2.341002672910690308e-01,5.553023815155029297e-01,1.281748265027999878e-01,7.063854932785034180e-01
2.300380170345306396e-02,2.481317333877086639e-02,1.209846436977386475e-01,3.617558479309082031e-01,1.343190670013427734e-02,0.000000000000000000e+00
1.140254735946655273e-01,3.063464909791946411e-02,2.639280445873737335e-02,0.000000000000000000e+00,0.000000000000000000e+00,0.000000000000000000e+00
