# CPU,RAM,NetworkR,NetworkW,DiskW,DiskR
5.919107422232627869e-02,5.988698080182075500e-02,1.000000000000000000e+00,9.737762212753295898e-01,9.765837788581848145e-01,9.778385758399963379e-01
2.131524123251438141e-02,4.470455273985862732e-02,9.758874773979187012e-01,9.549929499626159668e-01,9.768532514572143555e-01,9.730268716812133789e-01
2.166030555963516235e-02,1.645683348178863525e-01,8.843706250190734863e-01,9.186098575592041016e-01,9.635732173919677734e-01,9.621117115020751953e-01
2.260237000882625580e-02,1.580750644207000732e-01,8.700703382492065430e-01,8.970789909362792969e-01,9.157790541648864746e-01,9.480039477348327637e-01
2.142785489559173584e-02,1.529316455125808716e-01,7.723611593246459961e-01,8.335474729537963867e-01,6.401949524879455566e-01,8.512720465660095215e-01
3.248234838247299194e-02,2.766774892807006836e-01,4.419142901897430420e-01,6.694763898849487305e-01,5.784292221069335938e-01,8.040258288383483887e-01
2.944468148052692413e-02,1.336204409599304199e-01,4.705022573471069336e-01,6.307955980300903320e-01,5.608319044113159180e-01,8.027211427688598633e-01
2.526639774441719055e-02,1.696345508098602295e-01,4.045289158821105957e-01,5.305109620094299316e-01,5.525611639022827148e-01,8.074812293052673340e-01
8.101829141378402710e-02,2.586098313331604004e-01,2.691390216350555420e-01,3.379015922546386719e-01,5.338335633277893066e-01,8.092007040977478027e-01
1.000000000000000000e+00,1.000000000000000000e+00,2.511254325509071350e-02,0.000000000000000000e+00,0.000000000000000000e+00,0.000000000000000000e+00
