# CPU,RAM,NetworkR,NetworkW,DiskW,DiskR
1.911397092044353485e-02,2.035320550203323364e-02,9.769682884216308594e-01,1.000000000000000000e+00,1.000000000000000000e+00,1.000000000000000000e+00
0.000000000000000000e+00,4.323348999023437500e-01,8.894521594047546387e-01,9.633179903030395508e-01,9.800552129745483398e-01,5.087225437164306641e-01
0.000000000000000000e+00,6.920353174209594727e-01,7.127512693405151367e-01,9.005349874496459961e-01,8.512910604476928711e-01,3.036426901817321777e-01
2.008114941418170929e-02,6.897270679473876953e-01,6.504136323928833008e-01,8.238887190818786621e-01,6.623613238334655762e-01,2.545157074928283691e-01
2.009938284754753113e-02,7.102568149566650391e-01,4.967492818832397461e-01,7.621122598648071289e-01,5.087665915489196777e-01,2.106096446514129639e-01
2.027064561843872070e-02,5.618374943733215332e-01,3.081748783588409424e-01,6.379426121711730957e-01,3.425998091697692871e-01,9.323069453239440918e-02
2.071892097592353821e-02,4.537135958671569824e-01,2.288070321083068848e-01,4.997043013572692871e-01,2.495571225881576538e-01,9.301505982875823975e-02
4.660722613334655762e-02,4.831142127513885498e-01,2.820266485214233398e-01,4.443084895610809326e-01,4.490761458873748779e-01,6.587827205657958984e-01
6.070668697357177734e-01,9.293991923332214355e-01,3.152491748332977295e-01,4.106118679046630859e-01,7.497538924217224121e-01,9.224722385406494141e-01
1.000000000000000000e+00,1.000000000000000000e+00,3.173182904720306396e-02,0.000000000000000000e+00,0.000000000000000000e+00,1.642284914851188660e-03
