# CPU,RAM,NetworkR,NetworkW,DiskW,DiskR
5.911656096577644348e-02,6.067807227373123169e-02,1.000000000000000000e+00,9.737927317619323730e-01,9.765675663948059082e-01,9.778541922569274902e-01
2.027853019535541534e-02,2.951360046863555908e-01,9.322456121444702148e-01,9.371361732482910156e-01,9.704144001007080078e-01,9.142579436302185059e-01
2.157778292894363403e-02,2.001264393329620361e-01,8.818725347518920898e-01,9.145621657371520996e-01,9.594371318817138672e-01,9.485035538673400879e-01
2.066096849739551544e-02,2.129077762365341187e-01,8.779327273368835449e-01,8.990149497985839844e-01,8.811534643173217773e-01,9.289011955261230469e-01
2.025643549859523773e-02,1.548247933387756348e-01,8.526766896247863770e-01,8.669543266296386719e-01,6.190706491470336914e-01,8.144024014472961426e-01
2.333909831941127777e-02,1.900612562894821167e-01,5.468935370445251465e-01,7.216772437095642090e-01,5.590038895606994629e-01,7.840843200683593750e-01
2.288460172712802887e-02,2.096270918846130371e-01,4.727884531021118164e-01,6.512091755867004395e-01,5.531258583068847656e-01,7.892128825187683105e-01
2.267455123364925385e-02,1.674088388681411743e-01,4.630095064640045166e-01,5.731925368309020996e-01,5.396051406860351562e-01,7.942748069763183594e-01
5.564291030168533325e-02,3.247891962528228760e-01,2.353274077177047729e-01,3.295966982841491699e-01,4.167920053005218506e-01,7.124697566032409668e-01
1.000000000000000000e+00,1.000000000000000000e+00,2.682353742420673370e-02,0.000000000000000000e+00,0.000000000000000000e+00,0.000000000000000000e+00
