# CPU,RAM,NetworkR,NetworkW,DiskW,DiskR
5.915992707014083862e-02,6.076997518539428711e-02,1.000000000000000000e+00,9.737933874130249023e-01,9.765654802322387695e-01,9.778556823730468750e-01
2.113545313477516174e-02,9.953016042709350586e-02,9.417158961296081543e-01,9.457731246948242188e-01,9.761434197425842285e-01,9.698001742362976074e-01
2.523445710539817810e-02,1.496594101190567017e-01,8.867645859718322754e-01,9.199885725975036621e-01,9.693374037742614746e-01,9.677949547767639160e-01
2.306616120040416718e-02,1.122540682554244995e-01,9.173128604888916016e-01,9.175644516944885254e-01,9.500200152397155762e-01,9.630892276763916016e-01
2.236069180071353912e-02,1.198166161775588989e-01,8.319165110588073730e-01,8.555627465248107910e-01,7.695757746696472168e-01,9.069311022758483887e-01
6.134299561381340027e-02,1.088065505027770996e-01,5.878917574882507324e-01,7.138329744338989258e-01,6.970832943916320801e-01,8.689873814582824707e-01
1.523614674806594849e-01,9.817739725112915039e-01,2.922385036945343018e-01,5.767322182655334473e-01,5.002693533897399902e-01,8.956387042999267578e-01
1.000000000000000000e+00,9.710080623626708984e-01,1.177242398262023926e-01,3.146162033081054688e-01,7.679773122072219849e-02,4.274269342422485352e-01
2.691921778023242950e-02,2.148467302322387695e-02,8.234409987926483154e-02,2.786166369915008545e-01,6.678862497210502625e-03,0.000000000000000000e+00
1.677322089672088623e-01,2.628672309219837189e-02,2.676526084542274475e-02,0.000000000000000000e+00,0.000000000000000000e+00,0.000000000000000000e+00
