# CPU,RAM,NetworkR,NetworkW,DiskW,DiskR
5.904612690210342407e-02,6.055615469813346863e-02,1.000000000000000000e+00,9.737918972969055176e-01,9.765703082084655762e-01,9.778522849082946777e-01
2.010939456522464752e-02,5.666869878768920898e-01,9.155772924423217773e-01,9.224918484687805176e-01,9.428983926773071289e-01,5.595551133155822754e-01
2.027017995715141296e-02,6.005984544754028320e-01,7.434610724449157715e-01,8.684059381484985352e-01,8.420109748840332031e-01,6.020793318748474121e-01
2.012361213564872742e-02,4.901731610298156738e-01,7.321630120277404785e-01,8.530337810516357422e-01,6.831876635551452637e-01,5.698779225349426270e-01
2.011934854090213776e-02,5.201463103294372559e-01,6.122589707374572754e-01,8.010196089744567871e-01,5.383253097534179688e-01,4.447431266307830811e-01
2.056149765849113464e-02,3.946653604507446289e-01,3.987424373626708984e-01,6.826751232147216797e-01,3.805011212825775146e-01,3.351457118988037109e-01
2.085518464446067810e-02,4.288869500160217285e-01,2.687929570674896240e-01,5.587482452392578125e-01,2.907660603523254395e-01,2.625399231910705566e-01
2.912244759500026703e-02,2.958841621875762939e-01,3.081443309783935547e-01,4.856348037719726562e-01,4.425270855426788330e-01,6.565747857093811035e-01
3.658115863800048828e-01,8.288048505783081055e-01,2.617644965648651123e-01,3.769538700580596924e-01,6.591911315917968750e-01,8.851682543754577637e-01
1.000000000000000000e+00,1.000000000000000000e+00,2.802137099206447601e-02,0.000000000000000000e+00,0.000000000000000000e+00,0.000000000000000000e+00
