# CPU,RAM,NetworkR,NetworkW,DiskW,DiskR
5.901673436164855957e-02,6.056856736540794373e-02,1.000000000000000000e+00,9.737927913665771484e-01,9.765701889991760254e-01,9.778527021408081055e-01
2.027546428143978119e-02,2.494309842586517334e-01,9.397172927856445312e-01,9.391676187515258789e-01,9.713765382766723633e-01,9.206876754760742188e-01
2.052938565611839294e-02,3.955414891242980957e-01,8.379251956939697266e-01,9.003303647041320801e-01,9.326442480087280273e-01,9.115245938301086426e-01
2.028764225542545319e-02,2.987968325614929199e-01,8.502707481384277344e-01,8.870131373405456543e-01,7.961041927337646484e-01,8.759687542915344238e-01
2.016613259911537170e-02,2.410259246826171875e-01,7.873986959457397461e-01,8.471907973289489746e-01,5.694261193275451660e-01,7.164854407310485840e-01
2.176639810204505920e-02,2.236187011003494263e-01,5.225064158439636230e-01,7.160426378250122070e-01,4.869277179241180420e-01,6.985411047935485840e-01
2.179115638136863708e-02,2.374038398265838623e-01,4.388821423053741455e-01,6.399474740028381348e-01,4.820417463779449463e-01,7.172268033027648926e-01
2.547338046133518219e-02,1.838687360286712646e-01,4.374328255653381348e-01,5.605666637420654297e-01,5.783218145370483398e-01,8.121536970138549805e-01
1.405797451734542847e-01,4.842450916767120361e-01,2.368845343589782715e-01,3.359928131103515625e-01,5.245366692543029785e-01,8.135201930999755859e-01
1.000000000000000000e+00,1.000000000000000000e+00,2.566789649426937103e-02,0.000000000000000000e+00,0.000000000000000000e+00,0.000000000000000000e+00
