# CPU,RAM,NetworkR,NetworkW,DiskW,DiskR
5.909187346696853638e-02,6.036314740777015686e-02,1.000000000000000000e+00,9.737857580184936523e-01,9.765735268592834473e-01,9.778477549552917480e-01
2.037850581109523773e-02,1.527801156044006348e-01,9.498359560966491699e-01,9.444538950920104980e-01,9.741435050964355469e-01,9.524160623550415039e-01
2.087775804102420807e-02,2.974904775619506836e-01,8.617950677871704102e-01,9.092766642570495605e-01,9.514507651329040527e-01,9.448788762092590332e-01
2.082213386893272400e-02,2.171069085597991943e-01,8.662554025650024414e-01,8.940399289131164551e-01,8.689789772033691406e-01,9.272882938385009766e-01
2.036193944513797760e-02,1.909778267145156860e-01,8.093069791793823242e-01,8.523376584053039551e-01,6.247528195381164551e-01,8.211450576782226562e-01
2.404678799211978912e-02,2.087872177362442017e-01,5.595815181732177734e-01,7.282698750495910645e-01,5.997176766395568848e-01,8.133538961410522461e-01
2.280326001346111298e-02,1.328838914632797241e-01,5.782666206359863281e-01,6.957496404647827148e-01,6.092335581779479980e-01,8.327374458312988281e-01
2.576621994376182556e-02,2.315681427717208862e-01,3.964782059192657471e-01,5.288351178169250488e-01,5.327432155609130859e-01,7.931143641471862793e-01
1.423441469669342041e-01,6.250553131103515625e-01,1.899614781141281128e-01,2.989009916782379150e-01,4.107209742069244385e-01,7.537797689437866211e-01
1.000000000000000000e+00,1.000000000000000000e+00,2.508132904767990112e-02,0.000000000000000000e+00,0.000000000000000000e+00,0.000000000000000000e+00
