# CPU,RAM,NetworkR,NetworkW,DiskW,DiskR
5.910206958651542664e-02,6.069931015372276306e-02,1.000000000000000000e+00,9.737930297851562500e-01,9.765670299530029297e-01,9.778545498847961426e-01
2.128703147172927856e-02,4.452323168516159058e-02,9.763970375061035156e-01,9.552015662193298340e-01,9.768671989440917969e-01,9.731158018112182617e-01
2.289224229753017426e-02,1.053997576236724854e-01,9.108018875122070312e-01,9.258674383163452148e-01,9.688407182693481445e-01,9.669494032859802246e-01
2.246314659714698792e-02,1.078829020261764526e-01,9.119188785552978516e-01,9.122337698936462402e-01,9.367658495903015137e-01,9.573699831962585449e-01
2.247120812535285950e-02,1.039416864514350891e-01,8.157359957695007324e-01,8.447379469871520996e-01,7.024332880973815918e-01,8.865643143653869629e-01
5.466271936893463135e-02,2.039894163608551025e-01,4.591841399669647217e-01,6.635339260101318359e-01,6.524944305419921875e-01,8.426763415336608887e-01
8.295743167400360107e-02,2.737401425838470459e-01,3.255829513072967529e-01,5.384268164634704590e-01,5.670274496078491211e-01,8.106427192687988281e-01
1.018011271953582764e-01,3.379778861999511719e-01,2.360960543155670166e-01,4.066366255283355713e-01,4.954201877117156982e-01,7.842832803726196289e-01
7.273793220520019531e-02,6.964762508869171143e-02,2.936038672924041748e-01,3.531620502471923828e-01,5.199766755104064941e-01,7.820312380790710449e-01
9.811028838157653809e-01,9.870033860206604004e-01,2.283744886517524719e-02,0.000000000000000000e+00,0.000000000000000000e+00,0.000000000000000000e+00
