# CPU,RAM,NetworkR,NetworkW,DiskW,DiskR
5.896452814340591431e-02,6.030238792300224304e-02,1.000000000000000000e+00,9.737864732742309570e-01,9.765747785568237305e-01,9.778469800949096680e-01
2.080923505127429962e-02,1.315232217311859131e-01,9.371247887611389160e-01,9.441089630126953125e-01,9.755489230155944824e-01,9.667357206344604492e-01
2.201679162681102753e-02,1.313531696796417236e-01,9.205241799354553223e-01,9.289024472236633301e-01,9.684793949127197266e-01,9.673437476158142090e-01
2.150697261095046997e-02,1.949506103992462158e-01,8.730885386466979980e-01,8.979586362838745117e-01,9.137731194496154785e-01,9.465366005897521973e-01
2.059344574809074402e-02,1.402337551116943359e-01,8.467753529548645020e-01,8.602833747863769531e-01,6.665050983428955078e-01,8.644176721572875977e-01
2.608365193009376526e-02,2.268904894590377808e-01,5.350146889686584473e-01,7.101674675941467285e-01,6.284855604171752930e-01,8.331528902053833008e-01
2.532142028212547302e-02,1.328226625919342041e-01,5.585911870002746582e-01,6.720148324966430664e-01,6.331217288970947266e-01,8.462452292442321777e-01
2.390352077782154083e-02,1.809286922216415405e-01,4.489689469337463379e-01,5.468754768371582031e-01,5.662623643875122070e-01,8.175642490386962891e-01
7.353361696004867554e-02,2.767010331153869629e-01,2.671886682510375977e-01,3.307022452354431152e-01,5.039492249488830566e-01,7.868433594703674316e-01
1.000000000000000000e+00,1.000000000000000000e+00,2.540561743080615997e-02,0.000000000000000000e+00,0.000000000000000000e+00,0.000000000000000000e+00
