# CPU,RAM,NetworkR,NetworkW,DiskW,DiskR
5.906477570533752441e-02,6.085071340203285217e-02,1.000000000000000000e+00,9.737950563430786133e-01,9.765633344650268555e-01,9.778570532798767090e-01
2.114761993288993835e-02,1.007100790739059448e-01,9.409238696098327637e-01,9.455517530441284180e-01,9.761098027229309082e-01,9.696957468986511230e-01
3.292926400899887085e-02,1.749400794506072998e-01,8.596319556236267090e-01,9.126318693161010742e-01,9.706599116325378418e-01,9.682636260986328125e-01
6.419848650693893433e-02,5.278474092483520508e-01,6.559196710586547852e-01,8.404757976531982422e-01,9.143698215484619141e-01,9.460248947143554688e-01
1.065466105937957764e-01,4.835098087787628174e-01,5.549107193946838379e-01,7.823223471641540527e-01,8.352521657943725586e-01,9.209963083267211914e-01
6.187415495514869690e-02,5.137282013893127441e-01,4.187062680721282959e-01,6.980317831039428711e-01,6.651737689971923828e-01,8.664432168006896973e-01
2.195281535387039185e-02,1.000000000000000000e+00,3.732928037643432617e-01,7.244715690612792969e-01,3.713450729846954346e-01,8.634684085845947266e-01
1.000000000000000000e+00,9.312341213226318359e-01,2.171264439821243286e-01,5.213882923126220703e-01,1.323373615741729736e-01,5.515152812004089355e-01
2.449002303183078766e-02,2.472215704619884491e-02,1.447374969720840454e-01,3.564219474792480469e-01,1.962313428521156311e-02,0.000000000000000000e+00
1.095773726701736450e-01,3.062106296420097351e-02,2.730514854192733765e-02,0.000000000000000000e+00,0.000000000000000000e+00,0.000000000000000000e+00
