# CPU,RAM,NetworkR,NetworkW,DiskW,DiskR
5.913581326603889465e-02,6.058046966791152954e-02,1.000000000000000000e+00,9.737930893898010254e-01,9.765706658363342285e-01,9.778532385826110840e-01
2.136720530688762665e-02,4.128573089838027954e-02,9.794214367866516113e-01,9.561476707458496094e-01,9.769487380981445312e-01,9.734651446342468262e-01
2.169401571154594421e-02,1.924700289964675903e-01,8.637406826019287109e-01,9.131432175636291504e-01,9.606601595878601074e-01,9.593481421470642090e-01
2.401025034487247467e-02,1.357787698507308960e-01,8.799555301666259766e-01,9.019743204116821289e-01,9.319483637809753418e-01,9.542769193649291992e-01
2.191180363297462463e-02,1.629247814416885376e-01,7.576364278793334961e-01,8.295203447341918945e-01,6.618347167968750000e-01,8.600587248802185059e-01
2.976967021822929382e-02,2.307831645011901855e-01,4.669278860092163086e-01,6.819754242897033691e-01,5.618755221366882324e-01,7.964295744895935059e-01
3.328908979892730713e-02,1.897465437650680542e-01,3.823349773883819580e-01,5.842663049697875977e-01,4.994981586933135986e-01,7.572172284126281738e-01
2.807910367846488953e-02,1.477214545011520386e-01,3.894881010055541992e-01,5.215677022933959961e-01,5.507522821426391602e-01,8.019430041313171387e-01
6.662863492965698242e-02,1.944722086191177368e-01,2.628619670867919922e-01,3.356848061084747314e-01,4.909107089042663574e-01,7.778600454330444336e-01
1.000000000000000000e+00,1.000000000000000000e+00,2.556622400879859924e-02,0.000000000000000000e+00,0.000000000000000000e+00,0.000000000000000000e+00
