# CPU,RAM,NetworkR,NetworkW,DiskW,DiskR
5.917788669466972351e-02,6.080147251486778259e-02,1.000000000000000000e+00,9.737929105758666992e-01,9.765645265579223633e-01,9.778559207916259766e-01
2.110934816300868988e-02,9.354753792285919189e-02,9.448546767234802246e-01,9.465476274490356445e-01,9.762060642242431641e-01,9.700326919555664062e-01
2.261405065655708313e-02,9.272234886884689331e-02,9.373928308486938477e-01,9.342191219329833984e-01,9.708155393600463867e-01,9.699853658676147461e-01
2.188460156321525574e-02,1.049020066857337952e-01,9.270741939544677734e-01,9.179897308349609375e-01,9.433735609054565430e-01,9.601431488990783691e-01
2.878715842962265015e-02,1.310714632272720337e-01,7.519518733024597168e-01,8.185325860977172852e-01,7.654719352722167969e-01,8.979731798171997070e-01
1.424712985754013062e-01,2.434565424919128418e-01,4.800722897052764893e-01,6.730252504348754883e-01,7.597551345825195312e-01,8.880391120910644531e-01
1.216162070631980896e-01,1.000000000000000000e+00,3.232438862323760986e-01,6.420830488204956055e-01,3.449161946773529053e-01,9.045919775962829590e-01
9.914059042930603027e-01,8.563421964645385742e-01,1.155075281858444214e-01,3.566530942916870117e-01,8.232694864273071289e-02,3.349357843399047852e-01
2.521560899913311005e-02,2.175907976925373077e-02,9.131737053394317627e-02,2.863382697105407715e-01,1.125267520546913147e-02,0.000000000000000000e+00
1.430015265941619873e-01,2.669696323573589325e-02,2.698025479912757874e-02,0.000000000000000000e+00,0.000000000000000000e+00,0.000000000000000000e+00
