# CPU,RAM,NetworkR,NetworkW,DiskW,DiskR
5.910920724272727966e-02,6.062106043100357056e-02,1.000000000000000000e+00,9.737919569015502930e-01,9.765688776969909668e-01,9.778532385826110840e-01
2.036426216363906860e-02,2.430674731731414795e-01,9.334211349487304688e-01,9.395635724067687988e-01,9.726161360740661621e-01,9.412708878517150879e-01
2.108354866504669189e-02,2.715275883674621582e-01,8.663136959075927734e-01,9.109625220298767090e-01,9.536244869232177734e-01,9.469793438911437988e-01
2.052423544228076935e-02,2.428843528032302856e-01,8.716102242469787598e-01,8.963343501091003418e-01,8.613662123680114746e-01,9.221689701080322266e-01
2.018813043832778931e-02,1.809033304452896118e-01,8.461095690727233887e-01,8.646785616874694824e-01,6.013725399971008301e-01,7.877987623214721680e-01
2.219392359256744385e-02,2.009116411209106445e-01,5.515092611312866211e-01,7.240011692047119141e-01,5.308594703674316406e-01,7.577703595161437988e-01
2.205101028084754944e-02,2.270165383815765381e-01,4.704044759273529053e-01,6.495986580848693848e-01,5.279001593589782715e-01,7.673305273056030273e-01
2.313925698399543762e-02,1.749299466609954834e-01,4.696181714534759521e-01,5.737184882164001465e-01,5.668882727622985840e-01,8.108739256858825684e-01
7.625459134578704834e-02,3.326767385005950928e-01,2.559677362442016602e-01,3.390021026134490967e-01,4.870392382144927979e-01,7.756248116493225098e-01
1.000000000000000000e+00,1.000000000000000000e+00,2.627937495708465576e-02,0.000000000000000000e+00,0.000000000000000000e+00,0.000000000000000000e+00
