# CPU,RAM,NetworkR,NetworkW,DiskW,DiskR
5.910886824131011963e-02,6.065846607089042664e-02,1.000000000000000000e+00,9.737938642501831055e-01,9.765685796737670898e-01,9.778543710708618164e-01
2.085579000413417816e-02,1.528381556272506714e-01,9.300122857093811035e-01,9.425467252731323242e-01,9.753928780555725098e-01,9.663329720497131348e-01
2.338746003806591034e-02,6.342029571533203125e-02,9.622633457183837891e-01,9.421777129173278809e-01,9.730906486511230469e-01,9.723230004310607910e-01
2.830734848976135254e-02,1.753207743167877197e-01,8.369517922401428223e-01,8.874928355216979980e-01,9.434427618980407715e-01,9.552834630012512207e-01
8.961956202983856201e-02,4.015639722347259521e-01,5.517902374267578125e-01,7.559186220169067383e-01,7.964171767234802246e-01,9.015624523162841797e-01
1.890210956335067749e-01,7.665890455245971680e-01,3.569402694702148438e-01,6.462025642395019531e-01,6.444523334503173828e-01,8.788070082664489746e-01
2.806584350764751434e-02,1.000000000000000000e+00,2.936166822910308838e-01,6.706921458244323730e-01,2.560532689094543457e-01,7.812012434005737305e-01
1.000000000000000000e+00,9.863889813423156738e-01,1.596881300210952759e-01,4.511001110076904297e-01,9.410940110683441162e-02,5.562698245048522949e-01
2.585244551301002502e-02,2.487215399742126465e-02,9.812799096107482910e-02,3.170683681964874268e-01,6.387457251548767090e-03,0.000000000000000000e+00
1.340331435203552246e-01,3.032033145427703857e-02,2.533229812979698181e-02,0.000000000000000000e+00,0.000000000000000000e+00,0.000000000000000000e+00
