# CPU,RAM,NetworkR,NetworkW,DiskW,DiskR
5.905130505561828613e-02,6.079809740185737610e-02,1.000000000000000000e+00,9.737942218780517578e-01,9.765644073486328125e-01,9.778560996055603027e-01
2.140346169471740723e-02,3.487423062324523926e-02,9.876108765602111816e-01,9.588231444358825684e-01,9.770486950874328613e-01,9.741190671920776367e-01
2.336933463811874390e-02,2.276635318994522095e-01,8.087487816810607910e-01,8.988807797431945801e-01,9.567276835441589355e-01,9.550992846488952637e-01
2.352101914584636688e-02,9.828884899616241455e-02,9.089956283569335938e-01,9.136103391647338867e-01,9.374263882637023926e-01,9.588176012039184570e-01
2.178417332470417023e-02,1.296386867761611938e-01,7.866889834403991699e-01,8.393802046775817871e-01,6.602391600608825684e-01,8.649056553840637207e-01
3.976550698280334473e-02,1.783975958824157715e-01,4.806880354881286621e-01,6.823006868362426758e-01,6.088887453079223633e-01,8.230923414230346680e-01
6.633684784173965454e-02,1.752483397722244263e-01,3.730061948299407959e-01,5.696887969970703125e-01,5.721111297607421875e-01,8.073104619979858398e-01
8.026826381683349609e-02,2.449551969766616821e-01,2.831487357616424561e-01,4.458074867725372314e-01,5.605690479278564453e-01,8.144147396087646484e-01
9.361971914768218994e-02,1.054447367787361145e-01,3.102930486202239990e-01,3.690395057201385498e-01,5.988340973854064941e-01,8.385766744613647461e-01
9.988833069801330566e-01,1.000000000000000000e+00,2.368606440722942352e-02,0.000000000000000000e+00,0.000000000000000000e+00,0.000000000000000000e+00
