# CPU,RAM,NetworkR,NetworkW,DiskW,DiskR
5.901378020644187927e-02,6.057188287377357483e-02,1.000000000000000000e+00,9.737939834594726562e-01,9.765705466270446777e-01,9.778531789779663086e-01
2.146524749696254730e-02,4.517096653580665588e-02,9.742315411567687988e-01,9.544935822486877441e-01,9.768843650817871094e-01,9.730901718139648438e-01
2.664784528315067291e-02,3.255081474781036377e-01,7.736634016036987305e-01,8.924245238304138184e-01,9.582678079605102539e-01,9.581893682479858398e-01
2.511982433497905731e-02,9.795553982257843018e-02,9.100066423416137695e-01,9.168557524681091309e-01,9.488151073455810547e-01,9.633832573890686035e-01
2.149618789553642273e-02,1.227653771638870239e-01,8.308119773864746094e-01,8.597629070281982422e-01,7.311614751815795898e-01,8.946440219879150391e-01
2.987743355333805084e-02,1.245999783277511597e-01,5.850820541381835938e-01,7.276409268379211426e-01,6.081467866897583008e-01,8.341825008392333984e-01
6.136290729045867920e-02,1.762748360633850098e-01,3.819407820701599121e-01,5.724415779113769531e-01,5.766443610191345215e-01,8.099573254585266113e-01
8.492153882980346680e-02,2.346318066120147705e-01,2.690247297286987305e-01,4.311396181583404541e-01,5.163516402244567871e-01,7.864817380905151367e-01
8.022160828113555908e-02,8.574292063713073730e-02,3.321292996406555176e-01,3.834930956363677979e-01,6.115531325340270996e-01,8.403890132904052734e-01
1.000000000000000000e+00,1.000000000000000000e+00,2.402120828628540039e-02,0.000000000000000000e+00,0.000000000000000000e+00,0.000000000000000000e+00
