# CPU,RAM,NetworkR,NetworkW,DiskW,DiskR
5.908636748790740967e-02,6.053433194756507874e-02,1.000000000000000000e+00,9.737926125526428223e-01,9.765715003013610840e-01,9.778524041175842285e-01
2.049356140196323395e-02,2.197608500719070435e-01,9.291236996650695801e-01,9.402556419372558594e-01,9.737255573272705078e-01,9.543488621711730957e-01
2.223956026136875153e-02,1.436548829078674316e-01,9.107187986373901367e-01,9.247726202011108398e-01,9.667422771453857422e-01,9.637601971626281738e-01
2.104953303933143616e-02,1.958401799201965332e-01,8.815747499465942383e-01,9.008283615112304688e-01,9.069421291351318359e-01,9.432503581047058105e-01
2.032327465713024139e-02,1.446740478277206421e-01,8.630463480949401855e-01,8.673018217086791992e-01,6.392048001289367676e-01,8.413674235343933105e-01
2.385310083627700806e-02,1.889542937278747559e-01,5.508857369422912598e-01,7.160202264785766602e-01,5.765784978866577148e-01,8.014181852340698242e-01
2.332003228366374969e-02,1.806554496288299561e-01,5.017046928405761719e-01,6.523420214653015137e-01,5.808147192001342773e-01,8.115701079368591309e-01
2.301825396716594696e-02,1.670086830854415894e-01,4.720327854156494141e-01,5.635715723037719727e-01,5.662611126899719238e-01,8.148776888847351074e-01
5.941042304039001465e-02,2.603005468845367432e-01,2.677244246006011963e-01,3.345733582973480225e-01,4.735166132450103760e-01,7.612627148628234863e-01
1.000000000000000000e+00,1.000000000000000000e+00,2.611477300524711609e-02,0.000000000000000000e+00,0.000000000000000000e+00,0.000000000000000000e+00
