# CPU,RAM,NetworkR,NetworkW,DiskW,DiskR
5.905526131391525269e-02,6.067704409360885620e-02,1.000000000000000000e+00,9.737874269485473633e-01,9.765650033950805664e-01,9.778520464897155762e-01
2.092364802956581116e-02,4.632881283760070801e-02,9.784517884254455566e-01,9.557011127471923828e-01,9.766560196876525879e-01,9.724217653274536133e-01
2.154630981385707855e-02,1.757110357284545898e-01,8.792672157287597656e-01,9.161899089813232422e-01,9.615008234977722168e-01,9.597120881080627441e-01
2.225355803966522217e-02,1.957775950431823730e-01,8.405566215515136719e-01,8.861732482910156250e-01,8.921127319335937500e-01,9.382092356681823730e-01
2.117433398962020874e-02,1.591234356164932251e-01,7.644885182380676270e-01,8.326748609542846680e-01,6.210093498229980469e-01,8.398268818855285645e-01
2.992654778063297272e-02,2.638536989688873291e-01,4.537904262542724609e-01,6.776928901672363281e-01,5.749522447586059570e-01,8.018309473991394043e-01
2.752019464969635010e-02,1.127596572041511536e-01,5.297013521194458008e-01,6.624982357025146484e-01,6.045047640800476074e-01,8.316956162452697754e-01
2.630108594894409180e-02,1.959250271320343018e-01,4.005378484725952148e-01,5.284763574600219727e-01,5.678249001502990723e-01,8.194479942321777344e-01
9.469482302665710449e-02,2.775223255157470703e-01,2.714228034019470215e-01,3.415691852569580078e-01,5.536214113235473633e-01,8.221254348754882812e-01
1.000000000000000000e+00,1.000000000000000000e+00,2.492608502507209778e-02,0.000000000000000000e+00,0.000000000000000000e+00,0.000000000000000000e+00
