# CPU,RAM,NetworkR,NetworkW,DiskW,DiskR
5.915271118283271790e-02,6.081267073750495911e-02,1.000000000000000000e+00,9.737936854362487793e-01,9.765643477439880371e-01,9.778562784194946289e-01
2.067380957305431366e-02,2.612718939781188965e-01,9.156009554862976074e-01,9.385389089584350586e-01,9.740503430366516113e-01,9.598703384399414062e-01
2.408012002706527710e-02,5.761949345469474792e-02,9.670491218566894531e-01,9.436115622520446777e-01,9.734350442886352539e-01,9.724785089492797852e-01
2.128942124545574188e-02,1.051750332117080688e-01,9.316160678863525391e-01,9.190875291824340820e-01,9.426226615905761719e-01,9.589221477508544922e-01
2.095508016645908356e-02,8.541490137577056885e-02,8.937060236930847168e-01,8.737164735794067383e-01,7.335299253463745117e-01,9.016394019126892090e-01
3.839678317308425903e-02,8.386576175689697266e-02,6.267792582511901855e-01,7.228301763534545898e-01,6.766216754913330078e-01,8.653725385665893555e-01
1.589501053094863892e-01,2.191716730594635010e-01,3.990043103694915771e-01,5.624585151672363281e-01,7.419490218162536621e-01,8.874033689498901367e-01
9.588301181793212891e-01,9.720832705497741699e-01,1.421779394149780273e-01,3.181365728378295898e-01,1.355785727500915527e-01,7.789278626441955566e-01
2.288598567247390747e-02,2.374209277331829071e-02,6.184364110231399536e-02,2.292803227901458740e-01,1.762385293841362000e-02,0.000000000000000000e+00
4.411715865135192871e-01,6.664876639842987061e-02,2.160100638866424561e-02,0.000000000000000000e+00,0.000000000000000000e+00,0.000000000000000000e+00
