# CPU,RAM,NetworkR,NetworkW,DiskW,DiskR
5.897654220461845398e-02,6.067738682031631470e-02,1.000000000000000000e+00,9.737935066223144531e-01,9.765670895576477051e-01,9.778541922569274902e-01
2.114111185073852539e-02,6.763510406017303467e-02,9.585557579994201660e-01,9.500448703765869141e-01,9.764816761016845703e-01,9.712741971015930176e-01
2.231474034488201141e-02,8.952361345291137695e-02,9.380535483360290527e-01,9.342220425605773926e-01,9.705332517623901367e-01,9.695098400115966797e-01
2.212677150964736938e-02,1.381144076585769653e-01,8.933379650115966797e-01,9.045670032501220703e-01,9.296733736991882324e-01,9.532141685485839844e-01
2.114809118211269379e-02,1.254562437534332275e-01,8.207865953445434570e-01,8.462426066398620605e-01,6.599964499473571777e-01,8.658694028854370117e-01
3.496525064110755920e-02,2.011792361736297607e-01,4.684822261333465576e-01,6.673331856727600098e-01,5.886275172233581543e-01,8.106066584587097168e-01
3.488737717270851135e-02,1.535828262567520142e-01,4.160424470901489258e-01,5.898383855819702148e-01,5.581843852996826172e-01,7.975636720657348633e-01
2.720907889306545258e-02,1.432818770408630371e-01,3.989903926849365234e-01,5.131918191909790039e-01,5.625138878822326660e-01,8.120200634002685547e-01
5.304533243179321289e-02,1.540027707815170288e-01,2.899921536445617676e-01,3.411473035812377930e-01,5.052706003189086914e-01,7.850947976112365723e-01
1.000000000000000000e+00,1.000000000000000000e+00,2.508635260164737701e-02,0.000000000000000000e+00,0.000000000000000000e+00,0.000000000000000000e+00
