# CPU,RAM,NetworkR,NetworkW,DiskW,DiskR
5.917755514383316040e-02,6.079989671707153320e-02,1.000000000000000000e+00,9.737934470176696777e-01,9.765647649765014648e-01,9.778560996055603027e-01
2.103982679545879364e-02,1.242849826812744141e-01,9.341983795166015625e-01,9.439006447792053223e-01,9.758562445640563965e-01,9.685974121093750000e-01
2.912551164627075195e-02,9.300991892814636230e-02,9.228417873382568359e-01,9.294684529304504395e-01,9.731593132019042969e-01,9.713130593299865723e-01
4.826811701059341431e-02,3.056366145610809326e-01,7.584674358367919922e-01,8.684998154640197754e-01,9.441599845886230469e-01,9.558161497116088867e-01
1.100799441337585449e-01,5.115488767623901367e-01,5.567950010299682617e-01,7.763870954513549805e-01,8.384456634521484375e-01,9.218181967735290527e-01
1.344643831253051758e-01,6.127993464469909668e-01,3.906757831573486328e-01,6.718683838844299316e-01,6.695678234100341797e-01,8.744193911552429199e-01
2.765519171953201294e-02,1.000000000000000000e+00,3.270845711231231689e-01,6.897296309471130371e-01,3.464595675468444824e-01,8.650667071342468262e-01
9.926772117614746094e-01,1.000000000000000000e+00,1.813733577728271484e-01,5.196998715400695801e-01,1.103391349315643311e-01,4.226289093494415283e-01
3.073319792747497559e-02,2.703701704740524292e-02,1.291154325008392334e-01,3.449099361896514893e-01,8.874919265508651733e-03,8.740058168768882751e-03
1.012002676725387573e-01,2.825125493109226227e-02,2.762458845973014832e-02,0.000000000000000000e+00,0.000000000000000000e+00,0.000000000000000000e+00
