# CPU,RAM,NetworkR,NetworkW,DiskW,DiskR
5.913930013775825500e-02,6.080724298954010010e-02,1.000000000000000000e+00,9.737940430641174316e-01,9.765645861625671387e-01,9.778563380241394043e-01
2.111816406250000000e-02,1.023832708597183228e-01,9.407830238342285156e-01,9.455260038375854492e-01,9.760989546775817871e-01,9.696187973022460938e-01
2.316941507160663605e-02,1.078724116086959839e-01,9.233721494674682617e-01,9.300684928894042969e-01,9.702826738357543945e-01,9.692868590354919434e-01
2.203337289392948151e-02,1.091663762927055359e-01,9.238269925117492676e-01,9.176284670829772949e-01,9.440966844558715820e-01,9.605753421783447266e-01
2.083182521164417267e-02,1.143744885921478271e-01,8.610523343086242676e-01,8.624169826507568359e-01,6.939774155616760254e-01,8.821558356285095215e-01
2.862942963838577271e-02,1.338199824094772339e-01,5.530044436454772949e-01,7.019070982933044434e-01,5.843750834465026855e-01,8.166946768760681152e-01
3.422134369611740112e-02,1.418069899082183838e-01,4.193579554557800293e-01,5.845113396644592285e-01,5.531982183456420898e-01,7.945958971977233887e-01
3.183658421039581299e-02,1.500990390777587891e-01,3.750940859317779541e-01,4.900611042976379395e-01,5.705999732017517090e-01,8.140399456024169922e-01
6.227910518646240234e-02,1.439358592033386230e-01,2.897719442844390869e-01,3.368921875953674316e-01,5.280380845069885254e-01,7.982478141784667969e-01
1.000000000000000000e+00,1.000000000000000000e+00,2.486288920044898987e-02,0.000000000000000000e+00,0.000000000000000000e+00,0.000000000000000000e+00
