# CPU,RAM,NetworkR,NetworkW,DiskW,DiskR
5.910216271877288818e-02,6.076684966683387756e-02,1.000000000000000000e+00,9.737937450408935547e-01,9.765654206275939941e-01,9.778556227684020996e-01
2.059320360422134399e-02,2.467863261699676514e-01,9.206879138946533203e-01,9.391695261001586914e-01,9.739262461662292480e-01,9.579316377639770508e-01
2.278501540422439575e-02,7.105197012424468994e-02,9.588607549667358398e-01,9.405556917190551758e-01,9.721035361289978027e-01,9.707838296890258789e-01
2.106064558029174805e-02,1.118795871734619141e-01,9.331238865852355957e-01,9.190375804901123047e-01,9.376978874206542969e-01,9.569556713104248047e-01
2.046087756752967834e-02,9.468679875135421753e-02,9.014687538146972656e-01,8.771980404853820801e-01,6.869817376136779785e-01,8.809778094291687012e-01
2.699874527752399445e-02,1.188254803419113159e-01,5.778001546859741211e-01,7.088491916656494141e-01,5.991774797439575195e-01,8.242475390434265137e-01
2.758459188044071198e-02,1.413367986679077148e-01,4.566431939601898193e-01,6.056545972824096680e-01,5.812476277351379395e-01,8.118696808815002441e-01
2.454416826367378235e-02,1.525783538818359375e-01,4.194616079330444336e-01,5.154838562011718750e-01,5.558378100395202637e-01,8.071927428245544434e-01
4.626089334487915039e-02,1.705613136291503906e-01,2.779445946216583252e-01,3.260417580604553223e-01,4.650011956691741943e-01,7.472448945045471191e-01
1.000000000000000000e+00,1.000000000000000000e+00,2.549991570413112640e-02,0.000000000000000000e+00,0.000000000000000000e+00,0.000000000000000000e+00
