# CPU,RAM,NetworkR,NetworkW,DiskW,DiskR
1.999999955296516418e-02,1.199999973177909851e-01,1.000000000000000000e+00,9.800000190734863281e-01,9.800000190734863281e-01,9.800000190734863281e-01
1.999999955296516418e-02,3.199999928474426270e-01,8.980487585067749023e-01,9.341650009155273438e-01,9.686301946640014648e-01,9.654155969619750977e-01
1.999999955296516418e-02,3.199999928474426270e-01,8.248780369758605957e-01,9.160701632499694824e-01,9.252676367759704590e-01,9.654155969619750977e-01
1.999999955296516418e-02,4.199999868869781494e-01,7.029268145561218262e-01,8.508648872375488281e-01,8.954520821571350098e-01,9.654155969619750977e-01
1.999999955296516418e-02,4.199999868869781494e-01,6.297560930252075195e-01,8.093343973159790039e-01,6.905533671379089355e-01,8.363003134727478027e-01
6.938271224498748779e-02,5.199999809265136719e-01,5.321950912475585938e-01,7.668473720550537109e-01,6.395101547241210938e-01,8.294370174407958984e-01
1.999999955296516418e-02,1.000000000000000000e+00,3.614634275436401367e-01,6.933519244194030762e-01,3.472210466861724854e-01,7.931903600692749023e-01
1.000000000000000000e+00,1.000000000000000000e+00,2.639024257659912109e-01,5.280271172523498535e-01,1.375446021556854248e-01,6.890617012977600098e-01
1.999999955296516418e-02,1.999999955296516418e-02,1.175609678030014038e-01,3.640573918819427490e-01,2.255821600556373596e-03,0.000000000000000000e+00
1.064197495579719543e-01,1.999999955296516418e-02,1.999999955296516418e-02,0.000000000000000000e+00,0.000000000000000000e+00,0.000000000000000000e+00
