# CPU,RAM,NetworkR,NetworkW,DiskW,DiskR
5.914847925305366516e-02,6.071514636278152466e-02,1.000000000000000000e+00,9.737931489944458008e-01,9.765669107437133789e-01,9.778549075126647949e-01
2.131514623761177063e-02,4.645005986094474792e-02,9.741175174713134766e-01,9.545133113861083984e-01,9.768484234809875488e-01,9.729775190353393555e-01
2.764110639691352844e-02,2.220501601696014404e-01,8.160519599914550781e-01,9.017961025238037109e-01,9.649145007133483887e-01,9.624847173690795898e-01
4.884788021445274353e-02,2.889803647994995117e-01,7.500050067901611328e-01,8.668435811996459961e-01,9.356771111488342285e-01,9.528303742408752441e-01
6.778176873922348022e-02,4.453952610492706299e-01,5.433394908905029297e-01,7.730405330657958984e-01,7.897707819938659668e-01,9.037506580352783203e-01
1.400746107101440430e-01,5.938334465026855469e-01,4.084305763244628906e-01,6.866817474365234375e-01,7.154067158699035645e-01,8.876866102218627930e-01
3.186013177037239075e-02,1.000000000000000000e+00,3.202686011791229248e-01,6.969982385635375977e-01,2.901841104030609131e-01,8.377504348754882812e-01
1.000000000000000000e+00,1.000000000000000000e+00,1.935966610908508301e-01,5.318351984024047852e-01,1.080676317214965820e-01,6.592325568199157715e-01
2.639412507414817810e-02,2.560147643089294434e-02,9.994792938232421875e-02,3.340752124786376953e-01,5.848346278071403503e-03,0.000000000000000000e+00
1.194002926349639893e-01,2.856023237109184265e-02,2.628283388912677765e-02,0.000000000000000000e+00,0.000000000000000000e+00,0.000000000000000000e+00
