# CPU,RAM,NetworkR,NetworkW,DiskW,DiskR
1.999999955296516418e-02,1.999999955296516418e-02,1.000000000000000000e+00,9.800000190734863281e-01,9.800000190734863281e-01,9.800000190734863281e-01
1.999999955296516418e-02,1.033333316445350647e-01,9.771189093589782715e-01,9.567525982856750488e-01,9.781561493873596191e-01,9.800000190734863281e-01
1.999999955296516418e-02,1.033333316445350647e-01,9.413846731185913086e-01,9.326414465904235840e-01,9.775415062904357910e-01,9.800000190734863281e-01
1.999999955296516418e-02,1.866666674613952637e-01,9.127972722053527832e-01,8.988139033317565918e-01,9.523417353630065918e-01,9.800000190734863281e-01
1.999999955296516418e-02,1.866666674613952637e-01,7.266443371772766113e-01,8.716799020767211914e-01,6.560909748077392578e-01,8.756728172302246094e-01
1.999999955296516418e-02,1.866666674613952637e-01,4.950418770313262939e-01,6.692903637886047363e-01,6.060756444931030273e-01,8.448488712310791016e-01
1.999999955296516418e-02,1.866666674613952637e-01,4.521608054637908936e-01,6.353908181190490723e-01,5.914013981819152832e-01,8.448488712310791016e-01
1.999999955296516418e-02,1.866666674613952637e-01,4.164265692234039307e-01,5.103008747100830078e-01,5.682759881019592285e-01,8.448488712310791016e-01
1.999999955296516418e-02,2.700000107288360596e-01,2.810831964015960693e-01,3.425305783748626709e-01,5.366226434707641602e-01,8.353645801544189453e-01
1.000000000000000000e+00,1.000000000000000000e+00,1.999999955296516418e-02,0.000000000000000000e+00,0.000000000000000000e+00,0.000000000000000000e+00
