# CPU,RAM,NetworkR,NetworkW,DiskW,DiskR
5.910996720194816589e-02,6.081150472164154053e-02,1.000000000000000000e+00,9.737941026687622070e-01,9.765642881393432617e-01,9.778563380241394043e-01
2.040184475481510162e-02,3.736371695995330811e-01,9.135314822196960449e-01,9.352093935012817383e-01,9.709156155586242676e-01,9.356072545051574707e-01
2.347988821566104889e-02,8.220256865024566650e-02,9.437938928604125977e-01,9.345046877861022949e-01,9.706362485885620117e-01,9.673529267311096191e-01
2.100248076021671295e-02,1.409518569707870483e-01,9.138124585151672363e-01,9.124421477317810059e-01,9.280652999877929688e-01,9.513087272644042969e-01
2.033456042408943176e-02,1.096038371324539185e-01,8.978429436683654785e-01,8.791974782943725586e-01,6.729571223258972168e-01,8.666872382164001465e-01
2.434620074927806854e-02,1.363659054040908813e-01,5.844388008117675781e-01,7.224504351615905762e-01,5.847379565238952637e-01,8.125681877136230469e-01
2.474233321845531464e-02,1.751085221767425537e-01,4.596458971500396729e-01,6.223236322402954102e-01,5.646863579750061035e-01,8.000968098640441895e-01
2.281054854393005371e-02,1.531483680009841919e-01,4.557046890258789062e-01,5.500842332839965820e-01,5.489814877510070801e-01,8.016012907028198242e-01
4.319903627038002014e-02,2.038981169462203979e-01,2.736308574676513672e-01,3.346586227416992188e-01,4.436472058296203613e-01,7.285774350166320801e-01
1.000000000000000000e+00,1.000000000000000000e+00,2.666841074824333191e-02,0.000000000000000000e+00,0.000000000000000000e+00,0.000000000000000000e+00
