# CPU,RAM,NetworkR,NetworkW,DiskW,DiskR
5.903572589159011841e-02,6.057652458548545837e-02,1.000000000000000000e+00,9.737943410873413086e-01,9.765707254409790039e-01,9.778534173965454102e-01
2.033802308142185211e-02,4.107287526130676270e-01,9.147678017616271973e-01,9.343302249908447266e-01,9.697274565696716309e-01,9.217106699943542480e-01
2.160115167498588562e-02,2.025344371795654297e-01,8.833856582641601562e-01,9.158731102943420410e-01,9.583893418312072754e-01,9.516724944114685059e-01
2.034951932728290558e-02,2.577987909317016602e-01,8.824310898780822754e-01,9.002459049224853516e-01,8.628029227256774902e-01,9.186975359916687012e-01
2.014116570353507996e-02,1.906947195529937744e-01,8.635588884353637695e-01,8.706350922584533691e-01,6.134251356124877930e-01,7.815768122673034668e-01
2.143279276788234711e-02,2.063770145177841187e-01,5.615009665489196777e-01,7.281386256217956543e-01,5.064581036567687988e-01,7.258588075637817383e-01
2.160386554896831512e-02,2.977388799190521240e-01,4.073579609394073486e-01,6.181189417839050293e-01,4.501400589942932129e-01,6.832591295242309570e-01
2.297369018197059631e-02,1.987157315015792847e-01,4.309631884098052979e-01,5.532237887382507324e-01,5.268785953521728516e-01,7.750285863876342773e-01
8.535766601562500000e-02,3.671198785305023193e-01,2.511490285396575928e-01,3.359372913837432861e-01,4.992056190967559814e-01,7.809586524963378906e-01
1.000000000000000000e+00,1.000000000000000000e+00,2.653469145298004150e-02,0.000000000000000000e+00,0.000000000000000000e+00,0.000000000000000000e+00
