# CPU,RAM,NetworkR,NetworkW,DiskW,DiskR
5.897493660449981689e-02,6.068889424204826355e-02,1.000000000000000000e+00,9.737949967384338379e-01,9.765673875808715820e-01,9.778549075126647949e-01
2.084930613636970520e-02,1.795333921909332275e-01,9.240579009056091309e-01,9.411629438400268555e-01,9.751535058021545410e-01,9.654311537742614746e-01
2.301584556698799133e-02,8.280234038829803467e-02,9.477481842041015625e-01,9.373775720596313477e-01,9.717730879783630371e-01,9.709287285804748535e-01
2.165108732879161835e-02,1.207610219717025757e-01,9.192823767662048340e-01,9.150199890136718750e-01,9.410691261291503906e-01,9.584454298019409180e-01
2.060257270932197571e-02,1.138075143098831177e-01,8.765062689781188965e-01,8.678064346313476562e-01,6.903251409530639648e-01,8.796447515487670898e-01
2.683524414896965027e-02,1.409088224172592163e-01,5.588516592979431152e-01,7.039253711700439453e-01,5.855021476745605469e-01,8.154800534248352051e-01
2.887227758765220642e-02,1.473540216684341431e-01,4.451254308223724365e-01,6.003090143203735352e-01,5.628870725631713867e-01,8.006151318550109863e-01
2.627268433570861816e-02,1.479791551828384399e-01,4.146273732185363770e-01,5.136812329292297363e-01,5.703601241111755371e-01,8.154042363166809082e-01
6.102786213159561157e-02,1.715544462203979492e-01,2.884511053562164307e-01,3.325548470020294189e-01,5.190126895904541016e-01,7.925190329551696777e-01
1.000000000000000000e+00,1.000000000000000000e+00,2.534103021025657654e-02,0.000000000000000000e+00,0.000000000000000000e+00,0.000000000000000000e+00
