# CPU,RAM,NetworkR,NetworkW,DiskW,DiskR
5.915018543601036072e-02,6.060359627008438110e-02,1.000000000000000000e+00,9.737924933433532715e-01,9.765698313713073730e-01,9.778532981872558594e-01
2.042228542268276215e-02,1.925509423017501831e-01,9.383890628814697266e-01,9.418605566024780273e-01,9.737839102745056152e-01,9.520217776298522949e-01
2.180528081953525543e-02,1.790333241224288940e-01,8.965327143669128418e-01,9.203110933303833008e-01,9.644599556922912598e-01,9.600144028663635254e-01
2.117640152573585510e-02,2.005822211503982544e-01,8.762487769126892090e-01,8.990508317947387695e-01,9.052891135215759277e-01,9.422052502632141113e-01
2.036382444202899933e-02,1.512164324522018433e-01,8.529669642448425293e-01,8.648229837417602539e-01,6.446610093116760254e-01,8.438972830772399902e-01
2.385828830301761627e-02,2.183402031660079956e-01,5.474330782890319824e-01,7.195178270339965820e-01,5.977265834808349609e-01,8.135035037994384766e-01
2.344255521893501282e-02,1.769438683986663818e-01,5.281020402908325195e-01,6.682700514793395996e-01,6.038756370544433594e-01,8.270131349563598633e-01
2.316223084926605225e-02,1.703010052442550659e-01,4.732184410095214844e-01,5.675693750381469727e-01,5.623458027839660645e-01,8.133273124694824219e-01
5.738450959324836731e-02,2.855681478977203369e-01,2.510396540164947510e-01,3.291234672069549561e-01,4.391714632511138916e-01,7.337054014205932617e-01
1.000000000000000000e+00,1.000000000000000000e+00,2.622358128428459167e-02,0.000000000000000000e+00,0.000000000000000000e+00,0.000000000000000000e+00
