# CPU,RAM,NetworkR,NetworkW,DiskW,DiskR
5.905998498201370239e-02,6.084419414401054382e-02,1.000000000000000000e+00,9.737951159477233887e-01,9.765635132789611816e-01,9.778569936752319336e-01
2.141642197966575623e-02,3.490371629595756531e-02,9.874932765960693359e-01,9.587684869766235352e-01,9.770423173904418945e-01,9.740998744964599609e-01
2.638113498687744141e-02,5.087904334068298340e-01,6.819257140159606934e-01,8.689378499984741211e-01,9.306304454803466797e-01,9.414880871772766113e-01
7.120432704687118530e-02,3.475331366062164307e-01,6.573548316955566406e-01,8.385291695594787598e-01,9.014774560928344727e-01,9.383317828178405762e-01
9.566111862659454346e-02,5.434215664863586426e-01,4.683437943458557129e-01,7.527868747711181641e-01,7.503951191902160645e-01,8.927220106124877930e-01
4.508156701922416687e-02,5.186828970909118652e-01,3.922151923179626465e-01,6.970961689949035645e-01,6.130779981613159180e-01,8.442797660827636719e-01
2.267606183886528015e-02,1.000000000000000000e+00,3.010764420032501221e-01,6.982240080833435059e-01,2.616224884986877441e-01,7.073628902435302734e-01
1.000000000000000000e+00,8.504081368446350098e-01,2.188551127910614014e-01,4.875983297824859619e-01,1.312324702739715576e-01,6.836387515068054199e-01
2.230699360370635986e-02,2.504171431064605713e-02,1.238158196210861206e-01,3.460273444652557373e-01,2.322301082313060760e-02,0.000000000000000000e+00
2.874737977981567383e-01,6.839738786220550537e-02,2.210544794797897339e-02,0.000000000000000000e+00,0.000000000000000000e+00,0.000000000000000000e+00
