# CPU,RAM,NetworkR,NetworkW,DiskW,DiskR
5.904220044612884521e-02,6.059373542666435242e-02,1.000000000000000000e+00,9.737928509712219238e-01,9.765695929527282715e-01,9.778530597686767578e-01
2.086860686540603638e-02,1.094642877578735352e-01,9.429330825805664062e-01,9.456969499588012695e-01,9.758279919624328613e-01,9.681449532508850098e-01
2.209565229713916779e-02,1.197974681854248047e-01,9.244568943977355957e-01,9.300149083137512207e-01,9.689531922340393066e-01,9.678528904914855957e-01
2.184977382421493530e-02,1.703840345144271851e-01,8.815765380859375000e-01,9.010702371597290039e-01,9.232836961746215820e-01,9.504454135894775391e-01
2.066985331475734711e-02,1.372857242822647095e-01,8.413687348365783691e-01,8.570092320442199707e-01,6.612295508384704590e-01,8.629115223884582520e-01
2.593573741614818573e-02,2.103606015443801880e-01,5.179881453514099121e-01,6.988309621810913086e-01,5.876242518424987793e-01,8.114202618598937988e-01
2.471340075135231018e-02,1.678684651851654053e-01,4.892365336418151855e-01,6.391225457191467285e-01,5.747999548912048340e-01,8.104481101036071777e-01
2.269907668232917786e-02,1.544408649206161499e-01,4.706524610519409180e-01,5.583910942077636719e-01,5.559251904487609863e-01,8.096411228179931641e-01
5.018924549221992493e-02,2.216833233833312988e-01,2.825923860073089600e-01,3.382050693035125732e-01,4.776473641395568848e-01,7.633400559425354004e-01
1.000000000000000000e+00,1.000000000000000000e+00,2.628386579453945160e-02,0.000000000000000000e+00,0.000000000000000000e+00,0.000000000000000000e+00
