# CPU,RAM,NetworkR,NetworkW,DiskW,DiskR
5.901013314723968506e-02,6.087116897106170654e-02,1.000000000000000000e+00,9.737961888313293457e-01,9.765628576278686523e-01,9.778575897216796875e-01
2.137037925422191620e-02,4.324793815612792969e-02,9.771128892898559570e-01,9.553664326667785645e-01,9.768749475479125977e-01,9.731895327568054199e-01
3.126151114702224731e-02,3.019470274448394775e-01,7.671369314193725586e-01,8.899134993553161621e-01,9.610051512718200684e-01,9.593711495399475098e-01
8.289972692728042603e-02,7.097398638725280762e-01,5.168818831443786621e-01,7.942415475845336914e-01,8.156442046165466309e-01,9.166263937950134277e-01
1.103633865714073181e-01,5.310251712799072266e-01,4.494838714599609375e-01,7.415613532066345215e-01,7.215332388877868652e-01,8.820410966873168945e-01
3.500133380293846130e-02,5.349805355072021484e-01,3.615366518497467041e-01,6.852708458900451660e-01,5.441672801971435547e-01,8.083724379539489746e-01
2.106969989836215973e-02,1.000000000000000000e+00,3.458946347236633301e-01,7.176392674446105957e-01,3.203499913215637207e-01,8.067814707756042480e-01
1.000000000000000000e+00,8.864693641662597656e-01,2.296888530254364014e-01,5.053485035896301270e-01,1.358857452869415283e-01,7.044791579246520996e-01
2.150131762027740479e-02,2.480599284172058105e-02,1.545493304729461670e-01,3.799278140068054199e-01,2.597509697079658508e-02,0.000000000000000000e+00
2.406808882951736450e-01,6.427316367626190186e-02,2.245041914284229279e-02,0.000000000000000000e+00,0.000000000000000000e+00,0.000000000000000000e+00
