# CPU,RAM,NetworkR,NetworkW,DiskW,DiskR
5.917417258024215698e-02,6.012132391333580017e-02,1.000000000000000000e+00,9.737812876701354980e-01,9.765790700912475586e-01,9.778433442115783691e-01
2.015321329236030579e-02,4.680044651031494141e-01,9.255944490432739258e-01,9.293236136436462402e-01,9.598034024238586426e-01,7.510312795639038086e-01
2.032916806638240814e-02,5.088242888450622559e-01,7.938441038131713867e-01,8.839944601058959961e-01,8.895577192306518555e-01,7.719035744667053223e-01
2.014442160725593567e-02,3.815355300903320312e-01,8.135297298431396484e-01,8.752173781394958496e-01,7.360428571701049805e-01,7.397030591964721680e-01
2.016217075288295746e-02,3.922381997108459473e-01,6.947006583213806152e-01,8.227689862251281738e-01,5.748235583305358887e-01,6.265951395034790039e-01
2.108911424875259399e-02,2.677402198314666748e-01,5.209147334098815918e-01,7.261469364166259766e-01,4.687526524066925049e-01,6.300611495971679688e-01
2.154455706477165222e-02,2.160271555185317993e-01,4.736440479755401611e-01,6.670246720314025879e-01,4.899279177188873291e-01,7.135816812515258789e-01
3.111111000180244446e-02,1.993504315614700317e-01,4.242118000984191895e-01,5.646563768386840820e-01,6.074149012565612793e-01,8.226054906845092773e-01
4.237807393074035645e-01,8.909475207328796387e-01,2.232469022274017334e-01,3.605504930019378662e-01,5.341064929962158203e-01,8.779088854789733887e-01
1.000000000000000000e+00,1.000000000000000000e+00,2.686647884547710419e-02,0.000000000000000000e+00,0.000000000000000000e+00,0.000000000000000000e+00
