# CPU,RAM,NetworkR,NetworkW,DiskW,DiskR
5.904444679617881775e-02,6.066243723034858704e-02,1.000000000000000000e+00,9.737939238548278809e-01,9.765681028366088867e-01,9.778543114662170410e-01
2.035606466233730316e-02,4.685324430465698242e-01,9.083959460258483887e-01,9.332947134971618652e-01,9.691486358642578125e-01,9.220502376556396484e-01
2.501575276255607605e-02,6.352315843105316162e-02,9.568541646003723145e-01,9.388044476509094238e-01,9.725617170333862305e-01,9.691815376281738281e-01
2.120644599199295044e-02,1.356976479291915894e-01,9.122419953346252441e-01,9.126274585723876953e-01,9.360734820365905762e-01,9.536575675010681152e-01
2.040959522128105164e-02,1.072178781032562256e-01,8.990731835365295410e-01,8.796863555908203125e-01,6.974644660949707031e-01,8.787909746170043945e-01
2.523579262197017670e-02,1.453195065259933472e-01,5.789746642112731934e-01,7.193201184272766113e-01,6.030286550521850586e-01,8.216161727905273438e-01
2.455626241862773895e-02,1.753086298704147339e-01,4.707365334033966064e-01,6.281078457832336426e-01,5.722037553787231445e-01,8.051431179046630859e-01
2.235641516745090485e-02,1.456303000450134277e-01,4.747407734394073486e-01,5.594816207885742188e-01,5.481665134429931641e-01,8.011793494224548340e-01
4.531342908740043640e-02,2.328107208013534546e-01,2.699410021305084229e-01,3.315356373786926270e-01,4.506241381168365479e-01,7.361189126968383789e-01
1.000000000000000000e+00,1.000000000000000000e+00,2.676752954721450806e-02,0.000000000000000000e+00,0.000000000000000000e+00,0.000000000000000000e+00
