# CPU,RAM,NetworkR,NetworkW,DiskW,DiskR
5.918110907077789307e-02,6.076671928167343140e-02,1.000000000000000000e+00,9.737930893898010254e-01,9.765655994415283203e-01,9.778555631637573242e-01
2.058999799191951752e-02,2.655076384544372559e-01,9.185358285903930664e-01,9.387040734291076660e-01,9.738050699234008789e-01,9.574187994003295898e-01
2.400924637913703918e-02,6.283716857433319092e-02,9.624521732330322266e-01,9.417719244956970215e-01,9.732109308242797852e-01,9.717962145805358887e-01
2.173968404531478882e-02,1.425744742155075073e-01,8.996858596801757812e-01,9.076426625251770020e-01,9.374744296073913574e-01,9.550071358680725098e-01
2.065342292189598083e-02,1.143538206815719604e-01,8.765414953231811523e-01,8.687956929206848145e-01,7.048031091690063477e-01,8.847993612289428711e-01
2.629196085035800934e-02,1.592257767915725708e-01,5.577480792999267578e-01,7.068324685096740723e-01,6.001495718955993652e-01,8.218868374824523926e-01
2.721357718110084534e-02,1.489585191011428833e-01,4.792265594005584717e-01,6.221020817756652832e-01,5.901829004287719727e-01,8.185199499130249023e-01
2.508001960813999176e-02,1.469939947128295898e-01,4.448174536228179932e-01,5.329227447509765625e-01,5.818494558334350586e-01,8.242707252502441406e-01
4.929113388061523438e-02,1.596645861864089966e-01,3.031822443008422852e-01,3.440061509609222412e-01,5.024390816688537598e-01,7.804378867149353027e-01
1.000000000000000000e+00,1.000000000000000000e+00,2.592981979250907898e-02,0.000000000000000000e+00,0.000000000000000000e+00,0.000000000000000000e+00
