# CPU,RAM,NetworkR,NetworkW,DiskW,DiskR
5.904401093721389771e-02,6.020888313651084900e-02,1.000000000000000000e+00,9.737870097160339355e-01,9.765782356262207031e-01,9.778462648391723633e-01
2.061672508716583252e-02,1.457478255033493042e-01,9.394138455390930176e-01,9.439096450805664062e-01,9.750947952270507812e-01,9.633931517601013184e-01
2.214456349611282349e-02,1.118047088384628296e-01,9.320235848426818848e-01,9.317564368247985840e-01,9.697262048721313477e-01,9.677928686141967773e-01
2.114273607730865479e-02,1.820635646581649780e-01,8.872642517089843750e-01,9.017158746719360352e-01,9.132152199745178223e-01,9.459739327430725098e-01
2.050174959003925323e-02,1.339993029832839966e-01,8.552941083908081055e-01,8.617593050003051758e-01,6.560442447662353516e-01,8.584049940109252930e-01
2.621707133948802948e-02,1.916445344686508179e-01,5.394440889358520508e-01,7.063110470771789551e-01,6.110162734985351562e-01,8.234363794326782227e-01
2.478514611721038818e-02,1.300141960382461548e-01,5.499278306961059570e-01,6.661653518676757812e-01,6.305723190307617188e-01,8.437830209732055664e-01
2.473772317171096802e-02,1.731198877096176147e-01,4.541418254375457764e-01,5.444999933242797852e-01,5.926879644393920898e-01,8.328098654747009277e-01
8.987309038639068604e-02,2.961488366127014160e-01,2.698015272617340088e-01,3.289988040924072266e-01,5.360556840896606445e-01,8.114516139030456543e-01
1.000000000000000000e+00,1.000000000000000000e+00,2.501982264220714569e-02,0.000000000000000000e+00,0.000000000000000000e+00,0.000000000000000000e+00
