# CPU,RAM,NetworkR,NetworkW,DiskW,DiskR
5.905388295650482178e-02,6.052104011178016663e-02,1.000000000000000000e+00,9.737926721572875977e-01,9.765716791152954102e-01,9.778521656990051270e-01
2.015634253621101379e-02,4.124352335929870605e-01,9.301887750625610352e-01,9.307971596717834473e-01,9.614359736442565918e-01,7.684060931205749512e-01
2.085690572857856750e-02,3.280033469200134277e-01,8.209956288337707520e-01,8.947716951370239258e-01,9.319187998771667480e-01,8.808656930923461914e-01
2.031973190605640411e-02,2.974768280982971191e-01,8.280360102653503418e-01,8.827326297760009766e-01,7.939580082893371582e-01,8.584595918655395508e-01
2.023008465766906738e-02,2.791664004325866699e-01,7.376953959465026855e-01,8.362742066383361816e-01,5.738642811775207520e-01,7.105191349983215332e-01
2.228734828531742096e-02,2.352649867534637451e-01,5.028689503669738770e-01,7.162390947341918945e-01,4.852956235408782959e-01,6.922467947006225586e-01
2.181210927665233612e-02,2.215420156717300415e-01,4.372189044952392578e-01,6.522185802459716797e-01,4.711126685142517090e-01,7.025701999664306641e-01
2.835265360772609711e-02,2.270992547273635864e-01,3.793140351772308350e-01,5.408468842506408691e-01,5.402557849884033203e-01,7.845969200134277344e-01
1.864849776029586792e-01,7.314299941062927246e-01,1.687977164983749390e-01,3.062798082828521729e-01,3.597061336040496826e-01,7.310900092124938965e-01
1.000000000000000000e+00,1.000000000000000000e+00,2.590466104447841644e-02,0.000000000000000000e+00,0.000000000000000000e+00,0.000000000000000000e+00
