# CPU,RAM,NetworkR,NetworkW,DiskW,DiskR
4.911816120147705078e-02,5.069676041603088379e-02,1.000000000000000000e+00,9.837939143180847168e-01,9.865675568580627441e-01,9.878548979759216309e-01
1.041448861360549927e-02,3.832626342773437500e-01,9.019849300384521484e-01,9.451760053634643555e-01,9.810881614685058594e-01,9.477048516273498535e-01
1.703966408967971802e-02,3.699829056859016418e-02,9.636592864990234375e-01,9.552233815193176270e-01,9.845718145370483398e-01,9.823322296142578125e-01
1.168572530150413513e-02,1.290528029203414917e-01,8.872505426406860352e-01,9.174060821533203125e-01,9.498417973518371582e-01,9.644140601158142090e-01
1.123597752302885056e-02,8.192152529954910278e-02,8.731823563575744629e-01,8.820402622222900391e-01,7.619521021842956543e-01,9.150189757347106934e-01
2.693013660609722137e-02,1.273505538702011108e-01,5.537539720535278320e-01,7.165170907974243164e-01,6.840848922729492188e-01,8.666188716888427734e-01
4.159703105688095093e-02,1.417599022388458252e-01,4.471919834613800049e-01,6.164770722389221191e-01,6.871838569641113281e-01,8.702603578567504883e-01
6.059037148952484131e-02,1.563150733709335327e-01,3.592132031917572021e-01,4.895827472209930420e-01,6.560389995574951172e-01,8.664242625236511230e-01
1.024242267012596130e-01,1.277778744697570801e-01,3.104859590530395508e-01,3.697035908699035645e-01,6.505578756332397461e-01,8.729757070541381836e-01
9.935821294784545898e-01,9.977779984474182129e-01,1.373097859323024750e-02,0.000000000000000000e+00,0.000000000000000000e+00,0.000000000000000000e+00
