# CPU,RAM,NetworkR,NetworkW,DiskW,DiskR
4.903307929635047913e-02,5.052861571311950684e-02,1.000000000000000000e+00,9.837924242019653320e-01,9.865712523460388184e-01,9.878520965576171875e-01
1.013263687491416931e-02,4.488453567028045654e-01,9.181246757507324219e-01,9.383287429809570312e-01,9.666237235069274902e-01,7.024574875831604004e-01
1.024711038917303085e-02,5.766555666923522949e-01,7.619248032569885254e-01,8.857272267341613770e-01,8.744031190872192383e-01,6.782104969024658203e-01
1.013618055731058121e-02,4.204748868942260742e-01,7.656192183494567871e-01,8.736678957939147949e-01,7.192593216896057129e-01,6.679942011833190918e-01
1.013589091598987579e-02,4.427136778831481934e-01,6.406205296516418457e-01,8.200609683990478516e-01,5.612304806709289551e-01,5.371519327163696289e-01
1.078376080840826035e-02,3.268022537231445312e-01,4.283400774002075195e-01,7.038617730140686035e-01,4.145733714103698730e-01,4.670058786869049072e-01
1.091033779084682465e-02,3.275334239006042480e-01,3.199221789836883545e-01,6.040894985198974609e-01,3.494698405265808105e-01,4.366198182106018066e-01
1.775446906685829163e-02,2.442356050014495850e-01,3.456625044345855713e-01,5.301409363746643066e-01,5.180339813232421875e-01,7.450439333915710449e-01
3.059330582618713379e-01,8.189696669578552246e-01,2.271332740783691406e-01,3.691942095756530762e-01,6.025593876838684082e-01,8.789132237434387207e-01
1.000000000000000000e+00,1.000000000000000000e+00,1.696364022791385651e-02,4.592956975102424622e-04,9.391279891133308411e-04,0.000000000000000000e+00
