# CPU,RAM,NetworkR,NetworkW,DiskW,DiskR
4.904612526297569275e-02,5.076103657484054565e-02,1.000000000000000000e+00,9.837936162948608398e-01,9.865651726722717285e-01,9.878553748130798340e-01
1.073927711695432663e-02,1.634047627449035645e-01,9.184057116508483887e-01,9.517694115638732910e-01,9.849998354911804199e-01,9.741492271423339844e-01
1.250431314110755920e-02,7.278972864151000977e-02,9.400004148483276367e-01,9.478257298469543457e-01,9.813712239265441895e-01,9.803631305694580078e-01
1.144607923924922943e-02,1.348501443862915039e-01,8.932918310165405273e-01,9.180374741554260254e-01,9.401391148567199707e-01,9.631061553955078125e-01
1.054231822490692139e-02,1.100698858499526978e-01,8.585879206657409668e-01,8.749882578849792480e-01,6.783611774444580078e-01,8.781117200851440430e-01
1.588690653443336487e-02,1.504233032464981079e-01,5.337737798690795898e-01,7.114889621734619141e-01,5.901170969009399414e-01,8.194508552551269531e-01
1.562863588333129883e-02,1.581530570983886719e-01,4.472367167472839355e-01,6.248787641525268555e-01,5.726394057273864746e-01,8.104982376098632812e-01
1.335610263049602509e-02,1.358694434165954590e-01,4.457362592220306396e-01,5.523933768272399902e-01,5.722293853759765625e-01,8.220068812370300293e-01
4.000179842114448547e-02,1.987925618886947632e-01,2.647546529769897461e-01,3.376638293266296387e-01,4.787180423736572266e-01,7.656128406524658203e-01
1.000000000000000000e+00,1.000000000000000000e+00,1.578183285892009735e-02,0.000000000000000000e+00,0.000000000000000000e+00,0.000000000000000000e+00
