# CPU,RAM,NetworkR,NetworkW,DiskW,DiskR
4.917699843645095825e-02,5.079926550388336182e-02,1.000000000000000000e+00,9.837934374809265137e-01,9.865647554397583008e-01,9.878560900688171387e-01
1.124092657119035721e-02,6.082201004028320312e-02,9.451739192008972168e-01,9.592009186744689941e-01,9.864919185638427734e-01,9.812909364700317383e-01
1.927930116653442383e-02,1.824627965688705444e-01,8.356772065162658691e-01,9.193608760833740234e-01,9.786219000816345215e-01,9.763323664665222168e-01
4.477527737617492676e-02,3.206546902656555176e-01,7.329350709915161133e-01,8.754754066467285156e-01,9.493873715400695801e-01,9.646179080009460449e-01
1.025885939598083496e-01,5.256302952766418457e-01,5.267692804336547852e-01,7.832232117652893066e-01,8.340454697608947754e-01,9.279165863990783691e-01
1.213444396853446960e-01,5.697721838951110840e-01,4.040504693984985352e-01,7.013131976127624512e-01,7.212600708007812500e-01,8.970264196395874023e-01
1.510740630328655243e-02,1.000000000000000000e+00,3.329099118709564209e-01,7.216173410415649414e-01,3.403423428535461426e-01,8.665121793746948242e-01
9.978683590888977051e-01,9.925754666328430176e-01,1.896051019430160522e-01,5.611921548843383789e-01,1.273130029439926147e-01,4.810293912887573242e-01
1.916612684726715088e-02,1.684456877410411835e-02,1.080939173698425293e-01,3.566239476203918457e-01,1.647043041884899139e-02,5.407044664025306702e-03
1.200263500213623047e-01,2.031398750841617584e-02,1.624049246311187744e-02,0.000000000000000000e+00,0.000000000000000000e+00,0.000000000000000000e+00
