# CPU,RAM,NetworkR,NetworkW,DiskW,DiskR
4.912250488996505737e-02,5.081864446401596069e-02,1.000000000000000000e+00,9.837937355041503906e-01,9.865640401840209961e-01,9.878562688827514648e-01
1.083088014274835587e-02,1.634780764579772949e-01,9.157458543777465820e-01,9.514743685722351074e-01,9.851524829864501953e-01,9.753382205963134766e-01
1.294061448425054550e-02,6.138151139020919800e-02,9.468849301338195801e-01,9.502779841423034668e-01,9.822198152542114258e-01,9.815039038658142090e-01
1.210628915578126907e-02,1.048498600721359253e-01,9.055161476135253906e-01,9.233703017234802246e-01,9.533151984214782715e-01,9.688552021980285645e-01
1.441682875156402588e-02,1.037777513265609741e-01,7.977819442749023438e-01,8.505684733390808105e-01,7.814283370971679688e-01,9.148845672607421875e-01
5.787622928619384766e-02,1.599566340446472168e-01,5.121893286705017090e-01,6.974780559539794922e-01,7.278599739074707031e-01,8.821045756340026855e-01
1.176660433411598206e-01,9.903364181518554688e-01,2.720507979393005371e-01,5.899556279182434082e-01,4.072973430156707764e-01,8.909144997596740723e-01
9.542236328125000000e-01,6.909033060073852539e-01,8.528432995080947876e-02,2.921968698501586914e-01,8.913312852382659912e-02,1.960068792104721069e-01
1.520291902124881744e-02,1.153410039842128754e-02,8.276429772377014160e-02,2.856187820434570312e-01,2.766804210841655731e-02,3.632705658674240112e-03
2.704805731773376465e-01,2.315776981413364410e-02,1.409707218408584595e-02,0.000000000000000000e+00,0.000000000000000000e+00,0.000000000000000000e+00
