# CPU,RAM,NetworkR,NetworkW,DiskW,DiskR
4.898557066917419434e-02,5.077904462814331055e-02,1.000000000000000000e+00,9.837944507598876953e-01,9.865646362304687500e-01,9.878557920455932617e-01
1.099103968590497971e-02,7.049652189016342163e-02,9.431576728820800781e-01,9.584537744522094727e-01,9.862045645713806152e-01,9.800401329994201660e-01
1.205478422343730927e-02,8.076613396406173706e-02,9.308532476425170898e-01,9.448722600936889648e-01,9.801276326179504395e-01,9.792284965515136719e-01
1.169447600841522217e-02,1.435182243585586548e-01,8.768567442893981934e-01,9.114818572998046875e-01,9.304198622703552246e-01,9.593197107315063477e-01
1.091822702437639236e-02,1.159118637442588806e-01,8.161628842353820801e-01,8.584415316581726074e-01,6.555278301239013672e-01,8.685969710350036621e-01
1.965933479368686676e-02,1.839593648910522461e-01,4.749760925769805908e-01,6.876641511917114258e-01,5.869009494781494141e-01,8.147739768028259277e-01
1.752177998423576355e-02,1.356195658445358276e-01,4.513794779777526855e-01,6.285413503646850586e-01,5.806434154510498047e-01,8.173334598541259766e-01
1.602753251791000366e-02,1.273128986358642578e-01,4.458198249340057373e-01,5.538986325263977051e-01,6.260026097297668457e-01,8.543238043785095215e-01
6.874208897352218628e-02,1.821428984403610229e-01,3.063305020332336426e-01,3.640112876892089844e-01,6.025827527046203613e-01,8.523491024971008301e-01
1.000000000000000000e+00,1.000000000000000000e+00,1.513708941638469696e-02,0.000000000000000000e+00,0.000000000000000000e+00,0.000000000000000000e+00
