# CPU,RAM,NetworkR,NetworkW,DiskW,DiskR
4.900574684143066406e-02,5.081707984209060669e-02,1.000000000000000000e+00,9.837955832481384277e-01,9.865641593933105469e-01,9.878566861152648926e-01
1.130405347794294357e-02,4.395483434200286865e-02,9.570415019989013672e-01,9.624004364013671875e-01,9.867038726806640625e-01,9.823117256164550781e-01
1.536620222032070160e-02,1.994588226079940796e-01,8.244668245315551758e-01,9.163376092910766602e-01,9.745128154754638672e-01,9.727756977081298828e-01
3.757792338728904724e-02,2.225583046674728394e-01,7.789139151573181152e-01,8.873105049133300781e-01,9.548107981681823730e-01,9.667774438858032227e-01
1.789751350879669189e-01,6.462572813034057617e-01,4.740028977394104004e-01,7.592986226081848145e-01,8.023798465728759766e-01,9.224350452423095703e-01
1.142895072698593140e-01,6.261745691299438477e-01,3.674953579902648926e-01,6.843481659889221191e-01,6.640927195549011230e-01,8.805189728736877441e-01
1.277214754372835159e-02,1.000000000000000000e+00,3.046016395092010498e-01,7.200465202331542969e-01,2.674245238304138184e-01,7.332054376602172852e-01
1.000000000000000000e+00,9.477090835571289062e-01,1.799870729446411133e-01,5.051452517509460449e-01,1.242971643805503845e-01,5.879281759262084961e-01
1.534551009535789490e-02,1.536933891475200653e-02,1.012325510382652283e-01,3.421896696090698242e-01,2.114171162247657776e-02,7.996469736099243164e-03
1.167883127927780151e-01,2.049926668405532837e-02,1.591405831277370453e-02,0.000000000000000000e+00,0.000000000000000000e+00,0.000000000000000000e+00
