# CPU,RAM,NetworkR,NetworkW,DiskW,DiskR
4.910484328866004944e-02,5.077436566352844238e-02,1.000000000000000000e+00,9.837940931320190430e-01,9.865653514862060547e-01,9.878558516502380371e-01
1.134196203202009201e-02,3.347980231046676636e-02,9.670819640159606934e-01,9.653891324996948242e-01,9.868842959403991699e-01,9.832038879394531250e-01
2.027340605854988098e-02,2.611476778984069824e-01,7.732377052307128906e-01,9.038008451461791992e-01,9.727681875228881836e-01,9.705802202224731445e-01
7.066623866558074951e-02,5.454751849174499512e-01,5.912061929702758789e-01,8.322299122810363770e-01,8.970751762390136719e-01,9.457271695137023926e-01
1.739866435527801514e-01,5.684418082237243652e-01,4.856548607349395752e-01,7.716627717018127441e-01,8.177573680877685547e-01,9.246461987495422363e-01
1.244183778762817383e-01,5.718900561332702637e-01,4.064230322837829590e-01,7.147581577301025391e-01,7.423981428146362305e-01,9.054799675941467285e-01
1.152800861746072769e-02,1.000000000000000000e+00,3.613827824592590332e-01,7.585047483444213867e-01,3.204677999019622803e-01,8.267611861228942871e-01
1.000000000000000000e+00,9.996101260185241699e-01,2.495249211788177490e-01,6.171079874038696289e-01,1.338390558958053589e-01,8.882607221603393555e-01
1.141365617513656616e-02,3.349336981773376465e-02,9.552328288555145264e-02,3.903411626815795898e-01,2.354594133794307709e-02,4.303411580622196198e-03
4.440262168645858765e-02,2.887690067291259766e-02,1.570133864879608154e-02,3.949065227061510086e-03,0.000000000000000000e+00,0.000000000000000000e+00
