# CPU,RAM,NetworkR,NetworkW,DiskW,DiskR
4.912627860903739929e-02,5.064533650875091553e-02,1.000000000000000000e+00,9.837933182716369629e-01,9.865688681602478027e-01,9.878540635108947754e-01
1.057210471481084824e-02,2.673034369945526123e-01,9.077784419059753418e-01,9.483945369720458984e-01,9.836364984512329102e-01,9.662982821464538574e-01
1.300993841141462326e-02,7.275196909904479980e-02,9.387994408607482910e-01,9.471077322959899902e-01,9.815028905868530273e-01,9.798577427864074707e-01
1.119820401072502136e-02,1.203324347734451294e-01,9.106879830360412598e-01,9.250933527946472168e-01,9.464456439018249512e-01,9.659439325332641602e-01
1.041797827929258347e-02,9.247513860464096069e-02,8.931950330734252930e-01,8.901100158691406250e-01,7.085829377174377441e-01,8.936286568641662598e-01
1.522019971162080765e-02,1.194956898689270020e-01,5.879142284393310547e-01,7.333287000656127930e-01,6.207839250564575195e-01,8.405168056488037109e-01
1.598426513373851776e-02,1.345269829034805298e-01,4.837267100811004639e-01,6.400318741798400879e-01,6.129147410392761230e-01,8.362036943435668945e-01
1.417143084108829498e-02,1.395423412322998047e-01,4.443688690662384033e-01,5.481476187705993652e-01,5.890496969223022461e-01,8.330819606781005859e-01
4.195639118552207947e-02,1.732938140630722046e-01,2.812277078628540039e-01,3.461774587631225586e-01,5.046012401580810547e-01,7.842891812324523926e-01
1.000000000000000000e+00,1.000000000000000000e+00,1.581576466560363770e-02,0.000000000000000000e+00,0.000000000000000000e+00,0.000000000000000000e+00
