# CPU,RAM,NetworkR,NetworkW,DiskW,DiskR
4.907535761594772339e-02,5.069389194250106812e-02,1.000000000000000000e+00,9.837937951087951660e-01,9.865673184394836426e-01,9.878547191619873047e-01
1.015897840261459351e-02,4.222425222396850586e-01,9.168551564216613770e-01,9.400577545166015625e-01,9.706721901893615723e-01,7.771183252334594727e-01
1.063668262213468552e-02,3.889858126640319824e-01,7.930033206939697266e-01,8.993617892265319824e-01,9.268860816955566406e-01,8.648155331611633301e-01
1.028667669743299484e-02,2.894699573516845703e-01,8.189392089843750000e-01,8.931255936622619629e-01,7.945726513862609863e-01,8.595274090766906738e-01
1.018444821238517761e-02,2.427839636802673340e-01,7.527510523796081543e-01,8.548899292945861816e-01,5.815861821174621582e-01,7.080529332160949707e-01
1.184832677245140076e-02,2.307264357805252075e-01,4.852325022220611572e-01,7.250335216522216797e-01,4.811280071735382080e-01,6.774699687957763672e-01
1.198035199195146561e-02,2.790530323982238770e-01,3.688107132911682129e-01,6.345680356025695801e-01,4.424715936183929443e-01,6.627116203308105469e-01
1.561807282269001007e-02,1.786776632070541382e-01,3.945249319076538086e-01,5.699259638786315918e-01,5.428578257560729980e-01,7.857805490493774414e-01
1.254607588052749634e-01,5.188733339309692383e-01,2.007450163364410400e-01,3.460280895233154297e-01,4.742899239063262939e-01,7.848231792449951172e-01
1.000000000000000000e+00,1.000000000000000000e+00,1.662798039615154266e-02,1.515469513833522797e-03,4.950277507305145264e-04,0.000000000000000000e+00
