# CPU,RAM,NetworkR,NetworkW,DiskW,DiskR
9.999999776482582092e-03,9.999999776482582092e-03,1.000000000000000000e+00,9.900000095367431641e-01,9.900000095367431641e-01,9.900000095367431641e-01
9.999999776482582092e-03,9.333333373069763184e-02,9.488760232925415039e-01,9.522580504417419434e-01,9.871631264686584473e-01,9.509518146514892578e-01
9.999999776482582092e-03,1.766666620969772339e-01,9.295737147331237793e-01,9.375120401382446289e-01,9.790071249008178711e-01,9.509518146514892578e-01
9.999999776482582092e-03,1.766666620969772339e-01,8.684497475624084473e-01,8.832051753997802734e-01,9.428368806838989258e-01,9.509518146514892578e-01
9.999999776482582092e-03,1.766666620969772339e-01,7.701286673545837402e-01,8.300675749778747559e-01,6.013475060462951660e-01,8.533313274383544922e-01
9.999999776482582092e-03,1.766666620969772339e-01,4.955735206604003906e-01,6.534402966499328613e-01,5.415071249008178711e-01,8.216046690940856934e-01
9.999999776482582092e-03,1.766666620969772339e-01,4.569689333438873291e-01,6.201156377792358398e-01,5.201418399810791016e-01,8.216046690940856934e-01
9.999999776482582092e-03,1.766666620969772339e-01,3.958449661731719971e-01,4.861673414707183838e-01,4.934574365615844727e-01,8.216046690940856934e-01
1.099999994039535522e-01,2.599999904632568359e-01,2.739991843700408936e-01,3.347447216510772705e-01,4.569326341152191162e-01,8.118426203727722168e-01
1.000000000000000000e+00,1.000000000000000000e+00,9.999999776482582092e-03,0.000000000000000000e+00,0.000000000000000000e+00,0.000000000000000000e+00
