# CPU,RAM,NetworkR,NetworkW,DiskW,DiskR
4.908629506826400757e-02,5.073359608650207520e-02,1.000000000000000000e+00,9.837934970855712891e-01,9.865661263465881348e-01,9.878550767898559570e-01
1.016081590205430984e-02,5.369435548782348633e-01,9.022758007049560547e-01,9.363859891891479492e-01,9.654868841171264648e-01,7.482465505599975586e-01
1.140647754073143005e-02,2.767604589462280273e-01,8.079137206077575684e-01,9.050988554954528809e-01,9.448063373565673828e-01,9.090521335601806641e-01
1.030186377465724945e-02,2.929635941982269287e-01,8.216537833213806152e-01,8.960620164871215820e-01,8.121722936630249023e-01,8.779184222221374512e-01
1.016675680875778198e-02,2.351512759923934937e-01,7.737923860549926758e-01,8.616611957550048828e-01,5.866693854331970215e-01,7.157099843025207520e-01
1.157647091895341873e-02,2.318433821201324463e-01,4.868268370628356934e-01,7.266510725021362305e-01,4.717098176479339600e-01,6.618572473526000977e-01
1.175577007234096527e-02,3.255634903907775879e-01,3.395863175392150879e-01,6.200356483459472656e-01,4.096935391426086426e-01,6.127681136131286621e-01
1.492452435195446014e-02,1.974904239177703857e-01,3.776656985282897949e-01,5.610690116882324219e-01,5.178819894790649414e-01,7.636076211929321289e-01
1.263093650341033936e-01,4.517670571804046631e-01,2.255871146917343140e-01,3.612243831157684326e-01,5.299414992332458496e-01,8.106088042259216309e-01
1.000000000000000000e+00,1.000000000000000000e+00,1.704350300133228302e-02,1.691710203886032104e-03,8.224259945563971996e-04,0.000000000000000000e+00
