# CPU,RAM,NetworkR,NetworkW,DiskW,DiskR
4.919875040650367737e-02,5.078187957406044006e-02,1.000000000000000000e+00,9.837930202484130859e-01,9.865652322769165039e-01,9.878557324409484863e-01
1.028036139905452728e-02,4.885114133358001709e-01,8.994594812393188477e-01,9.415021538734436035e-01,9.763392806053161621e-01,9.004756808280944824e-01
1.222554873675107956e-02,1.480409651994705200e-01,8.843277692794799805e-01,9.285113811492919922e-01,9.713755846023559570e-01,9.628458619117736816e-01
1.042135152965784073e-02,2.032377421855926514e-01,8.857656717300415039e-01,9.159020781517028809e-01,8.951677680015563965e-01,9.392387270927429199e-01
1.016467716544866562e-02,1.471283435821533203e-01,8.722758293151855469e-01,8.881521224975585938e-01,6.451308131217956543e-01,8.231781125068664551e-01
1.158887147903442383e-02,1.683653444051742554e-01,5.704143643379211426e-01,7.462870478630065918e-01,5.317643284797668457e-01,7.596855759620666504e-01
1.253567636013031006e-02,2.572005093097686768e-01,3.874188363552093506e-01,6.199021339416503906e-01,4.685350656509399414e-01,7.101678848266601562e-01
1.363239716738462448e-02,1.847829669713973999e-01,3.961198925971984863e-01,5.519701838493347168e-01,5.260967612266540527e-01,7.774918675422668457e-01
6.218212097883224487e-02,3.085816800594329834e-01,2.253529131412506104e-01,3.377606272697448730e-01,4.600588381290435791e-01,7.496761083602905273e-01
1.000000000000000000e+00,1.000000000000000000e+00,1.712412759661674500e-02,7.907915860414505005e-04,2.062312327325344086e-03,0.000000000000000000e+00
