# CPU,RAM,NetworkR,NetworkW,DiskW,DiskR
4.913346469402313232e-02,5.073782056570053101e-02,1.000000000000000000e+00,9.837939143180847168e-01,9.865664839744567871e-01,9.878554344177246094e-01
1.029269397258758545e-02,3.974167108535766602e-01,9.076659679412841797e-01,9.438093304634094238e-01,9.786244630813598633e-01,9.163219332695007324e-01
1.194346975535154343e-02,1.691489964723587036e-01,8.773362636566162109e-01,9.265182614326477051e-01,9.704756140708923340e-01,9.617367386817932129e-01
1.057077385485172272e-02,2.034903019666671753e-01,8.754765987396240234e-01,9.124239087104797363e-01,8.964271545410156250e-01,9.413518309593200684e-01
1.019762735813856125e-02,1.492484956979751587e-01,8.590451478958129883e-01,8.831177353858947754e-01,6.366541981697082520e-01,8.229418992996215820e-01
1.217049080878496170e-02,1.807843744754791260e-01,5.496817827224731445e-01,7.376285195350646973e-01,5.442091226577758789e-01,7.722889780998229980e-01
1.219889894127845764e-02,2.607045471668243408e-01,4.141171872615814209e-01,6.378861665725708008e-01,5.002576708793640137e-01,7.436621189117431641e-01
1.257179677486419678e-02,1.575628221035003662e-01,4.484362602233886719e-01,5.805684924125671387e-01,5.413923263549804688e-01,7.934793829917907715e-01
5.606634169816970825e-02,3.405680656433105469e-01,2.275395244359970093e-01,3.398659229278564453e-01,4.533077776432037354e-01,7.486267089843750000e-01
1.000000000000000000e+00,1.000000000000000000e+00,1.689093932509422302e-02,7.969206199049949646e-04,5.966536700725555420e-04,0.000000000000000000e+00
