# CPU,RAM,NetworkR,NetworkW,DiskW,DiskR
4.919008538126945496e-02,5.082939565181732178e-02,1.000000000000000000e+00,9.837932586669921875e-01,9.865639209747314453e-01,9.878563880920410156e-01
1.127302180975675583e-02,5.754521489143371582e-02,9.469182491302490234e-01,9.596437215805053711e-01,9.865272045135498047e-01,9.814652204513549805e-01
2.087924443185329437e-02,2.855328917503356934e-01,7.854328751564025879e-01,9.075200557708740234e-01,9.744448065757751465e-01,9.731540679931640625e-01
5.620048940181732178e-02,6.186833381652832031e-01,5.751498937606811523e-01,8.285825252532958984e-01,8.789256215095520020e-01,9.417179226875305176e-01
8.000385016202926636e-02,4.064604043960571289e-01,5.485659837722778320e-01,7.961733341217041016e-01,8.352181315422058105e-01,9.266022443771362305e-01
5.522536858916282654e-02,5.400435328483581543e-01,4.111183583736419678e-01,7.167946696281433105e-01,7.028751969337463379e-01,8.888815045356750488e-01
1.142072211951017380e-02,1.000000000000000000e+00,3.619727790355682373e-01,7.474831938743591309e-01,3.303712308406829834e-01,8.324904441833496094e-01
1.000000000000000000e+00,9.548558592796325684e-01,2.250884771347045898e-01,5.575932264328002930e-01,1.425559073686599731e-01,7.207930088043212891e-01
1.253461930900812149e-02,1.651171222329139709e-02,1.138822957873344421e-01,3.708775043487548828e-01,2.688440494239330292e-02,2.263395115733146667e-03
1.069367155432701111e-01,2.822888642549514771e-02,1.485643349587917328e-02,0.000000000000000000e+00,0.000000000000000000e+00,0.000000000000000000e+00
