# CPU,RAM,NetworkR,NetworkW,DiskW,DiskR
4.894576221704483032e-02,5.062475800514221191e-02,1.000000000000000000e+00,9.837940931320190430e-01,9.865686297416687012e-01,9.878537058830261230e-01
1.130712404847145081e-02,3.986486792564392090e-02,9.607589840888977051e-01,9.634788632392883301e-01,9.867722988128662109e-01,9.826301932334899902e-01
1.207268424332141876e-02,1.227384582161903381e-01,8.913448452949523926e-01,9.333733916282653809e-01,9.765926599502563477e-01,9.751946330070495605e-01
1.287523843348026276e-02,1.228626817464828491e-01,8.805745244026184082e-01,9.147375226020812988e-01,9.415483474731445312e-01,9.643927216529846191e-01
1.146534644067287445e-02,1.364088356494903564e-01,7.737591862678527832e-01,8.452040553092956543e-01,6.606720685958862305e-01,8.673912286758422852e-01
2.192897908389568329e-02,2.138706445693969727e-01,4.503971040248870850e-01,6.818800568580627441e-01,5.808953642845153809e-01,8.105425238609313965e-01
2.334602922201156616e-02,1.582809239625930786e-01,3.929119408130645752e-01,5.995616912841796875e-01,5.384124517440795898e-01,7.880327105522155762e-01
1.796085387468338013e-02,1.403641253709793091e-01,3.869996368885040283e-01,5.295401215553283691e-01,5.797190666198730469e-01,8.253278732299804688e-01
5.309851840138435364e-02,1.605117619037628174e-01,2.714651226997375488e-01,3.507426083087921143e-01,5.192037820816040039e-01,8.003559708595275879e-01
1.000000000000000000e+00,1.000000000000000000e+00,1.513872668147087097e-02,0.000000000000000000e+00,0.000000000000000000e+00,0.000000000000000000e+00
