# CPU,RAM,NetworkR,NetworkW,DiskW,DiskR
4.910269379615783691e-02,5.043128132820129395e-02,1.000000000000000000e+00,9.837929606437683105e-01,9.865747094154357910e-01,9.878513216972351074e-01
1.025514956563711166e-02,3.455231189727783203e-01,9.177424311637878418e-01,9.452037215232849121e-01,9.790117740631103516e-01,9.072936773300170898e-01
1.299013663083314896e-02,1.092845201492309570e-01,9.054738283157348633e-01,9.344719052314758301e-01,9.779507517814636230e-01,9.684675335884094238e-01
1.087353192269802094e-02,1.800926327705383301e-01,8.761652708053588867e-01,9.126375317573547363e-01,9.183688759803771973e-01,9.494408965110778809e-01
1.032356265932321548e-02,1.435468941926956177e-01,8.468858599662780762e-01,8.767251968383789062e-01,6.598241329193115234e-01,8.483327031135559082e-01
1.442753337323665619e-02,1.780175566673278809e-01,5.409479737281799316e-01,7.286347746849060059e-01,5.918004512786865234e-01,8.104684948921203613e-01
1.245646364986896515e-02,1.722033172845840454e-01,4.960259795188903809e-01,6.732419729232788086e-01,5.772482156753540039e-01,8.099900484085083008e-01
1.254789158701896667e-02,1.755996346473693848e-01,4.428426921367645264e-01,5.716944932937622070e-01,5.418953299522399902e-01,7.985512614250183105e-01
5.097324401140213013e-02,3.479275405406951904e-01,2.255782634019851685e-01,3.345767855644226074e-01,4.421959519386291504e-01,7.372966408729553223e-01
1.000000000000000000e+00,1.000000000000000000e+00,1.638394221663475037e-02,1.386972144246101379e-04,0.000000000000000000e+00,0.000000000000000000e+00
