# CPU,RAM,NetworkR,NetworkW,DiskW,DiskR
4.904346168041229248e-02,5.050392448902130127e-02,1.000000000000000000e+00,9.837898015975952148e-01,9.865708947181701660e-01,9.878508448600769043e-01
1.102361641824245453e-02,4.954086244106292725e-02,9.559066891670227051e-01,9.619896411895751953e-01,9.865159392356872559e-01,9.815112948417663574e-01
1.178525388240814209e-02,1.580777466297149658e-01,8.786690831184387207e-01,9.296590089797973633e-01,9.743582606315612793e-01,9.730902910232543945e-01
1.270937640219926834e-02,1.725514531135559082e-01,8.455127477645874023e-01,9.025348424911499023e-01,9.233272075653076172e-01,9.564419984817504883e-01
1.122114527970552444e-02,1.348964124917984009e-01,7.895678877830505371e-01,8.549247980117797852e-01,6.762917637825012207e-01,8.756903409957885742e-01
1.929624006152153015e-02,2.849918007850646973e-01,4.727255702018737793e-01,7.046390175819396973e-01,6.416423916816711426e-01,8.455920815467834473e-01
1.924629136919975281e-02,1.115110069513320923e-01,5.284931659698486328e-01,6.736650466918945312e-01,6.282183527946472168e-01,8.497754931449890137e-01
1.614394783973693848e-02,1.736245453357696533e-01,4.050721228122711182e-01,5.461634397506713867e-01,5.823234319686889648e-01,8.312608599662780762e-01
7.266581803560256958e-02,2.498081624507904053e-01,2.564375102519989014e-01,3.473972678184509277e-01,5.289641022682189941e-01,8.103829622268676758e-01
1.000000000000000000e+00,1.000000000000000000e+00,1.511667203158140182e-02,0.000000000000000000e+00,0.000000000000000000e+00,0.000000000000000000e+00
