# CPU,RAM,NetworkR,NetworkW,DiskW,DiskR
4.901438206434249878e-02,5.070491880178451538e-02,1.000000000000000000e+00,9.837942123413085938e-01,9.865668416023254395e-01,9.878548383712768555e-01
1.025494094938039780e-02,4.017839431762695312e-01,9.082247614860534668e-01,9.425820708274841309e-01,9.767536520957946777e-01,8.929867744445800781e-01
1.210605259984731674e-02,1.719097942113876343e-01,8.667279481887817383e-01,9.227563142776489258e-01,9.680386185646057129e-01,9.561385512351989746e-01
1.051875762641429901e-02,2.291843444108963013e-01,8.547414541244506836e-01,9.052565097808837891e-01,8.716728091239929199e-01,9.276223778724670410e-01
1.021596137434244156e-02,1.679778248071670532e-01,8.250691890716552734e-01,8.723338246345520020e-01,6.079593300819396973e-01,7.919115424156188965e-01
1.262126863002777100e-02,1.868080049753189087e-01,5.172311663627624512e-01,7.260985970497131348e-01,5.206246376037597656e-01,7.479094266891479492e-01
1.226851344108581543e-02,2.458504438400268555e-01,4.044658541679382324e-01,6.378809809684753418e-01,4.915288686752319336e-01,7.325271368026733398e-01
1.327924057841300964e-02,1.772646307945251465e-01,4.164025485515594482e-01,5.682570338249206543e-01,5.356999635696411133e-01,7.886329889297485352e-01
6.479065120220184326e-02,3.480900228023529053e-01,2.217804640531539917e-01,3.406324982643127441e-01,4.572246074676513672e-01,7.529366016387939453e-01
1.000000000000000000e+00,1.000000000000000000e+00,1.650974713265895844e-02,7.055131718516349792e-04,1.905532553791999817e-04,0.000000000000000000e+00
