# CPU,RAM,NetworkR,NetworkW,DiskW,DiskR
4.917809367179870605e-02,5.061747878789901733e-02,1.000000000000000000e+00,9.837928414344787598e-01,9.865697622299194336e-01,9.878537058830261230e-01
1.122617721557617188e-02,6.224549561738967896e-02,9.445023536682128906e-01,9.590489864349365234e-01,9.864915013313293457e-01,9.812500476837158203e-01
1.404681056737899780e-02,8.287551999092102051e-02,9.168519973754882812e-01,9.410393834114074707e-01,9.815601706504821777e-01,9.801081418991088867e-01
1.843519508838653564e-02,1.638822704553604126e-01,8.328456878662109375e-01,9.010151028633117676e-01,9.536991119384765625e-01,9.667147994041442871e-01
5.568360909819602966e-02,3.267660439014434814e-01,5.692138075828552246e-01,7.782769203186035156e-01,8.002833127975463867e-01,9.093003869056701660e-01
1.842827647924423218e-01,6.762018799781799316e-01,3.514619171619415283e-01,6.543153524398803711e-01,6.599722504615783691e-01,8.833917379379272461e-01
4.497518017888069153e-02,1.000000000000000000e+00,2.876273095607757568e-01,6.658338904380798340e-01,3.169191479682922363e-01,8.771657347679138184e-01
1.000000000000000000e+00,9.909972548484802246e-01,1.547399461269378662e-01,4.651609659194946289e-01,9.856622666120529175e-02,7.165505290031433105e-01
1.335725281387567520e-02,1.552636828273534775e-02,6.573095172643661499e-02,3.148113787174224854e-01,1.368479616940021515e-02,0.000000000000000000e+00
1.339774578809738159e-01,1.984299905598163605e-02,1.477647107094526291e-02,0.000000000000000000e+00,0.000000000000000000e+00,0.000000000000000000e+00
