# CPU,RAM,NetworkR,NetworkW,DiskW,DiskR
9.999999776482582092e-03,2.099999934434890747e-01,1.000000000000000000e+00,9.900000095367431641e-01,9.900000095367431641e-01,9.900000095367431641e-01
9.999999776482582092e-03,3.100000023841857910e-01,8.671428561210632324e-01,9.378694295883178711e-01,9.789865612983703613e-01,9.753147959709167480e-01
9.999999776482582092e-03,3.100000023841857910e-01,7.242857217788696289e-01,8.952583670616149902e-01,9.365143775939941406e-01,9.753147959709167480e-01
9.999999776482582092e-03,4.099999964237213135e-01,6.222448945045471191e-01,8.225022554397583008e-01,9.070474505424499512e-01,9.753147959709167480e-01
9.999999776482582092e-03,4.099999964237213135e-01,5.406122207641601562e-01,7.817044258117675781e-01,7.198184132575988770e-01,8.556732535362243652e-01
9.493150562047958374e-02,5.099999904632568359e-01,4.181632697582244873e-01,7.327470779418945312e-01,6.614118218421936035e-01,8.383964896202087402e-01
9.999999776482582092e-03,1.000000000000000000e+00,2.957142889499664307e-01,6.671683192253112793e-01,3.677973151206970215e-01,8.018993735313415527e-01
1.000000000000000000e+00,1.000000000000000000e+00,2.140816301107406616e-01,5.099456310272216797e-01,1.576625704765319824e-01,7.039617896080017090e-01
9.999999776482582092e-03,9.999999776482582092e-03,9.163264930248260498e-02,3.312662541866302490e-01,8.804921060800552368e-03,0.000000000000000000e+00
8.397260308265686035e-02,9.999999776482582092e-03,9.999999776482582092e-03,0.000000000000000000e+00,0.000000000000000000e+00,0.000000000000000000e+00
