# CPU,RAM,NetworkR,NetworkW,DiskW,DiskR
4.911871999502182007e-02,5.078349262475967407e-02,1.000000000000000000e+00,9.837938547134399414e-01,9.865650534629821777e-01,9.878559112548828125e-01
1.105231791734695435e-02,1.002499684691429138e-01,9.288639426231384277e-01,9.550131559371948242e-01,9.859901666641235352e-01,9.791251420974731445e-01
1.292298268526792526e-02,7.033952325582504272e-02,9.370431303977966309e-01,9.472465515136718750e-01,9.817987680435180664e-01,9.810352921485900879e-01
1.175827533006668091e-02,1.033034995198249817e-01,9.104705452919006348e-01,9.251410365104675293e-01,9.504828453063964844e-01,9.685302376747131348e-01
1.089692953974008560e-02,9.673986583948135376e-02,8.535596728324890137e-01,8.718150854110717773e-01,7.029576897621154785e-01,8.934429883956909180e-01
2.103151381015777588e-02,1.330727934837341309e-01,5.173594951629638672e-01,6.975731253623962402e-01,5.996223092079162598e-01,8.269436359405517578e-01
2.383999712765216827e-02,1.279146671295166016e-01,4.154385924339294434e-01,5.965887308120727539e-01,5.737708210945129395e-01,8.112703561782836914e-01
2.095043659210205078e-02,1.486029326915740967e-01,3.594816327095031738e-01,4.949014782905578613e-01,5.726283192634582520e-01,8.205212950706481934e-01
4.947271198034286499e-02,1.239322796463966370e-01,2.888590395450592041e-01,3.500414490699768066e-01,5.437974333763122559e-01,8.107702136039733887e-01
9.964537620544433594e-01,1.000000000000000000e+00,1.470891106873750687e-02,0.000000000000000000e+00,0.000000000000000000e+00,0.000000000000000000e+00
