# CPU,RAM,NetworkR,NetworkW,DiskW,DiskR
4.908761382102966309e-02,5.079516023397445679e-02,1.000000000000000000e+00,9.837945699691772461e-01,9.865648150444030762e-01,9.878562688827514648e-01
1.142189186066389084e-02,2.672222442924976349e-02,9.748870730400085449e-01,9.678822755813598633e-01,9.870138168334960938e-01,9.838967323303222656e-01
2.250089123845100403e-02,2.669142782688140869e-01,7.518996596336364746e-01,8.980622887611389160e-01,9.710477590560913086e-01,9.684244394302368164e-01
1.364745646715164185e-01,6.478371620178222656e-01,5.290126800537109375e-01,8.103323578834533691e-01,8.704615831375122070e-01,9.392336010932922363e-01
1.615438461303710938e-01,6.025874018669128418e-01,4.161814153194427490e-01,7.421684861183166504e-01,7.242375016212463379e-01,8.959677815437316895e-01
5.807889997959136963e-02,5.891674757003784180e-01,3.612893223762512207e-01,7.003815174102783203e-01,6.524752974510192871e-01,8.740047812461853027e-01
1.277855876833200455e-02,1.000000000000000000e+00,3.439017236232757568e-01,7.449609637260437012e-01,3.333968222141265869e-01,8.642346858978271484e-01
1.000000000000000000e+00,9.866045117378234863e-01,2.091489136219024658e-01,5.642211437225341797e-01,1.351758986711502075e-01,8.471526503562927246e-01
1.099446788430213928e-02,2.344319038093090057e-02,7.105652242898941040e-02,3.584578335285186768e-01,2.630943059921264648e-02,0.000000000000000000e+00
5.986765772104263306e-02,2.672000043094158173e-02,1.593380793929100037e-02,3.505002707242965698e-03,0.000000000000000000e+00,0.000000000000000000e+00
