# CPU,RAM,NetworkR,NetworkW,DiskW,DiskR
4.904939234256744385e-02,5.068603903055191040e-02,1.000000000000000000e+00,9.837947487831115723e-01,9.865677952766418457e-01,9.878548979759216309e-01
1.094831805676221848e-02,1.107941195368766785e-01,9.272316098213195801e-01,9.544881582260131836e-01,9.858183860778808594e-01,9.782695770263671875e-01
1.314247865229845047e-02,5.326610058546066284e-02,9.523936510086059570e-01,9.523448944091796875e-01,9.830849766731262207e-01,9.823907613754272461e-01
1.205415185540914536e-02,1.164712831377983093e-01,8.938437700271606445e-01,9.185553789138793945e-01,9.486113190650939941e-01,9.664249420166015625e-01
1.326656062155961990e-02,9.038297832012176514e-02,8.225239515304565430e-01,8.598539233207702637e-01,7.725643515586853027e-01,9.158951044082641602e-01
1.424158066511154175e-01,2.737454771995544434e-01,4.088665246963500977e-01,6.417055726051330566e-01,6.963415145874023438e-01,8.691618442535400391e-01
2.445776313543319702e-01,1.000000000000000000e+00,2.539599239826202393e-01,5.970916152000427246e-01,2.867182493209838867e-01,8.812137842178344727e-01
9.317469000816345215e-01,4.250828921794891357e-01,7.345280051231384277e-02,2.910417318344116211e-01,7.480066269636154175e-02,1.185188218951225281e-01
1.917066611349582672e-02,1.113575417548418045e-02,7.515865564346313477e-02,2.605313062667846680e-01,2.565451525151729584e-02,6.778410170227289200e-03
1.805128306150436401e-01,1.549385767430067062e-02,1.764729246497154236e-02,0.000000000000000000e+00,0.000000000000000000e+00,0.000000000000000000e+00
