# CPU,RAM,NetworkR,NetworkW,DiskW,DiskR
4.907346516847610474e-02,5.051834881305694580e-02,1.000000000000000000e+00,9.837914705276489258e-01,9.865713715553283691e-01,9.878517389297485352e-01
1.017039641737937927e-02,4.501662254333496094e-01,9.139610528945922852e-01,9.401097297668457031e-01,9.716089367866516113e-01,7.980149984359741211e-01
1.051205582916736603e-02,4.586882293224334717e-01,7.811167836189270020e-01,8.958284258842468262e-01,9.140449762344360352e-01,8.456001281738281250e-01
1.020861137658357620e-02,3.359718620777130127e-01,8.112827539443969727e-01,8.900156617164611816e-01,7.719642519950866699e-01,8.273104429244995117e-01
1.014656014740467072e-02,3.048291504383087158e-01,7.352658510208129883e-01,8.489790558815002441e-01,5.815946459770202637e-01,6.688826680183410645e-01
1.128850318491458893e-02,2.484714835882186890e-01,5.022946000099182129e-01,7.320439815521240234e-01,4.779581129550933838e-01,6.546441912651062012e-01
1.180957909673452377e-02,2.509044706821441650e-01,4.052630364894866943e-01,6.491551995277404785e-01,4.622408151626586914e-01,6.833345293998718262e-01
1.625303179025650024e-02,1.758450418710708618e-01,4.164138138294219971e-01,5.794768333435058594e-01,5.781587958335876465e-01,8.098305463790893555e-01
1.752347946166992188e-01,5.918900370597839355e-01,2.279855757951736450e-01,3.674625754356384277e-01,5.658726692199707031e-01,8.470218181610107422e-01
1.000000000000000000e+00,1.000000000000000000e+00,1.664091832935810089e-02,1.297625713050365448e-03,1.180591061711311340e-04,0.000000000000000000e+00
