# CPU,RAM,NetworkR,NetworkW,DiskW,DiskR
9.999999776482582092e-03,9.999999776482582092e-03,1.000000000000000000e+00,9.900000095367431641e-01,9.900000095367431641e-01,9.900000095367431641e-01
9.999999776482582092e-03,9.999999776482582092e-03,9.796789884567260742e-01,9.707140922546386719e-01,9.875781536102294922e-01,9.527690410614013672e-01
9.999999776482582092e-03,9.333333373069763184e-02,9.341975450515747070e-01,9.436851143836975098e-01,9.869726896286010742e-01,9.527690410614013672e-01
9.999999776482582092e-03,9.333333373069763184e-02,9.038766026496887207e-01,9.061170220375061035e-01,9.784961938858032227e-01,9.527690410614013672e-01
9.999999776482582092e-03,9.333333373069763184e-02,8.811358213424682617e-01,8.898422718048095703e-01,8.617929220199584961e-01,8.689994215965270996e-01
9.999999776482582092e-03,9.333333373069763184e-02,4.986888468265533447e-01,6.766217350959777832e-01,6.402686834335327148e-01,8.387492895126342773e-01
9.999999776482582092e-03,9.333333373069763184e-02,4.607876241207122803e-01,6.428534388542175293e-01,6.256618499755859375e-01,8.387492895126342773e-01
9.999999776482582092e-03,9.333333373069763184e-02,4.228864014148712158e-01,5.143762826919555664e-01,6.022757887840270996e-01,8.387492895126342773e-01
9.999999776482582092e-03,1.766666620969772339e-01,2.459350973367691040e-01,3.289016485214233398e-01,5.710943937301635742e-01,8.294415473937988281e-01
1.000000000000000000e+00,1.000000000000000000e+00,9.999999776482582092e-03,0.000000000000000000e+00,0.000000000000000000e+00,0.000000000000000000e+00
