# CPU,RAM,NetworkR,NetworkW,DiskW,DiskR
4.911193996667861938e-02,5.073911324143409729e-02,1.000000000000000000e+00,9.837937355041503906e-01,9.865662455558776855e-01,9.878553152084350586e-01
1.129153743386268616e-02,5.278645455837249756e-02,9.500850439071655273e-01,9.605006575584411621e-01,9.866003990173339844e-01,9.817770719528198242e-01
2.139244042336940765e-02,2.722117900848388672e-01,7.879893183708190918e-01,9.080581665039062500e-01,9.751572608947753906e-01,9.734850525856018066e-01
4.430149868130683899e-02,6.636927723884582520e-01,5.542302727699279785e-01,8.224948644638061523e-01,8.519072532653808594e-01,9.343733787536621094e-01
4.783517867326736450e-02,3.264791071414947510e-01,5.736991167068481445e-01,8.047052621841430664e-01,8.180707693099975586e-01,9.207986593246459961e-01
4.842262715101242065e-02,5.034896731376647949e-01,4.141958355903625488e-01,7.149475812911987305e-01,6.942191720008850098e-01,8.831360936164855957e-01
1.244599185883998871e-02,1.000000000000000000e+00,3.775102794170379639e-01,7.459583282470703125e-01,4.007373750209808350e-01,8.937041759490966797e-01
1.000000000000000000e+00,9.704400300979614258e-01,2.241002768278121948e-01,5.653023719787597656e-01,1.381748169660568237e-01,7.163854837417602539e-01
1.300380192697048187e-02,1.481317356228828430e-02,1.109846383333206177e-01,3.717558681964874268e-01,2.343190647661685944e-02,0.000000000000000000e+00
1.040254682302474976e-01,2.063465118408203125e-02,1.639280468225479126e-02,9.003467857837677002e-05,0.000000000000000000e+00,0.000000000000000000e+00
