# CPU,RAM,NetworkR,NetworkW,DiskW,DiskR
4.915992915630340576e-02,5.076997727155685425e-02,1.000000000000000000e+00,9.837933778762817383e-01,9.865654706954956055e-01,9.878556728363037109e-01
1.113545335829257965e-02,8.953016251325607300e-02,9.317159056663513184e-01,9.557731151580810547e-01,9.861434102058410645e-01,9.798001646995544434e-01
1.523445732891559601e-02,1.396594047546386719e-01,8.767645955085754395e-01,9.299885630607604980e-01,9.793373942375183105e-01,9.777949452400207520e-01
1.306616142392158508e-02,1.022540628910064697e-01,9.073128700256347656e-01,9.275644421577453613e-01,9.600200057029724121e-01,9.730892181396484375e-01
1.236069202423095703e-02,1.098166182637214661e-01,8.219165205955505371e-01,8.655627369880676270e-01,7.795757651329040527e-01,9.169310927391052246e-01
5.134299397468566895e-02,9.880655258893966675e-02,5.778917670249938965e-01,7.238329648971557617e-01,7.070832848548889160e-01,8.789873719215393066e-01
1.423614770174026489e-01,9.717739820480346680e-01,2.822384834289550781e-01,5.867322087287902832e-01,5.102693438529968262e-01,9.056386947631835938e-01
9.911975860595703125e-01,9.610080718994140625e-01,1.077242344617843628e-01,3.246162235736846924e-01,8.679772913455963135e-02,4.374269247055053711e-01
1.691921800374984741e-02,1.148467324674129486e-02,7.234410196542739868e-02,2.886166572570800781e-01,1.667886227369308472e-02,0.000000000000000000e+00
1.577322036027908325e-01,1.628672331571578979e-02,1.676525920629501343e-02,0.000000000000000000e+00,0.000000000000000000e+00,0.000000000000000000e+00
