# CPU,RAM,NetworkR,NetworkW,DiskW,DiskR
4.904612526297569275e-02,5.055615305900573730e-02,1.000000000000000000e+00,9.837918877601623535e-01,9.865702986717224121e-01,9.878522753715515137e-01
1.010939385741949081e-02,5.566869974136352539e-01,9.055773019790649414e-01,9.324918389320373535e-01,9.528983831405639648e-01,5.695551037788391113e-01
1.027018018066883087e-02,5.905984640121459961e-01,7.334610819816589355e-01,8.784059286117553711e-01,8.520109653472900391e-01,6.120793223381042480e-01
1.012361235916614532e-02,4.801731407642364502e-01,7.221630215644836426e-01,8.630337715148925781e-01,6.931876540184020996e-01,5.798779129981994629e-01
1.011934876441955566e-02,5.101463198661804199e-01,6.022589802742004395e-01,8.110195994377136230e-01,5.483253002166748047e-01,4.547431468963623047e-01
1.056149788200855255e-02,3.846653401851654053e-01,3.887424170970916748e-01,6.926751136779785156e-01,3.905011415481567383e-01,3.451457023620605469e-01
1.085518579930067062e-02,4.188869297504425049e-01,2.587929368019104004e-01,5.687482357025146484e-01,3.007660806179046631e-01,2.725399434566497803e-01
1.912244781851768494e-02,2.858841419219970703e-01,2.981443107128143311e-01,4.956347942352294922e-01,4.525271058082580566e-01,6.665747761726379395e-01
3.558115661144256592e-01,8.188048601150512695e-01,2.517645061016082764e-01,3.869538903236389160e-01,6.691911220550537109e-01,8.951682448387145996e-01
1.000000000000000000e+00,1.000000000000000000e+00,1.802137121558189392e-02,7.246201857924461365e-04,2.214868552982807159e-03,3.734244033694267273e-03
