# CPU,RAM,NetworkR,NetworkW,DiskW,DiskR
4.901673644781112671e-02,5.056856572628021240e-02,1.000000000000000000e+00,9.837927818298339844e-01,9.865701794624328613e-01,9.878526926040649414e-01
1.027546543627977371e-02,2.394309937953948975e-01,9.297173023223876953e-01,9.491676092147827148e-01,9.813765287399291992e-01,9.306876659393310547e-01
1.052938587963581085e-02,3.855414688587188721e-01,8.279252052307128906e-01,9.103303551673889160e-01,9.426442384719848633e-01,9.215245842933654785e-01
1.028764154762029648e-02,2.887968122959136963e-01,8.402707576751708984e-01,8.970131278038024902e-01,8.061041831970214844e-01,8.859687447547912598e-01
1.016613375395536423e-02,2.310259342193603516e-01,7.773987054824829102e-01,8.571907877922058105e-01,5.794261097908020020e-01,7.264854311943054199e-01
1.176639832556247711e-02,2.136186957359313965e-01,5.125064253807067871e-01,7.260426282882690430e-01,4.969277381896972656e-01,7.085410952568054199e-01
1.179115660488605499e-02,2.274038344621658325e-01,4.288821220397949219e-01,6.499474644660949707e-01,4.920417666435241699e-01,7.272267937660217285e-01
1.547338068485260010e-02,1.738687455654144287e-01,4.274328351020812988e-01,5.705666542053222656e-01,5.883218050003051758e-01,8.221536874771118164e-01
1.305797547101974487e-01,4.742450714111328125e-01,2.268845438957214355e-01,3.459928035736083984e-01,5.345366597175598145e-01,8.235201835632324219e-01
1.000000000000000000e+00,1.000000000000000000e+00,1.566789671778678894e-02,0.000000000000000000e+00,0.000000000000000000e+00,0.000000000000000000e+00
