# CPU,RAM,NetworkR,NetworkW,DiskW,DiskR
4.905746132135391235e-02,5.034871399402618408e-02,1.000000000000000000e+00,9.837877154350280762e-01,9.865745902061462402e-01,9.878482222557067871e-01
1.077008247375488281e-02,6.928967684507369995e-02,9.485101103782653809e-01,9.595985412597656250e-01,9.860960841178894043e-01,9.792319536209106445e-01
1.189783867448568344e-02,9.501814842224121094e-02,9.235237240791320801e-01,9.423568248748779297e-01,9.797446727752685547e-01,9.781069159507751465e-01
1.160317938774824142e-02,1.709117740392684937e-01,8.633497357368469238e-01,9.064774513244628906e-01,9.223906397819519043e-01,9.554577469825744629e-01
1.079883892089128494e-02,1.324549168348312378e-01,8.064984083175659180e-01,8.562345504760742188e-01,6.494358181953430176e-01,8.610676527023315430e-01
1.884911954402923584e-02,2.129423022270202637e-01,4.691776335239410400e-01,6.881170272827148438e-01,5.865783095359802246e-01,8.122640252113342285e-01
1.506982836872339249e-02,1.297169029712677002e-01,4.891990423202514648e-01,6.524277925491333008e-01,5.908411741256713867e-01,8.244420886039733887e-01
1.422395929694175720e-02,1.533305048942565918e-01,4.361286759376525879e-01,5.519360899925231934e-01,5.894997715950012207e-01,8.347514867782592773e-01
8.222579956054687500e-02,2.536244392395019531e-01,2.865630090236663818e-01,3.549826443195343018e-01,6.010664105415344238e-01,8.504335284233093262e-01
1.000000000000000000e+00,1.000000000000000000e+00,1.503578107804059982e-02,0.000000000000000000e+00,0.000000000000000000e+00,0.000000000000000000e+00
