# CPU,RAM,NetworkR,NetworkW,DiskW,DiskR
4.896453022956848145e-02,5.030238628387451172e-02,1.000000000000000000e+00,9.837864637374877930e-01,9.865747690200805664e-01,9.878469705581665039e-01
1.080923527479171753e-02,1.215232238173484802e-01,9.271247982978820801e-01,9.541089534759521484e-01,9.855489134788513184e-01,9.767357110977172852e-01
1.201679185032844543e-02,1.213531643152236938e-01,9.105241894721984863e-01,9.389024376869201660e-01,9.784793853759765625e-01,9.773437380790710449e-01
1.150697190314531326e-02,1.849506050348281860e-01,8.630885481834411621e-01,9.079586267471313477e-01,9.237731099128723145e-01,9.565365910530090332e-01
1.059344690293073654e-02,1.302337497472763062e-01,8.367753624916076660e-01,8.702833652496337891e-01,6.765050888061523438e-01,8.744176626205444336e-01
1.608365215361118317e-02,2.168904989957809448e-01,5.250146985054016113e-01,7.201674580574035645e-01,6.384855508804321289e-01,8.431528806686401367e-01
1.532141957432031631e-02,1.228226572275161743e-01,5.485911965370178223e-01,6.820148229598999023e-01,6.431217193603515625e-01,8.562452197074890137e-01
1.390352100133895874e-02,1.709287017583847046e-01,4.389689266681671143e-01,5.568754673004150391e-01,5.762623548507690430e-01,8.275642395019531250e-01
6.353361904621124268e-02,2.667010128498077393e-01,2.571886777877807617e-01,3.407022655010223389e-01,5.139492154121398926e-01,7.968433499336242676e-01
1.000000000000000000e+00,1.000000000000000000e+00,1.540561765432357788e-02,0.000000000000000000e+00,0.000000000000000000e+00,0.000000000000000000e+00
