# CPU,RAM,NetworkR,NetworkW,DiskW,DiskR
4.906477779150009155e-02,5.085071176290512085e-02,1.000000000000000000e+00,9.837950468063354492e-01,9.865633249282836914e-01,9.878570437431335449e-01
1.114762108772993088e-02,9.071008116006851196e-02,9.309238791465759277e-01,9.555517435073852539e-01,9.861097931861877441e-01,9.796957373619079590e-01
2.292926236987113953e-02,1.649400740861892700e-01,8.496319651603698730e-01,9.226318597793579102e-01,9.806599020957946777e-01,9.782636165618896484e-01
5.419848859310150146e-02,5.178474187850952148e-01,6.459196805953979492e-01,8.504757881164550781e-01,9.243698120117187500e-01,9.560248851776123047e-01
9.654660522937774658e-02,4.735097885131835938e-01,5.449107289314270020e-01,7.923223376274108887e-01,8.452521562576293945e-01,9.309962987899780273e-01
5.187415331602096558e-02,5.037282109260559082e-01,4.087062478065490723e-01,7.080317735671997070e-01,6.751737594604492188e-01,8.764432072639465332e-01
1.195281650871038437e-02,1.000000000000000000e+00,3.632927834987640381e-01,7.344715595245361328e-01,3.813450932502746582e-01,8.734683990478515625e-01
1.000000000000000000e+00,9.212341308593750000e-01,2.071264535188674927e-01,5.313882827758789062e-01,1.423373669385910034e-01,5.615152716636657715e-01
1.449002325534820557e-02,1.472215726971626282e-02,1.347374916076660156e-01,3.664219677448272705e-01,2.962313406169414520e-02,9.991055354475975037e-03
9.957737475633621216e-02,2.062106318771839142e-02,1.730515062808990479e-02,2.050237031653523445e-03,0.000000000000000000e+00,0.000000000000000000e+00
