# CPU,RAM,NetworkR,NetworkW,DiskW,DiskR
4.915115982294082642e-02,5.074172466993331909e-02,1.000000000000000000e+00,9.837935566902160645e-01,9.865663051605224609e-01,9.878553748130798340e-01
1.137023512274026871e-02,3.418476134538650513e-02,9.660722613334655762e-01,9.650724530220031738e-01,9.868785142898559570e-01,9.831486344337463379e-01
1.410260330885648727e-02,3.884145617485046387e-01,7.413359880447387695e-01,8.965741395950317383e-01,9.571722149848937988e-01,9.611625075340270996e-01
2.673843316733837128e-02,1.193572208285331726e-01,8.492958545684814453e-01,9.095040559768676758e-01,9.593989253044128418e-01,9.711191654205322266e-01
3.674886375665664673e-02,2.962135076522827148e-01,5.929827690124511719e-01,7.999008893966674805e-01,8.101040124893188477e-01,9.142106175422668457e-01
8.529753983020782471e-02,4.025657474994659424e-01,4.365771412849426270e-01,7.040994763374328613e-01,7.316055297851562500e-01,8.907252550125122070e-01
3.564720600843429565e-02,1.000000000000000000e+00,3.159911930561065674e-01,6.902379989624023438e-01,3.381302952766418457e-01,8.848915696144104004e-01
1.000000000000000000e+00,9.588654637336730957e-01,1.684805750846862793e-01,4.910908341407775879e-01,1.124070361256599426e-01,6.148676872253417969e-01
1.602128706872463226e-02,1.253734622150659561e-02,9.023506939411163330e-02,3.330602347850799561e-01,1.634823344647884369e-02,0.000000000000000000e+00
1.293274909257888794e-01,1.800233498215675354e-02,1.621312834322452545e-02,0.000000000000000000e+00,0.000000000000000000e+00,0.000000000000000000e+00
