# CPU,RAM,NetworkR,NetworkW,DiskW,DiskR
4.912960529327392578e-02,5.076672881841659546e-02,1.000000000000000000e+00,9.837940931320190430e-01,9.865657091140747070e-01,9.878557920455932617e-01
1.114759780466556549e-02,8.611505478620529175e-02,9.330035448074340820e-01,9.560890197753906250e-01,9.861798882484436035e-01,9.799533486366271973e-01
1.697324216365814209e-02,1.070775240659713745e-01,8.934765458106994629e-01,9.342612624168395996e-01,9.814955592155456543e-01,9.796254634857177734e-01
1.445249747484922409e-02,1.234564408659934998e-01,8.829358816146850586e-01,9.193635582923889160e-01,9.598839879035949707e-01,9.718416333198547363e-01
2.202220261096954346e-02,1.618877947330474854e-01,7.216961383819580078e-01,8.315945863723754883e-01,8.245587944984436035e-01,9.225991368293762207e-01
9.176139533519744873e-02,2.437600046396255493e-01,4.699392020702362061e-01,6.903372406959533691e-01,7.241263985633850098e-01,8.824637532234191895e-01
9.510266780853271484e-02,9.991530776023864746e-01,3.025902807712554932e-01,6.383532285690307617e-01,4.266954660415649414e-01,9.113965034484863281e-01
1.000000000000000000e+00,9.324040412902832031e-01,1.077596694231033325e-01,3.537623286247253418e-01,8.598065376281738281e-02,2.748987376689910889e-01
2.267575263977050781e-02,1.199292391538619995e-02,8.560395985841751099e-02,3.047983646392822266e-01,1.504893600940704346e-02,5.366258323192596436e-03
2.144785225391387939e-01,1.896457001566886902e-02,1.518215239048004150e-02,0.000000000000000000e+00,0.000000000000000000e+00,0.000000000000000000e+00
