# CPU,RAM,NetworkR,NetworkW,DiskW,DiskR
4.910920560359954834e-02,5.062105879187583923e-02,1.000000000000000000e+00,9.837919473648071289e-01,9.865688681602478027e-01,9.878532290458679199e-01
1.036426145583391190e-02,2.330674827098846436e-01,9.234211444854736328e-01,9.495635628700256348e-01,9.826161265373229980e-01,9.512708783149719238e-01
1.108354888856410980e-02,2.615275979042053223e-01,8.563137054443359375e-01,9.209625124931335449e-01,9.636244773864746094e-01,9.569793343544006348e-01
1.052423566579818726e-02,2.328843623399734497e-01,8.616102337837219238e-01,9.063343405723571777e-01,8.713662028312683105e-01,9.321689605712890625e-01
1.018813159316778183e-02,1.709033250808715820e-01,8.361095786094665527e-01,8.746785521507263184e-01,6.113725304603576660e-01,7.977987527847290039e-01
1.219392474740743637e-02,1.909116506576538086e-01,5.415092706680297852e-01,7.340011596679687500e-01,5.408594608306884766e-01,7.677703499794006348e-01
1.205100957304239273e-02,2.170165330171585083e-01,4.604044556617736816e-01,6.595986485481262207e-01,5.379001498222351074e-01,7.773305177688598633e-01
1.313925720751285553e-02,1.649299561977386475e-01,4.596181511878967285e-01,5.837184786796569824e-01,5.768882632255554199e-01,8.208739161491394043e-01
6.625459343194961548e-02,3.226767182350158691e-01,2.459677308797836304e-01,3.490021228790283203e-01,4.970392584800720215e-01,7.856248021125793457e-01
1.000000000000000000e+00,1.000000000000000000e+00,1.627937518060207367e-02,1.935521140694618225e-04,0.000000000000000000e+00,0.000000000000000000e+00
