# CPU,RAM,NetworkR,NetworkW,DiskW,DiskR
4.915766417980194092e-02,5.080313235521316528e-02,1.000000000000000000e+00,9.837930798530578613e-01,9.865643978118896484e-01,9.878559708595275879e-01
1.133716106414794922e-02,3.100705705583095551e-02,9.699929952621459961e-01,9.663195610046386719e-01,9.869346618652343750e-01,9.834641218185424805e-01
1.367795094847679138e-02,1.625563353300094604e-01,8.415568470954895020e-01,9.200446009635925293e-01,9.740297794342041016e-01,9.717925786972045898e-01
1.372558623552322388e-02,9.281794726848602295e-02,9.002379179000854492e-01,9.239289760589599609e-01,9.535158276557922363e-01,9.704511761665344238e-01
2.163588255643844604e-02,1.583083271980285645e-01,6.771566271781921387e-01,8.118969798088073730e-01,7.520194053649902344e-01,8.962782025337219238e-01
5.327364057302474976e-02,1.919156908988952637e-01,4.906197786331176758e-01,7.062109708786010742e-01,7.192192077636718750e-01,8.797619938850402832e-01
1.090266853570938110e-01,8.566636443138122559e-01,2.680388092994689941e-01,5.659776926040649414e-01,5.354748368263244629e-01,8.685291409492492676e-01
2.850522100925445557e-01,5.676096677780151367e-01,1.222808733582496643e-01,3.427624702453613281e-01,2.124157547950744629e-01,5.271450877189636230e-01
2.980535291135311127e-02,2.797650173306465149e-02,7.337149232625961304e-02,2.291871756315231323e-01,9.691862761974334717e-02,5.249759182333946228e-02
5.143026113510131836e-01,1.108669266104698181e-01,1.244790107011795044e-02,0.000000000000000000e+00,4.588637501001358032e-03,0.000000000000000000e+00
