# CPU,RAM,NetworkR,NetworkW,DiskW,DiskR
4.908508062362670898e-02,5.055043101310729980e-02,1.000000000000000000e+00,9.837899804115295410e-01,9.865698814392089844e-01,9.878515601158142090e-01
1.089082844555377960e-02,6.554747372865676880e-02,9.477183222770690918e-01,9.595219492912292480e-01,9.861769080162048340e-01,9.798724651336669922e-01
1.179353240877389908e-02,1.397578418254852295e-01,8.927127122879028320e-01,9.332470297813415527e-01,9.755667448043823242e-01,9.743300676345825195e-01
1.167802419513463974e-02,1.886454671621322632e-01,8.471929430961608887e-01,9.020473957061767578e-01,9.101769328117370605e-01,9.515243768692016602e-01
1.065538078546524048e-02,1.471911966800689697e-01,7.937563657760620117e-01,8.548672795295715332e-01,6.247889995574951172e-01,8.436404466629028320e-01
1.674629375338554382e-02,2.144300043582916260e-01,4.693485796451568604e-01,6.940141320228576660e-01,5.611310005187988281e-01,7.952920794486999512e-01
1.437932625412940979e-02,1.418886035680770874e-01,4.786241650581359863e-01,6.539047956466674805e-01,5.727083683013916016e-01,8.121594190597534180e-01
1.343536376953125000e-02,1.690623760223388672e-01,4.256410598754882812e-01,5.546584129333496094e-01,5.622273087501525879e-01,8.174178004264831543e-01
5.359509959816932678e-02,2.293642461299896240e-01,2.689822316169738770e-01,3.500789105892181396e-01,5.182086229324340820e-01,7.978059053421020508e-01
1.000000000000000000e+00,1.000000000000000000e+00,1.565143652260303497e-02,0.000000000000000000e+00,0.000000000000000000e+00,0.000000000000000000e+00
