# CPU,RAM,NetworkR,NetworkW,DiskW,DiskR
4.910887032747268677e-02,5.065846443176269531e-02,1.000000000000000000e+00,9.837938547134399414e-01,9.865685701370239258e-01,9.878543615341186523e-01
1.085579022765159607e-02,1.428381651639938354e-01,9.200122952461242676e-01,9.525467157363891602e-01,9.853928685188293457e-01,9.763329625129699707e-01
1.338746119290590286e-02,5.342029780149459839e-02,9.522633552551269531e-01,9.521777033805847168e-01,9.830906391143798828e-01,9.823229908943176270e-01
1.830734685063362122e-02,1.653207838535308838e-01,8.269518017768859863e-01,8.974928259849548340e-01,9.534427523612976074e-01,9.652834534645080566e-01
7.961955666542053223e-02,3.915639519691467285e-01,5.417902469635009766e-01,7.659186124801635742e-01,8.064171671867370605e-01,9.115624427795410156e-01
1.790211051702499390e-01,7.565890550613403320e-01,3.469402492046356201e-01,6.562025547027587891e-01,6.544523239135742188e-01,8.888069987297058105e-01
1.806584373116493225e-02,1.000000000000000000e+00,2.836166620254516602e-01,6.806921362876892090e-01,2.660532891750335693e-01,7.912012338638305664e-01
1.000000000000000000e+00,9.763889908790588379e-01,1.496881246566772461e-01,4.611001014709472656e-01,1.041093990206718445e-01,5.662698149681091309e-01
1.585244573652744293e-02,1.487215422093868256e-02,8.812798559665679932e-02,3.270683884620666504e-01,1.638745702803134918e-02,8.033470250666141510e-03
1.240331381559371948e-01,2.032033354043960571e-02,1.533229835331439972e-02,0.000000000000000000e+00,0.000000000000000000e+00,0.000000000000000000e+00
