# CPU,RAM,NetworkR,NetworkW,DiskW,DiskR
4.905130714178085327e-02,5.079809576272964478e-02,1.000000000000000000e+00,9.837942123413085938e-01,9.865643978118896484e-01,9.878560900688171387e-01
1.140346191823482513e-02,2.487423084676265717e-02,9.776108860969543457e-01,9.688231348991394043e-01,9.870486855506896973e-01,9.841190576553344727e-01
1.336933486163616180e-02,2.176635414361953735e-01,7.987487912178039551e-01,9.088807702064514160e-01,9.667276740074157715e-01,9.650992751121520996e-01
1.352101936936378479e-02,8.828884363174438477e-02,8.989956378936767578e-01,9.236103296279907227e-01,9.474263787269592285e-01,9.688175916671752930e-01
1.178417354822158813e-02,1.196386814117431641e-01,7.766889929771423340e-01,8.493801951408386230e-01,6.702391505241394043e-01,8.749056458473205566e-01
2.976550906896591187e-02,1.683976054191589355e-01,4.706880450248718262e-01,6.923006772994995117e-01,6.188887357711791992e-01,8.330923318862915039e-01
5.633684992790222168e-02,1.652483344078063965e-01,3.630061745643615723e-01,5.796887874603271484e-01,5.821111202239990234e-01,8.173104524612426758e-01
7.026826590299606323e-02,2.349552065134048462e-01,2.731487452983856201e-01,4.558075070381164551e-01,5.705690383911132812e-01,8.244147300720214844e-01
8.361971378326416016e-02,9.544473886489868164e-02,3.002930283546447754e-01,3.790394961833953857e-01,6.088340878486633301e-01,8.485766649246215820e-01
9.888833165168762207e-01,9.974130392074584961e-01,1.368606463074684143e-02,0.000000000000000000e+00,0.000000000000000000e+00,0.000000000000000000e+00
