# CPU,RAM,NetworkR,NetworkW,DiskW,DiskR
4.901377856731414795e-02,5.057188123464584351e-02,1.000000000000000000e+00,9.837939739227294922e-01,9.865705370903015137e-01,9.878531694412231445e-01
1.146524772047996521e-02,3.517096489667892456e-02,9.642315506935119629e-01,9.644935727119445801e-01,9.868843555450439453e-01,9.830901622772216797e-01
1.664784550666809082e-02,3.155081272125244141e-01,7.636634111404418945e-01,9.024245142936706543e-01,9.682677984237670898e-01,9.681893587112426758e-01
1.511982455849647522e-02,8.795554190874099731e-02,9.000066518783569336e-01,9.268557429313659668e-01,9.588150978088378906e-01,9.733832478523254395e-01
1.149618718773126602e-02,1.127653717994689941e-01,8.208119869232177734e-01,8.697628974914550781e-01,7.411614656448364258e-01,9.046440124511718750e-01
1.987743377685546875e-02,1.145999804139137268e-01,5.750820636749267578e-01,7.376409173011779785e-01,6.181467771530151367e-01,8.441824913024902344e-01
5.136290937662124634e-02,1.662748456001281738e-01,3.719407618045806885e-01,5.824415683746337891e-01,5.866443514823913574e-01,8.199573159217834473e-01
7.492153346538543701e-02,2.246318161487579346e-01,2.590247392654418945e-01,4.411396384239196777e-01,5.263516306877136230e-01,7.964817285537719727e-01
7.022161036729812622e-02,7.574292272329330444e-02,3.221292793750762939e-01,3.934931159019470215e-01,6.215531229972839355e-01,8.503890037536621094e-01
9.902348518371582031e-01,9.997230172157287598e-01,1.402120757848024368e-02,0.000000000000000000e+00,0.000000000000000000e+00,0.000000000000000000e+00
