# CPU,RAM,NetworkR,NetworkW,DiskW,DiskR
4.892621934413909912e-02,5.040948837995529175e-02,1.000000000000000000e+00,9.837905764579772949e-01,9.865732192993164062e-01,9.878497123718261719e-01
1.037124264985322952e-02,1.959097534418106079e-01,9.290269613265991211e-01,9.511942863464355469e-01,9.832037687301635742e-01,9.555696845054626465e-01
1.113327592611312866e-02,1.790282726287841797e-01,8.910145163536071777e-01,9.306448698043823242e-01,9.711851477622985840e-01,9.651419520378112793e-01
1.045871526002883911e-02,2.022823244333267212e-01,8.822759985923767090e-01,9.114852547645568848e-01,8.804646134376525879e-01,9.358388781547546387e-01
1.026178430765867233e-02,1.478400826454162598e-01,8.357565999031066895e-01,8.714550137519836426e-01,6.213861703872680664e-01,8.211380243301391602e-01
1.351052895188331604e-02,1.580069810152053833e-01,5.528917312622070312e-01,7.319924831390380859e-01,5.750899910926818848e-01,8.015508651733398438e-01
1.291541848331689835e-02,1.470684856176376343e-01,5.141952633857727051e-01,6.767489910125732422e-01,6.055810451507568359e-01,8.299544453620910645e-01
1.524819340556859970e-02,1.728490740060806274e-01,4.350466430187225342e-01,5.598674416542053223e-01,5.972219109535217285e-01,8.362959027290344238e-01
1.023232042789459229e-01,4.102678894996643066e-01,2.192886471748352051e-01,3.254249095916748047e-01,4.929091334342956543e-01,7.956261038780212402e-01
1.000000000000000000e+00,9.988494515419006348e-01,1.509363576769828796e-02,0.000000000000000000e+00,0.000000000000000000e+00,0.000000000000000000e+00
