# CPU,RAM,NetworkR,NetworkW,DiskW,DiskR
4.908636957406997681e-02,5.053433030843734741e-02,1.000000000000000000e+00,9.837926030158996582e-01,9.865714907646179199e-01,9.878523945808410645e-01
1.049356162548065186e-02,2.097608447074890137e-01,9.191237092018127441e-01,9.502556324005126953e-01,9.837255477905273438e-01,9.643488526344299316e-01
1.223956048488616943e-02,1.336548775434494019e-01,9.007188081741333008e-01,9.347726106643676758e-01,9.767422676086425781e-01,9.737601876258850098e-01
1.104953419417142868e-02,1.858401745557785034e-01,8.715747594833374023e-01,9.108283519744873047e-01,9.169421195983886719e-01,9.532503485679626465e-01
1.032327394932508469e-02,1.346740424633026123e-01,8.530463576316833496e-01,8.773018121719360352e-01,6.492047905921936035e-01,8.513674139976501465e-01
1.385310105979442596e-02,1.789543032646179199e-01,5.408857464790344238e-01,7.260202169418334961e-01,5.865784883499145508e-01,8.114181756973266602e-01
1.332003343850374222e-02,1.706554442644119263e-01,4.917046725749969482e-01,6.623420119285583496e-01,5.908147096633911133e-01,8.215700984001159668e-01
1.301825419068336487e-02,1.570086926221847534e-01,4.620327949523925781e-01,5.735715627670288086e-01,5.762611031532287598e-01,8.248776793479919434e-01
4.941042140126228333e-02,2.503005266189575195e-01,2.577244043350219727e-01,3.445733785629272461e-01,4.835166037082672119e-01,7.712627053260803223e-01
1.000000000000000000e+00,1.000000000000000000e+00,1.611477136611938477e-02,0.000000000000000000e+00,0.000000000000000000e+00,0.000000000000000000e+00
