# CPU,RAM,NetworkR,NetworkW,DiskW,DiskR
4.905525967478752136e-02,5.067704617977142334e-02,1.000000000000000000e+00,9.837874174118041992e-01,9.865649938583374023e-01,9.878520369529724121e-01
1.092364825308322906e-02,3.632881492376327515e-02,9.684517979621887207e-01,9.657011032104492188e-01,9.866560101509094238e-01,9.824217557907104492e-01
1.154631003737449646e-02,1.657110452651977539e-01,8.692672252655029297e-01,9.261898994445800781e-01,9.715008139610290527e-01,9.697120785713195801e-01
1.225355826318264008e-02,1.857776045799255371e-01,8.305566310882568359e-01,8.961732387542724609e-01,9.021127223968505859e-01,9.482092261314392090e-01
1.117433514446020126e-02,1.491234451532363892e-01,7.544885277748107910e-01,8.426748514175415039e-01,6.310093402862548828e-01,8.498268723487854004e-01
1.992654800415039062e-02,2.538536787033081055e-01,4.437904059886932373e-01,6.876928806304931641e-01,5.849522352218627930e-01,8.118309378623962402e-01
1.752019487321376801e-02,1.027596592903137207e-01,5.197013616561889648e-01,6.724982261657714844e-01,6.145047545433044434e-01,8.416956067085266113e-01
1.630108430981636047e-02,1.859250366687774658e-01,3.905378282070159912e-01,5.384763479232788086e-01,5.778248906135559082e-01,8.294479846954345703e-01
8.469481766223907471e-02,2.675223350524902344e-01,2.614227831363677979e-01,3.515692055225372314e-01,5.636214017868041992e-01,8.321254253387451172e-01
1.000000000000000000e+00,1.000000000000000000e+00,1.492608524858951569e-02,0.000000000000000000e+00,0.000000000000000000e+00,0.000000000000000000e+00
