# CPU,RAM,NetworkR,NetworkW,DiskW,DiskR
4.897654056549072266e-02,5.067738518118858337e-02,1.000000000000000000e+00,9.837934970855712891e-01,9.865670800209045410e-01,9.878541827201843262e-01
1.114111300557851791e-02,5.763510614633560181e-02,9.485557675361633301e-01,9.600448608398437500e-01,9.864816665649414062e-01,9.812741875648498535e-01
1.231474149972200394e-02,7.952360808849334717e-02,9.280535578727722168e-01,9.442220330238342285e-01,9.805332422256469727e-01,9.795098304748535156e-01
1.212677266448736191e-02,1.281144022941589355e-01,8.833379745483398438e-01,9.145669937133789062e-01,9.396733641624450684e-01,9.632141590118408203e-01
1.114809140563011169e-02,1.154562458395957947e-01,8.107866048812866211e-01,8.562425971031188965e-01,6.699964404106140137e-01,8.758693933486938477e-01
2.496525272727012634e-02,1.911792457103729248e-01,4.584822058677673340e-01,6.773331761360168457e-01,5.986275076866149902e-01,8.206066489219665527e-01
2.488737925887107849e-02,1.435828357934951782e-01,4.060424268245697021e-01,5.998383760452270508e-01,5.681843757629394531e-01,8.075636625289916992e-01
1.720907911658287048e-02,1.332818716764450073e-01,3.889904022216796875e-01,5.231918096542358398e-01,5.725138783454895020e-01,8.220200538635253906e-01
4.304533451795578003e-02,1.440027654170989990e-01,2.799921333789825439e-01,3.511473238468170166e-01,5.152705907821655273e-01,7.950947880744934082e-01
9.973356127738952637e-01,1.000000000000000000e+00,1.508635282516479492e-02,0.000000000000000000e+00,0.000000000000000000e+00,0.000000000000000000e+00
