# CPU,RAM,NetworkR,NetworkW,DiskW,DiskR
4.917755722999572754e-02,5.079989880323410034e-02,1.000000000000000000e+00,9.837934374809265137e-01,9.865647554397583008e-01,9.878560900688171387e-01
1.103982608765363693e-02,1.142849847674369812e-01,9.241983890533447266e-01,9.539006352424621582e-01,9.858562350273132324e-01,9.785974025726318359e-01
1.912551373243331909e-02,8.300992101430892944e-02,9.128417968750000000e-01,9.394684433937072754e-01,9.831593036651611328e-01,9.813130497932434082e-01
3.826811537146568298e-02,2.956365942955017090e-01,7.484674453735351562e-01,8.784998059272766113e-01,9.541599750518798828e-01,9.658161401748657227e-01
1.000799462199211121e-01,5.015488862991333008e-01,5.467950105667114258e-01,7.863870859146118164e-01,8.484456539154052734e-01,9.318181872367858887e-01
1.244643852114677429e-01,6.027993559837341309e-01,3.806757628917694092e-01,6.818683743476867676e-01,6.795678138732910156e-01,8.844193816184997559e-01
1.765519194304943085e-02,1.000000000000000000e+00,3.170845508575439453e-01,6.997296214103698730e-01,3.564595878124237061e-01,8.750666975975036621e-01
9.826772212982177734e-01,9.938565492630004883e-01,1.713733673095703125e-01,5.296998620033264160e-01,1.203391328454017639e-01,4.326288998126983643e-01
2.073319815099239349e-02,1.703701540827751160e-02,1.191154345870018005e-01,3.549099564552307129e-01,1.887491904199123383e-02,1.874005794525146484e-02
9.120026230812072754e-02,1.825125515460968018e-02,1.762459054589271545e-02,1.895930618047714233e-04,0.000000000000000000e+00,0.000000000000000000e+00
