# CPU,RAM,NetworkR,NetworkW,DiskW,DiskR
4.916528239846229553e-02,5.061142519116401672e-02,1.000000000000000000e+00,9.837929010391235352e-01,9.865698814392089844e-01,9.878535866737365723e-01
1.019919291138648987e-02,4.102346003055572510e-01,9.151039719581604004e-01,9.420759677886962891e-01,9.748948812484741211e-01,8.491805791854858398e-01
1.188970170915126801e-02,2.170227468013763428e-01,8.443294167518615723e-01,9.159597754478454590e-01,9.640457034111022949e-01,9.429897665977478027e-01
1.070998981595039368e-02,2.294777333736419678e-01,8.430466651916503906e-01,9.029039740562438965e-01,8.805133700370788574e-01,9.300098419189453125e-01
1.024754811078310013e-02,1.867480427026748657e-01,8.131518363952636719e-01,8.709965944290161133e-01,6.259720325469970703e-01,8.045052289962768555e-01
1.289568841457366943e-02,2.207041829824447632e-01,5.230581760406494141e-01,7.349863648414611816e-01,5.561472773551940918e-01,7.765843272209167480e-01
1.210328843444585800e-02,2.231429517269134521e-01,4.560386538505554199e-01,6.706805229187011719e-01,5.272666811943054199e-01,7.669324278831481934e-01
1.302204839885234833e-02,1.834949404001235962e-01,4.250377714633941650e-01,5.809362530708312988e-01,5.259088873863220215e-01,7.828624248504638672e-01
5.815644934773445129e-02,4.157692193984985352e-01,2.013592422008514404e-01,3.375406563282012939e-01,4.029373526573181152e-01,7.066361308097839355e-01
1.000000000000000000e+00,9.996698498725891113e-01,1.719627156853675842e-02,1.936380052939057350e-03,9.721909882500767708e-04,0.000000000000000000e+00
