# CPU,RAM,NetworkR,NetworkW,DiskW,DiskR
4.910216480493545532e-02,5.076684802770614624e-02,1.000000000000000000e+00,9.837937355041503906e-01,9.865654110908508301e-01,9.878556132316589355e-01
1.059320382773876190e-02,2.367863357067108154e-01,9.106879234313964844e-01,9.491695165634155273e-01,9.839262366294860840e-01,9.679316282272338867e-01
1.278501655906438828e-02,6.105197221040725708e-02,9.488607645034790039e-01,9.505556821823120117e-01,9.821035265922546387e-01,9.807838201522827148e-01
1.106064487248659134e-02,1.018795892596244812e-01,9.231238961219787598e-01,9.290375709533691406e-01,9.476978778839111328e-01,9.669556617736816406e-01
1.046087779104709625e-02,8.468680083751678467e-02,8.914687633514404297e-01,8.871980309486389160e-01,6.969817280769348145e-01,8.909777998924255371e-01
1.699874550104141235e-02,1.088254824280738831e-01,5.678001642227172852e-01,7.188491821289062500e-01,6.091774702072143555e-01,8.342475295066833496e-01
1.758459210395812988e-02,1.313367933034896851e-01,4.466431736946105957e-01,6.156545877456665039e-01,5.912476181983947754e-01,8.218696713447570801e-01
1.454416755586862564e-02,1.425783634185791016e-01,4.094615876674652100e-01,5.254838466644287109e-01,5.658378005027770996e-01,8.171927332878112793e-01
3.626089170575141907e-02,1.605613231658935547e-01,2.679445743560791016e-01,3.360417783260345459e-01,4.750012159347534180e-01,7.572448849678039551e-01
9.971587657928466797e-01,1.000000000000000000e+00,1.549991592764854431e-02,0.000000000000000000e+00,0.000000000000000000e+00,0.000000000000000000e+00
