# CPU,RAM,NetworkR,NetworkW,DiskW,DiskR
9.999999776482582092e-03,1.099999994039535522e-01,1.000000000000000000e+00,9.900000095367431641e-01,9.900000095367431641e-01,9.900000095367431641e-01
9.999999776482582092e-03,3.100000023841857910e-01,8.880487680435180664e-01,9.441649913787841797e-01,9.786301851272583008e-01,9.754155874252319336e-01
9.999999776482582092e-03,3.100000023841857910e-01,8.148780465126037598e-01,9.260701537132263184e-01,9.352676272392272949e-01,9.754155874252319336e-01
9.999999776482582092e-03,4.099999964237213135e-01,6.929268240928649902e-01,8.608648777008056641e-01,9.054520726203918457e-01,9.754155874252319336e-01
9.999999776482582092e-03,4.099999964237213135e-01,6.197561025619506836e-01,8.193343877792358398e-01,7.005533576011657715e-01,8.463003039360046387e-01
5.938271433115005493e-02,5.099999904632568359e-01,5.221951007843017578e-01,7.768473625183105469e-01,6.495101451873779297e-01,8.394370079040527344e-01
9.999999776482582092e-03,1.000000000000000000e+00,3.514634072780609131e-01,7.033519148826599121e-01,3.572210669517517090e-01,8.031903505325317383e-01
1.000000000000000000e+00,1.000000000000000000e+00,2.539024353027343750e-01,5.380271077156066895e-01,1.475446075201034546e-01,6.990616917610168457e-01
9.999999776482582092e-03,9.999999776482582092e-03,1.075609698891639709e-01,3.740574121475219727e-01,1.225582137703895569e-02,0.000000000000000000e+00
9.641975164413452148e-02,9.999999776482582092e-03,9.999999776482582092e-03,0.000000000000000000e+00,0.000000000000000000e+00,0.000000000000000000e+00
