# CPU,RAM,NetworkR,NetworkW,DiskW,DiskR
4.914847761392593384e-02,5.071514844894409180e-02,1.000000000000000000e+00,9.837931394577026367e-01,9.865669012069702148e-01,9.878548979759216309e-01
1.131514552980661392e-02,3.645005822181701660e-02,9.641175270080566406e-01,9.645133018493652344e-01,9.868484139442443848e-01,9.829775094985961914e-01
1.764110662043094635e-02,2.120501548051834106e-01,8.060519695281982422e-01,9.117960929870605469e-01,9.749144911766052246e-01,9.724847078323364258e-01
3.884787857532501221e-02,2.789803445339202881e-01,7.400050163269042969e-01,8.768435716629028320e-01,9.456771016120910645e-01,9.628303647041320801e-01
5.778177082538604736e-02,4.353952407836914062e-01,5.333395004272460938e-01,7.830405235290527344e-01,7.997707724571228027e-01,9.137506484985351562e-01
1.300746202468872070e-01,5.838334560394287109e-01,3.984305560588836670e-01,6.966817378997802734e-01,7.254067063331604004e-01,8.976866006851196289e-01
2.186013199388980865e-02,1.000000000000000000e+00,3.102685809135437012e-01,7.069982290267944336e-01,3.001841306686401367e-01,8.477504253387451172e-01
1.000000000000000000e+00,9.920331239700317383e-01,1.835966706275939941e-01,5.418351888656616211e-01,1.180676296353340149e-01,6.692325472831726074e-01
1.639412529766559601e-02,1.560147665441036224e-02,8.994793146848678589e-02,3.440752029418945312e-01,1.584834605455398560e-02,1.971979625523090363e-03
1.094002872705459595e-01,1.856023259460926056e-02,1.628283411264419556e-02,0.000000000000000000e+00,0.000000000000000000e+00,0.000000000000000000e+00
