# CPU,RAM,NetworkR,NetworkW,DiskW,DiskR
9.999999776482582092e-03,9.999999776482582092e-03,1.000000000000000000e+00,9.900000095367431641e-01,9.900000095367431641e-01,9.900000095367431641e-01
9.999999776482582092e-03,9.333333373069763184e-02,9.671189188957214355e-01,9.667525887489318848e-01,9.881561398506164551e-01,9.900000095367431641e-01
9.999999776482582092e-03,9.333333373069763184e-02,9.313846826553344727e-01,9.426414370536804199e-01,9.875414967536926270e-01,9.900000095367431641e-01
9.999999776482582092e-03,1.766666620969772339e-01,9.027972817420959473e-01,9.088138937950134277e-01,9.623417258262634277e-01,9.900000095367431641e-01
9.999999776482582092e-03,1.766666620969772339e-01,7.166443467140197754e-01,8.816798925399780273e-01,6.660909652709960938e-01,8.856728076934814453e-01
9.999999776482582092e-03,1.766666620969772339e-01,4.850418567657470703e-01,6.792903542518615723e-01,6.160756349563598633e-01,8.548488616943359375e-01
9.999999776482582092e-03,1.766666620969772339e-01,4.421607851982116699e-01,6.453908085823059082e-01,6.014013886451721191e-01,8.548488616943359375e-01
9.999999776482582092e-03,1.766666620969772339e-01,4.064265787601470947e-01,5.203008651733398438e-01,5.782759785652160645e-01,8.548488616943359375e-01
9.999999776482582092e-03,2.599999904632568359e-01,2.710831761360168457e-01,3.525305986404418945e-01,5.466226339340209961e-01,8.453645706176757812e-01
1.000000000000000000e+00,1.000000000000000000e+00,9.999999776482582092e-03,0.000000000000000000e+00,0.000000000000000000e+00,0.000000000000000000e+00
