# CPU,RAM,NetworkR,NetworkW,DiskW,DiskR
4.910996556282043457e-02,5.081150680780410767e-02,1.000000000000000000e+00,9.837940931320190430e-01,9.865642786026000977e-01,9.878563284873962402e-01
1.040184590965509415e-02,3.636371493339538574e-01,9.035314917564392090e-01,9.452093839645385742e-01,9.809156060218811035e-01,9.456072449684143066e-01
1.347988843917846680e-02,7.220257073640823364e-02,9.337939023971557617e-01,9.445046782493591309e-01,9.806362390518188477e-01,9.773529171943664551e-01
1.100248191505670547e-02,1.309518516063690186e-01,9.038124680519104004e-01,9.224421381950378418e-01,9.380652904510498047e-01,9.613087177276611328e-01
1.033456157892942429e-02,9.960383921861648560e-02,8.878429532051086426e-01,8.891974687576293945e-01,6.829571127891540527e-01,8.766872286796569824e-01
1.434620097279548645e-02,1.263659000396728516e-01,5.744388103485107422e-01,7.324504256248474121e-01,5.947379469871520996e-01,8.225681781768798828e-01
1.474233344197273254e-02,1.651085317134857178e-01,4.496458768844604492e-01,6.323236227035522461e-01,5.746863484382629395e-01,8.100968003273010254e-01
1.281054876744747162e-02,1.431483626365661621e-01,4.457046985626220703e-01,5.600842237472534180e-01,5.589814782142639160e-01,8.116012811660766602e-01
3.319903463125228882e-02,1.938981264829635620e-01,2.636308372020721436e-01,3.446586430072784424e-01,4.536472260951995850e-01,7.385774254798889160e-01
9.985231161117553711e-01,1.000000000000000000e+00,1.666840910911560059e-02,0.000000000000000000e+00,8.765514940023422241e-04,0.000000000000000000e+00
