# CPU,RAM,NetworkR,NetworkW,DiskW,DiskR
4.903572425246238708e-02,5.057652294635772705e-02,1.000000000000000000e+00,9.837943315505981445e-01,9.865707159042358398e-01,9.878534078598022461e-01
1.033802423626184464e-02,4.007287323474884033e-01,9.047678112983703613e-01,9.443302154541015625e-01,9.797274470329284668e-01,9.317106604576110840e-01
1.160115282982587814e-02,1.925344467163085938e-01,8.733856678009033203e-01,9.258731007575988770e-01,9.683893322944641113e-01,9.616724848747253418e-01
1.034952048212289810e-02,2.477987855672836304e-01,8.724310994148254395e-01,9.102458953857421875e-01,8.728029131889343262e-01,9.286975264549255371e-01
1.014116592705249786e-02,1.806947141885757446e-01,8.535588979721069336e-01,8.806350827217102051e-01,6.234251260757446289e-01,7.915768027305603027e-01
1.143279299139976501e-02,1.963770240545272827e-01,5.515009760856628418e-01,7.381386160850524902e-01,5.164580941200256348e-01,7.358587980270385742e-01
1.160386577248573303e-02,2.877388596534729004e-01,3.973579406738281250e-01,6.281189322471618652e-01,4.601400792598724365e-01,6.932591199874877930e-01
1.297369040548801422e-02,1.887157410383224487e-01,4.209631979465484619e-01,5.632237792015075684e-01,5.368785858154296875e-01,7.850285768508911133e-01
7.535766810178756714e-02,3.571198582649230957e-01,2.411490231752395630e-01,3.459373116493225098e-01,5.092056393623352051e-01,7.909586429595947266e-01
1.000000000000000000e+00,1.000000000000000000e+00,1.653468981385231018e-02,1.101242378354072571e-04,3.655105829238891602e-04,0.000000000000000000e+00
