# CPU,RAM,NetworkR,NetworkW,DiskW,DiskR
4.897493869066238403e-02,5.068889260292053223e-02,1.000000000000000000e+00,9.837949872016906738e-01,9.865673780441284180e-01,9.878548979759216309e-01
1.084930729120969772e-02,1.695334017276763916e-01,9.140579104423522949e-01,9.511629343032836914e-01,9.851534962654113770e-01,9.754311442375183105e-01
1.301584579050540924e-02,7.280234247446060181e-02,9.377481937408447266e-01,9.473775625228881836e-01,9.817730784416198730e-01,9.809287190437316895e-01
1.165108755230903625e-02,1.107610166072845459e-01,9.092823863029479980e-01,9.250199794769287109e-01,9.510691165924072266e-01,9.684454202651977539e-01
1.060257386416196823e-02,1.038075163960456848e-01,8.665062785148620605e-01,8.778064250946044922e-01,7.003251314163208008e-01,8.896447420120239258e-01
1.683524623513221741e-02,1.309088319540023804e-01,5.488516688346862793e-01,7.139253616333007812e-01,5.955021381378173828e-01,8.254800438880920410e-01
1.887227781116962433e-02,1.373540312051773071e-01,4.351254105567932129e-01,6.103090047836303711e-01,5.728870630264282227e-01,8.106151223182678223e-01
1.627268455922603607e-02,1.379791647195816040e-01,4.046273529529571533e-01,5.236812233924865723e-01,5.803601145744323730e-01,8.254042267799377441e-01
5.102786421775817871e-02,1.615544557571411133e-01,2.784510850906372070e-01,3.425548672676086426e-01,5.290126800537109375e-01,8.025190234184265137e-01
1.000000000000000000e+00,1.000000000000000000e+00,1.534103136509656906e-02,0.000000000000000000e+00,0.000000000000000000e+00,0.000000000000000000e+00
