# CPU,RAM,NetworkR,NetworkW,DiskW,DiskR
4.915018379688262939e-02,5.060359835624694824e-02,1.000000000000000000e+00,9.837924838066101074e-01,9.865698218345642090e-01,9.878532886505126953e-01
1.042228564620018005e-02,1.825509518384933472e-01,9.283890724182128906e-01,9.518605470657348633e-01,9.837839007377624512e-01,9.620217680931091309e-01
1.180528104305267334e-02,1.690333336591720581e-01,8.865327239036560059e-01,9.303110837936401367e-01,9.744599461555480957e-01,9.700143933296203613e-01
1.117640081793069839e-02,1.905822306871414185e-01,8.662487864494323730e-01,9.090508222579956055e-01,9.152891039848327637e-01,9.522052407264709473e-01
1.036382373422384262e-02,1.412164419889450073e-01,8.429669737815856934e-01,8.748229742050170898e-01,6.546609997749328613e-01,8.538972735404968262e-01
1.385828945785760880e-02,2.083401978015899658e-01,5.374330878257751465e-01,7.295178174972534180e-01,6.077265739440917969e-01,8.235034942626953125e-01
1.344255544245243073e-02,1.669438630342483521e-01,5.181020498275756836e-01,6.782700419425964355e-01,6.138756275177001953e-01,8.370131254196166992e-01
1.316223107278347015e-02,1.603010147809982300e-01,4.632184207439422607e-01,5.775693655014038086e-01,5.723457932472229004e-01,8.233273029327392578e-01
4.738450795412063599e-02,2.755681276321411133e-01,2.410396337509155273e-01,3.391234874725341797e-01,4.491714835166931152e-01,7.437053918838500977e-01
1.000000000000000000e+00,1.000000000000000000e+00,1.622357964515686035e-02,1.400616019964218140e-05,0.000000000000000000e+00,0.000000000000000000e+00
