# CPU,RAM,NetworkR,NetworkW,DiskW,DiskR
4.915362596511840820e-02,5.072966963052749634e-02,1.000000000000000000e+00,9.837934970855712891e-01,9.865666627883911133e-01,9.878551959991455078e-01
1.113966852426528931e-02,8.552969992160797119e-02,9.333893060684204102e-01,9.561805725097656250e-01,9.861838221549987793e-01,9.799601435661315918e-01
1.719360984861850739e-02,1.263993680477142334e-01,8.791800141334533691e-01,9.303880333900451660e-01,9.806228280067443848e-01,9.786801338195800781e-01
2.334338426589965820e-02,2.155593633651733398e-01,8.028227090835571289e-01,8.949480652809143066e-01,9.549825191497802734e-01,9.675552845001220703e-01
4.907193779945373535e-02,3.651013970375061035e-01,5.841913819313049316e-01,7.940904498100280762e-01,8.257927298545837402e-01,9.206913709640502930e-01
6.729709357023239136e-02,4.429680109024047852e-01,4.242296516895294189e-01,6.961857676506042480e-01,6.973788142204284668e-01,8.800109624862670898e-01
2.063520625233650208e-02,1.000000000000000000e+00,3.334115445613861084e-01,6.960614919662475586e-01,3.812545537948608398e-01,8.903937935829162598e-01
1.000000000000000000e+00,9.669786691665649414e-01,1.846281439065933228e-01,4.976193904876708984e-01,1.185206100344657898e-01,6.790716052055358887e-01
1.376194506883621216e-02,1.385402120649814606e-02,9.900454431772232056e-02,3.440958857536315918e-01,2.073893509805202484e-02,3.297021612524986267e-03
1.164103969931602478e-01,2.253209613263607025e-02,1.504969969391822815e-02,0.000000000000000000e+00,0.000000000000000000e+00,0.000000000000000000e+00
