# CPU,RAM,NetworkR,NetworkW,DiskW,DiskR
4.905998334288597107e-02,5.084419250488281250e-02,1.000000000000000000e+00,9.837951064109802246e-01,9.865635037422180176e-01,9.878569841384887695e-01
1.141642127186059952e-02,2.490371651947498322e-02,9.774932861328125000e-01,9.687684774398803711e-01,9.870423078536987305e-01,9.840998649597167969e-01
1.638113707304000854e-02,4.987904131412506104e-01,6.719257235527038574e-01,8.789378404617309570e-01,9.406304359436035156e-01,9.514880776405334473e-01
6.120432540774345398e-02,3.375331163406372070e-01,6.473548412322998047e-01,8.485291600227355957e-01,9.114774465560913086e-01,9.483317732810974121e-01
8.566112071275711060e-02,5.334215760231018066e-01,4.583438038825988770e-01,7.627868652343750000e-01,7.603951096534729004e-01,9.027220010757446289e-01
3.508156538009643555e-02,5.086829066276550293e-01,3.822152018547058105e-01,7.070961594581604004e-01,6.230779886245727539e-01,8.542797565460205078e-01
1.267606206238269806e-02,1.000000000000000000e+00,2.910764217376708984e-01,7.082239985466003418e-01,2.716225087642669678e-01,7.173628807067871094e-01
1.000000000000000000e+00,8.404081463813781738e-01,2.088551223278045654e-01,4.975983500480651855e-01,1.412324756383895874e-01,6.936387419700622559e-01
1.230699382722377777e-02,1.504171453416347504e-02,1.138158142566680908e-01,3.560273349285125732e-01,3.322301059961318970e-02,6.540086120367050171e-03
2.774737775325775146e-01,5.839738994836807251e-02,1.210544817149639130e-02,0.000000000000000000e+00,0.000000000000000000e+00,0.000000000000000000e+00
