# CPU,RAM,NetworkR,NetworkW,DiskW,DiskR
4.902384430170059204e-02,5.080016329884529114e-02,1.000000000000000000e+00,9.837949872016906738e-01,9.865644574165344238e-01,9.878562688827514648e-01
1.144836097955703735e-02,2.713531069457530975e-02,9.741574525833129883e-01,9.676176905632019043e-01,9.870021939277648926e-01,9.838340282440185547e-01
1.439242158085107803e-02,6.087048649787902832e-01,6.519851088523864746e-01,8.747865557670593262e-01,9.204289317131042480e-01,9.436649084091186523e-01
7.521831244230270386e-02,2.282315343618392944e-01,7.210242748260498047e-01,8.695586323738098145e-01,9.394820332527160645e-01,9.597783088684082031e-01
1.151532679796218872e-01,6.314283609390258789e-01,4.344975948333740234e-01,7.537069916725158691e-01,7.548851370811462402e-01,9.057438373565673828e-01
6.024932861328125000e-02,5.133699774742126465e-01,4.060328304767608643e-01,7.178079485893249512e-01,7.041658163070678711e-01,8.888762593269348145e-01
1.403557974845170975e-02,1.000000000000000000e+00,3.535738587379455566e-01,7.436951994895935059e-01,3.541324734687805176e-01,8.807591199874877930e-01
1.000000000000000000e+00,9.920894503593444824e-01,2.291559725999832153e-01,5.878890752792358398e-01,1.333858966827392578e-01,8.694834709167480469e-01
1.116027962416410446e-02,2.196907624602317810e-02,7.256314158439636230e-02,3.659518659114837646e-01,2.363695763051509857e-02,0.000000000000000000e+00
7.369290292263031006e-02,2.871612273156642914e-02,1.496464479714632034e-02,3.270860761404037476e-04,0.000000000000000000e+00,0.000000000000000000e+00
