# CPU,RAM,NetworkR,NetworkW,DiskW,DiskR
4.901013523340225220e-02,5.087117105722427368e-02,1.000000000000000000e+00,9.837961792945861816e-01,9.865628480911254883e-01,9.878575801849365234e-01
1.137037947773933411e-02,3.324793651700019836e-02,9.671128988265991211e-01,9.653664231300354004e-01,9.868749380111694336e-01,9.831895232200622559e-01
2.126151323318481445e-02,2.919470071792602539e-01,7.571369409561157227e-01,8.999134898185729980e-01,9.710051417350769043e-01,9.693711400032043457e-01
7.289972901344299316e-02,6.997398734092712402e-01,5.068818926811218262e-01,8.042415380477905273e-01,8.256441950798034668e-01,9.266263842582702637e-01
1.003633886575698853e-01,5.210251808166503906e-01,4.394838511943817139e-01,7.515613436698913574e-01,7.315332293510437012e-01,8.920410871505737305e-01
2.500133402645587921e-02,5.249805450439453125e-01,3.515366315841674805e-01,6.952708363533020020e-01,5.541672706604003906e-01,8.183724284172058105e-01
1.106970012187957764e-02,1.000000000000000000e+00,3.358946144580841064e-01,7.276392579078674316e-01,3.303500115871429443e-01,8.167814612388610840e-01
1.000000000000000000e+00,8.764693737030029297e-01,2.196888625621795654e-01,5.153484940528869629e-01,1.458857357501983643e-01,7.144791483879089355e-01
1.150131691247224808e-02,1.480599306523799896e-02,1.445493251085281372e-01,3.899278044700622559e-01,3.597509860992431641e-02,8.988613262772560120e-03
2.306808829307556152e-01,5.427316576242446899e-02,1.245041936635971069e-02,0.000000000000000000e+00,0.000000000000000000e+00,0.000000000000000000e+00
