# CPU,RAM,NetworkR,NetworkW,DiskW,DiskR
4.917417466640472412e-02,5.012132227420806885e-02,1.000000000000000000e+00,9.837812781333923340e-01,9.865790605545043945e-01,9.878433346748352051e-01
1.015321258455514908e-02,4.580044746398925781e-01,9.155944585800170898e-01,9.393236041069030762e-01,9.698033928871154785e-01,7.610312700271606445e-01
1.032916828989982605e-02,4.988242983818054199e-01,7.838441133499145508e-01,8.939944505691528320e-01,8.995577096939086914e-01,7.819035649299621582e-01
1.014442276209592819e-02,3.715355098247528076e-01,8.035297393798828125e-01,8.852173686027526855e-01,7.460428476333618164e-01,7.497030496597290039e-01
1.016217097640037537e-02,3.822381794452667236e-01,6.847006678581237793e-01,8.327689766883850098e-01,5.848235487937927246e-01,6.365951299667358398e-01
1.108911540359258652e-02,2.577402293682098389e-01,5.109147429466247559e-01,7.361469268798828125e-01,4.787526726722717285e-01,6.400611400604248047e-01
1.154455728828907013e-02,2.060271650552749634e-01,4.636440277099609375e-01,6.770246624946594238e-01,4.999279379844665527e-01,7.235816717147827148e-01
2.111111022531986237e-02,1.893504410982131958e-01,4.142117798328399658e-01,5.746563673019409180e-01,6.174148917198181152e-01,8.326054811477661133e-01
4.137807190418243408e-01,8.809475302696228027e-01,2.132468968629837036e-01,3.705505132675170898e-01,5.441064834594726562e-01,8.879088759422302246e-01
1.000000000000000000e+00,9.999843835830688477e-01,1.686647906899452209e-02,1.136612147092819214e-03,2.825306728482246399e-04,0.000000000000000000e+00
