# CPU,RAM,NetworkR,NetworkW,DiskW,DiskR
4.918111115694046021e-02,5.076672136783599854e-02,1.000000000000000000e+00,9.837930798530578613e-01,9.865655899047851562e-01,9.878555536270141602e-01
1.058999821543693542e-02,2.555076479911804199e-01,9.085358381271362305e-01,9.487040638923645020e-01,9.838050603866577148e-01,9.674187898635864258e-01
1.400924660265445709e-02,5.283717066049575806e-02,9.524521827697753906e-01,9.517719149589538574e-01,9.832109212875366211e-01,9.817962050437927246e-01
1.173968426883220673e-02,1.325744837522506714e-01,8.896858692169189453e-01,9.176426529884338379e-01,9.474744200706481934e-01,9.650071263313293457e-01
1.065342407673597336e-02,1.043538153171539307e-01,8.665415048599243164e-01,8.787956833839416504e-01,7.148030996322631836e-01,8.947993516921997070e-01
1.629196107387542725e-02,1.492257863283157349e-01,5.477480888366699219e-01,7.168324589729309082e-01,6.101495623588562012e-01,8.318868279457092285e-01
1.721357740461826324e-02,1.389585137367248535e-01,4.692265391349792480e-01,6.321020722389221191e-01,6.001828908920288086e-01,8.285199403762817383e-01
1.508001983165740967e-02,1.369940042495727539e-01,4.348174333572387695e-01,5.429227352142333984e-01,5.918494462966918945e-01,8.342707157135009766e-01
3.929113596677780151e-02,1.496645957231521606e-01,2.931822240352630615e-01,3.540061712265014648e-01,5.124390721321105957e-01,7.904378771781921387e-01
9.984599351882934570e-01,1.000000000000000000e+00,1.592982187867164612e-02,0.000000000000000000e+00,0.000000000000000000e+00,0.000000000000000000e+00
