# CPU,RAM,NetworkR,NetworkW,DiskW,DiskR
4.904400929808616638e-02,5.020888149738311768e-02,1.000000000000000000e+00,9.837870001792907715e-01,9.865782260894775391e-01,9.878462553024291992e-01
1.061672624200582504e-02,1.357478350400924683e-01,9.294138550758361816e-01,9.539096355438232422e-01,9.850947856903076172e-01,9.733931422233581543e-01
1.214456278830766678e-02,1.018047034740447998e-01,9.220235943794250488e-01,9.417564272880554199e-01,9.797261953353881836e-01,9.777928590774536133e-01
1.114273723214864731e-02,1.720635741949081421e-01,8.772642612457275391e-01,9.117158651351928711e-01,9.232152104377746582e-01,9.559739232063293457e-01
1.050174981355667114e-02,1.239993050694465637e-01,8.452941179275512695e-01,8.717592954635620117e-01,6.660442352294921875e-01,8.684049844741821289e-01
1.621707156300544739e-02,1.816445440053939819e-01,5.294440984725952148e-01,7.163110375404357910e-01,6.210162639617919922e-01,8.334363698959350586e-01
1.478514634072780609e-02,1.200141906738281250e-01,5.399278402328491211e-01,6.761653423309326172e-01,6.405723094940185547e-01,8.537830114364624023e-01
1.473772432655096054e-02,1.631198972463607788e-01,4.441418349742889404e-01,5.544999837875366211e-01,6.026879549026489258e-01,8.428098559379577637e-01
7.987308502197265625e-02,2.861488163471221924e-01,2.598015367984771729e-01,3.389987945556640625e-01,5.460556745529174805e-01,8.214516043663024902e-01
1.000000000000000000e+00,1.000000000000000000e+00,1.501982286572456360e-02,0.000000000000000000e+00,0.000000000000000000e+00,0.000000000000000000e+00
