# CPU,RAM,NetworkR,NetworkW,DiskW,DiskR
4.908917099237442017e-02,5.084452033042907715e-02,1.000000000000000000e+00,9.837946891784667969e-01,9.865635037422180176e-01,9.878568649291992188e-01
1.128932833671569824e-02,5.057102814316749573e-02,9.517810940742492676e-01,9.609528183937072754e-01,9.866210222244262695e-01,9.818952679634094238e-01
1.968621090054512024e-02,2.808812260627746582e-01,7.840773463249206543e-01,9.070659279823303223e-01,9.735947847366333008e-01,9.723240137100219727e-01
5.006174743175506592e-02,5.259140133857727051e-01,6.152704954147338867e-01,8.408837318420410156e-01,9.010601639747619629e-01,9.474717974662780762e-01
5.355718731880187988e-02,4.130849242210388184e-01,5.379487276077270508e-01,7.915080785751342773e-01,8.037860393524169922e-01,9.160324335098266602e-01
3.579670935869216919e-02,4.566960930824279785e-01,4.175370037555694580e-01,7.148184180259704590e-01,6.591379642486572266e-01,8.670115470886230469e-01
1.300814002752304077e-02,1.000000000000000000e+00,3.572118282318115234e-01,7.300094962120056152e-01,3.709350228309631348e-01,8.754631280899047852e-01
1.000000000000000000e+00,9.315772056579589844e-01,2.176821529865264893e-01,5.358428955078125000e-01,1.387667059898376465e-01,7.176489233970642090e-01
1.192648243159055710e-02,1.428024005144834518e-02,1.121979653835296631e-01,3.705170452594757080e-01,2.631872333586215973e-02,0.000000000000000000e+00
1.023935824632644653e-01,2.282630279660224915e-02,1.591503992676734924e-02,0.000000000000000000e+00,0.000000000000000000e+00,0.000000000000000000e+00
