# CPU,RAM,NetworkR,NetworkW,DiskW,DiskR
4.915003851056098938e-02,5.066900327801704407e-02,1.000000000000000000e+00,9.837923645973205566e-01,9.865679144859313965e-01,9.878540635108947754e-01
1.026203949004411697e-02,2.889022231101989746e-01,9.231797456741333008e-01,9.468593001365661621e-01,9.799550175666809082e-01,9.167475700378417969e-01
1.126573514193296432e-02,2.820600867271423340e-01,8.326468467712402344e-01,9.131693840026855469e-01,9.580282568931579590e-01,9.430114030838012695e-01
1.067481189966201782e-02,2.503011524677276611e-01,8.313037753105163574e-01,8.976414799690246582e-01,8.580166101455688477e-01,9.228359460830688477e-01
1.023296918720006943e-02,2.039465159177780151e-01,7.909892797470092773e-01,8.624976873397827148e-01,5.969941020011901855e-01,7.766985297203063965e-01
1.261470466852188110e-02,2.249006628990173340e-01,5.036493539810180664e-01,7.239192128181457520e-01,5.243533849716186523e-01,7.481194734573364258e-01
1.204143278300762177e-02,2.281215041875839233e-01,4.362023770809173584e-01,6.564496159553527832e-01,5.056959986686706543e-01,7.463939189910888672e-01
1.363733783364295959e-02,1.886892169713973999e-01,4.141174852848052979e-01,5.682957172393798828e-01,5.368717908859252930e-01,7.907769680023193359e-01
7.022899389266967773e-02,4.083782434463500977e-01,2.051164507865905762e-01,3.322718143463134766e-01,4.278976619243621826e-01,7.339860796928405762e-01
1.000000000000000000e+00,1.000000000000000000e+00,1.628963090479373932e-02,6.293740007095038891e-04,3.224704414606094360e-05,0.000000000000000000e+00
