# CPU,RAM,NetworkR,NetworkW,DiskW,DiskR
4.905388131737709045e-02,5.052103847265243530e-02,1.000000000000000000e+00,9.837926626205444336e-01,9.865716695785522461e-01,9.878521561622619629e-01
1.015634275972843170e-02,4.024352133274078369e-01,9.201887845993041992e-01,9.407971501350402832e-01,9.714359641075134277e-01,7.784060835838317871e-01
1.085690595209598541e-02,3.180033266544342041e-01,8.109956383705139160e-01,9.047716856002807617e-01,9.419187903404235840e-01,8.908656835556030273e-01
1.031973212957382202e-02,2.874768078327178955e-01,8.180360198020935059e-01,8.927326202392578125e-01,8.039579987525939941e-01,8.684595823287963867e-01
1.023008488118648529e-02,2.691663801670074463e-01,7.276954054832458496e-01,8.462741971015930176e-01,5.838642716407775879e-01,7.205191254615783691e-01
1.228734944015741348e-02,2.252649962902069092e-01,4.928689599037170410e-01,7.262390851974487305e-01,4.952956438064575195e-01,7.022467851638793945e-01
1.181210950016975403e-02,2.115420252084732056e-01,4.272188842296600342e-01,6.622185707092285156e-01,4.811126887798309326e-01,7.125701904296875000e-01
1.835265383124351501e-02,2.170992642641067505e-01,3.693140447139739990e-01,5.508468747138977051e-01,5.502557754516601562e-01,7.945969104766845703e-01
1.764849871397018433e-01,7.214300036430358887e-01,1.587977260351181030e-01,3.162798285484313965e-01,3.697061538696289062e-01,7.410899996757507324e-01
1.000000000000000000e+00,9.947229027748107910e-01,1.590466126799583435e-02,8.059851825237274170e-04,3.018565475940704346e-04,0.000000000000000000e+00
