# CPU,RAM,NetworkR,NetworkW,DiskW,DiskR
1.391061544418334961e-01,1.406729519367218018e-01,1.000000000000000000e+00,8.937932848930358887e-01,8.965678811073303223e-01,8.978543281555175781e-01
1.013432815670967102e-01,1.231529191136360168e-01,1.000000000000000000e+00,8.755275011062622070e-01,8.969085216522216797e-01,8.932779431343078613e-01
1.039015129208564758e-01,2.695280909538269043e-01,9.238594174385070801e-01,8.284518718719482422e-01,8.838570117950439453e-01,8.817909955978393555e-01
1.037332490086555481e-01,1.890037059783935547e-01,9.865574240684509277e-01,8.331604003906250000e-01,8.635235428810119629e-01,8.804273009300231934e-01
1.063857302069664001e-01,2.336109429597854614e-01,8.112900853157043457e-01,7.391996383666992188e-01,6.571029424667358398e-01,8.085166215896606445e-01
1.570593416690826416e-01,2.773084938526153564e-01,5.740975737571716309e-01,6.078404188156127930e-01,6.237490773200988770e-01,7.861792445182800293e-01
4.152420163154602051e-01,1.000000000000000000e+00,3.392651975154876709e-01,4.970767199993133545e-01,2.444501519203186035e-01,7.956314086914062500e-01
1.000000000000000000e+00,9.406052827835083008e-01,2.006041258573532104e-01,2.752128243446350098e-01,0.000000000000000000e+00,4.030038118362426758e-01
1.042737066745758057e-01,1.018145605921745300e-01,1.592237800359725952e-01,1.986642777919769287e-01,0.000000000000000000e+00,0.000000000000000000e+00
3.687781691551208496e-01,1.183654367923736572e-01,1.025115400552749634e-01,0.000000000000000000e+00,0.000000000000000000e+00,0.000000000000000000e+00
