# CPU,RAM,NetworkR,NetworkW,DiskW,DiskR
1.391643583774566650e-01,1.408041864633560181e-01,1.000000000000000000e+00,8.937932848930358887e-01,8.965644836425781250e-01,8.978561162948608398e-01
1.012564972043037415e-01,1.420840620994567871e-01,1.000000000000000000e+00,8.707681298255920410e-01,8.966066241264343262e-01,8.918132781982421875e-01
1.088801175355911255e-01,2.613331079483032227e-01,9.280264973640441895e-01,8.297917842864990234e-01,8.886619806289672852e-01,8.861622810363769531e-01
1.293487995862960815e-01,4.209585189819335938e-01,8.132600188255310059e-01,7.822601199150085449e-01,8.536282181739807129e-01,8.721027970314025879e-01
1.447689235210418701e-01,5.208069682121276855e-01,6.361668109893798828e-01,6.981930136680603027e-01,7.197914123535156250e-01,8.276014924049377441e-01
1.711032241582870483e-01,5.980404615402221680e-01,4.907466173171997070e-01,6.047105193138122559e-01,5.991253256797790527e-01,7.903324961662292480e-01
1.077652201056480408e-01,1.000000000000000000e+00,4.120381176471710205e-01,6.157438158988952637e-01,2.485980391502380371e-01,7.772673964500427246e-01
1.000000000000000000e+00,1.000000000000000000e+00,2.652153372764587402e-01,4.196799099445343018e-01,3.143305331468582153e-02,4.310522377490997314e-01
1.065609306097030640e-01,1.036694943904876709e-01,1.878095716238021851e-01,2.502892315387725830e-01,0.000000000000000000e+00,0.000000000000000000e+00
2.257113009691238403e-01,1.097575575113296509e-01,1.058880835771560669e-01,0.000000000000000000e+00,0.000000000000000000e+00,0.000000000000000000e+00
