# CPU,RAM,NetworkR,NetworkW,DiskW,DiskR
1.391181647777557373e-01,1.406967639923095703e-01,1.000000000000000000e+00,8.937938809394836426e-01,8.965675234794616699e-01,8.978549242019653320e-01
1.004144921898841858e-01,4.732626378536224365e-01,9.919849634170532227e-01,8.551759719848632812e-01,8.910881280899047852e-01,8.577048182487487793e-01
1.070396676659584045e-01,1.269982904195785522e-01,1.000000000000000000e+00,8.652234077453613281e-01,8.945717811584472656e-01,8.923321962356567383e-01
1.016857251524925232e-01,2.190528064966201782e-01,9.772505760192871094e-01,8.274061083793640137e-01,8.598418235778808594e-01,8.744140267372131348e-01
1.012359783053398132e-01,1.719215214252471924e-01,9.631823897361755371e-01,7.920402288436889648e-01,6.719521284103393555e-01,8.250189423561096191e-01
1.169301345944404602e-01,2.173505574464797974e-01,6.437540054321289062e-01,6.265171170234680176e-01,5.940849184989929199e-01,7.766188383102416992e-01
1.315970271825790405e-01,2.317599058151245117e-01,5.371919870376586914e-01,5.264770388603210449e-01,5.971838235855102539e-01,7.802603244781494141e-01
1.505903750658035278e-01,2.463150620460510254e-01,4.492132067680358887e-01,3.995827436447143555e-01,5.660390257835388184e-01,7.764242291450500488e-01
1.924242228269577026e-01,2.177778631448745728e-01,4.004859626293182373e-01,2.797035872936248779e-01,5.605578422546386719e-01,7.829756736755371094e-01
1.000000000000000000e+00,1.000000000000000000e+00,1.037309765815734863e-01,0.000000000000000000e+00,0.000000000000000000e+00,0.000000000000000000e+00
