# CPU,RAM,NetworkR,NetworkW,DiskW,DiskR
1.390330791473388672e-01,1.405286192893981934e-01,1.000000000000000000e+00,8.937923908233642578e-01,8.965712189674377441e-01,8.978521227836608887e-01
1.001326367259025574e-01,5.388453602790832520e-01,1.000000000000000000e+00,8.483287096023559570e-01,8.766236901283264160e-01,6.124575138092041016e-01
1.002471074461936951e-01,6.666556000709533691e-01,8.519247770309448242e-01,7.957271933555603027e-01,7.844030857086181641e-01,5.882105231285095215e-01
1.001361832022666931e-01,5.104749202728271484e-01,8.556191921234130859e-01,7.836679220199584961e-01,6.292592883110046387e-01,5.779942274093627930e-01
1.001358926296234131e-01,5.327137112617492676e-01,7.306205630302429199e-01,7.300609350204467773e-01,4.712305068969726562e-01,4.471519291400909424e-01
1.007837578654289246e-01,4.168022572994232178e-01,5.183401107788085938e-01,6.138617396354675293e-01,3.245733678340911865e-01,3.770058751106262207e-01
1.009103357791900635e-01,4.175334274768829346e-01,4.099221825599670410e-01,5.140895247459411621e-01,2.594698369503021240e-01,3.466198146343231201e-01
1.077544689178466797e-01,3.342356085777282715e-01,4.356625080108642578e-01,4.401409327983856201e-01,4.280340075492858887e-01,6.550439000129699707e-01
3.959330618381500244e-01,9.089697003364562988e-01,3.171332776546478271e-01,2.791942059993743896e-01,5.125594139099121094e-01,7.889131903648376465e-01
1.000000000000000000e+00,1.000000000000000000e+00,1.069636419415473938e-01,0.000000000000000000e+00,0.000000000000000000e+00,0.000000000000000000e+00
