# CPU,RAM,NetworkR,NetworkW,DiskW,DiskR
1.391332894563674927e-01,1.408172398805618286e-01,1.000000000000000000e+00,8.937940001487731934e-01,8.965642452239990234e-01,8.978564143180847168e-01
1.012144982814788818e-01,1.570101678371429443e-01,1.000000000000000000e+00,8.683056235313415527e-01,8.964106440544128418e-01,8.909370303153991699e-01
1.126940473914146423e-01,2.540411949157714844e-01,9.346596598625183105e-01,8.314127326011657715e-01,8.904976844787597656e-01,8.878688812255859375e-01
1.321912854909896851e-01,7.025153636932373047e-01,6.890692710876464844e-01,7.464153170585632324e-01,7.992668151855468750e-01,8.554333448410034180e-01
1.367332488298416138e-01,4.430499970912933350e-01,6.612972617149353027e-01,7.110645771026611328e-01,7.263336181640625000e-01,8.302422761917114258e-01
1.175239980220794678e-01,5.144934654235839844e-01,4.995838403701782227e-01,6.152253150939941406e-01,5.152910351753234863e-01,7.494400739669799805e-01
1.044728755950927734e-01,1.000000000000000000e+00,4.191249907016754150e-01,6.003485321998596191e-01,3.237857818603515625e-01,7.775456905364990234e-01
1.000000000000000000e+00,9.355021119117736816e-01,2.796580493450164795e-01,3.949599266052246094e-01,5.052607879042625427e-02,5.029842257499694824e-01
1.041404902935028076e-01,1.056624054908752441e-01,2.413223832845687866e-01,2.772672176361083984e-01,0.000000000000000000e+00,0.000000000000000000e+00
2.405163645744323730e-01,1.191389411687850952e-01,1.050274372100830078e-01,0.000000000000000000e+00,0.000000000000000000e+00,0.000000000000000000e+00
