# CPU,RAM,NetworkR,NetworkW,DiskW,DiskR
1.391897350549697876e-01,1.407666504383087158e-01,1.000000000000000000e+00,8.937932252883911133e-01,8.965656757354736328e-01,8.978556394577026367e-01
1.009865254163742065e-01,2.209355682134628296e-01,1.000000000000000000e+00,8.629016876220703125e-01,8.956637978553771973e-01,8.877816796302795410e-01
1.046021282672882080e-01,1.698765456676483154e-01,1.000000000000000000e+00,8.532656431198120117e-01,8.920724987983703613e-01,8.908838033676147461e-01
1.044914647936820984e-01,2.029660940170288086e-01,9.798185825347900391e-01,8.302965760231018066e-01,8.716652989387512207e-01,8.820968270301818848e-01
1.171171441674232483e-01,2.673147320747375488e-01,7.906093001365661621e-01,7.320321202278137207e-01,7.439132928848266602e-01,8.334468007087707520e-01
1.841861605644226074e-01,3.620282709598541260e-01,5.651366114616394043e-01,6.049147248268127441e-01,6.592898368835449219e-01,8.030624985694885254e-01
1.464252322912216187e-01,1.000000000000000000e+00,4.286129772663116455e-01,5.815833210945129395e-01,3.570605814456939697e-01,8.335902094841003418e-01
1.000000000000000000e+00,1.000000000000000000e+00,2.396562099456787109e-01,3.367151319980621338e-01,7.308799773454666138e-03,5.237470269203186035e-01
1.039590910077095032e-01,1.025199368596076965e-01,1.719736158847808838e-01,2.321038246154785156e-01,0.000000000000000000e+00,0.000000000000000000e+00
2.063931077718734741e-01,1.067063286900520325e-01,1.067383736371994019e-01,0.000000000000000000e+00,0.000000000000000000e+00,0.000000000000000000e+00
