# CPU,RAM,NetworkR,NetworkW,DiskW,DiskR
1.391769945621490479e-01,1.407992690801620483e-01,1.000000000000000000e+00,8.937934041023254395e-01,8.965647220611572266e-01,8.978561162948608398e-01
1.012409254908561707e-01,1.508220136165618896e-01,1.000000000000000000e+00,8.692008852958679199e-01,8.964918851852416992e-01,8.912909030914306641e-01
1.092793047428131104e-01,2.724627852439880371e-01,9.256771802902221680e-01,8.293608427047729492e-01,8.886219263076782227e-01,8.863323330879211426e-01
1.347752809524536133e-01,4.106546938419342041e-01,8.229351043701171875e-01,7.854753732681274414e-01,8.593873381614685059e-01,8.746178746223449707e-01
1.925885975360870361e-01,6.156303286552429199e-01,6.167693138122558594e-01,6.932231783866882324e-01,7.440454363822937012e-01,8.379166126251220703e-01
2.113444358110427856e-01,6.597722172737121582e-01,4.940504729747772217e-01,6.113132238388061523e-01,6.312600374221801758e-01,8.070263862609863281e-01
1.051074042916297913e-01,1.000000000000000000e+00,4.229099154472351074e-01,6.316173076629638672e-01,2.503423392772674561e-01,7.765121459960937500e-01
1.000000000000000000e+00,1.000000000000000000e+00,2.796050906181335449e-01,4.711921513080596924e-01,3.731301054358482361e-02,3.910293877124786377e-01
1.091661304235458374e-01,1.068445667624473572e-01,1.980939209461212158e-01,2.666239440441131592e-01,0.000000000000000000e+00,0.000000000000000000e+00
2.100263535976409912e-01,1.103139892220497131e-01,1.062404960393905640e-01,0.000000000000000000e+00,0.000000000000000000e+00,0.000000000000000000e+00
