# CPU,RAM,NetworkR,NetworkW,DiskW,DiskR
1.390750557184219360e-01,1.406042724847793579e-01,1.000000000000000000e+00,8.937926292419433594e-01,8.965693712234497070e-01,8.978531956672668457e-01
1.002818271517753601e-01,4.155981242656707764e-01,1.000000000000000000e+00,8.555787205696105957e-01,8.895720243453979492e-01,8.292508125305175781e-01
1.023965701460838318e-01,2.328904271125793457e-01,9.763234853744506836e-01,8.388069868087768555e-01,8.838548064231872559e-01,8.746258020401000977e-01
1.007607653737068176e-01,2.782354950904846191e-01,9.622272849082946777e-01,8.211079239845275879e-01,8.142811059951782227e-01,8.548756837844848633e-01
1.002983748912811279e-01,2.250429987907409668e-01,9.373567104339599609e-01,7.877209186553955078e-01,5.488631129264831543e-01,7.470419406890869141e-01
1.035808622837066650e-01,2.627424895763397217e-01,6.377561092376708984e-01,6.453990936279296875e-01,4.988653957843780518e-01,7.202925086021423340e-01
1.042921096086502075e-01,2.144662737846374512e-01,6.434637904167175293e-01,6.078206896781921387e-01,5.675572156906127930e-01,7.705109119415283203e-01
1.292880326509475708e-01,2.542951405048370361e-01,5.733269453048706055e-01,5.012288093566894531e-01,6.892062425613403320e-01,8.237243294715881348e-01
8.330119252204895020e-01,9.837808012962341309e-01,3.786319792270660400e-01,3.184954822063446045e-01,6.396890282630920410e-01,8.627526164054870605e-01
1.000000000000000000e+00,1.000000000000000000e+00,1.080265492200851440e-01,0.000000000000000000e+00,0.000000000000000000e+00,0.000000000000000000e+00
