# CPU,RAM,NetworkR,NetworkW,DiskW,DiskR
1.391724050045013428e-01,1.408222317695617676e-01,1.000000000000000000e+00,8.937935233116149902e-01,8.965641260147094727e-01,8.978562951087951660e-01
1.012931093573570251e-01,1.383887380361557007e-01,1.000000000000000000e+00,8.714144825935363770e-01,8.966516852378845215e-01,8.920382857322692871e-01
1.091773062944412231e-01,3.711891174316406250e-01,8.722572922706604004e-01,8.165122866630554199e-01,8.829194903373718262e-01,8.817461133003234863e-01
1.465228050947189331e-01,5.513253808021545410e-01,7.338007092475891113e-01,7.590721249580383301e-01,8.289335966110229492e-01,8.630096316337585449e-01
1.588810980319976807e-01,5.879571437835693359e-01,5.920998454093933105e-01,6.876379251480102539e-01,6.989244222640991211e-01,8.222339153289794922e-01
2.044905722141265869e-01,6.556079983711242676e-01,5.170021653175354004e-01,6.312978863716125488e-01,6.796429157257080078e-01,8.220977187156677246e-01
1.040221676230430603e-01,1.000000000000000000e+00,4.176931679248809814e-01,6.463348269462585449e-01,1.864724755287170410e-01,6.655527949333190918e-01
1.000000000000000000e+00,1.000000000000000000e+00,2.723573744297027588e-01,4.532327950000762939e-01,4.235158115625381470e-02,4.138050973415374756e-01
1.081200465559959412e-01,1.074763387441635132e-01,1.973793804645538330e-01,2.609326839447021484e-01,0.000000000000000000e+00,0.000000000000000000e+00
2.078211009502410889e-01,1.133304089307785034e-01,1.057944521307945251e-01,0.000000000000000000e+00,0.000000000000000000e+00,0.000000000000000000e+00
