# CPU,RAM,NetworkR,NetworkW,DiskW,DiskR
1.391209661960601807e-01,1.408442556858062744e-01,1.000000000000000000e+00,8.937938213348388672e-01,8.965632915496826172e-01,8.978565931320190430e-01
1.012881025671958923e-01,1.416300684213638306e-01,1.000000000000000000e+00,8.707348108291625977e-01,8.966057300567626953e-01,8.918260931968688965e-01
1.087829470634460449e-01,3.369555473327636719e-01,8.899796009063720703e-01,8.207756280899047852e-01,8.848726153373718262e-01,8.832300305366516113e-01
1.377111673355102539e-01,4.432685077190399170e-01,7.955608963966369629e-01,7.775164246559143066e-01,8.500503301620483398e-01,8.708134293556213379e-01
1.781118214130401611e-01,6.126300096511840820e-01,6.008846759796142578e-01,6.887413263320922852e-01,7.219318151473999023e-01,8.304120898246765137e-01
1.431865692138671875e-01,5.903417468070983887e-01,4.897995591163635254e-01,6.130809783935546875e-01,5.725912451744079590e-01,7.805114984512329102e-01
1.048379614949226379e-01,1.000000000000000000e+00,4.604900479316711426e-01,6.470639705657958984e-01,3.380185663700103760e-01,8.200743198394775391e-01
1.000000000000000000e+00,1.000000000000000000e+00,3.048288226127624512e-01,4.687372744083404541e-01,3.779118880629539490e-02,6.812915802001953125e-01
1.017319187521934509e-01,1.068107709288597107e-01,1.775385737419128418e-01,2.752428054809570312e-01,0.000000000000000000e+00,0.000000000000000000e+00
2.174404114484786987e-01,1.257864832878112793e-01,1.032560616731643677e-01,0.000000000000000000e+00,0.000000000000000000e+00,0.000000000000000000e+00
