# CPU,RAM,NetworkR,NetworkW,DiskW,DiskR
1.389455646276473999e-01,1.407180428504943848e-01,1.000000000000000000e+00,8.937953114509582520e-01,8.965665102005004883e-01,8.978552222251892090e-01
1.013418734073638916e-01,1.189061403274536133e-01,1.000000000000000000e+00,8.771153092384338379e-01,8.969595432281494141e-01,8.936402797698974609e-01
1.039641201496124268e-01,3.489898443222045898e-01,8.724582195281982422e-01,8.153232932090759277e-01,8.755739927291870117e-01,8.749582171440124512e-01
1.047808676958084106e-01,1.868384778499603271e-01,9.782819747924804688e-01,8.311542272567749023e-01,8.621445894241333008e-01,8.800519108772277832e-01
1.272681951522827148e-01,3.460176885128021240e-01,6.611225605010986328e-01,6.885976195335388184e-01,6.571745872497558594e-01,7.980655431747436523e-01
2.410035133361816406e-01,5.770474076271057129e-01,5.030366778373718262e-01,5.988208055496215820e-01,6.684222817420959473e-01,8.128502368927001953e-01
1.783084124326705933e-01,1.000000000000000000e+00,3.906157910823822021e-01,5.960271954536437988e-01,1.694294214248657227e-01,7.639760971069335938e-01
1.000000000000000000e+00,8.032335638999938965e-01,2.207784652709960938e-01,3.345810472965240479e-01,1.169989444315433502e-02,2.862164974212646484e-01
1.053112670779228210e-01,1.020535901188850403e-01,1.820773929357528687e-01,2.221136689186096191e-01,0.000000000000000000e+00,0.000000000000000000e+00
2.278094738721847534e-01,1.079501509666442871e-01,1.064796149730682373e-01,0.000000000000000000e+00,0.000000000000000000e+00,0.000000000000000000e+00
