# CPU,RAM,NetworkR,NetworkW,DiskW,DiskR
1.389855742454528809e-01,1.407790482044219971e-01,1.000000000000000000e+00,8.937944173812866211e-01,8.965646028518676758e-01,8.978558182716369629e-01
1.009910404682159424e-01,1.604965180158615112e-01,1.000000000000000000e+00,8.684537410736083984e-01,8.962045311927795410e-01,8.900400996208190918e-01
1.020547822117805481e-01,1.707661300897598267e-01,1.000000000000000000e+00,8.548722267150878906e-01,8.901275992393493652e-01,8.892285227775573730e-01
1.016944795846939087e-01,2.335182130336761475e-01,9.668567776679992676e-01,8.214818239212036133e-01,8.404198288917541504e-01,8.693196773529052734e-01
1.009182259440422058e-01,2.059118598699569702e-01,9.061629176139831543e-01,7.684414982795715332e-01,5.655277967453002930e-01,7.785969376564025879e-01
1.096593365073204041e-01,2.739593684673309326e-01,5.649760961532592773e-01,5.976641178131103516e-01,4.969009459018707275e-01,7.247739434242248535e-01
1.075217798352241516e-01,2.256195545196533203e-01,5.413795113563537598e-01,5.385413169860839844e-01,4.906434118747711182e-01,7.273334264755249023e-01
1.060275286436080933e-01,2.173129022121429443e-01,5.358198285102844238e-01,4.638986289501190186e-01,5.360025763511657715e-01,7.643237709999084473e-01
1.587420850992202759e-01,2.721428871154785156e-01,3.963305056095123291e-01,2.740112841129302979e-01,5.125827193260192871e-01,7.623491287231445312e-01
1.000000000000000000e+00,1.000000000000000000e+00,1.051370874047279358e-01,0.000000000000000000e+00,0.000000000000000000e+00,0.000000000000000000e+00
