# CPU,RAM,NetworkR,NetworkW,DiskW,DiskR
1.391048431396484375e-01,1.407743692398071289e-01,1.000000000000000000e+00,8.937941193580627441e-01,8.965653181076049805e-01,8.978558182716369629e-01
1.013419628143310547e-01,1.234798058867454529e-01,1.000000000000000000e+00,8.753890991210937500e-01,8.968843221664428711e-01,8.932039141654968262e-01
1.102734059095382690e-01,3.511476814746856689e-01,8.632376790046691895e-01,8.138008117675781250e-01,8.827682137489318848e-01,8.805801868438720703e-01
1.606662422418594360e-01,6.354752182960510254e-01,6.812062263488769531e-01,7.422298789024353027e-01,8.070751428604125977e-01,8.557271361351013184e-01
2.639866471290588379e-01,6.584417819976806641e-01,5.756548643112182617e-01,6.816627383232116699e-01,7.277573347091674805e-01,8.346462249755859375e-01
2.144183814525604248e-01,6.618900895118713379e-01,4.964230358600616455e-01,6.247581243515014648e-01,6.523981094360351562e-01,8.154799342155456543e-01
1.015280112624168396e-01,1.000000000000000000e+00,4.513827860355377197e-01,6.685047149658203125e-01,2.304677963256835938e-01,7.367612123489379883e-01
1.000000000000000000e+00,1.000000000000000000e+00,3.395249247550964355e-01,5.271080136299133301e-01,4.383905977010726929e-02,7.982606887817382812e-01
1.014136597514152527e-01,1.234933733940124512e-01,1.855232864618301392e-01,3.003411591053009033e-01,0.000000000000000000e+00,0.000000000000000000e+00
1.344026178121566772e-01,1.188768967986106873e-01,1.057013422250747681e-01,0.000000000000000000e+00,0.000000000000000000e+00,0.000000000000000000e+00
