# CPU,RAM,NetworkR,NetworkW,DiskW,DiskR
1.390134394168853760e-01,1.407783329486846924e-01,1.000000000000000000e+00,8.937945961952209473e-01,8.965648412704467773e-01,8.978558778762817383e-01
1.013061776757240295e-01,1.284977793693542480e-01,1.000000000000000000e+00,8.738793134689331055e-01,8.967915773391723633e-01,8.927444219589233398e-01
1.064113378524780273e-01,2.583612501621246338e-01,9.242728948593139648e-01,8.285461068153381348e-01,8.866575956344604492e-01,8.841152191162109375e-01
1.189484000205993652e-01,2.846108376979827881e-01,8.883103728294372559e-01,8.031790256500244141e-01,8.648250102996826172e-01,8.772271871566772461e-01
1.660712212324142456e-01,5.018886327743530273e-01,6.312406063079833984e-01,6.897506713867187500e-01,7.256184220314025879e-01,8.275349140167236328e-01
2.247692793607711792e-01,7.095074653625488281e-01,4.663704633712768555e-01,5.909640192985534668e-01,6.005617976188659668e-01,7.985776066780090332e-01
1.162654981017112732e-01,1.000000000000000000e+00,3.755130171775817871e-01,6.049988269805908203e-01,1.598785817623138428e-01,6.766574978828430176e-01
1.000000000000000000e+00,1.000000000000000000e+00,2.515195310115814209e-01,3.847903609275817871e-01,1.839897967875003815e-02,4.851548075675964355e-01
1.065032705664634705e-01,1.035949587821960449e-01,1.810628026723861694e-01,2.357329428195953369e-01,0.000000000000000000e+00,0.000000000000000000e+00
2.415508329868316650e-01,1.104392036795616150e-01,1.050640866160392761e-01,0.000000000000000000e+00,0.000000000000000000e+00,0.000000000000000000e+00
