# CPU,RAM,NetworkR,NetworkW,DiskW,DiskR
1.391262859106063843e-01,1.406453400850296021e-01,1.000000000000000000e+00,8.937932848930358887e-01,8.965688347816467285e-01,8.978540301322937012e-01
1.005721017718315125e-01,3.573034405708312988e-01,9.977784752845764160e-01,8.583945035934448242e-01,8.936365246772766113e-01,8.762983083724975586e-01
1.030099391937255859e-01,1.627519726753234863e-01,1.000000000000000000e+00,8.571076989173889160e-01,8.915029168128967285e-01,8.898577094078063965e-01
1.011982038617134094e-01,2.103324383497238159e-01,1.000000000000000000e+00,8.350933194160461426e-01,8.564456105232238770e-01,8.759438991546630859e-01
1.004179790616035461e-01,1.824751347303390503e-01,9.831950664520263672e-01,8.001099824905395508e-01,6.185829043388366699e-01,8.036286234855651855e-01
1.052201986312866211e-01,2.094956934452056885e-01,6.779142618179321289e-01,6.433287262916564941e-01,5.307838916778564453e-01,7.505167722702026367e-01
1.059842631220817566e-01,2.245269864797592163e-01,5.737267136573791504e-01,5.500318408012390137e-01,5.229147076606750488e-01,7.462037205696105957e-01
1.041714325547218323e-01,2.295423448085784912e-01,5.343688726425170898e-01,4.581476151943206787e-01,4.990496933460235596e-01,7.430819272994995117e-01
1.319563984870910645e-01,2.632938027381896973e-01,3.712277114391326904e-01,2.561774551868438721e-01,4.146012365818023682e-01,6.942892074584960938e-01
1.000000000000000000e+00,1.000000000000000000e+00,1.058157607913017273e-01,0.000000000000000000e+00,0.000000000000000000e+00,0.000000000000000000e+00
