# CPU,RAM,NetworkR,NetworkW,DiskW,DiskR
1.390753537416458130e-01,1.406938880681991577e-01,1.000000000000000000e+00,8.937938213348388672e-01,8.965672850608825684e-01,8.978546857833862305e-01
1.001589819788932800e-01,5.122425556182861328e-01,1.000000000000000000e+00,8.500577211380004883e-01,8.806722164154052734e-01,6.871182918548583984e-01
1.006366834044456482e-01,4.789858162403106689e-01,8.830033540725708008e-01,8.093618154525756836e-01,8.368861079216003418e-01,7.748154997825622559e-01
1.002866774797439575e-01,3.794699609279632568e-01,9.089391827583312988e-01,8.031256198883056641e-01,7.045726180076599121e-01,7.695273756980895996e-01
1.001844480633735657e-01,3.327839672565460205e-01,8.427510857582092285e-01,7.648898959159851074e-01,4.915862083435058594e-01,6.180528998374938965e-01
1.018483266234397888e-01,3.207264244556427002e-01,5.752325057983398438e-01,6.350334882736206055e-01,3.911280035972595215e-01,5.874699354171752930e-01
1.019803509116172791e-01,3.690530359745025635e-01,4.588107168674468994e-01,5.445680022239685059e-01,3.524715900421142578e-01,5.727115869522094727e-01
1.056180745363235474e-01,2.686776816844940186e-01,4.845249354839324951e-01,4.799259603023529053e-01,4.528578221797943115e-01,6.957805156707763672e-01
2.154607623815536499e-01,6.088733673095703125e-01,2.907450199127197266e-01,2.560280859470367432e-01,3.842899203300476074e-01,6.948231458663940430e-01
1.000000000000000000e+00,1.000000000000000000e+00,1.066279783844947815e-01,0.000000000000000000e+00,0.000000000000000000e+00,0.000000000000000000e+00
