# CPU,RAM,NetworkR,NetworkW,DiskW,DiskR
1.000000014901161194e-01,1.000000014901161194e-01,1.000000000000000000e+00,8.999999761581420898e-01,8.999999761581420898e-01,8.999999761581420898e-01
1.000000014901161194e-01,1.833333373069763184e-01,1.000000000000000000e+00,8.622580170631408691e-01,8.971630930900573730e-01,8.609517812728881836e-01
1.000000014901161194e-01,2.666666805744171143e-01,1.000000000000000000e+00,8.475120067596435547e-01,8.890070915222167969e-01,8.609517812728881836e-01
1.000000014901161194e-01,2.666666805744171143e-01,9.584497809410095215e-01,7.932051420211791992e-01,8.528369069099426270e-01,8.609517812728881836e-01
1.000000014901161194e-01,2.666666805744171143e-01,8.601287007331848145e-01,7.400675415992736816e-01,5.113475322723388672e-01,7.633312940597534180e-01
1.000000014901161194e-01,2.666666805744171143e-01,5.855735540390014648e-01,5.634403228759765625e-01,4.515071213245391846e-01,7.316046357154846191e-01
1.000000014901161194e-01,2.666666805744171143e-01,5.469689369201660156e-01,5.301156044006347656e-01,4.301418364048004150e-01,7.316046357154846191e-01
1.000000014901161194e-01,2.666666805744171143e-01,4.858449697494506836e-01,3.961673378944396973e-01,4.034574329853057861e-01,7.316046357154846191e-01
2.000000029802322388e-01,3.499999940395355225e-01,3.639991879463195801e-01,2.447447180747985840e-01,3.669326305389404297e-01,7.218425869941711426e-01
1.000000000000000000e+00,1.000000000000000000e+00,1.000000014901161194e-01,0.000000000000000000e+00,0.000000000000000000e+00,0.000000000000000000e+00
