# CPU,RAM,NetworkR,NetworkW,DiskW,DiskR
1.391987502574920654e-01,1.407818794250488281e-01,1.000000000000000000e+00,8.937929868698120117e-01,8.965651988983154297e-01,8.978556990623474121e-01
1.002803593873977661e-01,5.785114169120788574e-01,9.894595146179199219e-01,8.515021204948425293e-01,8.863393068313598633e-01,8.104757070541381836e-01
1.022255495190620422e-01,2.380409687757492065e-01,9.743278026580810547e-01,8.385114073753356934e-01,8.813756108283996582e-01,8.728458285331726074e-01
1.004213541746139526e-01,2.932377457618713379e-01,9.757657051086425781e-01,8.259020447731018066e-01,8.051677346229553223e-01,8.492386937141418457e-01
1.001646742224693298e-01,2.371283471584320068e-01,9.622758626937866211e-01,7.981520891189575195e-01,5.551307797431945801e-01,7.331780791282653809e-01
1.015888750553131104e-01,2.583653628826141357e-01,6.604143977165222168e-01,6.562870144844055176e-01,4.417643249034881592e-01,6.696855425834655762e-01
1.025356799364089966e-01,3.472005128860473633e-01,4.774188399314880371e-01,5.299021005630493164e-01,3.785350620746612549e-01,6.201679110527038574e-01
1.036323979496955872e-01,2.747829556465148926e-01,4.861198961734771729e-01,4.619702100753784180e-01,4.360967576503753662e-01,6.874918341636657715e-01
1.521821171045303345e-01,3.985816836357116699e-01,3.153529167175292969e-01,2.477606236934661865e-01,3.700588345527648926e-01,6.596760749816894531e-01
1.000000000000000000e+00,1.000000000000000000e+00,1.071241274476051331e-01,0.000000000000000000e+00,0.000000000000000000e+00,0.000000000000000000e+00
