# CPU,RAM,NetworkR,NetworkW,DiskW,DiskR
1.391334682703018188e-01,1.407378166913986206e-01,1.000000000000000000e+00,8.937938809394836426e-01,8.965665102005004883e-01,8.978554010391235352e-01
1.002926975488662720e-01,4.874167144298553467e-01,9.976660013198852539e-01,8.538092970848083496e-01,8.886244297027587891e-01,8.263218998908996582e-01
1.019434705376625061e-01,2.591489851474761963e-01,9.673362970352172852e-01,8.365182280540466309e-01,8.804755806922912598e-01,8.717367053031921387e-01
1.005707755684852600e-01,2.934902906417846680e-01,9.654765725135803223e-01,8.224238753318786621e-01,8.064271211624145508e-01,8.513517975807189941e-01
1.001976281404495239e-01,2.392484992742538452e-01,9.490451812744140625e-01,7.931177020072937012e-01,5.466542243957519531e-01,7.329419255256652832e-01
1.021704897284507751e-01,2.707843780517578125e-01,6.396818161010742188e-01,6.476284861564636230e-01,4.542091190814971924e-01,6.822889447212219238e-01
1.021988987922668457e-01,3.507045507431030273e-01,5.041171908378601074e-01,5.478861331939697266e-01,4.102576673030853271e-01,6.536620855331420898e-01
1.025717929005622864e-01,2.475628256797790527e-01,5.384362936019897461e-01,4.905684888362884521e-01,4.513923227787017822e-01,7.034794092178344727e-01
1.460663378238677979e-01,4.305680692195892334e-01,3.175395131111145020e-01,2.498659193515777588e-01,3.633077740669250488e-01,6.586266756057739258e-01
1.000000000000000000e+00,1.000000000000000000e+00,1.068909391760826111e-01,0.000000000000000000e+00,0.000000000000000000e+00,0.000000000000000000e+00
