# CPU,RAM,NetworkR,NetworkW,DiskW,DiskR
1.391900926828384399e-01,1.408293992280960083e-01,1.000000000000000000e+00,8.937932252883911133e-01,8.965638875961303711e-01,8.978564143180847168e-01
1.012730225920677185e-01,1.475452184677124023e-01,1.000000000000000000e+00,8.696436882019042969e-01,8.965271711349487305e-01,8.914651870727539062e-01
1.108792424201965332e-01,3.755328953266143799e-01,8.754329085350036621e-01,8.175200223922729492e-01,8.844447731971740723e-01,8.831540346145629883e-01
1.462004929780960083e-01,7.086833715438842773e-01,6.651499271392822266e-01,7.385824918746948242e-01,7.889255881309509277e-01,8.517178893089294434e-01
1.700038462877273560e-01,4.964604079723358154e-01,6.385660171508789062e-01,7.061733007431030273e-01,7.452180981636047363e-01,8.366022109985351562e-01
1.452253758907318115e-01,6.300435662269592285e-01,5.011183619499206543e-01,6.267946362495422363e-01,6.128752231597900391e-01,7.988814711570739746e-01
1.014207229018211365e-01,1.000000000000000000e+00,4.519727826118469238e-01,6.574832201004028320e-01,2.403712272644042969e-01,7.424904108047485352e-01
1.000000000000000000e+00,1.000000000000000000e+00,3.150884807109832764e-01,4.675932228565216064e-01,5.255591124296188354e-02,6.307929754257202148e-01
1.025346219539642334e-01,1.065117120742797852e-01,2.038823068141937256e-01,2.808775007724761963e-01,0.000000000000000000e+00,0.000000000000000000e+00
1.969367265701293945e-01,1.182288900017738342e-01,1.048564314842224121e-01,0.000000000000000000e+00,0.000000000000000000e+00,0.000000000000000000e+00
