# CPU,RAM,NetworkR,NetworkW,DiskW,DiskR
1.391026973724365234e-01,1.404312849044799805e-01,1.000000000000000000e+00,8.937929272651672363e-01,8.965746760368347168e-01,8.978512883186340332e-01
1.002551466226577759e-01,4.355231225490570068e-01,1.000000000000000000e+00,8.552036881446838379e-01,8.890117406845092773e-01,8.172936439514160156e-01
1.029901355504989624e-01,1.992845237255096436e-01,9.954738616943359375e-01,8.444718718528747559e-01,8.879507184028625488e-01,8.784675002098083496e-01
1.008735299110412598e-01,2.700926363468170166e-01,9.661653041839599609e-01,8.226374983787536621e-01,8.283688426017761230e-01,8.594409227371215820e-01
1.003235653042793274e-01,2.335468828678131104e-01,9.368858933448791504e-01,7.867252230644226074e-01,5.698240995407104492e-01,7.583327293395996094e-01
1.044275313615798950e-01,2.680175602436065674e-01,6.309480071067810059e-01,6.386347413063049316e-01,5.018004179000854492e-01,7.204685211181640625e-01
1.024564653635025024e-01,2.622033059597015381e-01,5.860260128974914551e-01,5.832419395446777344e-01,4.872482120990753174e-01,7.199900150299072266e-01
1.025478914380073547e-01,2.655996382236480713e-01,5.328426957130432129e-01,4.816944897174835205e-01,4.518953263759613037e-01,7.085512280464172363e-01
1.409732401371002197e-01,4.379275441169738770e-01,3.155782818794250488e-01,2.445767819881439209e-01,3.521959483623504639e-01,6.472966074943542480e-01
1.000000000000000000e+00,1.000000000000000000e+00,1.063839420676231384e-01,0.000000000000000000e+00,0.000000000000000000e+00,0.000000000000000000e+00
