# CPU,RAM,NetworkR,NetworkW,DiskW,DiskR
1.389209330081939697e-01,1.406861394643783569e-01,1.000000000000000000e+00,8.937953114509582520e-01,8.965672254562377930e-01,8.978548049926757812e-01
1.013740375638008118e-01,1.239927485585212708e-01,1.000000000000000000e+00,8.751094937324523926e-01,8.968760967254638672e-01,8.931462168693542480e-01
1.116500422358512878e-01,3.837659657001495361e-01,8.479517698287963867e-01,8.102173805236816406e-01,8.814263939857482910e-01,8.797720074653625488e-01
1.762835681438446045e-01,7.788240909576416016e-01,6.038191914558410645e-01,7.162800431251525879e-01,7.496361732482910156e-01,8.407074213027954102e-01
2.316724956035614014e-01,5.986430644989013672e-01,5.601149201393127441e-01,6.745893359184265137e-01,6.950861215591430664e-01,8.215749263763427734e-01
1.507427245378494263e-01,6.894407272338867188e-01,4.736373126506805420e-01,6.216366291046142578e-01,6.005849242210388184e-01,7.987279891967773438e-01
1.007065400481224060e-01,1.000000000000000000e+00,4.255866706371307373e-01,6.658161282539367676e-01,1.800750195980072021e-01,5.012511014938354492e-01
1.000000000000000000e+00,1.000000000000000000e+00,3.149017393589019775e-01,4.466833174228668213e-01,4.922917112708091736e-02,6.924177408218383789e-01
1.009928286075592041e-01,1.135535687208175659e-01,1.736861765384674072e-01,2.646901011466979980e-01,0.000000000000000000e+00,0.000000000000000000e+00
1.948595196008682251e-01,1.405509412288665771e-01,1.031997650861740112e-01,0.000000000000000000e+00,0.000000000000000000e+00,0.000000000000000000e+00
