# CPU,RAM,NetworkR,NetworkW,DiskW,DiskR
1.390434652566909790e-01,1.405039280652999878e-01,1.000000000000000000e+00,8.937898278236389160e-01,8.965709209442138672e-01,8.978508114814758301e-01
1.010236144065856934e-01,1.395408660173416138e-01,1.000000000000000000e+00,8.719896078109741211e-01,8.965159058570861816e-01,8.915113210678100586e-01
1.017852574586868286e-01,2.480777353048324585e-01,9.686691164970397949e-01,8.396589756011962891e-01,8.843582272529602051e-01,8.830903172492980957e-01
1.027093753218650818e-01,2.625514566898345947e-01,9.355127811431884766e-01,8.125348091125488281e-01,8.333271741867065430e-01,8.664420247077941895e-01
1.012211441993713379e-01,2.248964011669158936e-01,8.795679211616516113e-01,7.649248242378234863e-01,5.862917304039001465e-01,7.856903076171875000e-01
1.092962399125099182e-01,3.749918043613433838e-01,5.627256035804748535e-01,6.146389842033386230e-01,5.516424179077148438e-01,7.555921077728271484e-01
1.092462912201881409e-01,2.015110105276107788e-01,6.184931993484497070e-01,5.836650133132934570e-01,5.382183194160461426e-01,7.597755193710327148e-01
1.061439439654350281e-01,2.636245489120483398e-01,4.950721263885498047e-01,4.561634361743927002e-01,4.923234283924102783e-01,7.412608265876770020e-01
1.626658141613006592e-01,3.398081660270690918e-01,3.464375138282775879e-01,2.573972642421722412e-01,4.389640986919403076e-01,7.203829288482666016e-01
1.000000000000000000e+00,1.000000000000000000e+00,1.051166728138923645e-01,0.000000000000000000e+00,0.000000000000000000e+00,0.000000000000000000e+00
