# CPU,RAM,NetworkR,NetworkW,DiskW,DiskR
1.391780972480773926e-01,1.406174749135971069e-01,1.000000000000000000e+00,8.937928080558776855e-01,8.965697288513183594e-01,8.978536725044250488e-01
1.012261733412742615e-01,1.522454917430877686e-01,1.000000000000000000e+00,8.690490126609802246e-01,8.964915275573730469e-01,8.912500143051147461e-01
1.040468141436576843e-01,1.728755235671997070e-01,1.000000000000000000e+00,8.510394096374511719e-01,8.915601372718811035e-01,8.901081085205078125e-01
1.084351986646652222e-01,2.538822591304779053e-01,9.228457212448120117e-01,8.110151290893554688e-01,8.636990785598754883e-01,8.767148256301879883e-01
1.456836163997650146e-01,4.167660474777221680e-01,6.592137813568115234e-01,6.882768869400024414e-01,7.102832794189453125e-01,8.193004131317138672e-01
2.742827832698822021e-01,7.662019133567810059e-01,4.414619207382202148e-01,5.643153190612792969e-01,5.699722170829772949e-01,7.933917045593261719e-01
1.349751800298690796e-01,1.000000000000000000e+00,3.776273131370544434e-01,5.758339166641235352e-01,2.269191443920135498e-01,7.871657013893127441e-01
1.000000000000000000e+00,1.000000000000000000e+00,2.447399348020553589e-01,3.751609623432159424e-01,8.566224947571754456e-03,6.265504956245422363e-01
1.033572554588317871e-01,1.055263653397560120e-01,1.557309478521347046e-01,2.248113751411437988e-01,0.000000000000000000e+00,0.000000000000000000e+00
2.239774614572525024e-01,1.098430007696151733e-01,1.047764718532562256e-01,0.000000000000000000e+00,0.000000000000000000e+00,0.000000000000000000e+00
