# CPU,RAM,NetworkR,NetworkW,DiskW,DiskR
1.391187161207199097e-01,1.407834887504577637e-01,1.000000000000000000e+00,8.937938213348388672e-01,8.965650200843811035e-01,8.978558778762817383e-01
1.010523214936256409e-01,1.902499645948410034e-01,1.000000000000000000e+00,8.650131225585937500e-01,8.959901332855224609e-01,8.891251087188720703e-01
1.029229834675788879e-01,1.603395193815231323e-01,1.000000000000000000e+00,8.572465181350708008e-01,8.917987346649169922e-01,8.910353183746337891e-01
1.017582789063453674e-01,1.933034956455230713e-01,1.000000000000000000e+00,8.351410031318664551e-01,8.604828119277954102e-01,8.785302042961120605e-01
1.008969321846961975e-01,1.867398619651794434e-01,9.435597062110900879e-01,7.818151116371154785e-01,6.129577159881591797e-01,8.034430146217346191e-01
1.110315173864364624e-01,2.230727970600128174e-01,6.073595285415649414e-01,6.075730919837951660e-01,5.096222758293151855e-01,7.369436025619506836e-01
1.138399988412857056e-01,2.179146558046340942e-01,5.054386258125305176e-01,5.065886974334716797e-01,4.837708175182342529e-01,7.212703227996826172e-01
1.109504401683807373e-01,2.386029362678527832e-01,4.494816362857818604e-01,4.049014747142791748e-01,4.826283156871795654e-01,7.305213212966918945e-01
1.394727081060409546e-01,2.139322757720947266e-01,3.788590431213378906e-01,2.600414454936981201e-01,4.537974298000335693e-01,7.207701802253723145e-01
1.000000000000000000e+00,1.000000000000000000e+00,1.047089099884033203e-01,0.000000000000000000e+00,0.000000000000000000e+00,0.000000000000000000e+00
