# CPU,RAM,NetworkR,NetworkW,DiskW,DiskR
1.390400677919387817e-01,1.405896246433258057e-01,1.000000000000000000e+00,8.937931060791015625e-01,8.965697884559631348e-01,8.978530764579772949e-01
1.006992980837821960e-01,2.028640657663345337e-01,1.000000000000000000e+00,8.651300072669982910e-01,8.954251408576965332e-01,8.857206106185913086e-01
1.021730601787567139e-01,1.799585521221160889e-01,1.000000000000000000e+00,8.535143136978149414e-01,8.900654911994934082e-01,8.885564208030700684e-01
1.013643816113471985e-01,2.456817030906677246e-01,9.694753885269165039e-01,8.225259780883789062e-01,8.384625911712646484e-01,8.682905435562133789e-01
1.005564108490943909e-01,2.099360525608062744e-01,9.287627935409545898e-01,7.779899239540100098e-01,5.627613067626953125e-01,7.734346985816955566e-01
1.067241355776786804e-01,2.638086080551147461e-01,5.955697298049926758e-01,6.125166416168212891e-01,4.982563555240631104e-01,7.249652147293090820e-01
1.049663498997688293e-01,2.301265597343444824e-01,5.737161636352539062e-01,5.582950115203857422e-01,5.093300342559814453e-01,7.385383844375610352e-01
1.044702306389808655e-01,2.296503037214279175e-01,5.489425063133239746e-01,4.716473519802093506e-01,5.244132280349731445e-01,7.587490081787109375e-01
1.604537069797515869e-01,3.135946691036224365e-01,3.771824836730957031e-01,2.627362012863159180e-01,4.850122630596160889e-01,7.467300295829772949e-01
1.000000000000000000e+00,1.000000000000000000e+00,1.052250713109970093e-01,0.000000000000000000e+00,0.000000000000000000e+00,0.000000000000000000e+00
