# CPU,RAM,NetworkR,NetworkW,DiskW,DiskR
1.390876173973083496e-01,1.407951563596725464e-01,1.000000000000000000e+00,8.937945365905761719e-01,8.965647816658020020e-01,8.978562355041503906e-01
1.014218926429748535e-01,1.167222261428833008e-01,1.000000000000000000e+00,8.778822422027587891e-01,8.970137834548950195e-01,8.938966989517211914e-01
1.125008910894393921e-01,3.569142818450927734e-01,8.418996930122375488e-01,8.080623149871826172e-01,8.810477256774902344e-01,8.784244060516357422e-01
2.264745533466339111e-01,7.378371953964233398e-01,6.190127134323120117e-01,7.203323245048522949e-01,7.804616093635559082e-01,8.492336273193359375e-01
2.515438497066497803e-01,6.925873756408691406e-01,5.061814188957214355e-01,6.521685123443603516e-01,6.342375278472900391e-01,8.059678077697753906e-01
1.480789035558700562e-01,6.791675090789794922e-01,4.512893259525299072e-01,6.103814840316772461e-01,5.624753236770629883e-01,7.840048074722290039e-01
1.027785614132881165e-01,1.000000000000000000e+00,4.339017271995544434e-01,6.549609303474426270e-01,2.433968186378479004e-01,7.742347121238708496e-01
1.000000000000000000e+00,1.000000000000000000e+00,2.991489171981811523e-01,4.742211401462554932e-01,4.517590254545211792e-02,7.571526169776916504e-01
1.009944677352905273e-01,1.134431883692741394e-01,1.610565185546875000e-01,2.684578299522399902e-01,0.000000000000000000e+00,0.000000000000000000e+00
1.498676538467407227e-01,1.167199984192848206e-01,1.059338077902793884e-01,0.000000000000000000e+00,0.000000000000000000e+00,0.000000000000000000e+00
