# CPU,RAM,NetworkR,NetworkW,DiskW,DiskR
1.391090452671051025e-01,1.407350599765777588e-01,1.000000000000000000e+00,8.937933444976806641e-01,8.965662121772766113e-01,8.978551030158996582e-01
1.010937839746475220e-01,1.719461679458618164e-01,1.000000000000000000e+00,8.667581081390380859e-01,8.962039351463317871e-01,8.900164961814880371e-01
1.026357859373092651e-01,1.587637960910797119e-01,1.000000000000000000e+00,8.576919436454772949e-01,8.916918039321899414e-01,8.909363150596618652e-01
1.017639935016632080e-01,1.973988115787506104e-01,9.955483078956604004e-01,8.328179121017456055e-01,8.573861718177795410e-01,8.770617246627807617e-01
1.009963005781173706e-01,1.902000010013580322e-01,9.308670163154602051e-01,7.763504385948181152e-01,6.011373400688171387e-01,7.979930043220520020e-01
1.126414462924003601e-01,2.430787533521652222e-01,5.786575078964233398e-01,5.957072973251342773e-01,5.059468150138854980e-01,7.320852279663085938e-01
1.133591830730438232e-01,2.326629757881164551e-01,4.856244623661041260e-01,4.986886680126190186e-01,4.626719653606414795e-01,7.067910432815551758e-01
1.064782440662384033e-01,2.253468334674835205e-01,4.700702130794525146e-01,4.227770268917083740e-01,4.681307077407836914e-01,7.210951447486877441e-01
1.241640746593475342e-01,2.154295146465301514e-01,3.751319050788879395e-01,2.603205144405364990e-01,4.037787020206451416e-01,6.851302385330200195e-01
1.000000000000000000e+00,1.000000000000000000e+00,1.053976938128471375e-01,0.000000000000000000e+00,0.000000000000000000e+00,0.000000000000000000e+00
