# CPU,RAM,NetworkR,NetworkW,DiskW,DiskR
1.391578465700149536e-01,1.407726258039474487e-01,1.000000000000000000e+00,8.937932848930358887e-01,8.965653181076049805e-01,8.978556394577026367e-01
1.012559607625007629e-01,1.424244195222854614e-01,1.000000000000000000e+00,8.706877231597900391e-01,8.965966105461120605e-01,8.917722105979919434e-01
1.071246042847633362e-01,2.455098330974578857e-01,9.404261708259582520e-01,8.328670263290405273e-01,8.886284232139587402e-01,8.863148093223571777e-01
1.221991926431655884e-01,3.331395387649536133e-01,8.632752895355224609e-01,7.961400151252746582e-01,8.627492785453796387e-01,8.760206103324890137e-01
2.314279526472091675e-01,7.022934556007385254e-01,5.723187923431396484e-01,6.707823872566223145e-01,7.094587087631225586e-01,8.291819095611572266e-01
1.663772761821746826e-01,6.854386925697326660e-01,4.428465366363525391e-01,5.836272239685058594e-01,5.213536024093627930e-01,7.649441361427307129e-01
1.032649800181388855e-01,1.000000000000000000e+00,4.123242795467376709e-01,6.230319738388061523e-01,2.454270422458648682e-01,7.630726099014282227e-01
1.000000000000000000e+00,1.000000000000000000e+00,2.771460711956024170e-01,4.232200086116790771e-01,3.377725183963775635e-02,5.250520706176757812e-01
1.050086468458175659e-01,1.043978482484817505e-01,1.889277994632720947e-01,2.533685564994812012e-01,0.000000000000000000e+00,0.000000000000000000e+00
2.460874170064926147e-01,1.143940389156341553e-01,1.043796837329864502e-01,0.000000000000000000e+00,0.000000000000000000e+00,0.000000000000000000e+00
