# CPU,RAM,NetworkR,NetworkW,DiskW,DiskR
1.390493959188461304e-01,1.406860351562500000e-01,1.000000000000000000e+00,8.937947154045104980e-01,8.965678215026855469e-01,8.978549242019653320e-01
1.009483188390731812e-01,2.007941156625747681e-01,1.000000000000000000e+00,8.644881248474121094e-01,8.958184123039245605e-01,8.882695436477661133e-01
1.031424775719642639e-01,1.432660967111587524e-01,1.000000000000000000e+00,8.623449206352233887e-01,8.930849432945251465e-01,8.923907279968261719e-01
1.020541489124298096e-01,2.064712792634963989e-01,9.838438034057617188e-01,8.285553455352783203e-01,8.586112856864929199e-01,8.764249086380004883e-01
1.032665595412254333e-01,1.803829818964004517e-01,9.125239849090576172e-01,7.698538899421691895e-01,6.825643181800842285e-01,8.258950710296630859e-01
2.324157953262329102e-01,3.637454807758331299e-01,4.988665282726287842e-01,5.517055392265319824e-01,6.063414812088012695e-01,7.791618108749389648e-01
3.345776200294494629e-01,1.000000000000000000e+00,3.439599275588989258e-01,5.070915818214416504e-01,1.967182457447052002e-01,7.912138104438781738e-01
1.000000000000000000e+00,5.150828957557678223e-01,1.634528040885925293e-01,2.010417282581329346e-01,0.000000000000000000e+00,2.851882018148899078e-02
1.091706678271293640e-01,1.011357530951499939e-01,1.651586592197418213e-01,1.705313026905059814e-01,0.000000000000000000e+00,0.000000000000000000e+00
2.705128192901611328e-01,1.054938584566116333e-01,1.076472923159599304e-01,0.000000000000000000e+00,0.000000000000000000e+00,0.000000000000000000e+00
