# CPU,RAM,NetworkR,NetworkW,DiskW,DiskR
1.390913873910903931e-01,1.408393234014511108e-01,1.000000000000000000e+00,8.937942385673522949e-01,8.965634107589721680e-01,8.978565931320190430e-01
1.009770631790161133e-01,2.118386179208755493e-01,1.000000000000000000e+00,8.635203242301940918e-01,8.957211971282958984e-01,8.879795074462890625e-01
1.026226058602333069e-01,1.557594388723373413e-01,1.000000000000000000e+00,8.593538403511047363e-01,8.918715715408325195e-01,8.913009166717529297e-01
1.013127416372299194e-01,1.856342256069183350e-01,1.000000000000000000e+00,8.388733267784118652e-01,8.592250943183898926e-01,8.784956932067871094e-01
1.007714495062828064e-01,1.762737929821014404e-01,9.590017199516296387e-01,7.868971228599548340e-01,6.098011136054992676e-01,8.043907880783081055e-01
1.113920733332633972e-01,2.034206241369247437e-01,6.287847757339477539e-01,6.139218211174011230e-01,5.254217386245727539e-01,7.470657229423522949e-01
1.153250485658645630e-01,2.208169102668762207e-01,4.976259469985961914e-01,4.990661144256591797e-01,4.923009574413299561e-01,7.260305881500244141e-01
1.079911217093467712e-01,2.348248958587646484e-01,4.479129612445831299e-01,4.037195146083831787e-01,4.578504860401153564e-01,7.143889069557189941e-01
1.244197711348533630e-01,2.074131816625595093e-01,3.665394186973571777e-01,2.524092197418212891e-01,3.946467339992523193e-01,6.731545925140380859e-01
1.000000000000000000e+00,1.000000000000000000e+00,1.049925386905670166e-01,0.000000000000000000e+00,0.000000000000000000e+00,0.000000000000000000e+00
