# CPU,RAM,NetworkR,NetworkW,DiskW,DiskR
1.000000014901161194e-01,1.000000014901161194e-01,1.000000000000000000e+00,8.999999761581420898e-01,8.999999761581420898e-01,8.999999761581420898e-01
1.000000014901161194e-01,1.000000014901161194e-01,1.000000000000000000e+00,8.807140588760375977e-01,8.975781202316284180e-01,8.627690672874450684e-01
1.000000014901161194e-01,1.833333373069763184e-01,1.000000000000000000e+00,8.536851406097412109e-01,8.969726562500000000e-01,8.627690672874450684e-01
1.000000014901161194e-01,1.833333373069763184e-01,9.938765764236450195e-01,8.161169886589050293e-01,8.884961605072021484e-01,8.627690672874450684e-01
1.000000014901161194e-01,1.833333373069763184e-01,9.711358547210693359e-01,7.998422980308532715e-01,7.717929482460021973e-01,7.789994478225708008e-01
1.000000014901161194e-01,1.833333373069763184e-01,5.886888504028320312e-01,5.866217613220214844e-01,5.502686500549316406e-01,7.487492561340332031e-01
1.000000014901161194e-01,1.833333373069763184e-01,5.507876276969909668e-01,5.528534650802612305e-01,5.356618762016296387e-01,7.487492561340332031e-01
1.000000014901161194e-01,1.833333373069763184e-01,5.128864049911499023e-01,4.243762791156768799e-01,5.122758150100708008e-01,7.487492561340332031e-01
1.000000014901161194e-01,2.666666805744171143e-01,3.359350860118865967e-01,2.389016449451446533e-01,4.810943901538848877e-01,7.394415140151977539e-01
1.000000000000000000e+00,1.000000000000000000e+00,1.000000014901161194e-01,0.000000000000000000e+00,0.000000000000000000e+00,0.000000000000000000e+00
