# CPU,RAM,NetworkR,NetworkW,DiskW,DiskR
1.391119360923767090e-01,1.407391130924224854e-01,1.000000000000000000e+00,8.937937021255493164e-01,8.965662121772766113e-01,8.978552818298339844e-01
1.012915372848510742e-01,1.427864581346511841e-01,1.000000000000000000e+00,8.705006241798400879e-01,8.966004252433776855e-01,8.917770385742187500e-01
1.113924384117126465e-01,3.622117936611175537e-01,8.779892921447753906e-01,8.180581331253051758e-01,8.851572275161743164e-01,8.834850192070007324e-01
1.343014985322952271e-01,7.536928057670593262e-01,6.442303061485290527e-01,7.324948310852050781e-01,7.619072198867797852e-01,8.443733453750610352e-01
1.378351747989654541e-01,4.164791107177734375e-01,6.636990904808044434e-01,7.147052288055419922e-01,7.280707359313964844e-01,8.307986259460449219e-01
1.384226232767105103e-01,5.934896469116210938e-01,5.041958689689636230e-01,6.249476075172424316e-01,6.042191386222839355e-01,7.931361198425292969e-01
1.024459898471832275e-01,1.000000000000000000e+00,4.675102829933166504e-01,6.559582948684692383e-01,3.107373714447021484e-01,8.037041425704956055e-01
1.000000000000000000e+00,1.000000000000000000e+00,3.141002655029296875e-01,4.753023684024810791e-01,4.817482084035873413e-02,6.263855099678039551e-01
1.030037999153137207e-01,1.048131734132766724e-01,2.009846419095993042e-01,2.817558646202087402e-01,0.000000000000000000e+00,0.000000000000000000e+00
1.940254718065261841e-01,1.106346473097801208e-01,1.063928082585334778e-01,0.000000000000000000e+00,0.000000000000000000e+00,0.000000000000000000e+00
