# CPU,RAM,NetworkR,NetworkW,DiskW,DiskR
0.000000000000000000e+00,0.000000000000000000e+00,8.969682455062866211e-01,1.000000000000000000e+00,1.000000000000000000e+00,1.000000000000000000e+00
0.000000000000000000e+00,3.523349165916442871e-01,8.094521164894104004e-01,1.000000000000000000e+00,1.000000000000000000e+00,5.887225866317749023e-01
0.000000000000000000e+00,6.120352745056152344e-01,6.327512264251708984e-01,9.805349707603454590e-01,9.312911033630371094e-01,3.836427032947540283e-01
1.000811532139778137e-01,7.697271108627319336e-01,7.304136753082275391e-01,7.438886761665344238e-01,5.823612809181213379e-01,1.745156943798065186e-01
1.000993847846984863e-01,7.902568578720092773e-01,5.767492651939392090e-01,6.821122169494628906e-01,4.287666082382202148e-01,1.306096464395523071e-01
1.002706438302993774e-01,6.418374776840209961e-01,3.881748616695404053e-01,5.579426288604736328e-01,2.625997960567474365e-01,1.323068980127573013e-02
1.007189229130744934e-01,5.337136387825012207e-01,3.088070452213287354e-01,4.197042882442474365e-01,1.695571243762969971e-01,1.301505602896213531e-02
1.266072243452072144e-01,5.631142258644104004e-01,3.620266318321228027e-01,3.643085062503814697e-01,3.690761625766754150e-01,5.787826776504516602e-01
6.870669126510620117e-01,1.000000000000000000e+00,3.952491581439971924e-01,3.306118845939636230e-01,6.697539091110229492e-01,8.424721956253051758e-01
1.000000000000000000e+00,1.000000000000000000e+00,1.117318272590637207e-01,0.000000000000000000e+00,0.000000000000000000e+00,0.000000000000000000e+00
