# CPU,RAM,NetworkR,NetworkW,DiskW,DiskR
1.391165554523468018e-01,1.406780779361724854e-01,1.000000000000000000e+00,8.937926888465881348e-01,8.965675234794616699e-01,8.978542089462280273e-01
1.002785339951515198e-01,3.751359879970550537e-01,1.000000000000000000e+00,8.571361303329467773e-01,8.904144167900085449e-01,8.342579007148742676e-01
1.015777811408042908e-01,2.801264524459838867e-01,9.618725776672363281e-01,8.345621228218078613e-01,8.794370889663696289e-01,8.685035109519958496e-01
1.006609722971916199e-01,2.929077744483947754e-01,9.579327702522277832e-01,8.190149068832397461e-01,8.011534214019775391e-01,8.489012122154235840e-01
1.002564355731010437e-01,2.348248064517974854e-01,9.326766729354858398e-01,7.869542837142944336e-01,5.390706062316894531e-01,7.344024181365966797e-01
1.033390983939170837e-01,2.700612545013427734e-01,6.268935799598693848e-01,6.416772007942199707e-01,4.790039062500000000e-01,7.040842771530151367e-01
1.028846055269241333e-01,2.896271049976348877e-01,5.527884364128112793e-01,5.712091326713562012e-01,4.731258451938629150e-01,7.092128396034240723e-01
1.026745513081550598e-01,2.474088370800018311e-01,5.430095195770263672e-01,4.931925237178802490e-01,4.596051275730133057e-01,7.142748236656188965e-01
1.356429159641265869e-01,4.047891795635223389e-01,3.153274059295654297e-01,2.495967149734497070e-01,3.367920219898223877e-01,6.324697136878967285e-01
1.000000000000000000e+00,1.000000000000000000e+00,1.068235412240028381e-01,0.000000000000000000e+00,0.000000000000000000e+00,0.000000000000000000e+00
