# CPU,RAM,NetworkR,NetworkW,DiskW,DiskR
1.391599327325820923e-01,1.407699733972549438e-01,1.000000000000000000e+00,8.937933444976806641e-01,8.965654373168945312e-01,8.978556394577026367e-01
1.011354550719261169e-01,1.795301586389541626e-01,1.000000000000000000e+00,8.657730817794799805e-01,8.961433768272399902e-01,8.898001313209533691e-01
1.052344590425491333e-01,2.296594083309173584e-01,9.667646288871765137e-01,8.399885296821594238e-01,8.893374204635620117e-01,8.877949118614196777e-01
1.030661612749099731e-01,1.922540664672851562e-01,9.973129034042358398e-01,8.375644087791442871e-01,8.700199723243713379e-01,8.830891847610473633e-01
1.023606956005096436e-01,1.998166143894195557e-01,9.119165539741516113e-01,7.755627036094665527e-01,6.895757317543029785e-01,8.269311189651489258e-01
1.413429975509643555e-01,1.888065487146377563e-01,6.678918004035949707e-01,6.338329315185546875e-01,6.170833110809326172e-01,7.889873385429382324e-01
2.323614656925201416e-01,1.000000000000000000e+00,3.722384870052337646e-01,4.967322051525115967e-01,4.202693402767181396e-01,8.156387209892272949e-01
1.000000000000000000e+00,1.000000000000000000e+00,1.977242380380630493e-01,2.346162199974060059e-01,0.000000000000000000e+00,3.474269211292266846e-01
1.069192141294479370e-01,1.014846712350845337e-01,1.623440980911254883e-01,1.986166536808013916e-01,0.000000000000000000e+00,0.000000000000000000e+00
2.477322071790695190e-01,1.062867194414138794e-01,1.067652627825737000e-01,0.000000000000000000e+00,0.000000000000000000e+00,0.000000000000000000e+00
