# CPU,RAM,NetworkR,NetworkW,DiskW,DiskR
1.390461325645446777e-01,1.405561566352844238e-01,1.000000000000000000e+00,8.937919139862060547e-01,8.965703248977661133e-01,8.978522419929504395e-01
1.001093909144401550e-01,6.466869711875915527e-01,9.955772757530212402e-01,8.424918055534362793e-01,8.628984093666076660e-01,4.795551002025604248e-01
1.002701818943023682e-01,6.805984973907470703e-01,8.234611153602600098e-01,7.884058952331542969e-01,7.620109319686889648e-01,5.220792889595031738e-01
1.001236140727996826e-01,5.701731443405151367e-01,8.121630549430847168e-01,7.730337381362915039e-01,6.031876206398010254e-01,4.898779094219207764e-01
1.001193523406982422e-01,6.001462936401367188e-01,6.922590136528015137e-01,7.210196256637573242e-01,4.583252966403961182e-01,3.647431433200836182e-01
1.005614995956420898e-01,4.746653437614440918e-01,4.787424206733703613e-01,6.026750802993774414e-01,3.005011379718780518e-01,2.551456987857818604e-01
1.008551865816116333e-01,5.088869333267211914e-01,3.487929403781890869e-01,4.787482321262359619e-01,2.107660770416259766e-01,1.825399398803710938e-01
1.091224476695060730e-01,3.758841454982757568e-01,3.881443142890930176e-01,4.056347906589508057e-01,3.625271022319793701e-01,5.765747427940368652e-01
4.458115696907043457e-01,9.088048934936523438e-01,3.417645096778869629e-01,2.969538867473602295e-01,5.791910886764526367e-01,8.051682114601135254e-01
1.000000000000000000e+00,1.000000000000000000e+00,1.080213710665702820e-01,0.000000000000000000e+00,0.000000000000000000e+00,0.000000000000000000e+00
