# CPU,RAM,NetworkR,NetworkW,DiskW,DiskR
1.390167325735092163e-01,1.405685693025588989e-01,1.000000000000000000e+00,8.937928080558776855e-01,8.965701460838317871e-01,8.978527188301086426e-01
1.002754643559455872e-01,3.294309973716735840e-01,1.000000000000000000e+00,8.591675758361816406e-01,8.913764953613281250e-01,8.406876325607299805e-01
1.005293875932693481e-01,4.755414724349975586e-01,9.179251790046691895e-01,8.203303217887878418e-01,8.526442050933837891e-01,8.315246105194091797e-01
1.002876386046409607e-01,3.787968158721923828e-01,9.302707910537719727e-01,8.070130944252014160e-01,7.161042094230651855e-01,7.959687113761901855e-01
1.001661345362663269e-01,3.210259377956390381e-01,8.673986792564392090e-01,7.671908140182495117e-01,4.894261062145233154e-01,6.364853978157043457e-01
1.017664000391960144e-01,3.036186993122100830e-01,6.025064587593078613e-01,6.360425949096679688e-01,4.069277346134185791e-01,6.185411214828491211e-01
1.017911583185195923e-01,3.174038529396057129e-01,5.188821554183959961e-01,5.599474310874938965e-01,4.020417630672454834e-01,6.372268199920654297e-01
1.054733842611312866e-01,2.638687491416931152e-01,5.174328684806823730e-01,4.805666506290435791e-01,4.983218014240264893e-01,7.321537137031555176e-01
2.205797433853149414e-01,5.642451047897338867e-01,3.168845474720001221e-01,2.559927999973297119e-01,4.445366561412811279e-01,7.335202097892761230e-01
1.000000000000000000e+00,1.000000000000000000e+00,1.056678965687751770e-01,0.000000000000000000e+00,0.000000000000000000e+00,0.000000000000000000e+00
