# CPU,RAM,NetworkR,NetworkW,DiskW,DiskR
1.390918791294097900e-01,1.403631418943405151e-01,1.000000000000000000e+00,8.937857151031494141e-01,8.965734839439392090e-01,8.978477120399475098e-01
1.003785058856010437e-01,2.327801138162612915e-01,1.000000000000000000e+00,8.644539117813110352e-01,8.941435217857360840e-01,8.724160194396972656e-01
1.008777543902397156e-01,3.774904608726501465e-01,9.417951107025146484e-01,8.292766213417053223e-01,8.714507222175598145e-01,8.648788332939147949e-01
1.008221358060836792e-01,2.971069216728210449e-01,9.462553858757019043e-01,8.140398859977722168e-01,7.889789342880249023e-01,8.472883105278015137e-01
1.003619432449340820e-01,2.709778249263763428e-01,8.893070220947265625e-01,7.723376154899597168e-01,5.447527766227722168e-01,7.411450147628784180e-01
1.040467843413352966e-01,2.887872159481048584e-01,6.395815610885620117e-01,6.482698321342468262e-01,5.197176337242126465e-01,7.333539128303527832e-01
1.028032600879669189e-01,2.128838896751403809e-01,6.582666635513305664e-01,6.157495975494384766e-01,5.292335152626037598e-01,7.527374029159545898e-01
1.057662218809127808e-01,3.115681409835815430e-01,4.764782190322875977e-01,4.488351047039031982e-01,4.527432024478912354e-01,7.131143212318420410e-01
2.223441451787948608e-01,7.050553560256958008e-01,2.699614763259887695e-01,2.189010083675384521e-01,3.307209908962249756e-01,6.737797260284423828e-01
1.000000000000000000e+00,1.000000000000000000e+00,1.050813272595405579e-01,0.000000000000000000e+00,0.000000000000000000e+00,0.000000000000000000e+00
