# CPU,RAM,NetworkR,NetworkW,DiskW,DiskR
1.390574574470520020e-01,1.403487175703048706e-01,1.000000000000000000e+00,8.937876820564270020e-01,8.965746164321899414e-01,8.978481888771057129e-01
1.007700860500335693e-01,1.592896729707717896e-01,1.000000000000000000e+00,8.695985078811645508e-01,8.960961103439331055e-01,8.892319202423095703e-01
1.018978357315063477e-01,1.850181519985198975e-01,1.000000000000000000e+00,8.523567914962768555e-01,8.897446393966674805e-01,8.881068825721740723e-01
1.016031801700592041e-01,2.609117925167083740e-01,9.533497691154479980e-01,8.164774179458618164e-01,8.323906064033508301e-01,8.654577136039733887e-01
1.007988378405570984e-01,2.224549204111099243e-01,8.964983820915222168e-01,7.662345170974731445e-01,5.594357848167419434e-01,7.710676193237304688e-01
1.088491156697273254e-01,3.029423058032989502e-01,5.591776371002197266e-01,5.981169939041137695e-01,4.965783059597015381e-01,7.222639918327331543e-01
1.050698310136795044e-01,2.197169065475463867e-01,5.791990756988525391e-01,5.624278187751770020e-01,5.008411407470703125e-01,7.344421148300170898e-01
1.042239591479301453e-01,2.433305084705352783e-01,5.261287093162536621e-01,4.619360864162445068e-01,4.994997680187225342e-01,7.447515130043029785e-01
1.722258031368255615e-01,3.436244428157806396e-01,3.765630125999450684e-01,2.649826407432556152e-01,5.110663771629333496e-01,7.604334950447082520e-01
1.000000000000000000e+00,1.000000000000000000e+00,1.050357818603515625e-01,0.000000000000000000e+00,0.000000000000000000e+00,0.000000000000000000e+00
