# CPU,RAM,NetworkR,NetworkW,DiskW,DiskR
1.391020715236663818e-01,1.406993120908737183e-01,1.000000000000000000e+00,8.937929868698120117e-01,8.965669870376586914e-01,8.978545069694519043e-01
1.012870296835899353e-01,1.245232298970222473e-01,1.000000000000000000e+00,8.752015233039855957e-01,8.968672156333923340e-01,8.931158185005187988e-01
1.028922423720359802e-01,1.853997558355331421e-01,9.908018708229064941e-01,8.458673954010009766e-01,8.888406753540039062e-01,8.869494199752807617e-01
1.024631485342979431e-01,1.878829002380371094e-01,9.919189214706420898e-01,8.322337269783020020e-01,8.567658066749572754e-01,8.773699402809143066e-01
1.024712100625038147e-01,1.839416921138763428e-01,8.957359790802001953e-01,7.647379040718078613e-01,6.224332451820373535e-01,8.065642714500427246e-01
1.346627175807952881e-01,2.839894294738769531e-01,5.391841530799865723e-01,5.835338830947875977e-01,5.724943876266479492e-01,7.626762986183166504e-01
1.629574298858642578e-01,3.537401258945465088e-01,4.055829346179962158e-01,4.584268033504486084e-01,4.870274364948272705e-01,7.306426763534545898e-01
1.818011254072189331e-01,4.179778695106506348e-01,3.160960674285888672e-01,3.266366422176361084e-01,4.154202044010162354e-01,7.042832374572753906e-01
1.527379304170608521e-01,1.496476233005523682e-01,3.736038506031036377e-01,2.731620669364929199e-01,4.399766623973846436e-01,7.020311951637268066e-01
1.000000000000000000e+00,1.000000000000000000e+00,1.028374508023262024e-01,0.000000000000000000e+00,0.000000000000000000e+00,0.000000000000000000e+00
