# CPU,RAM,NetworkR,NetworkW,DiskW,DiskR
1.389645338058471680e-01,1.403023898601531982e-01,1.000000000000000000e+00,8.937864303588867188e-01,8.965747356414794922e-01,8.978469371795654297e-01
1.008092388510704041e-01,2.115232199430465698e-01,1.000000000000000000e+00,8.641089200973510742e-01,8.955488801002502441e-01,8.867356777191162109e-01
1.020167917013168335e-01,2.113531678915023804e-01,1.000000000000000000e+00,8.489024043083190918e-01,8.884794116020202637e-01,8.873437047004699707e-01
1.015069708228111267e-01,2.749506235122680664e-01,9.530885815620422363e-01,8.179585933685302734e-01,8.337730765342712402e-01,8.665366172790527344e-01
1.005934476852416992e-01,2.202337533235549927e-01,9.267753958702087402e-01,7.802833318710327148e-01,5.865051150321960449e-01,7.844176292419433594e-01
1.060836538672447205e-01,3.068904876708984375e-01,6.150146722793579102e-01,6.301674246788024902e-01,5.484855175018310547e-01,7.531529068946838379e-01
1.053214222192764282e-01,2.128226608037948608e-01,6.385911703109741211e-01,5.920147895812988281e-01,5.531216859817504883e-01,7.662451863288879395e-01
1.039035245776176453e-01,2.609286904335021973e-01,5.289689302444458008e-01,4.668754637241363525e-01,4.862623512744903564e-01,7.375642061233520508e-01
1.535336226224899292e-01,3.567010164260864258e-01,3.471886813640594482e-01,2.507022619247436523e-01,4.239492118358612061e-01,7.068433165550231934e-01
1.000000000000000000e+00,1.000000000000000000e+00,1.054056212306022644e-01,0.000000000000000000e+00,0.000000000000000000e+00,0.000000000000000000e+00
