# CPU,RAM,NetworkR,NetworkW,DiskW,DiskR
1.390647739171981812e-01,1.408507078886032104e-01,1.000000000000000000e+00,8.937950134277343750e-01,8.965632915496826172e-01,8.978570103645324707e-01
1.011476218700408936e-01,1.807100772857666016e-01,1.000000000000000000e+00,8.655517101287841797e-01,8.961098194122314453e-01,8.896957039833068848e-01
1.129292622208595276e-01,2.549400925636291504e-01,9.396319985389709473e-01,8.326318264007568359e-01,8.906599283218383789e-01,8.882635831832885742e-01
1.441984921693801880e-01,6.078473925590515137e-01,7.359197139739990234e-01,7.604758143424987793e-01,8.343697786331176758e-01,8.660249114036560059e-01
1.865466088056564331e-01,5.635098218917846680e-01,6.349107623100280762e-01,7.023223042488098145e-01,7.552521228790283203e-01,8.409963250160217285e-01
1.418741494417190552e-01,5.937281847000122070e-01,4.987062513828277588e-01,6.180317401885986328e-01,5.851737260818481445e-01,7.864431738853454590e-01
1.019528135657310486e-01,1.000000000000000000e+00,4.532927870750427246e-01,6.444715261459350586e-01,2.913450896739959717e-01,7.834684252738952637e-01
1.000000000000000000e+00,1.000000000000000000e+00,2.971264421939849854e-01,4.413883090019226074e-01,5.233735963702201843e-02,4.715152680873870850e-01
1.044900268316268921e-01,1.047221571207046509e-01,2.247374951839447021e-01,2.764219641685485840e-01,0.000000000000000000e+00,0.000000000000000000e+00
1.895773708820343018e-01,1.106210649013519287e-01,1.073051467537879944e-01,0.000000000000000000e+00,0.000000000000000000e+00,0.000000000000000000e+00
