# CPU,RAM,NetworkR,NetworkW,DiskW,DiskR
1.391974389553070068e-01,1.408332288265228271e-01,1.000000000000000000e+00,8.937932252883911133e-01,8.965638279914855957e-01,8.978564143180847168e-01
1.004191935062408447e-01,5.393618941307067871e-01,9.856472015380859375e-01,8.538489937782287598e-01,8.902083039283752441e-01,8.545293807983398438e-01
1.053312048316001892e-01,1.436584144830703735e-01,1.000000000000000000e+00,8.589751124382019043e-01,8.926446437835693359e-01,8.900609016418457031e-01
1.014472693204879761e-01,1.966368556022644043e-01,1.000000000000000000e+00,8.370321989059448242e-01,8.634372949600219727e-01,8.780688047409057617e-01
1.004585325717926025e-01,1.798239946365356445e-01,9.859327077865600586e-01,8.023306131362915039e-01,6.377353072166442871e-01,8.102756142616271973e-01
1.053226590156555176e-01,1.981362849473953247e-01,6.943835616111755371e-01,6.503695249557495117e-01,5.321854352951049805e-01,7.526994943618774414e-01
1.074199229478836060e-01,2.155919373035430908e-01,5.670639276504516602e-01,5.458939075469970703e-01,5.217990279197692871e-01,7.448165416717529297e-01
1.055156439542770386e-01,2.257297039031982422e-01,5.188086628913879395e-01,4.507152140140533447e-01,5.035257935523986816e-01,7.441998720169067383e-01
1.346015483140945435e-01,2.548975348472595215e-01,3.718852102756500244e-01,2.597019672393798828e-01,4.273533523082733154e-01,7.033696174621582031e-01
1.000000000000000000e+00,1.000000000000000000e+00,1.060358509421348572e-01,0.000000000000000000e+00,0.000000000000000000e+00,0.000000000000000000e+00
