# CPU,RAM,NetworkR,NetworkW,DiskW,DiskR
1.391511559486389160e-01,1.407417207956314087e-01,1.000000000000000000e+00,8.937935233116149902e-01,8.965662717819213867e-01,8.978553414344787598e-01
1.013702377676963806e-01,1.241847649216651917e-01,1.000000000000000000e+00,8.750724196434020996e-01,8.968784809112548828e-01,8.931486010551452637e-01
1.041026040911674500e-01,4.784145653247833252e-01,8.313360214233398438e-01,8.065741062164306641e-01,8.671721816062927246e-01,8.711624741554260254e-01
1.167384311556816101e-01,2.093572169542312622e-01,9.392958879470825195e-01,8.195040225982666016e-01,8.693988919258117676e-01,8.811191320419311523e-01
1.267488598823547363e-01,3.862135112285614014e-01,6.829828023910522461e-01,7.099009156227111816e-01,7.201039791107177734e-01,8.242105841636657715e-01
1.752975434064865112e-01,4.925657510757446289e-01,5.265771746635437012e-01,6.140994429588317871e-01,6.416054964065551758e-01,8.007252216339111328e-01
1.256472021341323853e-01,1.000000000000000000e+00,4.059911966323852539e-01,6.002380251884460449e-01,2.481303066015243530e-01,7.948915362358093262e-01
1.000000000000000000e+00,1.000000000000000000e+00,2.584805786609649658e-01,4.010908305644989014e-01,2.240703441202640533e-02,5.248677134513854980e-01
1.060212850570678711e-01,1.025373488664627075e-01,1.802350729703903198e-01,2.430602312088012695e-01,0.000000000000000000e+00,0.000000000000000000e+00
2.193274796009063721e-01,1.080023348331451416e-01,1.062131300568580627e-01,0.000000000000000000e+00,0.000000000000000000e+00,0.000000000000000000e+00
