# CPU,RAM,NetworkR,NetworkW,DiskW,DiskR
1.391296088695526123e-01,1.407667249441146851e-01,1.000000000000000000e+00,8.937941193580627441e-01,8.965656757354736328e-01,8.978558182716369629e-01
1.011475995182991028e-01,1.761150658130645752e-01,1.000000000000000000e+00,8.660889863967895508e-01,8.961799144744873047e-01,8.899533152580261230e-01
1.069732382893562317e-01,1.970775276422500610e-01,9.834765791893005371e-01,8.442612290382385254e-01,8.914955258369445801e-01,8.896254301071166992e-01
1.044524982571601868e-01,2.134564369916915894e-01,9.729359149932861328e-01,8.293635249137878418e-01,8.698840141296386719e-01,8.818415999412536621e-01
1.120222061872482300e-01,2.518877983093261719e-01,8.116961717605590820e-01,7.415946125984191895e-01,7.345588207244873047e-01,8.325991034507751465e-01
1.817613989114761353e-01,3.337599933147430420e-01,5.599392056465148926e-01,6.003372073173522949e-01,6.341264247894287109e-01,7.924637198448181152e-01
1.851026713848114014e-01,1.000000000000000000e+00,3.925902843475341797e-01,5.483531951904296875e-01,3.366954624652862549e-01,8.213965296745300293e-01
1.000000000000000000e+00,1.000000000000000000e+00,1.977596729993820190e-01,2.637623250484466553e-01,0.000000000000000000e+00,1.848987340927124023e-01
1.126757562160491943e-01,1.019929274916648865e-01,1.756039559841156006e-01,2.147983610630035400e-01,0.000000000000000000e+00,0.000000000000000000e+00
3.044785261154174805e-01,1.089645698666572571e-01,1.051821559667587280e-01,0.000000000000000000e+00,0.000000000000000000e+00,0.000000000000000000e+00
