# CPU,RAM,NetworkR,NetworkW,DiskW,DiskR
1.391358077526092529e-01,1.405804753303527832e-01,1.000000000000000000e+00,8.937931060791015625e-01,8.965706229209899902e-01,8.978531956672668457e-01
1.013672053813934326e-01,1.212857365608215332e-01,1.000000000000000000e+00,8.761476278305053711e-01,8.969486951828002930e-01,8.934651017189025879e-01
1.016940176486968994e-01,2.724700272083282471e-01,9.437407255172729492e-01,8.331431746482849121e-01,8.806601166725158691e-01,8.793480992317199707e-01
1.040102541446685791e-01,2.157787680625915527e-01,9.599555730819702148e-01,8.219742774963378906e-01,8.519483208656311035e-01,8.742768764495849609e-01
1.019118055701255798e-01,2.429247796535491943e-01,8.376364707946777344e-01,7.495203018188476562e-01,5.818346738815307617e-01,7.800586819648742676e-01
1.097696721553802490e-01,3.107831776142120361e-01,5.469278693199157715e-01,6.019753813743591309e-01,4.818755090236663818e-01,7.164295315742492676e-01
1.132890954613685608e-01,2.697465419769287109e-01,4.623349606990814209e-01,5.042663216590881348e-01,4.194981753826141357e-01,6.772171854972839355e-01
1.080791056156158447e-01,2.277214527130126953e-01,4.694880843162536621e-01,4.415676891803741455e-01,4.707522690296173096e-01,7.219430208206176758e-01
1.466286331415176392e-01,2.744722068309783936e-01,3.428619503974914551e-01,2.556848227977752686e-01,4.109106957912445068e-01,6.978600025177001953e-01
1.000000000000000000e+00,1.000000000000000000e+00,1.055662259459495544e-01,0.000000000000000000e+00,0.000000000000000000e+00,0.000000000000000000e+00
