# CPU,RAM,NetworkR,NetworkW,DiskW,DiskR
1.391778886318206787e-01,1.408014744520187378e-01,1.000000000000000000e+00,8.937929272651672363e-01,8.965644836425781250e-01,8.978558778762817383e-01
1.011093482375144958e-01,1.735475361347198486e-01,1.000000000000000000e+00,8.665475845336914062e-01,8.962060213088989258e-01,8.900327086448669434e-01
1.026140525937080383e-01,1.727223545312881470e-01,1.000000000000000000e+00,8.542190790176391602e-01,8.908154964447021484e-01,8.899853229522705078e-01
1.018846035003662109e-01,1.849020123481750488e-01,1.000000000000000000e+00,8.379896879196166992e-01,8.633735179901123047e-01,8.801431059837341309e-01
1.087871566414833069e-01,2.110714614391326904e-01,8.319519162178039551e-01,7.385325431823730469e-01,6.854718923568725586e-01,8.179731369018554688e-01
2.224712967872619629e-01,3.234565556049346924e-01,5.600723028182983398e-01,5.930252075195312500e-01,6.797550916671752930e-01,8.080391287803649902e-01
2.016162127256393433e-01,1.000000000000000000e+00,4.032438695430755615e-01,5.620830059051513672e-01,2.649161815643310547e-01,8.245919346809387207e-01
1.000000000000000000e+00,9.363421797752380371e-01,1.955075263977050781e-01,2.766531109809875488e-01,2.326950430870056152e-03,2.549357712268829346e-01
1.052156090736389160e-01,1.017590835690498352e-01,1.713173687458038330e-01,2.063382863998413086e-01,0.000000000000000000e+00,0.000000000000000000e+00
2.230015248060226440e-01,1.066969633102416992e-01,1.069802567362785339e-01,0.000000000000000000e+00,0.000000000000000000e+00,0.000000000000000000e+00
