# CPU,RAM,NetworkR,NetworkW,DiskW,DiskR
1.391092091798782349e-01,1.406210660934448242e-01,1.000000000000000000e+00,8.937919139862060547e-01,8.965688347816467285e-01,8.978531956672668457e-01
1.003642603754997253e-01,3.230674862861633301e-01,1.000000000000000000e+00,8.595635294914245605e-01,8.926160931587219238e-01,8.612708449363708496e-01
1.010835468769073486e-01,3.515276014804840088e-01,9.463136792182922363e-01,8.309624791145324707e-01,8.736244440078735352e-01,8.669793009757995605e-01
1.005242392420768738e-01,3.228843510150909424e-01,9.516102671623229980e-01,8.163343071937561035e-01,7.813662290573120117e-01,8.421689271926879883e-01
1.001881286501884460e-01,2.609033286571502686e-01,9.261096119880676270e-01,7.846785187721252441e-01,5.213724970817565918e-01,7.077987194061279297e-01
1.021939218044281006e-01,2.809116542339324951e-01,6.315093040466308594e-01,6.440011262893676758e-01,4.508594572544097900e-01,6.777703166007995605e-01
1.020510122179985046e-01,3.070165514945983887e-01,5.504044890403747559e-01,5.695986151695251465e-01,4.479001462459564209e-01,6.873304843902587891e-01
1.031392589211463928e-01,2.549299597740173340e-01,5.496181845664978027e-01,4.937184751033782959e-01,4.868882596492767334e-01,7.308738827705383301e-01
1.562545895576477051e-01,4.126767218112945557e-01,3.359677195549011230e-01,2.590021193027496338e-01,4.070392549037933350e-01,6.956248283386230469e-01
1.000000000000000000e+00,1.000000000000000000e+00,1.062793731689453125e-01,0.000000000000000000e+00,0.000000000000000000e+00,0.000000000000000000e+00
