# CPU,RAM,NetworkR,NetworkW,DiskW,DiskR
1.391576677560806274e-01,1.408031284809112549e-01,1.000000000000000000e+00,8.937931060791015625e-01,8.965644240379333496e-01,8.978559374809265137e-01
1.013371646404266357e-01,1.210070550441741943e-01,1.000000000000000000e+00,8.763195276260375977e-01,8.969346284866333008e-01,8.934640884399414062e-01
1.036779507994651794e-01,2.525563538074493408e-01,9.315568804740905762e-01,8.300446271896362305e-01,8.840297460556030273e-01,8.817925453186035156e-01
1.037255898118019104e-01,1.828179508447647095e-01,9.902378916740417480e-01,8.339289426803588867e-01,8.635157942771911621e-01,8.804511427879333496e-01
1.116358861327171326e-01,2.483083158731460571e-01,7.671566605567932129e-01,7.218970060348510742e-01,6.620193719863891602e-01,8.062782287597656250e-01
1.432736366987228394e-01,2.819156944751739502e-01,5.806198120117187500e-01,6.162109375000000000e-01,6.292191743850708008e-01,7.897620201110839844e-01
1.990266889333724976e-01,9.466636776924133301e-01,3.580388128757476807e-01,4.759776890277862549e-01,4.454748332500457764e-01,7.785291075706481934e-01
3.750522136688232422e-01,6.576097011566162109e-01,2.122808694839477539e-01,2.527624666690826416e-01,1.224157586693763733e-01,4.371451139450073242e-01
1.198053508996963501e-01,1.179765015840530396e-01,1.633714884519577026e-01,1.391871720552444458e-01,6.918625906109809875e-03,0.000000000000000000e+00
6.043025851249694824e-01,2.008669227361679077e-01,1.024479046463966370e-01,0.000000000000000000e+00,0.000000000000000000e+00,0.000000000000000000e+00
