# CPU,RAM,NetworkR,NetworkW,DiskW,DiskR
1.391088664531707764e-01,1.406584680080413818e-01,1.000000000000000000e+00,8.937938213348388672e-01,8.965685367584228516e-01,8.978543281555175781e-01
1.008557900786399841e-01,2.328381538391113281e-01,1.000000000000000000e+00,8.625466823577880859e-01,8.953928351402282715e-01,8.863329291343688965e-01
1.033874601125717163e-01,1.434202939271926880e-01,1.000000000000000000e+00,8.621777296066284180e-01,8.930906057357788086e-01,8.923230171203613281e-01
1.083073467016220093e-01,2.553207874298095703e-01,9.169517755508422852e-01,8.074927926063537598e-01,8.634427189826965332e-01,8.752834200859069824e-01
1.696195602416992188e-01,4.815639555454254150e-01,6.317902803421020508e-01,6.759185791015625000e-01,7.164171338081359863e-01,8.215624094009399414e-01
2.690210938453674316e-01,8.465890884399414062e-01,4.369402527809143066e-01,5.662025213241577148e-01,5.644522905349731445e-01,7.988070249557495117e-01
1.080658435821533203e-01,1.000000000000000000e+00,3.736166656017303467e-01,5.906921029090881348e-01,1.760532855987548828e-01,7.012012004852294922e-01
1.000000000000000000e+00,1.000000000000000000e+00,2.396881282329559326e-01,3.711000978946685791e-01,1.410940010100603104e-02,4.762698113918304443e-01
1.058524474501609802e-01,1.048721522092819214e-01,1.781279891729354858e-01,2.370683848857879639e-01,0.000000000000000000e+00,0.000000000000000000e+00
2.140331417322158813e-01,1.103203296661376953e-01,1.053323000669479370e-01,0.000000000000000000e+00,0.000000000000000000e+00,0.000000000000000000e+00
