# CPU,RAM,NetworkR,NetworkW,DiskW,DiskR
1.390424817800521851e-01,1.407590806484222412e-01,1.000000000000000000e+00,8.937948942184448242e-01,8.965657353401184082e-01,8.978558182716369629e-01
1.014290824532508850e-01,1.163875833153724670e-01,1.000000000000000000e+00,8.780196905136108398e-01,8.970214128494262695e-01,8.939337134361267090e-01
1.103451624512672424e-01,4.326401352882385254e-01,8.138924837112426758e-01,8.016338944435119629e-01,8.743858337402343750e-01,8.742886781692504883e-01
2.005584388971328735e-01,6.372274160385131836e-01,6.568595767021179199e-01,7.332671284675598145e-01,8.018156886100769043e-01,8.533440232276916504e-01
2.367702126502990723e-01,7.023181915283203125e-01,5.154436230659484863e-01,6.583346128463745117e-01,6.499822139739990234e-01,8.110603094100952148e-01
1.390622407197952271e-01,6.759620904922485352e-01,4.498193860054016113e-01,6.100410223007202148e-01,5.412872433662414551e-01,7.744762301445007324e-01
1.019102185964584351e-01,1.000000000000000000e+00,4.077011942863464355e-01,6.512418985366821289e-01,1.750006973743438721e-01,5.988374948501586914e-01
1.000000000000000000e+00,1.000000000000000000e+00,2.994644641876220703e-01,4.255487620830535889e-01,5.193801969289779663e-02,7.113526463508605957e-01
1.007889360189437866e-01,1.117878854274749756e-01,1.606426388025283813e-01,2.516485452651977539e-01,0.000000000000000000e+00,0.000000000000000000e+00
1.869092285633087158e-01,1.341386884450912476e-01,1.036715507507324219e-01,0.000000000000000000e+00,0.000000000000000000e+00,0.000000000000000000e+00
