# CPU,RAM,NetworkR,NetworkW,DiskW,DiskR
1.390137821435928345e-01,1.405718773603439331e-01,1.000000000000000000e+00,8.937939405441284180e-01,8.965705037117004395e-01,8.978531360626220703e-01
1.014652475714683533e-01,1.251709610223770142e-01,1.000000000000000000e+00,8.744935393333435059e-01,8.968843221664428711e-01,8.930901288986206055e-01
1.066478416323661804e-01,4.055081307888031006e-01,8.536633849143981934e-01,8.124244809150695801e-01,8.782678246498107910e-01,8.781893253326416016e-01
1.051198244094848633e-01,1.779555380344390869e-01,9.900066852569580078e-01,8.368557095527648926e-01,8.688151240348815918e-01,8.833832144737243652e-01
1.014961898326873779e-01,2.027653753757476807e-01,9.108120203018188477e-01,7.797629237174987793e-01,6.511614322662353516e-01,8.146439790725708008e-01
1.098774373531341553e-01,2.045999765396118164e-01,6.650820970535278320e-01,6.476408839225769043e-01,5.281467437744140625e-01,7.541825175285339355e-01
1.413629055023193359e-01,2.562748491764068604e-01,4.619407653808593750e-01,4.924415647983551025e-01,4.966443479061126709e-01,7.299572825431823730e-01
1.649215370416641235e-01,3.146318197250366211e-01,3.490247428417205811e-01,3.511396348476409912e-01,4.363516271114349365e-01,7.064816951751708984e-01
1.602216064929962158e-01,1.657429188489913940e-01,4.121292829513549805e-01,3.034931123256683350e-01,5.315530896186828613e-01,7.603889703750610352e-01
1.000000000000000000e+00,1.000000000000000000e+00,1.040212064981460571e-01,0.000000000000000000e+00,0.000000000000000000e+00,0.000000000000000000e+00
