# CPU,RAM,NetworkR,NetworkW,DiskW,DiskR
1.389262229204177856e-01,1.404094845056533813e-01,1.000000000000000000e+00,8.937905430793762207e-01,8.965731859207153320e-01,8.978496789932250977e-01
1.003712415695190430e-01,2.859097719192504883e-01,1.000000000000000000e+00,8.611943125724792480e-01,8.932037353515625000e-01,8.655697107315063477e-01
1.011332795023918152e-01,2.690282762050628662e-01,9.810144901275634766e-01,8.406448364257812500e-01,8.811851143836975098e-01,8.751419186592102051e-01
1.004587188363075256e-01,2.922823429107666016e-01,9.722759723663330078e-01,8.214852213859558105e-01,7.904645800590515137e-01,8.458388447761535645e-01
1.002617850899696350e-01,2.378400862216949463e-01,9.257565736770629883e-01,7.814549803733825684e-01,5.313861370086669922e-01,7.311379909515380859e-01
1.035105288028717041e-01,2.480069696903228760e-01,6.428917646408081055e-01,6.419925093650817871e-01,4.850899875164031982e-01,7.115508317947387695e-01
1.029154211282730103e-01,2.370684742927551270e-01,6.041952967643737793e-01,5.867490172386169434e-01,5.155810117721557617e-01,7.399544119834899902e-01
1.052481904625892639e-01,2.628490924835205078e-01,5.250466465950012207e-01,4.698674380779266357e-01,5.072218775749206543e-01,7.462959289550781250e-01
1.923232078552246094e-01,5.002679228782653809e-01,3.092886507511138916e-01,2.354249060153961182e-01,4.029091298580169678e-01,7.056260704994201660e-01
1.000000000000000000e+00,1.000000000000000000e+00,1.050936356186866760e-01,0.000000000000000000e+00,0.000000000000000000e+00,0.000000000000000000e+00
