# CPU,RAM,NetworkR,NetworkW,DiskW,DiskR
1.390863656997680664e-01,1.405343264341354370e-01,1.000000000000000000e+00,8.937926292419433594e-01,8.965715169906616211e-01,8.978524208068847656e-01
1.004935652017593384e-01,2.997608482837677002e-01,1.000000000000000000e+00,8.602555990219116211e-01,8.937255144119262695e-01,8.743488192558288574e-01
1.022395640611648560e-01,2.236548811197280884e-01,9.907187819480895996e-01,8.447725772857666016e-01,8.867422342300415039e-01,8.837602138519287109e-01
1.010495349764823914e-01,2.758401930332183838e-01,9.615747928619384766e-01,8.208283185958862305e-01,8.269420862197875977e-01,8.632503151893615723e-01
1.003232747316360474e-01,2.246740460395812988e-01,9.430463910102844238e-01,7.873017787933349609e-01,5.592048168182373047e-01,7.613673806190490723e-01
1.038530990481376648e-01,2.689543068408966064e-01,6.308857798576354980e-01,6.360201835632324219e-01,4.965785145759582520e-01,7.214181423187255859e-01
1.033200323581695557e-01,2.606554627418518066e-01,5.817046761512756348e-01,5.723419785499572754e-01,5.008146762847900391e-01,7.315701246261596680e-01
1.030182540416717529e-01,2.470086812973022461e-01,5.520328283309936523e-01,4.835715591907501221e-01,4.862610995769500732e-01,7.348776459693908691e-01
1.394104212522506714e-01,3.403005301952362061e-01,3.477244079113006592e-01,2.545733749866485596e-01,3.935166001319885254e-01,6.812626719474792480e-01
1.000000000000000000e+00,1.000000000000000000e+00,1.061147749423980713e-01,0.000000000000000000e+00,0.000000000000000000e+00,0.000000000000000000e+00
