# CPU,RAM,NetworkR,NetworkW,DiskW,DiskR
1.390552669763565063e-01,1.406770497560501099e-01,1.000000000000000000e+00,8.937873840332031250e-01,8.965650200843811035e-01,8.978520035743713379e-01
1.009236499667167664e-01,1.263288110494613647e-01,1.000000000000000000e+00,8.757011294364929199e-01,8.966559767723083496e-01,8.924217224121093750e-01
1.015463098883628845e-01,2.557110488414764404e-01,9.592672586441040039e-01,8.361899256706237793e-01,8.815007805824279785e-01,8.797120451927185059e-01
1.022535562515258789e-01,2.757776081562042236e-01,9.205566644668579102e-01,8.061732053756713867e-01,8.121126890182495117e-01,8.582091927528381348e-01
1.011743322014808655e-01,2.391234338283538818e-01,8.444885611534118652e-01,7.526748180389404297e-01,5.410093069076538086e-01,7.598268389701843262e-01
1.099265515804290771e-01,3.438536822795867920e-01,5.337904095649719238e-01,5.976929068565368652e-01,4.949522316455841064e-01,7.218309044837951660e-01
1.075201928615570068e-01,1.927596628665924072e-01,6.097013950347900391e-01,5.824981927871704102e-01,5.245047211647033691e-01,7.516955733299255371e-01
1.063010841608047485e-01,2.759250402450561523e-01,4.805378317832946777e-01,4.484763443470001221e-01,4.878248870372772217e-01,7.394480109214782715e-01
1.746948212385177612e-01,3.575223386287689209e-01,3.514227867126464844e-01,2.615692019462585449e-01,4.736213982105255127e-01,7.421253919601440430e-01
1.000000000000000000e+00,1.000000000000000000e+00,1.049260869622230530e-01,0.000000000000000000e+00,0.000000000000000000e+00,0.000000000000000000e+00
