# CPU,RAM,NetworkR,NetworkW,DiskW,DiskR
1.389765441417694092e-01,1.406773924827575684e-01,1.000000000000000000e+00,8.937935233116149902e-01,8.965671062469482422e-01,8.978542089462280273e-01
1.011411100625991821e-01,1.476351022720336914e-01,1.000000000000000000e+00,8.700448274612426758e-01,8.964816331863403320e-01,8.912742137908935547e-01
1.023147404193878174e-01,1.695236116647720337e-01,1.000000000000000000e+00,8.542219996452331543e-01,8.905332088470458984e-01,8.895097970962524414e-01
1.021267697215080261e-01,2.181144058704376221e-01,9.733380079269409180e-01,8.245670199394226074e-01,8.496733307838439941e-01,8.732141256332397461e-01
1.011480912566184998e-01,2.054562568664550781e-01,9.007865786552429199e-01,7.662426233291625977e-01,5.799964070320129395e-01,7.858694195747375488e-01
1.149652525782585144e-01,2.811792492866516113e-01,5.484822392463684082e-01,5.873331427574157715e-01,5.086274743080139160e-01,7.306066155433654785e-01
1.148873791098594666e-01,2.335828244686126709e-01,4.960424304008483887e-01,5.098383426666259766e-01,4.781843721866607666e-01,7.175636291503906250e-01
1.072090789675712585e-01,2.232818752527236938e-01,4.789904057979583740e-01,4.331918060779571533e-01,4.825138747692108154e-01,7.320200204849243164e-01
1.330453306436538696e-01,2.340027689933776855e-01,3.699921369552612305e-01,2.611473202705383301e-01,4.252705872058868408e-01,7.050948143005371094e-01
1.000000000000000000e+00,1.000000000000000000e+00,1.050863489508628845e-01,0.000000000000000000e+00,0.000000000000000000e+00,0.000000000000000000e+00
