# CPU,RAM,NetworkR,NetworkW,DiskW,DiskR
1.391775608062744141e-01,1.407998949289321899e-01,1.000000000000000000e+00,8.937934041023254395e-01,8.965647220611572266e-01,8.978561162948608398e-01
1.010398268699645996e-01,2.042849957942962646e-01,1.000000000000000000e+00,8.639006018638610840e-01,8.958562016487121582e-01,8.885974287986755371e-01
1.091255098581314087e-01,1.730099171400070190e-01,1.000000000000000000e+00,8.494684100151062012e-01,8.931592702865600586e-01,8.913130164146423340e-01
1.282681226730346680e-01,3.856365978717803955e-01,8.384674787521362305e-01,7.884997725486755371e-01,8.641599416732788086e-01,8.758161067962646484e-01
1.900799572467803955e-01,5.915489196777343750e-01,6.367949843406677246e-01,6.963871121406555176e-01,7.584456205368041992e-01,8.418182134628295898e-01
2.144643962383270264e-01,6.927993893623352051e-01,4.706757664680480957e-01,5.918683409690856934e-01,5.895677804946899414e-01,7.944194078445434570e-01
1.076551899313926697e-01,1.000000000000000000e+00,4.070845544338226318e-01,6.097295880317687988e-01,2.664595842361450195e-01,7.850667238235473633e-01
1.000000000000000000e+00,1.000000000000000000e+00,2.613733708858489990e-01,4.396998584270477295e-01,3.033912926912307739e-02,3.426288962364196777e-01
1.107331961393356323e-01,1.070370152592658997e-01,2.091154456138610840e-01,2.649099528789520264e-01,0.000000000000000000e+00,0.000000000000000000e+00
1.812002658843994141e-01,1.082512512803077698e-01,1.076245903968811035e-01,0.000000000000000000e+00,0.000000000000000000e+00,0.000000000000000000e+00
