# CPU,RAM,NetworkR,NetworkW,DiskW,DiskR
1.391652822494506836e-01,1.406114250421524048e-01,1.000000000000000000e+00,8.937929272651672363e-01,8.965699076652526855e-01,8.978536128997802734e-01
1.001991927623748779e-01,5.002346038818359375e-01,1.000000000000000000e+00,8.520759344100952148e-01,8.848949074745178223e-01,7.591805458068847656e-01
1.018896996974945068e-01,3.070227503776550293e-01,9.343293905258178711e-01,8.259597420692443848e-01,8.740457296371459961e-01,8.529897332191467285e-01
1.007099896669387817e-01,3.194777369499206543e-01,9.330466985702514648e-01,8.129039406776428223e-01,7.905133366584777832e-01,8.400098085403442383e-01
1.002475470304489136e-01,2.767480313777923584e-01,9.031518697738647461e-01,7.809966206550598145e-01,5.359719991683959961e-01,7.145051956176757812e-01
1.028956919908523560e-01,3.107042014598846436e-01,6.130582094192504883e-01,6.449863314628601074e-01,4.661472737789154053e-01,6.865842938423156738e-01
1.021032854914665222e-01,3.131429553031921387e-01,5.460386872291564941e-01,5.806804895401000977e-01,4.372667074203491211e-01,6.769323945045471191e-01
1.030220463871955872e-01,2.734949290752410889e-01,5.150377750396728516e-01,4.909362494945526123e-01,4.359089136123657227e-01,6.928623914718627930e-01
1.481564491987228394e-01,5.057692527770996094e-01,2.913592457771301270e-01,2.475406527519226074e-01,3.129373490810394287e-01,6.166360974311828613e-01
1.000000000000000000e+00,1.000000000000000000e+00,1.071962714195251465e-01,0.000000000000000000e+00,0.000000000000000000e+00,0.000000000000000000e+00
