# CPU,RAM,NetworkR,NetworkW,DiskW,DiskR
1.391392946243286133e-01,1.408072412014007568e-01,1.000000000000000000e+00,8.937940001487731934e-01,8.965645432472229004e-01,8.978562951087951660e-01
1.011181622743606567e-01,1.823832690715789795e-01,1.000000000000000000e+00,8.655260205268859863e-01,8.960989117622375488e-01,8.896188139915466309e-01
1.031694114208221436e-01,1.878724098205566406e-01,1.000000000000000000e+00,8.500685095787048340e-01,8.902826309204101562e-01,8.892868161201477051e-01
1.020333692431449890e-01,1.891663819551467896e-01,1.000000000000000000e+00,8.376284241676330566e-01,8.640966415405273438e-01,8.805752992630004883e-01
1.008318290114402771e-01,1.943744868040084839e-01,9.410523772239685059e-01,7.824169397354125977e-01,6.139773726463317871e-01,8.021557927131652832e-01
1.086294278502464294e-01,2.138199806213378906e-01,6.330044865608215332e-01,6.219071149826049805e-01,5.043750405311584473e-01,7.366946339607238770e-01
1.142213419079780579e-01,2.218069881200790405e-01,4.993579685688018799e-01,5.045112967491149902e-01,4.731982052326202393e-01,7.145959138870239258e-01
1.118365824222564697e-01,2.300990372896194458e-01,4.550940692424774170e-01,4.100610911846160889e-01,4.905999600887298584e-01,7.340399026870727539e-01
1.422791033983230591e-01,2.239358574151992798e-01,3.697719275951385498e-01,2.568922042846679688e-01,4.480380713939666748e-01,7.182477712631225586e-01
1.000000000000000000e+00,1.000000000000000000e+00,1.048628911375999451e-01,0.000000000000000000e+00,0.000000000000000000e+00,0.000000000000000000e+00
