# CPU,RAM,NetworkR,NetworkW,DiskW,DiskR
1.391021609306335449e-01,1.407668441534042358e-01,1.000000000000000000e+00,8.937937021255493164e-01,8.965653777122497559e-01,8.978555798530578613e-01
1.005932018160820007e-01,3.267863392829895020e-01,1.000000000000000000e+00,8.591694831848144531e-01,8.939262032508850098e-01,8.779315948486328125e-01
1.027850136160850525e-01,1.510519683361053467e-01,1.000000000000000000e+00,8.605557084083557129e-01,8.921034932136535645e-01,8.907837867736816406e-01
1.010606437921524048e-01,1.918795853853225708e-01,1.000000000000000000e+00,8.390375375747680664e-01,8.576978445053100586e-01,8.769556283950805664e-01
1.004608795046806335e-01,1.746868044137954712e-01,9.814687967300415039e-01,7.971979975700378418e-01,6.069816946983337402e-01,8.009778261184692383e-01
1.069987490773200989e-01,1.988254785537719727e-01,6.578001976013183594e-01,6.288492083549499512e-01,5.191774368286132812e-01,7.442474961280822754e-01
1.075845956802368164e-01,2.213367968797683716e-01,5.366432070732116699e-01,5.256546139717102051e-01,5.012475848197937012e-01,7.318696379661560059e-01
1.045441702008247375e-01,2.325783669948577881e-01,4.994615912437438965e-01,4.354838430881500244e-01,4.758377969264984131e-01,7.271926999092102051e-01
1.262608915567398071e-01,2.505613267421722412e-01,3.579445779323577881e-01,2.460417747497558594e-01,3.850012123584747314e-01,6.672449111938476562e-01
1.000000000000000000e+00,1.000000000000000000e+00,1.054999157786369324e-01,0.000000000000000000e+00,0.000000000000000000e+00,0.000000000000000000e+00
