# CPU,RAM,NetworkR,NetworkW,DiskW,DiskR
1.000000014901161194e-01,1.000000014901161194e-01,1.000000000000000000e+00,8.999999761581420898e-01,8.999999761581420898e-01,8.999999761581420898e-01
1.000000014901161194e-01,1.833333373069763184e-01,1.000000000000000000e+00,8.767525553703308105e-01,8.981561064720153809e-01,8.999999761581420898e-01
1.000000014901161194e-01,1.833333373069763184e-01,1.000000000000000000e+00,8.526414036750793457e-01,8.975414633750915527e-01,8.999999761581420898e-01
1.000000014901161194e-01,2.666666805744171143e-01,9.927973151206970215e-01,8.188138604164123535e-01,8.723417520523071289e-01,8.999999761581420898e-01
1.000000014901161194e-01,2.666666805744171143e-01,8.066443204879760742e-01,7.916798591613769531e-01,5.760909914970397949e-01,7.956727743148803711e-01
1.000000014901161194e-01,2.666666805744171143e-01,5.750418901443481445e-01,5.892903208732604980e-01,5.260756015777587891e-01,7.648488283157348633e-01
1.000000014901161194e-01,2.666666805744171143e-01,5.321608185768127441e-01,5.553908348083496094e-01,5.114013552665710449e-01,7.648488283157348633e-01
1.000000014901161194e-01,2.666666805744171143e-01,4.964265823364257812e-01,4.303008615970611572e-01,4.882759749889373779e-01,7.648488283157348633e-01
1.000000014901161194e-01,3.499999940395355225e-01,3.610831797122955322e-01,2.625305950641632080e-01,4.566226303577423096e-01,7.553645372390747070e-01
1.000000000000000000e+00,1.000000000000000000e+00,1.000000014901161194e-01,0.000000000000000000e+00,0.000000000000000000e+00,0.000000000000000000e+00
