# CPU,RAM,NetworkR,NetworkW,DiskW,DiskR
1.389323025941848755e-01,1.406999379396438599e-01,1.000000000000000000e+00,8.937956094741821289e-01,8.965671062469482422e-01,8.978551030158996582e-01
1.012497693300247192e-01,1.546786874532699585e-01,1.000000000000000000e+00,8.685054183006286621e-01,8.964344263076782227e-01,8.910444974899291992e-01
1.098715737462043762e-01,3.603258728981018066e-01,8.859825134277343750e-01,8.200660347938537598e-01,8.849933147430419922e-01,8.837031126022338867e-01
1.504799723625183105e-01,5.394693017005920410e-01,7.514607906341552734e-01,7.647482156753540039e-01,8.394057750701904297e-01,8.671218156814575195e-01
1.797675341367721558e-01,6.396945714950561523e-01,5.852395296096801758e-01,6.850169301033020020e-01,7.090818285942077637e-01,8.272787332534790039e-01
1.620454788208007812e-01,6.495649814605712891e-01,4.972884953022003174e-01,6.226025223731994629e-01,6.224275827407836914e-01,8.028712868690490723e-01
1.018802747130393982e-01,1.000000000000000000e+00,4.704010784626007080e-01,6.650673151016235352e-01,2.908623814582824707e-01,7.950569987297058105e-01
1.000000000000000000e+00,1.000000000000000000e+00,3.197436630725860596e-01,5.030385851860046387e-01,4.575987905263900757e-02,6.670796871185302734e-01
1.027583256363868713e-01,1.093925312161445618e-01,1.815212070941925049e-01,2.764737904071807861e-01,0.000000000000000000e+00,0.000000000000000000e+00
1.996844112873077393e-01,1.205039247870445251e-01,1.041824743151664734e-01,0.000000000000000000e+00,0.000000000000000000e+00,0.000000000000000000e+00
