# CPU,RAM,NetworkR,NetworkW,DiskW,DiskR
1.391099691390991211e-01,1.408115029335021973e-01,1.000000000000000000e+00,8.937941193580627441e-01,8.965642452239990234e-01,8.978562951087951660e-01
1.004018485546112061e-01,4.536371529102325439e-01,9.935315251350402832e-01,8.552094101905822754e-01,8.909155726432800293e-01,8.556072115898132324e-01
1.034798920154571533e-01,1.622025668621063232e-01,1.000000000000000000e+00,8.545046448707580566e-01,8.906362056732177734e-01,8.873528838157653809e-01
1.010024845600128174e-01,2.209518551826477051e-01,9.938125014305114746e-01,8.324421048164367676e-01,8.480653166770935059e-01,8.713086843490600586e-01
1.003345623612403870e-01,1.896038353443145752e-01,9.778429865837097168e-01,7.991974353790283203e-01,5.929570794105529785e-01,7.866871953010559082e-01
1.043462008237838745e-01,2.163659036159515381e-01,6.644387841224670410e-01,6.424503922462463379e-01,5.047379136085510254e-01,7.325681447982788086e-01
1.047423332929611206e-01,2.551085352897644043e-01,5.396459102630615234e-01,5.423235893249511719e-01,4.846863448619842529e-01,7.200968265533447266e-01
1.028105467557907104e-01,2.331483662128448486e-01,5.357046723365783691e-01,4.700842201709747314e-01,4.689814746379852295e-01,7.216013073921203613e-01
1.231990382075309753e-01,2.838981151580810547e-01,3.536308407783508301e-01,2.546586394309997559e-01,3.636472225189208984e-01,6.485773921012878418e-01
1.000000000000000000e+00,1.000000000000000000e+00,1.066684126853942871e-01,0.000000000000000000e+00,0.000000000000000000e+00,0.000000000000000000e+00
