# CPU,RAM,NetworkR,NetworkW,DiskW,DiskR
1.390357315540313721e-01,1.405765265226364136e-01,1.000000000000000000e+00,8.937942981719970703e-01,8.965706825256347656e-01,8.978533744812011719e-01
1.003380268812179565e-01,4.907287359237670898e-01,9.947677850723266602e-01,8.543301820755004883e-01,8.897274136543273926e-01,8.417106270790100098e-01
1.016011536121368408e-01,2.825344502925872803e-01,9.633857011795043945e-01,8.358731269836425781e-01,8.783892989158630371e-01,8.716725111007690430e-01
1.003495231270790100e-01,3.377987742424011230e-01,9.624310731887817383e-01,8.202459216117858887e-01,7.828028798103332520e-01,8.386974930763244629e-01
1.001411676406860352e-01,2.706947326660156250e-01,9.435588717460632324e-01,7.906351089477539062e-01,5.334250926971435547e-01,7.015768289566040039e-01
1.014327928423881531e-01,2.863770127296447754e-01,6.415010094642639160e-01,6.481385827064514160e-01,4.264580905437469482e-01,6.458588242530822754e-01
1.016038656234741211e-01,3.777388632297515869e-01,4.873579442501068115e-01,5.381188988685607910e-01,3.701400756835937500e-01,6.032590866088867188e-01
1.029736921191215515e-01,2.787157297134399414e-01,5.109632015228271484e-01,4.732237756252288818e-01,4.468786120414733887e-01,6.950285434722900391e-01
1.653576642274856567e-01,4.471198618412017822e-01,3.311490416526794434e-01,2.559373080730438232e-01,4.192056357860565186e-01,7.009586095809936523e-01
1.000000000000000000e+00,1.000000000000000000e+00,1.065346896648406982e-01,0.000000000000000000e+00,0.000000000000000000e+00,0.000000000000000000e+00
