# CPU,RAM,NetworkR,NetworkW,DiskW,DiskR
1.389749348163604736e-01,1.406888961791992188e-01,1.000000000000000000e+00,8.937950134277343750e-01,8.965673446655273438e-01,8.978549242019653320e-01
1.008493080735206604e-01,2.595334053039550781e-01,1.000000000000000000e+00,8.611629009246826172e-01,8.951535224914550781e-01,8.854311108589172363e-01
1.030158475041389465e-01,1.628023386001586914e-01,1.000000000000000000e+00,8.573775291442871094e-01,8.917730450630187988e-01,8.909286856651306152e-01
1.016510874032974243e-01,2.007610201835632324e-01,9.992824196815490723e-01,8.350199460983276367e-01,8.610690832138061523e-01,8.784453868865966797e-01
1.006025746464729309e-01,1.938075125217437744e-01,9.565063118934631348e-01,7.878063917160034180e-01,6.103250980377197266e-01,7.996447086334228516e-01
1.068352460861206055e-01,2.209088206291198730e-01,6.388517022132873535e-01,6.239253282546997070e-01,5.055021047592163086e-01,7.354800105094909668e-01
1.088722795248031616e-01,2.273540198802947998e-01,5.251254439353942871e-01,5.203089714050292969e-01,4.828870594501495361e-01,7.206150889396667480e-01
1.062726825475692749e-01,2.279791533946990967e-01,4.946273565292358398e-01,4.336812198162078857e-01,4.903601109981536865e-01,7.354041934013366699e-01
1.410278677940368652e-01,2.515544593334197998e-01,3.684510886669158936e-01,2.525548636913299561e-01,4.390127062797546387e-01,7.125189900398254395e-01
1.000000000000000000e+00,1.000000000000000000e+00,1.053410321474075317e-01,0.000000000000000000e+00,0.000000000000000000e+00,0.000000000000000000e+00
