# CPU,RAM,NetworkR,NetworkW,DiskW,DiskR
1.391501873731613159e-01,1.406036019325256348e-01,1.000000000000000000e+00,8.937925100326538086e-01,8.965697884559631348e-01,8.978533148765563965e-01
1.004222854971885681e-01,2.725509405136108398e-01,1.000000000000000000e+00,8.618605136871337891e-01,8.937839269638061523e-01,8.720217347145080566e-01
1.018052846193313599e-01,2.590333223342895508e-01,9.765327572822570801e-01,8.403111100196838379e-01,8.844599127769470215e-01,8.800144195556640625e-01
1.011764034628868103e-01,2.805822193622589111e-01,9.562488198280334473e-01,8.190507888793945312e-01,8.252890706062316895e-01,8.622052073478698730e-01
1.003638207912445068e-01,2.312164306640625000e-01,9.329670071601867676e-01,7.848229408264160156e-01,5.646610260009765625e-01,7.638972401618957520e-01
1.038582921028137207e-01,2.983402013778686523e-01,6.274331212043762207e-01,6.395177841186523438e-01,5.177265405654907227e-01,7.335035204887390137e-01
1.034425571560859680e-01,2.569438815116882324e-01,6.081020832061767578e-01,5.882700085639953613e-01,5.238755941390991211e-01,7.470130920410156250e-01
1.031622290611267090e-01,2.503010034561157227e-01,5.532184243202209473e-01,4.875693619251251221e-01,4.823457896709442139e-01,7.333273291587829590e-01
1.373845040798187256e-01,3.655681312084197998e-01,3.310396373271942139e-01,2.491234838962554932e-01,3.591714799404144287e-01,6.537054181098937988e-01
1.000000000000000000e+00,1.000000000000000000e+00,1.062235832214355469e-01,0.000000000000000000e+00,0.000000000000000000e+00,0.000000000000000000e+00
