# CPU,RAM,NetworkR,NetworkW,DiskW,DiskR
1.391536295413970947e-01,1.407296657562255859e-01,1.000000000000000000e+00,8.937935233116149902e-01,8.965666294097900391e-01,8.978552222251892090e-01
1.011396721005439758e-01,1.755297034978866577e-01,1.000000000000000000e+00,8.661805391311645508e-01,8.961837887763977051e-01,8.899601101875305176e-01
1.071936115622520447e-01,2.163993716239929199e-01,9.691799879074096680e-01,8.403880000114440918e-01,8.906227946281433105e-01,8.886801004409790039e-01
1.133433878421783447e-01,3.055593669414520264e-01,8.928226828575134277e-01,8.049480319023132324e-01,8.649824857711791992e-01,8.775553107261657715e-01
1.390719413757324219e-01,4.551014006137847900e-01,6.741914153099060059e-01,7.040904164314270020e-01,7.357926964759826660e-01,8.306913375854492188e-01
1.572970896959304810e-01,5.329680442810058594e-01,5.142296552658081055e-01,6.061857342720031738e-01,6.073787808418273926e-01,7.900109291076660156e-01
1.106352061033248901e-01,1.000000000000000000e+00,4.234115481376647949e-01,6.060615181922912598e-01,2.912545502185821533e-01,8.003938198089599609e-01
1.000000000000000000e+00,1.000000000000000000e+00,2.746281623840332031e-01,4.076193869113922119e-01,2.852061018347740173e-02,5.890715718269348145e-01
1.037619486451148987e-01,1.038540229201316833e-01,1.890045404434204102e-01,2.540958821773529053e-01,0.000000000000000000e+00,0.000000000000000000e+00
2.064103931188583374e-01,1.125320941209793091e-01,1.050496995449066162e-01,0.000000000000000000e+00,0.000000000000000000e+00,0.000000000000000000e+00
