# CPU,RAM,NetworkR,NetworkW,DiskW,DiskR
1.390599906444549561e-01,1.408441960811614990e-01,1.000000000000000000e+00,8.937950730323791504e-01,8.965634703636169434e-01,8.978570103645324707e-01
1.014164239168167114e-01,1.149037182331085205e-01,1.000000000000000000e+00,8.787684440612792969e-01,8.970422744750976562e-01,8.940998315811157227e-01
1.063811331987380981e-01,5.887904167175292969e-01,7.619257569313049316e-01,7.889378070831298828e-01,8.506304025650024414e-01,8.614880442619323730e-01
1.512043327093124390e-01,4.275331199169158936e-01,7.373548746109008789e-01,7.585291266441345215e-01,8.214774131774902344e-01,8.583317399024963379e-01
1.756611168384552002e-01,6.234216094017028809e-01,5.483437776565551758e-01,6.727868318557739258e-01,6.703950762748718262e-01,8.127220273017883301e-01
1.250815689563751221e-01,5.986828804016113281e-01,4.722152054309844971e-01,6.170961260795593262e-01,5.330780148506164551e-01,7.642797231674194336e-01
1.026760637760162354e-01,1.000000000000000000e+00,3.810764253139495850e-01,6.182240247726440430e-01,1.816225051879882812e-01,6.273629069328308105e-01
1.000000000000000000e+00,9.304081797599792480e-01,2.988551259040832520e-01,4.075983464717864990e-01,5.123246833682060242e-02,6.036387085914611816e-01
1.023069918155670166e-01,1.050417125225067139e-01,2.038158178329467773e-01,2.660273313522338867e-01,0.000000000000000000e+00,0.000000000000000000e+00
3.674737811088562012e-01,1.483973860740661621e-01,1.021054461598396301e-01,0.000000000000000000e+00,0.000000000000000000e+00,0.000000000000000000e+00
