# CPU,RAM,NetworkR,NetworkW,DiskW,DiskR
1.390238404273986816e-01,1.408001631498336792e-01,1.000000000000000000e+00,8.937950134277343750e-01,8.965644240379333496e-01,8.978562355041503906e-01
1.014483645558357239e-01,1.171353086829185486e-01,1.000000000000000000e+00,8.776177167892456055e-01,8.970022201538085938e-01,8.938339948654174805e-01
1.043924242258071899e-01,6.987048983573913574e-01,7.419850826263427734e-01,7.847865223884582520e-01,8.304288983345031738e-01,8.536648750305175781e-01
1.652183085680007935e-01,3.182315528392791748e-01,8.110243082046508789e-01,7.795585989952087402e-01,8.494819998741149902e-01,8.697782754898071289e-01
2.051532715559005737e-01,7.214283943176269531e-01,5.244976282119750977e-01,6.637070178985595703e-01,6.648851037025451660e-01,8.157438039779663086e-01
1.502493321895599365e-01,6.033700108528137207e-01,4.960328340530395508e-01,6.278079152107238770e-01,6.141657829284667969e-01,7.988762259483337402e-01
1.040355786681175232e-01,1.000000000000000000e+00,4.435738623142242432e-01,6.536952257156372070e-01,2.641324698925018311e-01,7.907590866088867188e-01
1.000000000000000000e+00,1.000000000000000000e+00,3.191559612751007080e-01,4.978890717029571533e-01,4.338588938117027283e-02,7.794834375381469727e-01
1.011602804064750671e-01,1.119690760970115662e-01,1.625631451606750488e-01,2.759518623352050781e-01,0.000000000000000000e+00,0.000000000000000000e+00
1.636929064989089966e-01,1.187161207199096680e-01,1.049646437168121338e-01,0.000000000000000000e+00,0.000000000000000000e+00,0.000000000000000000e+00
