# CPU,RAM,NetworkR,NetworkW,DiskW,DiskR
1.390421986579895020e-01,1.405937373638153076e-01,1.000000000000000000e+00,8.937928080558776855e-01,8.965696096420288086e-01,8.978530168533325195e-01
1.008686050772666931e-01,1.894642859697341919e-01,1.000000000000000000e+00,8.656969070434570312e-01,8.958280086517333984e-01,8.881449103355407715e-01
1.020956560969352722e-01,1.997974663972854614e-01,1.000000000000000000e+00,8.500149250030517578e-01,8.889532089233398438e-01,8.878529071807861328e-01
1.018497720360755920e-01,2.503840327262878418e-01,9.615765810012817383e-01,8.210701942443847656e-01,8.432837128639221191e-01,8.704453706741333008e-01
1.006698533892631531e-01,2.172857224941253662e-01,9.213687777519226074e-01,7.770091891288757324e-01,5.812295079231262207e-01,7.829114794731140137e-01
1.059357374906539917e-01,2.903605997562408447e-01,5.979881882667541504e-01,6.188309192657470703e-01,5.076242089271545410e-01,7.314202189445495605e-01
1.047134026885032654e-01,2.478684633970260620e-01,5.692365169525146484e-01,5.591225028038024902e-01,4.947999417781829834e-01,7.304481267929077148e-01
1.026990786194801331e-01,2.344408631324768066e-01,5.506524443626403809e-01,4.783911108970642090e-01,4.759252071380615234e-01,7.296410799026489258e-01
1.301892399787902832e-01,3.016833364963531494e-01,3.625923991203308105e-01,2.582050859928131104e-01,3.976473808288574219e-01,6.833400130271911621e-01
1.000000000000000000e+00,1.000000000000000000e+00,1.062838658690452576e-01,0.000000000000000000e+00,0.000000000000000000e+00,0.000000000000000000e+00
