# CPU,RAM,NetworkR,NetworkW,DiskW,DiskR
1.390101313591003418e-01,1.408711671829223633e-01,1.000000000000000000e+00,8.937961459159851074e-01,8.965628147125244141e-01,8.978576064109802246e-01
1.013703793287277222e-01,1.232479363679885864e-01,1.000000000000000000e+00,8.753663897514343262e-01,8.968749046325683594e-01,8.931894898414611816e-01
1.112615093588829041e-01,3.819470107555389404e-01,8.471369743347167969e-01,8.099135160446166992e-01,8.810051083564758301e-01,8.793711066246032715e-01
1.628997325897216797e-01,7.897399067878723145e-01,5.968818664550781250e-01,7.142415046691894531e-01,7.356442213058471680e-01,8.366264104843139648e-01
1.903633922338485718e-01,6.110252141952514648e-01,5.294838547706604004e-01,6.615613102912902832e-01,6.415331959724426270e-01,8.020411133766174316e-01
1.150013357400894165e-01,6.149805784225463867e-01,4.415366351604461670e-01,6.052708029747009277e-01,4.641672670841217041e-01,7.283723950386047363e-01
1.010696962475776672e-01,1.000000000000000000e+00,4.258946180343627930e-01,6.376392245292663574e-01,2.403500080108642578e-01,7.267814278602600098e-01
1.000000000000000000e+00,9.664694070816040039e-01,3.096888661384582520e-01,4.253484904766082764e-01,5.588573962450027466e-02,6.244791150093078613e-01
1.015013158321380615e-01,1.048059910535812378e-01,2.345493286848068237e-01,2.999278008937835693e-01,0.000000000000000000e+00,0.000000000000000000e+00
3.206808865070343018e-01,1.442731618881225586e-01,1.024504154920578003e-01,0.000000000000000000e+00,0.000000000000000000e+00,0.000000000000000000e+00
