# CPU,RAM,NetworkR,NetworkW,DiskW,DiskR
1.391741782426834106e-01,1.401213258504867554e-01,1.000000000000000000e+00,8.937812447547912598e-01,8.965790271759033203e-01,8.978433012962341309e-01
1.001532152295112610e-01,5.480045080184936523e-01,1.000000000000000000e+00,8.493235707283020020e-01,8.798034191131591797e-01,6.710312366485595703e-01
1.003291681408882141e-01,5.888242721557617188e-01,8.738440871238708496e-01,8.039944171905517578e-01,8.095576763153076172e-01,6.919035315513610840e-01
1.001444235444068909e-01,4.615355134010314941e-01,8.935297727584838867e-01,7.952173352241516113e-01,6.560428142547607422e-01,6.597030162811279297e-01
1.001621708273887634e-01,4.722381830215454102e-01,7.747007012367248535e-01,7.427689433097839355e-01,4.948235452175140381e-01,5.465950965881347656e-01
1.010891124606132507e-01,3.477402329444885254e-01,6.009147763252258301e-01,6.461468935012817383e-01,3.887526690959930420e-01,5.500611066818237305e-01
1.015445590019226074e-01,2.960271537303924561e-01,5.536440610885620117e-01,5.870246291160583496e-01,4.099279344081878662e-01,6.335816383361816406e-01
1.111111119389533997e-01,2.793504297733306885e-01,5.042117834091186523e-01,4.846563637256622314e-01,5.274149179458618164e-01,7.426055073738098145e-01
5.037807226181030273e-01,9.709475636482238770e-01,3.032468855381011963e-01,2.805505096912384033e-01,4.541065096855163574e-01,7.979088425636291504e-01
1.000000000000000000e+00,1.000000000000000000e+00,1.068664789199829102e-01,0.000000000000000000e+00,0.000000000000000000e+00,0.000000000000000000e+00
