# CPU,RAM,NetworkR,NetworkW,DiskW,DiskR
1.391811072826385498e-01,1.407667249441146851e-01,1.000000000000000000e+00,8.937931060791015625e-01,8.965656161308288574e-01,8.978555202484130859e-01
1.005899980664253235e-01,3.455076515674591064e-01,9.985358715057373047e-01,8.587040305137634277e-01,8.938050270080566406e-01,8.774188160896301270e-01
1.040092483162879944e-01,1.428371667861938477e-01,1.000000000000000000e+00,8.617718815803527832e-01,8.932108879089355469e-01,8.917961716651916504e-01
1.017396822571754456e-01,2.225744724273681641e-01,9.796859025955200195e-01,8.276426196098327637e-01,8.574743866920471191e-01,8.750070929527282715e-01
1.006534248590469360e-01,1.943538188934326172e-01,9.565414786338806152e-01,7.887957096099853516e-01,6.248031258583068848e-01,8.047993183135986328e-01
1.062919646501541138e-01,2.392257750034332275e-01,6.377481222152709961e-01,6.268324255943298340e-01,5.201495289802551270e-01,7.418867945671081543e-01
1.072135791182518005e-01,2.289585173130035400e-01,5.592265725135803223e-01,5.421020388603210449e-01,5.101829171180725098e-01,7.385199069976806641e-01
1.050800234079360962e-01,2.269939929246902466e-01,5.248174667358398438e-01,4.529227316379547119e-01,5.018494129180908203e-01,7.442706823348999023e-01
1.292911320924758911e-01,2.396645843982696533e-01,3.831822276115417480e-01,2.640061676502227783e-01,4.224390685558319092e-01,7.004378437995910645e-01
1.000000000000000000e+00,1.000000000000000000e+00,1.059298217296600342e-01,0.000000000000000000e+00,0.000000000000000000e+00,0.000000000000000000e+00
