# CPU,RAM,NetworkR,NetworkW,DiskW,DiskR
1.390891671180725098e-01,1.408445239067077637e-01,1.000000000000000000e+00,8.937947154045104980e-01,8.965634703636169434e-01,8.978568315505981445e-01
1.012893319129943848e-01,1.405710279941558838e-01,1.000000000000000000e+00,8.709527850151062012e-01,8.966209888458251953e-01,8.918952345848083496e-01
1.096862107515335083e-01,3.708812296390533447e-01,8.740773797035217285e-01,8.170658946037292480e-01,8.835948109626770020e-01,8.823239803314208984e-01
1.400617510080337524e-01,6.159139871597290039e-01,7.052705287933349609e-01,7.508836984634399414e-01,8.110601305961608887e-01,8.574718236923217773e-01
1.435571908950805664e-01,5.030849575996398926e-01,6.279487609863281250e-01,7.015080451965332031e-01,7.137860059738159180e-01,8.260324001312255859e-01
1.257967054843902588e-01,5.466961264610290527e-01,5.075370073318481445e-01,6.248183846473693848e-01,5.691379308700561523e-01,7.770115137100219727e-01
1.030081436038017273e-01,1.000000000000000000e+00,4.472118318080902100e-01,6.400095224380493164e-01,2.809350192546844482e-01,7.854630947113037109e-01
1.000000000000000000e+00,1.000000000000000000e+00,3.076821565628051758e-01,4.458428919315338135e-01,4.876670986413955688e-02,6.276488900184631348e-01
1.019264832139015198e-01,1.042802408337593079e-01,2.021979689598083496e-01,2.805170416831970215e-01,0.000000000000000000e+00,0.000000000000000000e+00
1.923935860395431519e-01,1.128263026475906372e-01,1.059150397777557373e-01,0.000000000000000000e+00,0.000000000000000000e+00,0.000000000000000000e+00
