# CPU,RAM,NetworkR,NetworkW,DiskW,DiskR
1.391500383615493774e-01,1.406690031290054321e-01,1.000000000000000000e+00,8.937923312187194824e-01,8.965678811073303223e-01,8.978540301322937012e-01
1.002620384097099304e-01,3.789022266864776611e-01,1.000000000000000000e+00,8.568593263626098633e-01,8.899549841880798340e-01,8.267475366592407227e-01
1.012657359242439270e-01,3.720600903034210205e-01,9.226468801498413086e-01,8.231694102287292480e-01,8.680282235145568848e-01,8.530114293098449707e-01
1.006748154759407043e-01,3.403011560440063477e-01,9.213038086891174316e-01,8.076415061950683594e-01,7.680165767669677734e-01,8.328359127044677734e-01
1.002329662442207336e-01,2.939465045928955078e-01,8.809893131256103516e-01,7.724977135658264160e-01,5.069941282272338867e-01,6.866984963417053223e-01
1.026147082448005676e-01,3.149006664752960205e-01,5.936493873596191406e-01,6.339191794395446777e-01,4.343534111976623535e-01,6.581194400787353516e-01
1.020414307713508606e-01,3.181215226650238037e-01,5.262023806571960449e-01,5.664495825767517090e-01,4.156959950923919678e-01,6.563938856124877930e-01
1.036373376846313477e-01,2.786892056465148926e-01,5.041174888610839844e-01,4.782957136631011963e-01,4.468717873096466064e-01,7.007769346237182617e-01
1.602289974689483643e-01,4.983782470226287842e-01,2.951164543628692627e-01,2.422718107700347900e-01,3.378976583480834961e-01,6.439860463142395020e-01
1.000000000000000000e+00,1.000000000000000000e+00,1.062896326184272766e-01,0.000000000000000000e+00,0.000000000000000000e+00,0.000000000000000000e+00
