# CPU,RAM,NetworkR,NetworkW,DiskW,DiskR
1.390538811683654785e-01,1.405210345983505249e-01,1.000000000000000000e+00,8.937926292419433594e-01,8.965716361999511719e-01,8.978521227836608887e-01
1.001563444733619690e-01,4.924352169036865234e-01,1.000000000000000000e+00,8.507971167564392090e-01,8.814359307289123535e-01,6.884061098098754883e-01
1.008569076657295227e-01,4.080033302307128906e-01,9.009956717491149902e-01,8.147717118263244629e-01,8.519188165664672852e-01,8.008657097816467285e-01
1.003197357058525085e-01,3.774768114089965820e-01,9.080359935760498047e-01,8.027325868606567383e-01,7.139580249786376953e-01,7.784596085548400879e-01
1.002300828695297241e-01,3.591663837432861328e-01,8.176953792572021484e-01,7.562742233276367188e-01,4.938642680644989014e-01,6.305190920829772949e-01
1.022873520851135254e-01,3.152649998664855957e-01,5.828689932823181152e-01,6.362391114234924316e-01,4.052956402301788330e-01,6.122468113899230957e-01
1.018121093511581421e-01,3.015420138835906982e-01,5.172188878059387207e-01,5.722185373306274414e-01,3.911126852035522461e-01,6.225702166557312012e-01
1.083526536822319031e-01,3.070992529392242432e-01,4.593140482902526855e-01,4.608468711376190186e-01,4.602557718753814697e-01,7.045968770980834961e-01
2.664849758148193359e-01,8.114299774169921875e-01,2.487977147102355957e-01,2.262798249721527100e-01,2.797061502933502197e-01,6.510900259017944336e-01
1.000000000000000000e+00,1.000000000000000000e+00,1.059046611189842224e-01,0.000000000000000000e+00,0.000000000000000000e+00,0.000000000000000000e+00
