# CPU,RAM,NetworkR,NetworkW,DiskW,DiskR
1.091061532497406006e-01,1.106729507446289062e-01,1.000000000000000000e+00,9.237933158874511719e-01,9.265679121017456055e-01,9.278543591499328613e-01
7.134328037500381470e-02,9.315291792154312134e-02,1.000000000000000000e+00,9.055275321006774902e-01,9.269085526466369629e-01,9.232779741287231445e-01
7.390151172876358032e-02,2.395280897617340088e-01,8.938593864440917969e-01,8.584519028663635254e-01,9.138569831848144531e-01,9.117910265922546387e-01
7.373324781656265259e-02,1.590037047863006592e-01,9.565573930740356445e-01,8.631604313850402832e-01,8.935235738754272461e-01,9.104273319244384766e-01
7.638572901487350464e-02,2.036109566688537598e-01,7.812901139259338379e-01,7.691996693611145020e-01,6.871029734611511230e-01,8.385165929794311523e-01
1.270593404769897461e-01,2.473084777593612671e-01,5.440976023674011230e-01,6.378404498100280762e-01,6.537491083145141602e-01,8.161792755126953125e-01
3.852420151233673096e-01,1.000000000000000000e+00,3.092651963233947754e-01,5.270767211914062500e-01,2.744501531124114990e-01,8.256314396858215332e-01
1.000000000000000000e+00,9.106052517890930176e-01,1.706041246652603149e-01,3.052128255367279053e-01,2.748784050345420837e-02,4.330038130283355713e-01
7.427371293306350708e-02,7.181455940008163452e-02,1.292237788438796997e-01,2.286642789840698242e-01,0.000000000000000000e+00,0.000000000000000000e+00
3.387781679630279541e-01,8.836543560028076172e-02,7.251153886318206787e-02,0.000000000000000000e+00,0.000000000000000000e+00,0.000000000000000000e+00
