# CPU,RAM,NetworkR,NetworkW,DiskW,DiskR
1.091332808136940002e-01,1.108172386884689331e-01,1.000000000000000000e+00,9.237940311431884766e-01,9.265642762184143066e-01,9.278563857078552246e-01
7.121449708938598633e-02,1.270101666450500488e-01,1.000000000000000000e+00,8.983056545257568359e-01,9.264106750488281250e-01,9.209370613098144531e-01
8.269404619932174683e-02,2.240411937236785889e-01,9.046596288681030273e-01,8.614127635955810547e-01,9.204977154731750488e-01,9.178689122200012207e-01
1.021912768483161926e-01,6.725153326988220215e-01,6.590692400932312012e-01,7.764152884483337402e-01,8.292667865753173828e-01,8.854333758354187012e-01
1.067332550883293152e-01,4.130499958992004395e-01,6.312972307205200195e-01,7.410646080970764160e-01,7.563335895538330078e-01,8.602423071861267090e-01
8.752399682998657227e-02,4.844934344291687012e-01,4.695838391780853271e-01,6.452253460884094238e-01,5.452910661697387695e-01,7.794401049613952637e-01
7.447287440299987793e-02,1.000000000000000000e+00,3.891249895095825195e-01,6.303485631942749023e-01,3.537857830524444580e-01,8.075457215309143066e-01
1.000000000000000000e+00,9.055020809173583984e-01,2.496580481529235840e-01,4.249599277973175049e-01,8.052608370780944824e-02,5.329842567443847656e-01
7.414048910140991211e-02,7.566240429878234863e-02,2.113223969936370850e-01,3.072672188282012939e-01,0.000000000000000000e+00,0.000000000000000000e+00
2.105163633823394775e-01,8.913893997669219971e-02,7.502743601799011230e-02,0.000000000000000000e+00,0.000000000000000000e+00,0.000000000000000000e+00
