# CPU,RAM,NetworkR,NetworkW,DiskW,DiskR
1.091770008206367493e-01,1.107992604374885559e-01,1.000000000000000000e+00,9.237934350967407227e-01,9.265647530555725098e-01,9.278560876846313477e-01
7.124092429876327515e-02,1.208220124244689941e-01,1.000000000000000000e+00,8.992009162902832031e-01,9.264919161796569824e-01,9.212909340858459473e-01
7.927930355072021484e-02,2.424627989530563354e-01,8.956772089004516602e-01,8.593608736991882324e-01,9.186218976974487305e-01,9.163323640823364258e-01
1.047752797603607178e-01,3.806546926498413086e-01,7.929350733757019043e-01,8.154754042625427246e-01,8.893873691558837891e-01,9.046179056167602539e-01
1.625885963439941406e-01,5.856302976608276367e-01,5.867692828178405762e-01,7.232232093811035156e-01,7.740454673767089844e-01,8.679165840148925781e-01
1.813444346189498901e-01,6.297721862792968750e-01,4.640504717826843262e-01,6.413131952285766602e-01,6.612600684165954590e-01,8.370264172554016113e-01
7.510740309953689575e-02,1.000000000000000000e+00,3.929099142551422119e-01,6.616173386573791504e-01,2.803423404693603516e-01,8.065121769905090332e-01
1.000000000000000000e+00,1.000000000000000000e+00,2.496050894260406494e-01,5.011921525001525879e-01,6.731300801038742065e-02,4.210293889045715332e-01
7.916612923145294189e-02,7.684456557035446167e-02,1.680939197540283203e-01,2.966239452362060547e-01,0.000000000000000000e+00,0.000000000000000000e+00
1.800263524055480957e-01,8.031398802995681763e-02,7.624049484729766846e-02,0.000000000000000000e+00,0.000000000000000000e+00,0.000000000000000000e+00
