# CPU,RAM,NetworkR,NetworkW,DiskW,DiskR
1.090750619769096375e-01,1.106042638421058655e-01,1.000000000000000000e+00,9.237926602363586426e-01,9.265694022178649902e-01,9.278532266616821289e-01
7.028182595968246460e-02,3.855981230735778809e-01,9.761793017387390137e-01,8.855787515640258789e-01,9.195719957351684570e-01,8.592508435249328613e-01
7.239656895399093628e-02,2.028904259204864502e-01,9.463234543800354004e-01,8.688070178031921387e-01,9.138547778129577637e-01,9.046258330345153809e-01
7.076076418161392212e-02,2.482354938983917236e-01,9.322272539138793945e-01,8.511079549789428711e-01,8.442810773849487305e-01,8.848757147789001465e-01
7.029837369918823242e-02,1.950429975986480713e-01,9.073566794395446777e-01,8.177209496498107910e-01,5.788630843162536621e-01,7.770419716835021973e-01
7.358086109161376953e-02,2.327424883842468262e-01,6.077560782432556152e-01,6.753991246223449707e-01,5.288653969764709473e-01,7.502925395965576172e-01
7.429210841655731201e-02,1.844662725925445557e-01,6.134637594223022461e-01,6.378207206726074219e-01,5.975572466850280762e-01,8.005109429359436035e-01
9.928803890943527222e-02,2.242951244115829468e-01,5.433269143104553223e-01,5.312287807464599609e-01,7.192062735557556152e-01,8.537243008613586426e-01
8.030118942260742188e-01,9.537807703018188477e-01,3.486319780349731445e-01,3.484954833984375000e-01,6.696890592575073242e-01,8.927526473999023438e-01
1.000000000000000000e+00,1.000000000000000000e+00,7.802655547857284546e-02,0.000000000000000000e+00,0.000000000000000000e+00,0.000000000000000000e+00
