# CPU,RAM,NetworkR,NetworkW,DiskW,DiskR
1.091723963618278503e-01,1.108222305774688721e-01,1.000000000000000000e+00,9.237934947013854980e-01,9.265640974044799805e-01,9.278563261032104492e-01
7.129310816526412964e-02,1.083887368440628052e-01,1.000000000000000000e+00,9.014145135879516602e-01,9.266517162322998047e-01,9.220383167266845703e-01
7.917730510234832764e-02,3.411891162395477295e-01,8.422572612762451172e-01,8.465123176574707031e-01,9.129195213317871094e-01,9.117461442947387695e-01
1.165228039026260376e-01,5.213253498077392578e-01,7.038006782531738281e-01,7.890720963478088379e-01,8.589336276054382324e-01,8.930096626281738281e-01
1.288810968399047852e-01,5.579571723937988281e-01,5.620998144149780273e-01,7.176378965377807617e-01,7.289244532585144043e-01,8.522339463233947754e-01
1.744905710220336914e-01,6.256079673767089844e-01,4.870021641254425049e-01,6.612979173660278320e-01,7.096429467201232910e-01,8.520976901054382324e-01
7.402217388153076172e-02,1.000000000000000000e+00,3.876931667327880859e-01,6.763347983360290527e-01,2.164724767208099365e-01,6.955528259277343750e-01
1.000000000000000000e+00,1.000000000000000000e+00,2.423573732376098633e-01,4.832327961921691895e-01,7.235158234834671021e-02,4.438050985336303711e-01
7.812004536390304565e-02,7.747633755207061768e-02,1.673793792724609375e-01,2.909326851367950439e-01,0.000000000000000000e+00,0.000000000000000000e+00
1.778210997581481934e-01,8.333040773868560791e-02,7.579445838928222656e-02,0.000000000000000000e+00,0.000000000000000000e+00,0.000000000000000000e+00
