# CPU,RAM,NetworkR,NetworkW,DiskW,DiskR
1.091225072741508484e-01,1.108186468482017517e-01,1.000000000000000000e+00,9.237937331199645996e-01,9.265640377998352051e-01,9.278562664985656738e-01
7.083088159561157227e-02,2.234780639410018921e-01,9.757458567619323730e-01,8.914743661880493164e-01,9.251524806022644043e-01,9.153382182121276855e-01
7.294061779975891113e-02,1.213815063238143921e-01,1.000000000000000000e+00,8.902779817581176758e-01,9.222198128700256348e-01,9.215039014816284180e-01
7.210628688335418701e-02,1.648498624563217163e-01,9.655161499977111816e-01,8.633702993392944336e-01,8.933151960372924805e-01,9.088551998138427734e-01
7.441683113574981689e-02,1.637777537107467651e-01,8.577819466590881348e-01,7.905684709548950195e-01,7.214283347129821777e-01,8.548845648765563965e-01
1.178762316703796387e-01,2.199566364288330078e-01,5.721893310546875000e-01,6.374780535697937012e-01,6.678599715232849121e-01,8.221045732498168945e-01
1.776660382747650146e-01,1.000000000000000000e+00,3.320508003234863281e-01,5.299556255340576172e-01,3.472973406314849854e-01,8.309144973754882812e-01
1.000000000000000000e+00,7.509033083915710449e-01,1.452843248844146729e-01,2.321968674659729004e-01,2.913312986493110657e-02,1.360068917274475098e-01
7.520291954278945923e-02,7.153409719467163086e-02,1.427643001079559326e-01,2.256187796592712402e-01,0.000000000000000000e+00,0.000000000000000000e+00
3.304805755615234375e-01,8.315777033567428589e-02,7.409707456827163696e-02,0.000000000000000000e+00,0.000000000000000000e+00,0.000000000000000000e+00
