# CPU,RAM,NetworkR,NetworkW,DiskW,DiskR
1.091711670160293579e-01,1.108591929078102112e-01,1.000000000000000000e+00,9.237936139106750488e-01,9.265630841255187988e-01,9.278568029403686523e-01
7.132866233587265015e-02,1.038643196225166321e-01,1.000000000000000000e+00,9.023721218109130859e-01,9.267188310623168945e-01,9.223610758781433105e-01
8.119533956050872803e-02,4.076175093650817871e-01,8.106862902641296387e-01,8.390758633613586426e-01,9.097163081169128418e-01,9.096276760101318359e-01
1.057884395122528076e-01,8.350096344947814941e-01,5.362798571586608887e-01,7.358739376068115234e-01,7.001445293426513672e-01,8.502321839332580566e-01
1.263231784105300903e-01,3.238179087638854980e-01,6.626138687133789062e-01,7.550393939018249512e-01,7.879315018653869629e-01,8.706529736518859863e-01
9.169612079858779907e-02,6.349858641624450684e-01,4.538810849189758301e-01,6.543145179748535156e-01,5.853742361068725586e-01,8.080875873565673828e-01
7.093012332916259766e-02,1.000000000000000000e+00,4.119881987571716309e-01,6.751669645309448242e-01,2.785639464855194092e-01,7.512158155441284180e-01
1.000000000000000000e+00,9.436292648315429688e-01,2.959848940372467041e-01,4.757954478263854980e-01,9.180805832147598267e-02,6.581989526748657227e-01
7.212510704994201660e-02,7.494581490755081177e-02,2.245552241802215576e-01,3.380240201950073242e-01,0.000000000000000000e+00,0.000000000000000000e+00
2.032785117626190186e-01,9.113094210624694824e-02,7.453563064336776733e-02,0.000000000000000000e+00,0.000000000000000000e+00,0.000000000000000000e+00
