# CPU,RAM,NetworkR,NetworkW,DiskW,DiskR
1.091320738196372986e-01,1.107339188456535339e-01,1.000000000000000000e+00,9.237930774688720703e-01,9.265662431716918945e-01,9.278550744056701660e-01
7.098499685525894165e-02,1.427209824323654175e-01,9.974315166473388672e-01,8.970630168914794922e-01,9.261329770088195801e-01,9.196389317512512207e-01
7.219012081623077393e-02,1.248112767934799194e-01,1.000000000000000000e+00,8.897364735603332520e-01,9.217154979705810547e-01,9.210317134857177734e-01
7.150328904390335083e-02,1.753391921520233154e-01,9.618961811065673828e-01,8.604516386985778809e-01,8.817073702812194824e-01,9.044078588485717773e-01
7.088362425565719604e-02,1.620606929063796997e-01,8.986299633979797363e-01,8.047019839286804199e-01,6.136167645454406738e-01,8.197977542877197266e-01
8.151938021183013916e-02,2.127752900123596191e-01,5.495826601982116699e-01,6.262801885604858398e-01,5.345484018325805664e-01,7.607158422470092773e-01
8.143928647041320801e-02,1.959512531757354736e-01,4.790897071361541748e-01,5.421680808067321777e-01,5.157495737075805664e-01,7.523003816604614258e-01
7.776536792516708374e-02,1.915021389722824097e-01,4.632169604301452637e-01,4.628940224647521973e-01,5.396156311035156250e-01,7.781109213829040527e-01
1.099130511283874512e-01,2.067231535911560059e-01,3.481772541999816895e-01,2.889719903469085693e-01,4.820674061775207520e-01,7.544493079185485840e-01
1.000000000000000000e+00,1.000000000000000000e+00,7.480122148990631104e-02,0.000000000000000000e+00,0.000000000000000000e+00,0.000000000000000000e+00
