# CPU,RAM,NetworkR,NetworkW,DiskW,DiskR
1.089855730533599854e-01,1.107790470123291016e-01,1.000000000000000000e+00,9.237944483757019043e-01,9.265646338462829590e-01,9.278557896614074707e-01
7.099103927612304688e-02,1.304965168237686157e-01,1.000000000000000000e+00,8.984537720680236816e-01,9.262045621871948242e-01,9.200401306152343750e-01
7.205478101968765259e-02,1.407661288976669312e-01,9.908532500267028809e-01,8.848722577095031738e-01,9.201276302337646484e-01,9.192284941673278809e-01
7.169447839260101318e-02,2.035182118415832520e-01,9.368567466735839844e-01,8.514818549156188965e-01,8.704198598861694336e-01,8.993197083473205566e-01
7.091822475194931030e-02,1.759118586778640747e-01,8.761628866195678711e-01,7.984415292739868164e-01,5.955278277397155762e-01,8.085969686508178711e-01
7.965933531522750854e-02,2.439593672752380371e-01,5.349761247634887695e-01,6.276641488075256348e-01,5.269009470939636230e-01,7.547739744186401367e-01
7.752177864313125610e-02,1.956195533275604248e-01,5.113794803619384766e-01,5.685413479804992676e-01,5.206434130668640137e-01,7.573334574699401855e-01
7.602753490209579468e-02,1.873129010200500488e-01,5.058198571205139160e-01,4.938986301422119141e-01,5.660026073455810547e-01,7.943238019943237305e-01
1.287420839071273804e-01,2.421428859233856201e-01,3.663305044174194336e-01,3.040112853050231934e-01,5.425827503204345703e-01,7.923491001129150391e-01
1.000000000000000000e+00,1.000000000000000000e+00,7.513709366321563721e-02,0.000000000000000000e+00,0.000000000000000000e+00,0.000000000000000000e+00
