# CPU,RAM,NetworkR,NetworkW,DiskW,DiskR
1.090057492256164551e-01,1.108170747756958008e-01,1.000000000000000000e+00,9.237955808639526367e-01,9.265641570091247559e-01,9.278566837310791016e-01
7.130405306816101074e-02,1.039548367261886597e-01,1.000000000000000000e+00,9.024004340171813965e-01,9.267038702964782715e-01,9.223117232322692871e-01
7.536619901657104492e-02,2.594588100910186768e-01,8.844668269157409668e-01,8.563376069068908691e-01,9.145128130912780762e-01,9.127756953239440918e-01
9.757792204618453979e-02,2.825582921504974365e-01,8.389139175415039062e-01,8.273105025291442871e-01,8.948107957839965820e-01,9.067774415016174316e-01
2.389751374721527100e-01,7.062572836875915527e-01,5.340029001235961914e-01,6.992986202239990234e-01,7.423798441886901855e-01,8.624350428581237793e-01
1.742895096540451050e-01,6.861745715141296387e-01,4.274953603744506836e-01,6.243481636047363281e-01,6.040927171707153320e-01,8.205189704895019531e-01
7.277214527130126953e-02,1.000000000000000000e+00,3.646016418933868408e-01,6.600465178489685059e-01,2.074245214462280273e-01,6.732054352760314941e-01
1.000000000000000000e+00,1.000000000000000000e+00,2.399870753288269043e-01,4.451452493667602539e-01,6.429716199636459351e-02,5.279281735420227051e-01
7.534550875425338745e-02,7.536933571100234985e-02,1.612325459718704224e-01,2.821896672248840332e-01,0.000000000000000000e+00,0.000000000000000000e+00
1.767883151769638062e-01,8.049926906824111938e-02,7.591406255960464478e-02,0.000000000000000000e+00,0.000000000000000000e+00,0.000000000000000000e+00
