# CPU,RAM,NetworkR,NetworkW,DiskW,DiskR
1.091048419475555420e-01,1.107743680477142334e-01,1.000000000000000000e+00,9.237940907478332520e-01,9.265653491020202637e-01,9.278558492660522461e-01
7.134196162223815918e-02,9.347980469465255737e-02,1.000000000000000000e+00,9.053891301155090332e-01,9.268842935562133789e-01,9.232038855552673340e-01
8.027340471744537354e-02,3.211476802825927734e-01,8.332377076148986816e-01,8.438008427619934082e-01,9.127681851387023926e-01,9.105802178382873535e-01
1.306662410497665405e-01,6.054751873016357422e-01,6.512061953544616699e-01,7.722299098968505859e-01,8.370751738548278809e-01,8.857271671295166016e-01
2.339866459369659424e-01,6.284418106079101562e-01,5.456548929214477539e-01,7.116627693176269531e-01,7.577573657035827637e-01,8.646461963653564453e-01
1.844183802604675293e-01,6.318900585174560547e-01,4.664230346679687500e-01,6.547581553459167480e-01,6.823981404304504395e-01,8.454799652099609375e-01
7.152801007032394409e-02,1.000000000000000000e+00,4.213827848434448242e-01,6.985047459602355957e-01,2.604677975177764893e-01,7.667611837387084961e-01
1.000000000000000000e+00,1.000000000000000000e+00,3.095249235630035400e-01,5.571079850196838379e-01,7.383906096220016479e-02,8.282607197761535645e-01
7.141365855932235718e-02,9.349337220191955566e-02,1.555232852697372437e-01,3.303411602973937988e-01,0.000000000000000000e+00,0.000000000000000000e+00
1.044026166200637817e-01,8.887690305709838867e-02,7.570134103298187256e-02,0.000000000000000000e+00,0.000000000000000000e+00,0.000000000000000000e+00
