# CPU,RAM,NetworkR,NetworkW,DiskW,DiskR
1.090134382247924805e-01,1.107783243060112000e-01,1.000000000000000000e+00,9.237946271896362305e-01,9.265648722648620605e-01,9.278559088706970215e-01
7.130618393421173096e-02,9.849777817726135254e-02,1.000000000000000000e+00,9.038793444633483887e-01,9.267916083335876465e-01,9.227443933486938477e-01
7.641134411096572876e-02,2.283612489700317383e-01,8.942728638648986816e-01,8.585460782051086426e-01,9.166576266288757324e-01,9.141152501106262207e-01
8.894839882850646973e-02,2.546108365058898926e-01,8.583103418350219727e-01,8.331789970397949219e-01,8.948249816894531250e-01,9.072272181510925293e-01
1.360712200403213501e-01,4.718886315822601318e-01,6.012405753135681152e-01,7.197507023811340332e-01,7.556183934211730957e-01,8.575348854064941406e-01
1.947692781686782837e-01,6.795074343681335449e-01,4.363704621791839600e-01,6.209640502929687500e-01,6.305618286132812500e-01,8.285775780677795410e-01
8.626549690961837769e-02,1.000000000000000000e+00,3.455130159854888916e-01,6.349988579750061035e-01,1.898785829544067383e-01,7.066575288772583008e-01
1.000000000000000000e+00,9.893789887428283691e-01,2.215195298194885254e-01,4.147903621196746826e-01,4.839897900819778442e-02,5.151547789573669434e-01
7.650326937437057495e-02,7.359495759010314941e-02,1.510628014802932739e-01,2.657329440116882324e-01,0.000000000000000000e+00,0.000000000000000000e+00
2.115508317947387695e-01,8.043920248746871948e-02,7.506408542394638062e-02,0.000000000000000000e+00,0.000000000000000000e+00,0.000000000000000000e+00
