# CPU,RAM,NetworkR,NetworkW,DiskW,DiskR
1.090753525495529175e-01,1.106938943266868591e-01,1.000000000000000000e+00,9.237937927246093750e-01,9.265673160552978516e-01,9.278547167778015137e-01
7.015898078680038452e-02,4.822425246238708496e-01,9.768551588058471680e-01,8.800577521324157715e-01,9.106721878051757812e-01,7.171183228492736816e-01
7.063668221235275269e-02,4.489858150482177734e-01,8.530033230781555176e-01,8.393617868423461914e-01,8.668860793113708496e-01,8.048155307769775391e-01
7.028667628765106201e-02,3.494699597358703613e-01,8.789392113685607910e-01,8.331255912780761719e-01,7.345726490020751953e-01,7.995274066925048828e-01
7.018444687128067017e-02,3.027839660644531250e-01,8.127510547637939453e-01,7.948899269104003906e-01,5.215861797332763672e-01,6.480529308319091797e-01
7.184832543134689331e-02,2.907264232635498047e-01,5.452324748039245605e-01,6.650335192680358887e-01,4.211280047893524170e-01,6.174699664115905762e-01
7.198034971952438354e-02,3.390530347824096680e-01,4.288107156753540039e-01,5.745680332183837891e-01,3.824715912342071533e-01,6.027116179466247559e-01
7.561807334423065186e-02,2.386776655912399292e-01,4.545249342918395996e-01,5.099259614944458008e-01,4.828578233718872070e-01,7.257805466651916504e-01
1.854607611894607544e-01,5.788733363151550293e-01,2.607450187206268311e-01,2.860280871391296387e-01,4.142899215221405029e-01,7.248231768608093262e-01
1.000000000000000000e+00,1.000000000000000000e+00,7.662797719240188599e-02,0.000000000000000000e+00,0.000000000000000000e+00,0.000000000000000000e+00
