# CPU,RAM,NetworkR,NetworkW,DiskW,DiskR
1.090862974524497986e-01,1.107335984706878662e-01,1.000000000000000000e+00,9.237934947013854980e-01,9.265661239624023438e-01,9.278550744056701660e-01
7.016081362962722778e-02,5.969435572624206543e-01,9.622758030891418457e-01,8.763859868049621582e-01,9.054868817329406738e-01,6.882465481758117676e-01
7.140647619962692261e-02,3.367604613304138184e-01,8.679137229919433594e-01,8.450988531112670898e-01,8.848063349723815918e-01,8.490521311759948730e-01
7.030186057090759277e-02,3.529635965824127197e-01,8.816537857055664062e-01,8.360620141029357910e-01,7.521722912788391113e-01,8.179184198379516602e-01
7.016675919294357300e-02,2.951512634754180908e-01,8.337923884391784668e-01,8.016611933708190918e-01,5.266693830490112305e-01,6.557099819183349609e-01
7.157646864652633667e-02,2.918433845043182373e-01,5.468268394470214844e-01,6.666510701179504395e-01,4.117098152637481689e-01,6.018572449684143066e-01
7.175576686859130859e-02,3.855634927749633789e-01,3.995863199234008789e-01,5.600356459617614746e-01,3.496935367584228516e-01,5.527681112289428711e-01
7.492452114820480347e-02,2.574904263019561768e-01,4.376657009124755859e-01,5.010690093040466309e-01,4.578819870948791504e-01,7.036076188087463379e-01
1.863093674182891846e-01,5.117670893669128418e-01,2.855871021747589111e-01,3.012243807315826416e-01,4.699414968490600586e-01,7.506088018417358398e-01
1.000000000000000000e+00,1.000000000000000000e+00,7.704350352287292480e-02,0.000000000000000000e+00,0.000000000000000000e+00,0.000000000000000000e+00
