# CPU,RAM,NetworkR,NetworkW,DiskW,DiskR
1.090473532676696777e-01,1.107705384492874146e-01,1.000000000000000000e+00,9.237945675849914551e-01,9.265652894973754883e-01,9.278558492660522461e-01
7.127987593412399292e-02,1.025406271219253540e-01,1.000000000000000000e+00,9.028578400611877441e-01,9.267327785491943359e-01,9.224380850791931152e-01
7.229629158973693848e-02,1.582668870687484741e-01,9.679890871047973633e-01,8.780878782272338867e-01,9.186138510704040527e-01,9.172730445861816406e-01
7.266857475042343140e-02,1.712086200714111328e-01,9.512182474136352539e-01,8.581942915916442871e-01,8.853457570075988770e-01,9.060670137405395508e-01
7.163124531507492065e-02,1.818230450153350830e-01,8.475515246391296387e-01,7.885496020317077637e-01,6.183578968048095703e-01,8.180280327796936035e-01
8.511187136173248291e-02,2.569063305854797363e-01,5.103593468666076660e-01,6.165736317634582520e-01,5.290436148643493652e-01,7.559297680854797363e-01
8.809263259172439575e-02,2.334791123867034912e-01,4.165681898593902588e-01,5.144688487052917480e-01,4.604567885398864746e-01,7.145724892616271973e-01
8.006089925765991211e-02,1.931005865335464478e-01,4.249822199344635010e-01,4.520382881164550781e-01,5.065014958381652832e-01,7.549924254417419434e-01
1.070232987403869629e-01,1.921350955963134766e-01,3.367983102798461914e-01,2.925288081169128418e-01,4.588410258293151855e-01,7.373015284538269043e-01
1.000000000000000000e+00,1.000000000000000000e+00,7.491739094257354736e-02,0.000000000000000000e+00,0.000000000000000000e+00,0.000000000000000000e+00
