# CPU,RAM,NetworkR,NetworkW,DiskW,DiskR
1.091987490653991699e-01,1.107818782329559326e-01,1.000000000000000000e+00,9.237930178642272949e-01,9.265652298927307129e-01,9.278557300567626953e-01
7.028036564588546753e-02,5.485114455223083496e-01,9.594594836235046387e-01,8.815021514892578125e-01,9.163392782211303711e-01,8.404756784439086914e-01
7.222554832696914673e-02,2.080409675836563110e-01,9.443277716636657715e-01,8.685113787651062012e-01,9.113755822181701660e-01,9.028458595275878906e-01
7.042135298252105713e-02,2.632377445697784424e-01,9.457656741142272949e-01,8.559020757675170898e-01,8.351677656173706055e-01,8.792387247085571289e-01
7.016468048095703125e-02,2.071283459663391113e-01,9.322758316993713379e-01,8.281521201133728027e-01,5.851308107376098633e-01,7.631781101226806641e-01
7.158887386322021484e-02,2.283653467893600464e-01,6.304143667221069336e-01,6.862870454788208008e-01,4.717643260955810547e-01,6.996855735778808594e-01
7.253567874431610107e-02,3.172005116939544678e-01,4.474188387393951416e-01,5.599021315574645996e-01,4.085350632667541504e-01,6.501678824424743652e-01
7.363239675760269165e-02,2.447829544544219971e-01,4.561198949813842773e-01,4.919702112674713135e-01,4.660967588424682617e-01,7.174918651580810547e-01
1.221821233630180359e-01,3.685816824436187744e-01,2.853529155254364014e-01,2.777606248855590820e-01,4.000588357448577881e-01,6.896761059761047363e-01
1.000000000000000000e+00,1.000000000000000000e+00,7.712412625551223755e-02,0.000000000000000000e+00,0.000000000000000000e+00,0.000000000000000000e+00
