# CPU,RAM,NetworkR,NetworkW,DiskW,DiskR
1.091900840401649475e-01,1.108293905854225159e-01,1.000000000000000000e+00,9.237932562828063965e-01,9.265639185905456543e-01,9.278563857078552246e-01
7.127302139997482300e-02,1.175452172756195068e-01,1.000000000000000000e+00,8.996437191963195801e-01,9.265272021293640137e-01,9.214652180671691895e-01
8.087924122810363770e-02,3.455328941345214844e-01,8.454328775405883789e-01,8.475200533866882324e-01,9.144448041915893555e-01,9.131540656089782715e-01
1.162004843354225159e-01,6.786833405494689941e-01,6.351498961448669434e-01,7.685825228691101074e-01,8.189256191253662109e-01,8.817179203033447266e-01
1.400038450956344604e-01,4.664604067802429199e-01,6.085659861564636230e-01,7.361733317375183105e-01,7.752181291580200195e-01,8.666022419929504395e-01
1.152253672480583191e-01,6.000435352325439453e-01,4.711183607578277588e-01,6.567946672439575195e-01,6.428751945495605469e-01,8.288815021514892578e-01
7.142072170972824097e-02,1.000000000000000000e+00,4.219727814197540283e-01,6.874831914901733398e-01,2.703712284564971924e-01,7.724904417991638184e-01
1.000000000000000000e+00,1.000000000000000000e+00,2.850884795188903809e-01,4.975932240486145020e-01,8.255591243505477905e-02,6.607930064201354980e-01
7.253462076187133789e-02,7.651171088218688965e-02,1.738823056221008301e-01,3.108775019645690918e-01,0.000000000000000000e+00,0.000000000000000000e+00
1.669367253780364990e-01,8.822888880968093872e-02,7.485643029212951660e-02,0.000000000000000000e+00,0.000000000000000000e+00,0.000000000000000000e+00
