# CPU,RAM,NetworkR,NetworkW,DiskW,DiskR
1.091302409768104553e-01,1.104802712798118591e-01,1.000000000000000000e+00,9.237926006317138672e-01,9.265733361244201660e-01,9.278518557548522949e-01
7.126499712467193604e-02,1.119276359677314758e-01,1.000000000000000000e+00,9.008115530014038086e-01,9.266383647918701172e-01,9.218901395797729492e-01
7.194977998733520508e-02,1.938156187534332275e-01,9.527906179428100586e-01,8.742226362228393555e-01,9.169269800186157227e-01,9.158686399459838867e-01
7.253153622150421143e-02,1.669136732816696167e-01,9.622957706451416016e-01,8.629695177078247070e-01,8.897071480751037598e-01,9.084481000900268555e-01
7.115883380174636841e-02,1.613031625747680664e-01,8.988502621650695801e-01,8.096208572387695312e-01,6.522396206855773926e-01,8.364337086677551270e-01
8.110009878873825073e-02,1.985949873924255371e-01,5.980297327041625977e-01,6.562119126319885254e-01,5.795699357986450195e-01,7.886447906494140625e-01
9.223829209804534912e-02,1.816562861204147339e-01,5.117632746696472168e-01,5.602233409881591797e-01,5.778809785842895508e-01,7.890625000000000000e-01
1.005440726876258850e-01,2.218323647975921631e-01,4.187788963317871094e-01,4.369940161705017090e-01,5.787159204483032227e-01,7.981104850769042969e-01
1.443216204643249512e-01,1.824473440647125244e-01,3.859634101390838623e-01,3.210480809211730957e-01,5.904465913772583008e-01,8.133879899978637695e-01
1.000000000000000000e+00,1.000000000000000000e+00,7.435852289199829102e-02,0.000000000000000000e+00,0.000000000000000000e+00,0.000000000000000000e+00
