# CPU,RAM,NetworkR,NetworkW,DiskW,DiskR
1.089457646012306213e-01,1.106247603893280029e-01,1.000000000000000000e+00,9.237940907478332520e-01,9.265686273574829102e-01,9.278537034988403320e-01
7.130712270736694336e-02,9.986487030982971191e-02,1.000000000000000000e+00,9.034788608551025391e-01,9.267722964286804199e-01,9.226301908493041992e-01
7.207268476486206055e-02,1.827384531497955322e-01,9.513448476791381836e-01,8.733733892440795898e-01,9.165926575660705566e-01,9.151946306228637695e-01
7.287523895502090454e-02,1.828626841306686401e-01,9.405745267868041992e-01,8.547375202178955078e-01,8.815483450889587402e-01,9.043927192687988281e-01
7.146534323692321777e-02,1.964088231325149536e-01,8.337591886520385742e-01,7.852040529251098633e-01,6.006720662117004395e-01,8.073912262916564941e-01
8.192898333072662354e-02,2.738706469535827637e-01,5.103970766067504883e-01,6.218800544738769531e-01,5.208953619003295898e-01,7.505425214767456055e-01
8.334603160619735718e-02,2.182809263467788696e-01,4.529119431972503662e-01,5.395616888999938965e-01,4.784124493598937988e-01,7.280327081680297852e-01
7.796085625886917114e-02,2.003641128540039062e-01,4.469996392726898193e-01,4.695401191711425781e-01,5.197190642356872559e-01,7.653278708457946777e-01
1.130985170602798462e-01,2.205117642879486084e-01,3.314651250839233398e-01,2.907426059246063232e-01,4.592038094997406006e-01,7.403559684753417969e-01
1.000000000000000000e+00,1.000000000000000000e+00,7.513872534036636353e-02,0.000000000000000000e+00,0.000000000000000000e+00,0.000000000000000000e+00
