# CPU,RAM,NetworkR,NetworkW,DiskW,DiskR
1.091026887297630310e-01,1.104312837123870850e-01,1.000000000000000000e+00,9.237929582595825195e-01,9.265747070312500000e-01,9.278513193130493164e-01
7.025515288114547729e-02,4.055231213569641113e-01,9.777424335479736328e-01,8.852037191390991211e-01,9.190117716789245605e-01,8.472936749458312988e-01
7.299013435840606689e-02,1.692845225334167480e-01,9.654738306999206543e-01,8.744719028472900391e-01,9.179507493972778320e-01,9.084675312042236328e-01
7.087352871894836426e-02,2.400926351547241211e-01,9.361652731895446777e-01,8.526375293731689453e-01,8.583688735961914062e-01,8.894408941268920898e-01
7.032356411218643188e-02,2.035468816757202148e-01,9.068858623504638672e-01,8.167251944541931152e-01,5.998241305351257324e-01,7.883327007293701172e-01
7.442753016948699951e-02,2.380175441503524780e-01,6.009479761123657227e-01,6.686347723007202148e-01,5.318004488945007324e-01,7.504684925079345703e-01
7.245646417140960693e-02,2.322033047676086426e-01,5.560259819030761719e-01,6.132419705390930176e-01,5.172482132911682129e-01,7.499900460243225098e-01
7.254789024591445923e-02,2.355996370315551758e-01,5.028427243232727051e-01,5.116944909095764160e-01,4.818953275680541992e-01,7.385512590408325195e-01
1.109732463955879211e-01,4.079275429248809814e-01,2.855782806873321533e-01,2.745767831802368164e-01,3.821959495544433594e-01,6.772966384887695312e-01
1.000000000000000000e+00,1.000000000000000000e+00,7.638394087553024292e-02,0.000000000000000000e+00,0.000000000000000000e+00,0.000000000000000000e+00
