# CPU,RAM,NetworkR,NetworkW,DiskW,DiskR
1.089209243655204773e-01,1.106861308217048645e-01,1.000000000000000000e+00,9.237953424453735352e-01,9.265672564506530762e-01,9.278548359870910645e-01
7.137403637170791626e-02,9.399274736642837524e-02,1.000000000000000000e+00,9.051095247268676758e-01,9.268761277198791504e-01,9.231461882591247559e-01
8.165004849433898926e-02,3.537659645080566406e-01,8.179517388343811035e-01,8.402174115180969238e-01,9.114264249801635742e-01,9.097719788551330566e-01
1.462835669517517090e-01,7.488241195678710938e-01,5.738192200660705566e-01,7.462800741195678711e-01,7.796362042427062988e-01,8.707074522972106934e-01
2.016724944114685059e-01,5.686430335044860840e-01,5.301148891448974609e-01,7.045893669128417969e-01,7.250861525535583496e-01,8.515749573707580566e-01
1.207427233457565308e-01,6.594406962394714355e-01,4.436373114585876465e-01,6.516366004943847656e-01,6.305849552154541016e-01,8.287280201911926270e-01
7.070653885602951050e-02,1.000000000000000000e+00,3.955866694450378418e-01,6.958160996437072754e-01,2.100750207901000977e-01,5.312511324882507324e-01
1.000000000000000000e+00,1.000000000000000000e+00,2.849017381668090820e-01,4.766833186149597168e-01,7.922916859388351440e-02,7.224177718162536621e-01
7.099282741546630859e-02,8.355356752872467041e-02,1.436861753463745117e-01,2.946901023387908936e-01,0.000000000000000000e+00,0.000000000000000000e+00
1.648595333099365234e-01,1.105509400367736816e-01,7.319976389408111572e-02,0.000000000000000000e+00,0.000000000000000000e+00,0.000000000000000000e+00
