# CPU,RAM,NetworkR,NetworkW,DiskW,DiskR
1.090434640645980835e-01,1.105039268732070923e-01,1.000000000000000000e+00,9.237897992134094238e-01,9.265708923339843750e-01,9.278508424758911133e-01
7.102361321449279785e-02,1.095408648252487183e-01,1.000000000000000000e+00,9.019896388053894043e-01,9.265159368515014648e-01,9.215112924575805664e-01
7.178525626659393311e-02,2.180777341127395630e-01,9.386690855026245117e-01,8.696590065956115723e-01,9.143582582473754883e-01,9.130902886390686035e-01
7.270937412977218628e-02,2.325514554977416992e-01,9.055127501487731934e-01,8.425348401069641113e-01,8.633272051811218262e-01,8.964419960975646973e-01
7.122114300727844238e-02,1.948963999748229980e-01,8.495678901672363281e-01,7.949247956275939941e-01,6.162917613983154297e-01,8.156903386116027832e-01
7.929623872041702271e-02,3.449918031692504883e-01,5.327255725860595703e-01,6.446390151977539062e-01,5.816423892974853516e-01,7.855920791625976562e-01
7.924629002809524536e-02,1.715110093355178833e-01,5.884931683540344238e-01,6.136650443077087402e-01,5.682183504104614258e-01,7.897754907608032227e-01
7.614395022392272949e-02,2.336245477199554443e-01,4.650721251964569092e-01,4.861634373664855957e-01,5.223234295845031738e-01,7.712608575820922852e-01
1.326658129692077637e-01,3.098081648349761963e-01,3.164375126361846924e-01,2.873972654342651367e-01,4.689640998840332031e-01,7.503829598426818848e-01
1.000000000000000000e+00,1.000000000000000000e+00,7.511667162179946899e-02,0.000000000000000000e+00,0.000000000000000000e+00,0.000000000000000000e+00
