# CPU,RAM,NetworkR,NetworkW,DiskW,DiskR
1.090143844485282898e-01,1.107049137353897095e-01,1.000000000000000000e+00,9.237942099571228027e-01,9.265668392181396484e-01,9.278548359870910645e-01
7.025494426488876343e-02,4.617839455604553223e-01,9.682247638702392578e-01,8.825820684432983398e-01,9.167536497116088867e-01,8.329867720603942871e-01
7.210605591535568237e-02,2.319097965955734253e-01,9.267279505729675293e-01,8.627563118934631348e-01,9.080386161804199219e-01,8.961385488510131836e-01
7.051875442266464233e-02,2.891843616962432861e-01,9.147414565086364746e-01,8.452565073966979980e-01,8.116728067398071289e-01,8.676223754882812500e-01
7.021596282720565796e-02,2.279778122901916504e-01,8.850691914558410645e-01,8.123338222503662109e-01,5.479593276977539062e-01,7.319115400314331055e-01
7.262127101421356201e-02,2.468079924583435059e-01,5.772311687469482422e-01,6.660985946655273438e-01,4.606246352195739746e-01,6.879094243049621582e-01
7.226851582527160645e-02,3.058504462242126465e-01,4.644658565521240234e-01,5.778809785842895508e-01,4.315288662910461426e-01,6.725271344184875488e-01
7.327923923730850220e-02,2.372646331787109375e-01,4.764025509357452393e-01,5.082570314407348633e-01,4.756999611854553223e-01,7.286329865455627441e-01
1.247906535863876343e-01,4.080900251865386963e-01,2.817804813385009766e-01,2.806324958801269531e-01,3.972246050834655762e-01,6.929365992546081543e-01
1.000000000000000000e+00,1.000000000000000000e+00,7.650974392890930176e-02,0.000000000000000000e+00,0.000000000000000000e+00,0.000000000000000000e+00
