# CPU,RAM,NetworkR,NetworkW,DiskW,DiskR
1.091780960559844971e-01,1.106174737215042114e-01,1.000000000000000000e+00,9.237928390502929688e-01,9.265697598457336426e-01,9.278537034988403320e-01
7.122617959976196289e-02,1.222454905509948730e-01,1.000000000000000000e+00,8.990489840507507324e-01,9.264914989471435547e-01,9.212500452995300293e-01
7.404681295156478882e-02,1.428755223751068115e-01,9.768519997596740723e-01,8.810393810272216797e-01,9.215601682662963867e-01,9.201081395149230957e-01
7.843519747257232666e-02,2.238822579383850098e-01,8.928456902503967285e-01,8.410151004791259766e-01,8.936991095542907715e-01,9.067147970199584961e-01
1.156836077570915222e-01,3.867660462856292725e-01,6.292138099670410156e-01,7.182769179344177246e-01,7.402833104133605957e-01,8.493003845214843750e-01
2.442827671766281128e-01,7.362018823623657227e-01,4.114619195461273193e-01,5.943153500556945801e-01,5.999722480773925781e-01,8.233917355537414551e-01
1.049751788377761841e-01,1.000000000000000000e+00,3.476273119449615479e-01,6.058338880538940430e-01,2.569191455841064453e-01,8.171657323837280273e-01
1.000000000000000000e+00,1.000000000000000000e+00,2.147399336099624634e-01,4.051609635353088379e-01,3.856622427701950073e-02,6.565505266189575195e-01
7.335725426673889160e-02,7.552637159824371338e-02,1.257309466600418091e-01,2.548113763332366943e-01,0.000000000000000000e+00,0.000000000000000000e+00
1.939774602651596069e-01,7.984299957752227783e-02,7.477647066116333008e-02,0.000000000000000000e+00,0.000000000000000000e+00,0.000000000000000000e+00
