# CPU,RAM,NetworkR,NetworkW,DiskW,DiskR
7.000000029802322388e-02,2.700000107288360596e-01,1.000000000000000000e+00,9.300000071525573730e-01,9.300000071525573730e-01,9.300000071525573730e-01
7.000000029802322388e-02,3.700000047683715820e-01,9.271428585052490234e-01,8.778694272041320801e-01,9.189865589141845703e-01,9.153147935867309570e-01
7.000000029802322388e-02,3.700000047683715820e-01,7.842857241630554199e-01,8.352583646774291992e-01,8.765143752098083496e-01,9.153147935867309570e-01
7.000000029802322388e-02,4.699999988079071045e-01,6.822448968887329102e-01,7.625022530555725098e-01,8.470474481582641602e-01,9.153147935867309570e-01
7.000000029802322388e-02,4.699999988079071045e-01,6.006122231483459473e-01,7.217044234275817871e-01,6.598184108734130859e-01,7.956732511520385742e-01
1.549315005540847778e-01,5.699999928474426270e-01,4.781632721424102783e-01,6.727470755577087402e-01,6.014118194580078125e-01,7.783964872360229492e-01
7.000000029802322388e-02,1.000000000000000000e+00,3.557142913341522217e-01,6.071683168411254883e-01,3.077973127365112305e-01,7.418993711471557617e-01
1.000000000000000000e+00,1.000000000000000000e+00,2.740816473960876465e-01,4.499456286430358887e-01,9.766256809234619141e-02,6.439617872238159180e-01
7.000000029802322388e-02,7.000000029802322388e-02,1.516326516866683960e-01,2.712662518024444580e-01,0.000000000000000000e+00,0.000000000000000000e+00
1.439726054668426514e-01,7.000000029802322388e-02,7.000000029802322388e-02,0.000000000000000000e+00,0.000000000000000000e+00,0.000000000000000000e+00
