# CPU,RAM,NetworkR,NetworkW,DiskW,DiskR
1.090876162052154541e-01,1.107951551675796509e-01,1.000000000000000000e+00,9.237945675849914551e-01,9.265648126602172852e-01,9.278562664985656738e-01
7.142189145088195801e-02,8.672222495079040527e-02,1.000000000000000000e+00,9.078822731971740723e-01,9.270138144493103027e-01,9.238967299461364746e-01
8.250088989734649658e-02,3.269142806529998779e-01,8.118996620178222656e-01,8.380622863769531250e-01,9.110477566719055176e-01,9.084244370460510254e-01
1.964745521545410156e-01,7.078371644020080566e-01,5.890126824378967285e-01,7.503323554992675781e-01,8.104615807533264160e-01,8.792335987091064453e-01
2.215438336133956909e-01,6.625874042510986328e-01,4.761814177036285400e-01,6.821684837341308594e-01,6.642374992370605469e-01,8.359677791595458984e-01
1.180789023637771606e-01,6.491674780845642090e-01,4.212893247604370117e-01,6.403815150260925293e-01,5.924752950668334961e-01,8.140047788619995117e-01
7.277856022119522095e-02,1.000000000000000000e+00,4.039017260074615479e-01,6.849609613418579102e-01,2.733968198299407959e-01,8.042346835136413574e-01
1.000000000000000000e+00,1.000000000000000000e+00,2.691489160060882568e-01,5.042211413383483887e-01,7.517590373754501343e-02,7.871526479721069336e-01
7.099446654319763184e-02,8.344319462776184082e-02,1.310565173625946045e-01,2.984578311443328857e-01,0.000000000000000000e+00,0.000000000000000000e+00
1.198676526546478271e-01,8.671999722719192505e-02,7.593380659818649292e-02,0.000000000000000000e+00,0.000000000000000000e+00,0.000000000000000000e+00
