# CPU,RAM,NetworkR,NetworkW,DiskW,DiskR
1.091090366244316101e-01,1.107350587844848633e-01,1.000000000000000000e+00,9.237933754920959473e-01,9.265661835670471191e-01,9.278551340103149414e-01
7.109378278255462646e-02,1.419461667537689209e-01,9.958197474479675293e-01,8.967580795288085938e-01,9.262039661407470703e-01,9.200165271759033203e-01
7.263578474521636963e-02,1.287637948989868164e-01,9.984829425811767578e-01,8.876919746398925781e-01,9.216918349266052246e-01,9.209362864494323730e-01
7.176399230957031250e-02,1.673988103866577148e-01,9.655482769012451172e-01,8.628178834915161133e-01,8.873862028121948242e-01,9.070616960525512695e-01
7.099629938602447510e-02,1.601999998092651367e-01,9.008669853210449219e-01,8.063504695892333984e-01,6.311373710632324219e-01,8.279930353164672852e-01
8.264144510030746460e-02,2.130787670612335205e-01,5.486574769020080566e-01,6.257073283195495605e-01,5.359468460083007812e-01,7.620852589607238770e-01
8.335918188095092773e-02,2.026629745960235596e-01,4.556244611740112305e-01,5.286886692047119141e-01,4.926719665527343750e-01,7.367910742759704590e-01
7.647825032472610474e-02,1.953468322753906250e-01,4.400702118873596191e-01,4.527770280838012695e-01,4.981307089328765869e-01,7.510951757431030273e-01
9.416407346725463867e-02,1.854295134544372559e-01,3.451319038867950439e-01,2.903205156326293945e-01,4.337787032127380371e-01,7.151302695274353027e-01
1.000000000000000000e+00,1.000000000000000000e+00,7.539769262075424194e-02,0.000000000000000000e+00,0.000000000000000000e+00,0.000000000000000000e+00
