# CPU,RAM,NetworkR,NetworkW,DiskW,DiskR
1.091578379273414612e-01,1.107726320624351501e-01,1.000000000000000000e+00,9.237933158874511719e-01,9.265653491020202637e-01,9.278556704521179199e-01
7.125596702098846436e-02,1.124244108796119690e-01,1.000000000000000000e+00,9.006876945495605469e-01,9.265965819358825684e-01,9.217721819877624512e-01
7.712460309267044067e-02,2.155098319053649902e-01,9.104261994361877441e-01,8.628669977188110352e-01,9.186283946037292480e-01,9.163147807121276855e-01
9.219919145107269287e-02,3.031395375728607178e-01,8.332752585411071777e-01,8.261399865150451660e-01,8.927493095397949219e-01,9.060206413269042969e-01
2.014279663562774658e-01,6.722934246063232422e-01,5.423188209533691406e-01,7.007824182510375977e-01,7.394587397575378418e-01,8.591818809509277344e-01
1.363772749900817871e-01,6.554386615753173828e-01,4.128465354442596436e-01,6.136272549629211426e-01,5.513536334037780762e-01,7.949441671371459961e-01
7.326497882604598999e-02,1.000000000000000000e+00,3.823242783546447754e-01,6.530320048332214355e-01,2.754270434379577637e-01,7.930725812911987305e-01
1.000000000000000000e+00,1.000000000000000000e+00,2.471460551023483276e-01,4.532200098037719727e-01,6.377725303173065186e-02,5.550521016120910645e-01
7.500864565372467041e-02,7.439784705638885498e-02,1.589277982711791992e-01,2.833685576915740967e-01,0.000000000000000000e+00,0.000000000000000000e+00
2.160874158143997192e-01,8.439404517412185669e-02,7.437968254089355469e-02,0.000000000000000000e+00,0.000000000000000000e+00,0.000000000000000000e+00
