# CPU,RAM,NetworkR,NetworkW,DiskW,DiskR
1.090493947267532349e-01,1.106860414147377014e-01,1.000000000000000000e+00,9.237947463989257812e-01,9.265677928924560547e-01,9.278548955917358398e-01
7.094831764698028564e-02,1.707941144704818726e-01,9.872316122055053711e-01,8.944881558418273926e-01,9.258183836936950684e-01,9.182695746421813965e-01
7.314247637987136841e-02,1.132660955190658569e-01,1.000000000000000000e+00,8.923448920249938965e-01,9.230849742889404297e-01,9.223907589912414551e-01
7.205415517091751099e-02,1.764712780714035034e-01,9.538437724113464355e-01,8.585553765296936035e-01,8.886113166809082031e-01,9.064249396324157715e-01
7.326655834913253784e-02,1.503829807043075562e-01,8.825239539146423340e-01,7.998539209365844727e-01,7.125643491744995117e-01,8.558951020240783691e-01
2.024157941341400146e-01,3.337454795837402344e-01,4.688665270805358887e-01,5.817055702209472656e-01,6.363415122032165527e-01,8.091618418693542480e-01
3.045776188373565674e-01,1.000000000000000000e+00,3.139599263668060303e-01,5.370916128158569336e-01,2.267182469367980957e-01,8.212137818336486816e-01
9.917469024658203125e-01,4.850828945636749268e-01,1.334528028964996338e-01,2.310417294502258301e-01,1.480066031217575073e-02,5.851881951093673706e-02
7.917066663503646851e-02,7.113575190305709839e-02,1.351586580276489258e-01,2.005313038825988770e-01,0.000000000000000000e+00,0.000000000000000000e+00
2.405128180980682373e-01,7.549385726451873779e-02,7.764729112386703491e-02,0.000000000000000000e+00,0.000000000000000000e+00,0.000000000000000000e+00
