# CPU,RAM,NetworkR,NetworkW,DiskW,DiskR
1.090913936495780945e-01,1.108393222093582153e-01,1.000000000000000000e+00,9.237942695617675781e-01,9.265634417533874512e-01,9.278566241264343262e-01
7.097706198692321777e-02,1.818386167287826538e-01,9.830346107482910156e-01,8.935203552246093750e-01,9.257212281227111816e-01,9.179795384407043457e-01
7.262261211872100830e-02,1.257594376802444458e-01,1.000000000000000000e+00,8.893538713455200195e-01,9.218716025352478027e-01,9.213009476661682129e-01
7.131274044513702393e-02,1.556342244148254395e-01,9.819942712783813477e-01,8.688733577728271484e-01,8.892251253128051758e-01,9.084957242012023926e-01
7.077144831418991089e-02,1.462737917900085449e-01,9.290016889572143555e-01,8.168970942497253418e-01,6.398011445999145508e-01,8.343908190727233887e-01
8.139207214117050171e-02,1.734206229448318481e-01,5.987848043441772461e-01,6.439218521118164062e-01,5.554217696189880371e-01,7.770657539367675781e-01
8.532505482435226440e-02,1.908169090747833252e-01,4.676259458065032959e-01,5.290660858154296875e-01,5.223009586334228516e-01,7.560306191444396973e-01
7.799112051725387573e-02,2.048248946666717529e-01,4.179129600524902344e-01,4.337195158004760742e-01,4.878504872322082520e-01,7.443889379501342773e-01
9.441976994276046753e-02,1.774131804704666138e-01,3.365394175052642822e-01,2.824092209339141846e-01,4.246467351913452148e-01,7.031546235084533691e-01
1.000000000000000000e+00,1.000000000000000000e+00,7.499253749847412109e-02,0.000000000000000000e+00,0.000000000000000000e+00,0.000000000000000000e+00
