# CPU,RAM,NetworkR,NetworkW,DiskW,DiskR
1.090734675526618958e-01,1.105183437466621399e-01,1.000000000000000000e+00,9.237914681434631348e-01,9.265713691711425781e-01,9.278517365455627441e-01
7.017039507627487183e-02,5.101662278175354004e-01,9.739610552787780762e-01,8.801097273826599121e-01,9.116089344024658203e-01,7.380149960517883301e-01
7.051205635070800781e-02,5.186882615089416504e-01,8.411167860031127930e-01,8.358284235000610352e-01,8.540449738502502441e-01,7.856001257896423340e-01
7.020860910415649414e-02,3.959718644618988037e-01,8.712827563285827637e-01,8.300156593322753906e-01,7.119642496109008789e-01,7.673104405403137207e-01
7.014656066894531250e-02,3.648291528224945068e-01,7.952658534049987793e-01,7.889790534973144531e-01,5.215946435928344727e-01,6.088826656341552734e-01
7.128850370645523071e-02,3.084714710712432861e-01,5.622946023941040039e-01,6.720439791679382324e-01,4.179581105709075928e-01,5.946441888809204102e-01
7.180958241224288940e-02,3.109044730663299561e-01,4.652630388736724854e-01,5.891551971435546875e-01,4.022408127784729004e-01,6.233345270156860352e-01
7.625303417444229126e-02,2.358450293540954590e-01,4.764138162136077881e-01,5.194768309593200684e-01,5.181587934494018555e-01,7.498305439949035645e-01
2.352347970008850098e-01,6.518900394439697266e-01,2.879855632781982422e-01,3.074625730514526367e-01,5.058726668357849121e-01,7.870218157768249512e-01
1.000000000000000000e+00,1.000000000000000000e+00,7.664091885089874268e-02,0.000000000000000000e+00,0.000000000000000000e+00,0.000000000000000000e+00
