# CPU,RAM,NetworkR,NetworkW,DiskW,DiskR
7.000000029802322388e-02,7.000000029802322388e-02,1.000000000000000000e+00,9.300000071525573730e-01,9.300000071525573730e-01,9.300000071525573730e-01
7.000000029802322388e-02,7.000000029802322388e-02,1.000000000000000000e+00,9.107140898704528809e-01,9.275781512260437012e-01,8.927690386772155762e-01
7.000000029802322388e-02,1.533333361148834229e-01,9.941975474357604980e-01,8.836851119995117188e-01,9.269726872444152832e-01,8.927690386772155762e-01
7.000000029802322388e-02,1.533333361148834229e-01,9.638766050338745117e-01,8.461170196533203125e-01,9.184961915016174316e-01,8.927690386772155762e-01
7.000000029802322388e-02,1.533333361148834229e-01,9.411358237266540527e-01,8.298422694206237793e-01,8.017929196357727051e-01,8.089994192123413086e-01
7.000000029802322388e-02,1.533333361148834229e-01,5.586888790130615234e-01,6.166217327117919922e-01,5.802686810493469238e-01,7.787492871284484863e-01
7.000000029802322388e-02,1.533333361148834229e-01,5.207876563072204590e-01,5.828534364700317383e-01,5.656618475914001465e-01,7.787492871284484863e-01
7.000000029802322388e-02,1.533333361148834229e-01,4.828864037990570068e-01,4.543762803077697754e-01,5.422757863998413086e-01,7.787492871284484863e-01
7.000000029802322388e-02,2.366666644811630249e-01,3.059350848197937012e-01,2.689016461372375488e-01,5.110943913459777832e-01,7.694415450096130371e-01
1.000000000000000000e+00,1.000000000000000000e+00,7.000000029802322388e-02,0.000000000000000000e+00,0.000000000000000000e+00,0.000000000000000000e+00
