# CPU,RAM,NetworkR,NetworkW,DiskW,DiskR
1.091165617108345032e-01,1.106780692934989929e-01,1.000000000000000000e+00,9.237927198410034180e-01,9.265675544738769531e-01,9.278541803359985352e-01
7.027853280305862427e-02,3.451359868049621582e-01,9.822456240653991699e-01,8.871361613273620605e-01,9.204143881797790527e-01,8.642579317092895508e-01
7.157777994871139526e-02,2.501264512538909912e-01,9.318725466728210449e-01,8.645621538162231445e-01,9.094371199607849121e-01,8.985035419464111328e-01
7.066097110509872437e-02,2.629077732563018799e-01,9.279327392578125000e-01,8.490149378776550293e-01,8.311534523963928223e-01,8.789011836051940918e-01
7.025643438100814819e-02,2.048248052597045898e-01,9.026767015457153320e-01,8.169543147087097168e-01,5.690706372261047363e-01,7.644023895263671875e-01
7.333909720182418823e-02,2.400612533092498779e-01,5.968935489654541016e-01,6.716772317886352539e-01,5.090038776397705078e-01,7.340843081474304199e-01
7.288460433483123779e-02,2.596271038055419922e-01,5.227884650230407715e-01,6.012091636657714844e-01,5.031258463859558105e-01,7.392128705978393555e-01
7.267455011606216431e-02,2.174088358879089355e-01,5.130094885826110840e-01,5.231925249099731445e-01,4.896051287651062012e-01,7.442747950553894043e-01
1.056429073214530945e-01,3.747891783714294434e-01,2.853274047374725342e-01,2.795967161655426025e-01,3.667920231819152832e-01,6.624697446823120117e-01
1.000000000000000000e+00,1.000000000000000000e+00,7.682354003190994263e-02,0.000000000000000000e+00,0.000000000000000000e+00,0.000000000000000000e+00
