# CPU,RAM,NetworkR,NetworkW,DiskW,DiskR
1.091599315404891968e-01,1.107699722051620483e-01,1.000000000000000000e+00,9.237933754920959473e-01,9.265654683113098145e-01,9.278556704521179199e-01
7.113545387983322144e-02,1.495301723480224609e-01,9.917159080505371094e-01,8.957731127738952637e-01,9.261434078216552734e-01,9.198001623153686523e-01
7.523445785045623779e-02,1.996594071388244629e-01,9.367645978927612305e-01,8.699885606765747070e-01,9.193373918533325195e-01,9.177949428558349609e-01
7.306616008281707764e-02,1.622540652751922607e-01,9.673128724098205566e-01,8.675644397735595703e-01,9.000200033187866211e-01,9.130892157554626465e-01
7.236069440841674805e-02,1.698166131973266602e-01,8.819165229797363281e-01,8.055627346038818359e-01,7.195757627487182617e-01,8.569310903549194336e-01
1.113429963588714600e-01,1.588065624237060547e-01,6.378917694091796875e-01,6.638329625129699707e-01,6.470832824707031250e-01,8.189873695373535156e-01
2.023614645004272461e-01,1.000000000000000000e+00,3.422384858131408691e-01,5.267322063446044922e-01,4.502693414688110352e-01,8.456386923789978027e-01
1.000000000000000000e+00,1.000000000000000000e+00,1.677242368459701538e-01,2.646162211894989014e-01,2.679773047566413879e-02,3.774269223213195801e-01
7.691922038793563843e-02,7.148467004299163818e-02,1.323440968990325928e-01,2.286166548728942871e-01,0.000000000000000000e+00,0.000000000000000000e+00
2.177322059869766235e-01,7.628672569990158081e-02,7.676526159048080444e-02,0.000000000000000000e+00,0.000000000000000000e+00,0.000000000000000000e+00
