# CPU,RAM,NetworkR,NetworkW,DiskW,DiskR
1.090461239218711853e-01,1.105561554431915283e-01,1.000000000000000000e+00,9.237918853759765625e-01,9.265702962875366211e-01,9.278522729873657227e-01
7.010939717292785645e-02,6.166869997978210449e-01,9.655773043632507324e-01,8.724918365478515625e-01,8.928983807563781738e-01,5.095551013946533203e-01
7.027018070220947266e-02,6.505984663963317871e-01,7.934610843658447266e-01,8.184059262275695801e-01,7.920109629631042480e-01,5.520793199539184570e-01
7.012361288070678711e-02,5.401731729507446289e-01,7.821630239486694336e-01,8.030337691307067871e-01,6.331876516342163086e-01,5.198779106140136719e-01
7.011935114860534668e-02,5.701463222503662109e-01,6.622589826583862305e-01,7.510195970535278320e-01,4.883252978324890137e-01,3.947431445121765137e-01
7.056149840354919434e-02,4.446653425693511963e-01,4.487424194812774658e-01,6.326751112937927246e-01,3.305011391639709473e-01,2.851456999778747559e-01
7.085518538951873779e-02,4.788869321346282959e-01,3.187929391860961914e-01,5.087482333183288574e-01,2.407660782337188721e-01,2.125399410724639893e-01
7.912244647741317749e-02,3.458841443061828613e-01,3.581443130970001221e-01,4.356347918510437012e-01,3.925271034240722656e-01,6.065747737884521484e-01
4.158115684986114502e-01,8.788048624992370605e-01,3.117645084857940674e-01,3.269538879394531250e-01,6.091911196708679199e-01,8.351682424545288086e-01
1.000000000000000000e+00,1.000000000000000000e+00,7.802136987447738647e-02,0.000000000000000000e+00,0.000000000000000000e+00,0.000000000000000000e+00
