# CPU,RAM,NetworkR,NetworkW,DiskW,DiskR
1.090167313814163208e-01,1.105685681104660034e-01,1.000000000000000000e+00,9.237927794456481934e-01,9.265701770782470703e-01,9.278526902198791504e-01
7.027546316385269165e-02,2.994309961795806885e-01,9.897173047065734863e-01,8.891676068305969238e-01,9.213765263557434082e-01,8.706876635551452637e-01
7.052938640117645264e-02,4.455414712429046631e-01,8.879252076148986816e-01,8.503303527832031250e-01,8.826442360877990723e-01,8.615245819091796875e-01
7.028764486312866211e-02,3.487968146800994873e-01,9.002707600593566895e-01,8.370131254196166992e-01,7.461041808128356934e-01,8.259687423706054688e-01
7.016613334417343140e-02,2.910259366035461426e-01,8.373987078666687012e-01,7.971907854080200195e-01,5.194261074066162109e-01,6.664854288101196289e-01
7.176639884710311890e-02,2.736186981201171875e-01,5.725064277648925781e-01,6.660426259040832520e-01,4.369277358055114746e-01,6.485410928726196289e-01
7.179115712642669678e-02,2.874038517475128174e-01,4.888821244239807129e-01,5.899474620819091797e-01,4.320417642593383789e-01,6.672267913818359375e-01
7.547338306903839111e-02,2.338687330484390259e-01,4.874328374862670898e-01,5.105666518211364746e-01,5.283218026161193848e-01,7.621536850929260254e-01
1.905797421932220459e-01,5.342450737953186035e-01,2.868845462799072266e-01,2.859928011894226074e-01,4.745366573333740234e-01,7.635201811790466309e-01
1.000000000000000000e+00,1.000000000000000000e+00,7.566789537668228149e-02,0.000000000000000000e+00,0.000000000000000000e+00,0.000000000000000000e+00
