# CPU,RAM,NetworkR,NetworkW,DiskW,DiskR
1.090918704867362976e-01,1.103631481528282166e-01,1.000000000000000000e+00,9.237857460975646973e-01,9.265735149383544922e-01,9.278477430343627930e-01
7.037850469350814819e-02,2.027801126241683960e-01,9.998359680175781250e-01,8.944538831710815430e-01,9.241434931755065918e-01,9.024160504341125488e-01
7.087776064872741699e-02,3.474904596805572510e-01,9.117950797080993652e-01,8.592766523361206055e-01,9.014507532119750977e-01,8.948788642883300781e-01
7.082213461399078369e-02,2.671069204807281494e-01,9.162554144859313965e-01,8.440399169921875000e-01,8.189789652824401855e-01,8.772882819175720215e-01
7.036194205284118652e-02,2.409778237342834473e-01,8.593069911003112793e-01,8.023376464843750000e-01,5.747528076171875000e-01,7.711450457572937012e-01
7.404679059982299805e-02,2.587872147560119629e-01,6.095815300941467285e-01,6.782698631286621094e-01,5.497176647186279297e-01,7.633538842201232910e-01
7.280325889587402344e-02,1.828838884830474854e-01,6.282666325569152832e-01,6.457496285438537598e-01,5.592335462570190430e-01,7.827374339103698730e-01
7.576622068881988525e-02,2.815681397914886475e-01,4.464782178401947021e-01,4.788351058959960938e-01,4.827432036399841309e-01,7.431143522262573242e-01
1.923441439867019653e-01,6.750553250312805176e-01,2.399614751338958740e-01,2.489010095596313477e-01,3.607209920883178711e-01,7.037797570228576660e-01
1.000000000000000000e+00,1.000000000000000000e+00,7.508132606744766235e-02,0.000000000000000000e+00,0.000000000000000000e+00,0.000000000000000000e+00
