# CPU,RAM,NetworkR,NetworkW,DiskW,DiskR
1.090574562549591064e-01,1.103487163782119751e-01,1.000000000000000000e+00,9.237877130508422852e-01,9.265745878219604492e-01,9.278482198715209961e-01
7.077008485794067383e-02,1.292896866798400879e-01,1.000000000000000000e+00,8.995985388755798340e-01,9.260960817337036133e-01,9.192319512367248535e-01
7.189784198999404907e-02,1.550181508064270020e-01,9.835237264633178711e-01,8.823568224906921387e-01,9.197446703910827637e-01,9.181069135665893555e-01
7.160317897796630859e-02,2.309117764234542847e-01,9.233497381210327148e-01,8.464774489402770996e-01,8.623906373977661133e-01,8.954577445983886719e-01
7.079883664846420288e-02,1.924549192190170288e-01,8.664984107017517090e-01,7.962345480918884277e-01,5.894358158111572266e-01,8.010676503181457520e-01
7.884912192821502686e-02,2.729423046112060547e-01,5.291776657104492188e-01,6.281170248985290527e-01,5.265783071517944336e-01,7.522640228271484375e-01
7.506982982158660889e-02,1.897169053554534912e-01,5.491990447044372559e-01,5.924277901649475098e-01,5.308411717414855957e-01,7.644420862197875977e-01
7.422395795583724976e-02,2.133305072784423828e-01,4.961286783218383789e-01,4.919360876083374023e-01,5.294997692108154297e-01,7.747514843940734863e-01
1.422258019447326660e-01,3.136244416236877441e-01,3.465630114078521729e-01,2.949826419353485107e-01,5.410664081573486328e-01,7.904335260391235352e-01
1.000000000000000000e+00,1.000000000000000000e+00,7.503578066825866699e-02,0.000000000000000000e+00,0.000000000000000000e+00,0.000000000000000000e+00
