# CPU,RAM,NetworkR,NetworkW,DiskW,DiskR
1.091020703315734863e-01,1.106993108987808228e-01,1.000000000000000000e+00,9.237930178642272949e-01,9.265670180320739746e-01,9.278545379638671875e-01
7.128703594207763672e-02,9.452322870492935181e-02,1.000000000000000000e+00,9.052015542984008789e-01,9.268671870231628418e-01,9.231157898902893066e-01
7.289224117994308472e-02,1.553997546434402466e-01,9.608018994331359863e-01,8.758674263954162598e-01,9.188407063484191895e-01,9.169493913650512695e-01
7.246314734220504761e-02,1.578828990459442139e-01,9.619188904762268066e-01,8.622337579727172852e-01,8.867658376693725586e-01,9.073699712753295898e-01
7.247120887041091919e-02,1.539416909217834473e-01,8.657360076904296875e-01,7.947379350662231445e-01,6.524332761764526367e-01,8.365643024444580078e-01
1.046627163887023926e-01,2.539894282817840576e-01,5.091841220855712891e-01,6.135339140892028809e-01,6.024944186210632324e-01,7.926763296127319336e-01
1.329574286937713623e-01,3.237401247024536133e-01,3.755829334259033203e-01,4.884268045425415039e-01,5.170274376869201660e-01,7.606427073478698730e-01
1.518011242151260376e-01,3.879778683185577393e-01,2.860960662364959717e-01,3.566366434097290039e-01,4.454202055931091309e-01,7.342832684516906738e-01
1.227379292249679565e-01,1.196476295590400696e-01,3.436038494110107422e-01,3.031620681285858154e-01,4.699766635894775391e-01,7.320312261581420898e-01
1.000000000000000000e+00,1.000000000000000000e+00,7.283744961023330688e-02,0.000000000000000000e+00,0.000000000000000000e+00,0.000000000000000000e+00
