# CPU,RAM,NetworkR,NetworkW,DiskW,DiskR
1.089645326137542725e-01,1.103023886680603027e-01,1.000000000000000000e+00,9.237864613533020020e-01,9.265747666358947754e-01,9.278469681739807129e-01
7.080923765897750854e-02,1.815232187509536743e-01,9.871248006820678711e-01,8.941089510917663574e-01,9.255489110946655273e-01,9.167357087135314941e-01
7.201679050922393799e-02,1.813531666994094849e-01,9.705241918563842773e-01,8.789024353027343750e-01,9.184793829917907715e-01,9.173437356948852539e-01
7.150696963071823120e-02,2.449506074190139771e-01,9.230885505676269531e-01,8.479586243629455566e-01,8.637731075286865234e-01,8.965365886688232422e-01
7.059344649314880371e-02,1.902337521314620972e-01,8.967753648757934570e-01,8.102833628654479980e-01,6.165050864219665527e-01,8.144176602363586426e-01
7.608365267515182495e-02,2.768904864788055420e-01,5.850147008895874023e-01,6.601674556732177734e-01,5.784855484962463379e-01,7.831528782844543457e-01
7.532142102718353271e-02,1.828226596117019653e-01,6.085911989212036133e-01,6.220148205757141113e-01,5.831217169761657715e-01,7.962452173233032227e-01
7.390352338552474976e-02,2.309286892414093018e-01,4.989689290523529053e-01,4.968754649162292480e-01,5.162623524665832520e-01,7.675642371177673340e-01
1.235336214303970337e-01,3.267010152339935303e-01,3.171886801719665527e-01,2.807022631168365479e-01,4.539492130279541016e-01,7.368433475494384766e-01
1.000000000000000000e+00,1.000000000000000000e+00,7.540562003850936890e-02,0.000000000000000000e+00,0.000000000000000000e+00,0.000000000000000000e+00
