# CPU,RAM,NetworkR,NetworkW,DiskW,DiskR
1.090647727251052856e-01,1.108507141470909119e-01,1.000000000000000000e+00,9.237950444221496582e-01,9.265633225440979004e-01,9.278570413589477539e-01
7.114762067794799805e-02,1.507100760936737061e-01,9.909238815307617188e-01,8.955517411231994629e-01,9.261097908020019531e-01,9.196957349777221680e-01
8.292926102876663208e-02,2.249400764703750610e-01,9.096319675445556641e-01,8.626318573951721191e-01,9.206598997116088867e-01,9.182636141777038574e-01
1.141984835267066956e-01,5.778474211692810059e-01,7.059196829795837402e-01,7.904757857322692871e-01,8.643698096275329590e-01,8.960248827934265137e-01
1.565466076135635376e-01,5.335097908973693848e-01,6.049107313156127930e-01,7.323223352432250977e-01,7.852521538734436035e-01,8.709962964057922363e-01
1.118741557002067566e-01,5.637282133102416992e-01,4.687062501907348633e-01,6.480317711830139160e-01,6.151737570762634277e-01,8.164432048797607422e-01
7.195281982421875000e-02,1.000000000000000000e+00,4.232927858829498291e-01,6.744715571403503418e-01,3.213450908660888672e-01,8.134683966636657715e-01
1.000000000000000000e+00,9.812341332435607910e-01,2.671264410018920898e-01,4.713883101940155029e-01,8.233735710382461548e-02,5.015152692794799805e-01
7.449002563953399658e-02,7.472215592861175537e-02,1.947374939918518066e-01,3.064219653606414795e-01,0.000000000000000000e+00,0.000000000000000000e+00
1.595773696899414062e-01,8.062106370925903320e-02,7.730515301227569580e-02,0.000000000000000000e+00,0.000000000000000000e+00,0.000000000000000000e+00
