# CPU,RAM,NetworkR,NetworkW,DiskW,DiskR
1.091511622071266174e-01,1.107417196035385132e-01,1.000000000000000000e+00,9.237935543060302734e-01,9.265663027763366699e-01,9.278553724288940430e-01
7.137023657560348511e-02,9.418476372957229614e-02,1.000000000000000000e+00,9.050724506378173828e-01,9.268785119056701660e-01,9.231486320495605469e-01
7.410260289907455444e-02,4.484145641326904297e-01,8.013359904289245605e-01,8.365741372108459473e-01,8.971722126007080078e-01,9.011625051498413086e-01
8.673842996358871460e-02,1.793572157621383667e-01,9.092958569526672363e-01,8.495040535926818848e-01,8.993989229202270508e-01,9.111191630363464355e-01
9.674886614084243774e-02,3.562135100364685059e-01,6.529827713966369629e-01,7.399008870124816895e-01,7.501040101051330566e-01,8.542106151580810547e-01
1.452975422143936157e-01,4.625657498836517334e-01,4.965771436691284180e-01,6.440994739532470703e-01,6.716055274009704590e-01,8.307252526283264160e-01
9.564720839262008667e-02,1.000000000000000000e+00,3.759911954402923584e-01,6.302379965782165527e-01,2.781302928924560547e-01,8.248915672302246094e-01
1.000000000000000000e+00,1.000000000000000000e+00,2.284805774688720703e-01,4.310908317565917969e-01,5.240703374147415161e-02,5.548676848411560059e-01
7.602128386497497559e-02,7.253734767436981201e-02,1.502350717782974243e-01,2.730602324008941650e-01,0.000000000000000000e+00,0.000000000000000000e+00
1.893274784088134766e-01,7.800233364105224609e-02,7.621312886476516724e-02,0.000000000000000000e+00,0.000000000000000000e+00,0.000000000000000000e+00
