# CPU,RAM,NetworkR,NetworkW,DiskW,DiskR
1.091296076774597168e-01,1.107667312026023865e-01,1.000000000000000000e+00,9.237940907478332520e-01,9.265657067298889160e-01,9.278557896614074707e-01
7.114759832620620728e-02,1.461150646209716797e-01,9.930035471916198730e-01,8.960890173912048340e-01,9.261798858642578125e-01,9.199533462524414062e-01
7.697324454784393311e-02,1.670775264501571655e-01,9.534765481948852539e-01,8.742612600326538086e-01,9.214955568313598633e-01,9.196254611015319824e-01
7.445249706506729126e-02,1.834564357995986938e-01,9.429358839988708496e-01,8.593635559082031250e-01,8.998839855194091797e-01,9.118416309356689453e-01
8.202220499515533447e-02,2.218877971172332764e-01,7.816961407661437988e-01,7.715945839881896973e-01,7.645587921142578125e-01,8.625991344451904297e-01
1.517613977193832397e-01,3.037599921226501465e-01,5.299391746520996094e-01,6.303372383117675781e-01,6.641263961791992188e-01,8.224637508392333984e-01
1.551026701927185059e-01,1.000000000000000000e+00,3.625902831554412842e-01,5.783532261848449707e-01,3.666954636573791504e-01,8.513965010643005371e-01
1.000000000000000000e+00,9.924040436744689941e-01,1.677596718072891235e-01,2.937623262405395508e-01,2.598065137863159180e-02,2.148987352848052979e-01
8.267575502395629883e-02,7.199292629957199097e-02,1.456039547920227051e-01,2.447983622550964355e-01,0.000000000000000000e+00,0.000000000000000000e+00
2.744785249233245850e-01,7.896456867456436157e-02,7.518215477466583252e-02,0.000000000000000000e+00,0.000000000000000000e+00,0.000000000000000000e+00
