# CPU,RAM,NetworkR,NetworkW,DiskW,DiskR
1.091778874397277832e-01,1.108014732599258423e-01,1.000000000000000000e+00,9.237928986549377441e-01,9.265645146369934082e-01,9.278559088706970215e-01
7.110934704542160034e-02,1.435475349426269531e-01,9.948546886444091797e-01,8.965476155281066895e-01,9.262060523033142090e-01,9.200326800346374512e-01
7.261405140161514282e-02,1.427223533391952515e-01,9.873928427696228027e-01,8.842191100120544434e-01,9.208155274391174316e-01,9.199853539466857910e-01
7.188460230827331543e-02,1.549020111560821533e-01,9.770742058753967285e-01,8.679897189140319824e-01,8.933735489845275879e-01,9.101431369781494141e-01
7.878715544939041138e-02,1.810714602470397949e-01,8.019518852233886719e-01,7.685325741767883301e-01,7.154719233512878418e-01,8.479731678962707520e-01
1.924712955951690674e-01,2.934565544128417969e-01,5.300722718238830566e-01,6.230252385139465332e-01,7.097551226615905762e-01,8.380391001701354980e-01
1.716162115335464478e-01,1.000000000000000000e+00,3.732438683509826660e-01,5.920830368995666504e-01,2.949161827564239502e-01,8.545919656753540039e-01
1.000000000000000000e+00,9.063422083854675293e-01,1.655075252056121826e-01,3.066531121730804443e-01,3.232695162296295166e-02,2.849357724189758301e-01
7.521560788154602051e-02,7.175908237695693970e-02,1.413173675537109375e-01,2.363382875919342041e-01,0.000000000000000000e+00,0.000000000000000000e+00
1.930015236139297485e-01,7.669696211814880371e-02,7.698025554418563843e-02,0.000000000000000000e+00,0.000000000000000000e+00,0.000000000000000000e+00
