# CPU,RAM,NetworkR,NetworkW,DiskW,DiskR
1.091092079877853394e-01,1.106210574507713318e-01,1.000000000000000000e+00,9.237919449806213379e-01,9.265688657760620117e-01,9.278532266616821289e-01
7.036425918340682983e-02,2.930674850940704346e-01,9.834211468696594238e-01,8.895635604858398438e-01,9.226161241531372070e-01,8.912708759307861328e-01
7.108354568481445312e-02,3.215276002883911133e-01,9.163137078285217285e-01,8.609625101089477539e-01,9.036244750022888184e-01,8.969793319702148438e-01
7.052423804998397827e-02,2.928843498229980469e-01,9.216102361679077148e-01,8.463343381881713867e-01,8.113662004470825195e-01,8.721689581871032715e-01
7.018813490867614746e-02,2.309033274650573730e-01,8.961095809936523438e-01,8.146785497665405273e-01,5.513725280761718750e-01,7.377987504005432129e-01
7.219392806291580200e-02,2.509116530418395996e-01,6.015092730522155762e-01,6.740011572837829590e-01,4.808594584465026855e-01,7.077703475952148438e-01
7.205101102590560913e-02,2.770165503025054932e-01,5.204044580459594727e-01,5.995986461639404297e-01,4.779001474380493164e-01,7.173305153846740723e-01
7.313925772905349731e-02,2.249299436807632446e-01,5.196181535720825195e-01,5.237184762954711914e-01,5.168882608413696289e-01,7.608739137649536133e-01
1.262545883655548096e-01,3.826767206192016602e-01,3.059677183628082275e-01,2.890021204948425293e-01,4.370392560958862305e-01,7.256247997283935547e-01
1.000000000000000000e+00,1.000000000000000000e+00,7.627937197685241699e-02,0.000000000000000000e+00,0.000000000000000000e+00,0.000000000000000000e+00
