# CPU,RAM,NetworkR,NetworkW,DiskW,DiskR
1.091576665639877319e-01,1.108031347393989563e-01,1.000000000000000000e+00,9.237930774688720703e-01,9.265643954277038574e-01,9.278559684753417969e-01
7.133716344833374023e-02,9.100705385208129883e-02,1.000000000000000000e+00,9.063195586204528809e-01,9.269346594810485840e-01,9.234641194343566895e-01
7.367794960737228394e-02,2.225563377141952515e-01,9.015568494796752930e-01,8.600445985794067383e-01,9.140297770500183105e-01,9.117925763130187988e-01
7.372558861970901489e-02,1.528179496526718140e-01,9.602379202842712402e-01,8.639289736747741699e-01,8.935158252716064453e-01,9.104511737823486328e-01
8.163588494062423706e-02,2.183083146810531616e-01,7.371566295623779297e-01,7.518969774246215820e-01,6.920194029808044434e-01,8.362782001495361328e-01
1.132736355066299438e-01,2.519156932830810547e-01,5.506197810173034668e-01,6.462109684944152832e-01,6.592192053794860840e-01,8.197619915008544922e-01
1.690266877412796021e-01,9.166636466979980469e-01,3.280388116836547852e-01,5.059776902198791504e-01,4.754748344421386719e-01,8.085291385650634766e-01
3.450522124767303467e-01,6.276096701622009277e-01,1.822808682918548584e-01,2.827624678611755371e-01,1.524157673120498657e-01,4.671450853347778320e-01
8.980534970760345459e-02,8.797650039196014404e-02,1.333714872598648071e-01,1.691871732473373413e-01,3.691862523555755615e-02,0.000000000000000000e+00
5.743026137351989746e-01,1.708669364452362061e-01,7.244790345430374146e-02,0.000000000000000000e+00,0.000000000000000000e+00,0.000000000000000000e+00
