# CPU,RAM,NetworkR,NetworkW,DiskW,DiskR
1.090850830078125000e-01,1.105504333972930908e-01,1.000000000000000000e+00,9.237899780273437500e-01,9.265698790550231934e-01,9.278515577316284180e-01
7.089082896709442139e-02,1.255474686622619629e-01,1.000000000000000000e+00,8.995219469070434570e-01,9.261769056320190430e-01,9.198724627494812012e-01
7.179353386163711548e-02,1.997578442096710205e-01,9.527127146720886230e-01,8.732470273971557617e-01,9.155667424201965332e-01,9.143300652503967285e-01
7.167802751064300537e-02,2.486454546451568604e-01,9.071929454803466797e-01,8.420473933219909668e-01,8.501769304275512695e-01,8.915243744850158691e-01
7.065538316965103149e-02,2.071911990642547607e-01,8.537563681602478027e-01,7.948672771453857422e-01,5.647889971733093262e-01,7.836404442787170410e-01
7.674629241228103638e-02,2.744300067424774170e-01,5.293486118316650391e-01,6.340141296386718750e-01,5.011309981346130371e-01,7.352920770645141602e-01
7.437932491302490234e-02,2.018885910511016846e-01,5.386241674423217773e-01,5.939047932624816895e-01,5.127083659172058105e-01,7.521594166755676270e-01
7.343536615371704102e-02,2.290623635053634644e-01,4.856410622596740723e-01,4.946584105491638184e-01,5.022273063659667969e-01,7.574177980422973633e-01
1.135950982570648193e-01,2.893642485141754150e-01,3.289822340011596680e-01,2.900789082050323486e-01,4.582086205482482910e-01,7.378059029579162598e-01
1.000000000000000000e+00,1.000000000000000000e+00,7.565143704414367676e-02,0.000000000000000000e+00,0.000000000000000000e+00,0.000000000000000000e+00
