# CPU,RAM,NetworkR,NetworkW,DiskW,DiskR
1.091088652610778809e-01,1.106584668159484863e-01,1.000000000000000000e+00,9.237938523292541504e-01,9.265685677528381348e-01,9.278543591499328613e-01
7.085578888654708862e-02,2.028381526470184326e-01,9.800122976303100586e-01,8.925467133522033691e-01,9.253928661346435547e-01,9.163329601287841797e-01
7.338745892047882080e-02,1.134203001856803894e-01,1.000000000000000000e+00,8.921777009963989258e-01,9.230906367301940918e-01,9.223229885101318359e-01
7.830734550952911377e-02,2.253207862377166748e-01,8.869518041610717773e-01,8.374928236007690430e-01,8.934427499771118164e-01,9.052834510803222656e-01
1.396195590496063232e-01,4.515639543533325195e-01,6.017902493476867676e-01,7.059186100959777832e-01,7.464171648025512695e-01,8.515624403953552246e-01
2.390210926532745361e-01,8.165890574455261230e-01,4.069402515888214111e-01,5.962025523185729980e-01,5.944523215293884277e-01,8.288069963455200195e-01
7.806584239006042480e-02,1.000000000000000000e+00,3.436166644096374512e-01,6.206921339035034180e-01,2.060532867908477783e-01,7.312012314796447754e-01
1.000000000000000000e+00,1.000000000000000000e+00,2.096881270408630371e-01,4.011000990867614746e-01,4.410940036177635193e-02,5.062698125839233398e-01
7.585244625806808472e-02,7.487215101718902588e-02,1.481279879808425903e-01,2.670683860778808594e-01,0.000000000000000000e+00,0.000000000000000000e+00
1.840331405401229858e-01,8.032033592462539673e-02,7.533229887485504150e-02,0.000000000000000000e+00,0.000000000000000000e+00,0.000000000000000000e+00
