# CPU,RAM,NetworkR,NetworkW,DiskW,DiskR
1.090513020753860474e-01,1.107980981469154358e-01,1.000000000000000000e+00,9.237942099571228027e-01,9.265643954277038574e-01,9.278560876846313477e-01
7.140345871448516846e-02,8.487422764301300049e-02,1.000000000000000000e+00,9.088231325149536133e-01,9.270486831665039062e-01,9.241190552711486816e-01
7.336933165788650513e-02,2.776635289192199707e-01,8.587487936019897461e-01,8.488807678222656250e-01,9.067276716232299805e-01,9.050992727279663086e-01
7.352101802825927734e-02,1.482888460159301758e-01,9.589956402778625488e-01,8.636103272438049316e-01,8.874263763427734375e-01,9.088175892829895020e-01
7.178417593240737915e-02,1.796386837959289551e-01,8.366889953613281250e-01,7.893801927566528320e-01,6.102391481399536133e-01,8.149056434631347656e-01
8.976551145315170288e-02,2.283975929021835327e-01,5.306880474090576172e-01,6.323006749153137207e-01,5.588887333869934082e-01,7.730923295021057129e-01
1.163368523120880127e-01,2.252483367919921875e-01,4.230061769485473633e-01,5.196887850761413574e-01,5.221111178398132324e-01,7.573104500770568848e-01
1.302682608366012573e-01,2.949551939964294434e-01,3.331487476825714111e-01,3.958075046539306641e-01,5.105690360069274902e-01,7.644147276878356934e-01
1.436197161674499512e-01,1.554447412490844727e-01,3.602930307388305664e-01,3.190394937992095947e-01,5.488340854644775391e-01,7.885766625404357910e-01
1.000000000000000000e+00,1.000000000000000000e+00,7.368606328964233398e-02,0.000000000000000000e+00,0.000000000000000000e+00,0.000000000000000000e+00
