# CPU,RAM,NetworkR,NetworkW,DiskW,DiskR
1.090424880385398865e-01,1.107590794563293457e-01,1.000000000000000000e+00,9.237949252128601074e-01,9.265657663345336914e-01,9.278558492660522461e-01
7.142908871173858643e-02,8.638758957386016846e-02,1.000000000000000000e+00,9.080197215080261230e-01,9.270213842391967773e-01,9.239337444305419922e-01
8.034516125917434692e-02,4.026401340961456299e-01,7.838924527168273926e-01,8.316339254379272461e-01,9.043858647346496582e-01,9.042887091636657715e-01
1.705584377050399780e-01,6.072273850440979004e-01,6.268596053123474121e-01,7.632671594619750977e-01,8.318157196044921875e-01,8.833440542221069336e-01
2.067702114582061768e-01,6.723182201385498047e-01,4.854436218738555908e-01,6.883346438407897949e-01,6.799821853637695312e-01,8.410603404045104980e-01
1.090622395277023315e-01,6.459620594978332520e-01,4.198193848133087158e-01,6.400409936904907227e-01,5.712872743606567383e-01,8.044762611389160156e-01
7.191021740436553955e-02,1.000000000000000000e+00,3.777011930942535400e-01,6.812419295310974121e-01,2.050006985664367676e-01,6.288375258445739746e-01
1.000000000000000000e+00,1.000000000000000000e+00,2.694644629955291748e-01,4.555487632751464844e-01,8.193802088499069214e-02,7.413526773452758789e-01
7.078893482685089111e-02,8.178788423538208008e-02,1.306426376104354858e-01,2.816485464572906494e-01,0.000000000000000000e+00,0.000000000000000000e+00
1.569092273712158203e-01,1.041386798024177551e-01,7.367154955863952637e-02,0.000000000000000000e+00,0.000000000000000000e+00,0.000000000000000000e+00
