# CPU,RAM,NetworkR,NetworkW,DiskW,DiskR
1.090137809514999390e-01,1.105718836188316345e-01,1.000000000000000000e+00,9.237939715385437012e-01,9.265705347061157227e-01,9.278531670570373535e-01
7.146524637937545776e-02,9.517096728086471558e-02,1.000000000000000000e+00,9.044935703277587891e-01,9.268843531608581543e-01,9.230901598930358887e-01
7.664784789085388184e-02,3.755081295967102051e-01,8.236634135246276855e-01,8.424245119094848633e-01,9.082677960395812988e-01,9.081893563270568848e-01
7.511982321739196777e-02,1.479555368423461914e-01,9.600066542625427246e-01,8.668557405471801758e-01,8.988150954246520996e-01,9.133832454681396484e-01
7.149618864059448242e-02,1.727653741836547852e-01,8.808119893074035645e-01,8.097628951072692871e-01,6.811614632606506348e-01,8.446440100669860840e-01
7.987743616104125977e-02,1.745999753475189209e-01,6.350820660591125488e-01,6.776409149169921875e-01,5.581467747688293457e-01,7.841824889183044434e-01
1.113629043102264404e-01,2.262748330831527710e-01,4.319407641887664795e-01,5.224415659904479980e-01,5.266443490982055664e-01,7.599573135375976562e-01
1.349215358495712280e-01,2.846318185329437256e-01,3.190247416496276855e-01,3.811396360397338867e-01,4.663516283035278320e-01,7.364817261695861816e-01
1.302216053009033203e-01,1.357429176568984985e-01,3.821292817592620850e-01,3.334931135177612305e-01,5.615531206130981445e-01,7.903890013694763184e-01
1.000000000000000000e+00,1.000000000000000000e+00,7.402120530605316162e-02,0.000000000000000000e+00,0.000000000000000000e+00,0.000000000000000000e+00
