# CPU,RAM,NetworkR,NetworkW,DiskW,DiskR
1.090863645076751709e-01,1.105343326926231384e-01,1.000000000000000000e+00,9.237926006317138672e-01,9.265714883804321289e-01,9.278523921966552734e-01
7.049356400966644287e-02,2.697608470916748047e-01,9.791237115859985352e-01,8.902556300163269043e-01,9.237255454063415527e-01,9.043488502502441406e-01
7.223956286907196045e-02,1.936548799276351929e-01,9.607188105583190918e-01,8.747726082801818848e-01,9.167422652244567871e-01,9.137601852416992188e-01
7.104953378438949585e-02,2.458401769399642944e-01,9.315747618675231934e-01,8.508283495903015137e-01,8.569421172142028809e-01,8.932503461837768555e-01
7.032327353954315186e-02,1.946740448474884033e-01,9.130463600158691406e-01,8.173018097877502441e-01,5.892047882080078125e-01,7.913674116134643555e-01
7.385309785604476929e-02,2.389543056488037109e-01,6.008857488632202148e-01,6.660202145576477051e-01,5.265784859657287598e-01,7.514181733131408691e-01
7.332003116607666016e-02,2.306554466485977173e-01,5.517047047615051270e-01,6.023420095443725586e-01,5.308147072792053223e-01,7.615700960159301758e-01
7.301825284957885742e-02,2.170086801052093506e-01,5.220327973365783691e-01,5.135715603828430176e-01,5.162611007690429688e-01,7.648776769638061523e-01
1.094104200601577759e-01,3.103005290031433105e-01,3.177244067192077637e-01,2.845733761787414551e-01,4.235166013240814209e-01,7.112627029418945312e-01
1.000000000000000000e+00,1.000000000000000000e+00,7.611477375030517578e-02,0.000000000000000000e+00,0.000000000000000000e+00,0.000000000000000000e+00
