# CPU,RAM,NetworkR,NetworkW,DiskW,DiskR
1.090552583336830139e-01,1.106770485639572144e-01,1.000000000000000000e+00,9.237874150276184082e-01,9.265649914741516113e-01,9.278520345687866211e-01
7.092364877462387085e-02,9.632881730794906616e-02,1.000000000000000000e+00,9.057011008262634277e-01,9.266560077667236328e-01,9.224217534065246582e-01
7.154630869626998901e-02,2.257110327482223511e-01,9.292672276496887207e-01,8.661898970603942871e-01,9.115008115768432617e-01,9.097120761871337891e-01
7.225356251001358032e-02,2.457776069641113281e-01,8.905566334724426270e-01,8.361732363700866699e-01,8.421127200126647949e-01,8.882092237472534180e-01
7.117433845996856689e-02,2.091234326362609863e-01,8.144885301589965820e-01,7.826748490333557129e-01,5.710093379020690918e-01,7.898268699645996094e-01
7.992655038833618164e-02,3.138536810874938965e-01,5.037904381752014160e-01,6.276928782463073730e-01,5.249522328376770020e-01,7.518309354782104492e-01
7.752019166946411133e-02,1.627596616744995117e-01,5.797013640403747559e-01,6.124982237815856934e-01,5.545047521591186523e-01,7.816956043243408203e-01
7.630108296871185303e-02,2.459250241518020630e-01,4.505378305912017822e-01,4.784763455390930176e-01,5.178248882293701172e-01,7.694479823112487793e-01
1.446948200464248657e-01,3.275223374366760254e-01,3.214227855205535889e-01,2.915692031383514404e-01,5.036213994026184082e-01,7.721254229545593262e-01
1.000000000000000000e+00,1.000000000000000000e+00,7.492608577013015747e-02,0.000000000000000000e+00,0.000000000000000000e+00,0.000000000000000000e+00
