# CPU,RAM,NetworkR,NetworkW,DiskW,DiskR
1.095383390784263611e-01,1.106769964098930359e-01,1.000000000000000000e+00,9.237642884254455566e-01,9.265580773353576660e-01,9.278444647789001465e-01
7.028598338365554810e-02,2.081781923770904541e-01,1.000000000000000000e+00,8.940455317497253418e-01,9.229787588119506836e-01,8.872231245040893555e-01
7.046210765838623047e-02,3.674827218055725098e-01,9.164547324180603027e-01,8.570632934570312500e-01,8.898677229881286621e-01,8.702958822250366211e-01
7.030179351568222046e-02,3.019278943538665771e-01,9.133903384208679199e-01,8.382909297943115234e-01,7.401048541069030762e-01,8.258769512176513672e-01
7.044339925050735474e-02,3.208812773227691650e-01,7.568531632423400879e-01,7.690373659133911133e-01,5.384720563888549805e-01,7.189868092536926270e-01
7.242083549499511719e-02,2.468183338642120361e-01,6.183332800865173340e-01,6.847405433654785156e-01,5.054734349250793457e-01,7.298516035079956055e-01
7.183565199375152588e-02,1.797038316726684570e-01,6.451733112335205078e-01,6.580041050910949707e-01,5.552620887756347656e-01,7.796688675880432129e-01
8.082444965839385986e-02,3.054042756557464600e-01,4.145553410053253174e-01,4.572477936744689941e-01,4.832727313041687012e-01,7.422047853469848633e-01
5.976044535636901855e-01,1.000000000000000000e+00,1.758301556110382080e-01,2.081338763236999512e-01,1.088394299149513245e-01,5.852079987525939941e-01
1.000000000000000000e+00,1.000000000000000000e+00,7.521815598011016846e-02,0.000000000000000000e+00,0.000000000000000000e+00,0.000000000000000000e+00
