# CPU,RAM,NetworkR,NetworkW,DiskW,DiskR
1.091775596141815186e-01,1.107998937368392944e-01,1.000000000000000000e+00,9.237934350967407227e-01,9.265647530555725098e-01,9.278560876846313477e-01
7.103982567787170410e-02,1.742849946022033691e-01,9.841983914375305176e-01,8.939006328582763672e-01,9.258562326431274414e-01,9.185974001884460449e-01
7.912551611661911011e-02,1.430099159479141235e-01,9.728417992591857910e-01,8.794684410095214844e-01,9.231593012809753418e-01,9.213130474090576172e-01
9.826811403036117554e-02,3.556365966796875000e-01,8.084674477577209473e-01,8.184998035430908203e-01,8.941599726676940918e-01,9.058161377906799316e-01
1.600799560546875000e-01,5.615488886833190918e-01,6.067950129508972168e-01,7.263870835304260254e-01,7.884456515312194824e-01,8.718181848526000977e-01
1.844643950462341309e-01,6.627993583679199219e-01,4.406757652759552002e-01,6.218683719635009766e-01,6.195678114891052246e-01,8.244193792343139648e-01
7.765518873929977417e-02,1.000000000000000000e+00,3.770845532417297363e-01,6.397296190261840820e-01,2.964595854282379150e-01,8.150666952133178711e-01
1.000000000000000000e+00,1.000000000000000000e+00,2.313733547925949097e-01,4.696998596191406250e-01,6.033913046121597290e-02,3.726288974285125732e-01
8.073320239782333374e-02,7.703701406717300415e-02,1.791154444217681885e-01,2.949099540710449219e-01,0.000000000000000000e+00,0.000000000000000000e+00
1.512002646923065186e-01,7.825125753879547119e-02,7.762458920478820801e-02,0.000000000000000000e+00,0.000000000000000000e+00,0.000000000000000000e+00
