# CPU,RAM,NetworkR,NetworkW,DiskW,DiskR
1.091652810573577881e-01,1.106114238500595093e-01,1.000000000000000000e+00,9.237928986549377441e-01,9.265698790550231934e-01,9.278535842895507812e-01
7.019919157028198242e-02,4.702346026897430420e-01,9.751039743423461914e-01,8.820759654045104980e-01,9.148948788642883301e-01,7.891805768013000488e-01
7.188970595598220825e-02,2.770227491855621338e-01,9.043294191360473633e-01,8.559597730636596680e-01,9.040457010269165039e-01,8.829897642135620117e-01
7.070998847484588623e-02,2.894777357578277588e-01,9.030466675758361816e-01,8.429039716720581055e-01,8.205133676528930664e-01,8.700098395347595215e-01
7.024754583835601807e-02,2.467480301856994629e-01,8.731518387794494629e-01,8.109965920448303223e-01,5.659720301628112793e-01,7.445052266120910645e-01
7.289569079875946045e-02,2.807042002677917480e-01,5.830581784248352051e-01,6.749863624572753906e-01,4.961472749710083008e-01,7.165843248367309570e-01
7.210329174995422363e-02,2.831429541110992432e-01,5.160386562347412109e-01,6.106805205345153809e-01,4.672667086124420166e-01,7.069324254989624023e-01
7.302204519510269165e-02,2.434949278831481934e-01,4.850377738475799561e-01,5.209362506866455078e-01,4.659089148044586182e-01,7.228624224662780762e-01
1.181564480066299438e-01,4.757692217826843262e-01,2.613592445850372314e-01,2.775406539440155029e-01,3.429373502731323242e-01,6.466361284255981445e-01
1.000000000000000000e+00,1.000000000000000000e+00,7.719627022743225098e-02,0.000000000000000000e+00,0.000000000000000000e+00,0.000000000000000000e+00
