# CPU,RAM,NetworkR,NetworkW,DiskW,DiskR
1.091393008828163147e-01,1.108072400093078613e-01,1.000000000000000000e+00,9.237940311431884766e-01,9.265645742416381836e-01,9.278563261032104492e-01
7.111816853284835815e-02,1.523832678794860840e-01,9.907830357551574707e-01,8.955259919166564941e-01,9.260989427566528320e-01,9.196187853813171387e-01
7.316941767930984497e-02,1.578724086284637451e-01,9.733721613883972168e-01,8.800684809684753418e-01,9.202826619148254395e-01,9.192868471145629883e-01
7.203337550163269043e-02,1.591663807630538940e-01,9.738270044326782227e-01,8.676284551620483398e-01,8.940966725349426270e-01,9.105753302574157715e-01
7.083182781934738159e-02,1.643744856119155884e-01,9.110523462295532227e-01,8.124169707298278809e-01,6.439774036407470703e-01,8.321558237075805664e-01
7.862943410873413086e-02,1.838199794292449951e-01,6.030044555664062500e-01,6.519070863723754883e-01,5.343750715255737305e-01,7.666946649551391602e-01
8.422134071588516235e-02,1.918069869279861450e-01,4.693579673767089844e-01,5.345113277435302734e-01,5.031982064247131348e-01,7.445958852767944336e-01
8.183658123016357422e-02,2.000990360975265503e-01,4.250940680503845215e-01,4.400610923767089844e-01,5.205999612808227539e-01,7.640399336814880371e-01
1.122791022062301636e-01,1.939358562231063843e-01,3.397719264030456543e-01,2.868922054767608643e-01,4.780380725860595703e-01,7.482478022575378418e-01
1.000000000000000000e+00,1.000000000000000000e+00,7.486288994550704956e-02,0.000000000000000000e+00,0.000000000000000000e+00,0.000000000000000000e+00
