# CPU,RAM,NetworkR,NetworkW,DiskW,DiskR
1.091021597385406494e-01,1.107668504118919373e-01,1.000000000000000000e+00,9.237937331199645996e-01,9.265654087066650391e-01,9.278556108474731445e-01
7.059320062398910522e-02,2.967863380908966064e-01,9.706879258155822754e-01,8.891695141792297363e-01,9.239262342453002930e-01,9.079316258430480957e-01
7.278501987457275391e-02,1.210519745945930481e-01,1.000000000000000000e+00,8.905556797981262207e-01,9.221035242080688477e-01,9.207838177680969238e-01
7.106064260005950928e-02,1.618795841932296753e-01,9.831238985061645508e-01,8.690375685691833496e-01,8.876978754997253418e-01,9.069556593894958496e-01
7.046087831258773804e-02,1.446868032217025757e-01,9.514687657356262207e-01,8.271980285644531250e-01,6.369817256927490234e-01,8.309777975082397461e-01
7.699874788522720337e-02,1.688254773616790771e-01,6.278001666069030762e-01,6.588491797447204590e-01,5.491774678230285645e-01,7.742475271224975586e-01
7.758459448814392090e-02,1.913367956876754761e-01,5.066431760787963867e-01,5.556545853614807129e-01,5.312476158142089844e-01,7.618696689605712891e-01
7.454416900873184204e-02,2.025783658027648926e-01,4.694615900516510010e-01,4.654838442802429199e-01,5.058377981185913086e-01,7.571927309036254883e-01
9.626089036464691162e-02,2.205613255500793457e-01,3.279445767402648926e-01,2.760417759418487549e-01,4.150012135505676270e-01,6.972448825836181641e-01
1.000000000000000000e+00,1.000000000000000000e+00,7.549991458654403687e-02,0.000000000000000000e+00,0.000000000000000000e+00,0.000000000000000000e+00
