# CPU,RAM,NetworkR,NetworkW,DiskW,DiskR
7.000000029802322388e-02,1.700000017881393433e-01,1.000000000000000000e+00,9.300000071525573730e-01,9.300000071525573730e-01,9.300000071525573730e-01
7.000000029802322388e-02,3.700000047683715820e-01,9.480487704277038574e-01,8.841649889945983887e-01,9.186301827430725098e-01,9.154155850410461426e-01
7.000000029802322388e-02,3.700000047683715820e-01,8.748780488967895508e-01,8.660701513290405273e-01,8.752676248550415039e-01,9.154155850410461426e-01
7.000000029802322388e-02,4.699999988079071045e-01,7.529268264770507812e-01,8.008648753166198730e-01,8.454520702362060547e-01,9.154155850410461426e-01
7.000000029802322388e-02,4.699999988079071045e-01,6.797561049461364746e-01,7.593343853950500488e-01,6.405533552169799805e-01,7.863003015518188477e-01
1.193827167153358459e-01,5.699999928474426270e-01,5.821951031684875488e-01,7.168473601341247559e-01,5.895101428031921387e-01,7.794370055198669434e-01
7.000000029802322388e-02,1.000000000000000000e+00,4.114634096622467041e-01,6.433519124984741211e-01,2.972210645675659180e-01,7.431903481483459473e-01
1.000000000000000000e+00,1.000000000000000000e+00,3.139024376869201660e-01,4.780271053314208984e-01,8.754460513591766357e-02,6.390616893768310547e-01
7.000000029802322388e-02,7.000000029802322388e-02,1.675609648227691650e-01,3.140574097633361816e-01,0.000000000000000000e+00,0.000000000000000000e+00
1.564197540283203125e-01,7.000000029802322388e-02,7.000000029802322388e-02,0.000000000000000000e+00,0.000000000000000000e+00,0.000000000000000000e+00
