# CPU,RAM,NetworkR,NetworkW,DiskW,DiskR
1.091484799981117249e-01,1.107151433825492859e-01,1.000000000000000000e+00,9.237931370735168457e-01,9.265668988227844238e-01,9.278548955917358398e-01
7.131514698266983032e-02,9.645006060600280762e-02,1.000000000000000000e+00,9.045132994651794434e-01,9.268484115600585938e-01,9.229775071144104004e-01
7.764110714197158813e-02,2.720501720905303955e-01,8.660519719123840332e-01,8.517960906028747559e-01,9.149144887924194336e-01,9.124847054481506348e-01
9.884788095951080322e-02,3.389803469181060791e-01,8.000050187110900879e-01,8.168435692787170410e-01,8.856770992279052734e-01,9.028303623199462891e-01
1.177817732095718384e-01,4.953952431678771973e-01,5.933395028114318848e-01,7.230405211448669434e-01,7.397707700729370117e-01,8.537506461143493652e-01
1.900746077299118042e-01,6.438334584236145020e-01,4.584305584430694580e-01,6.366817355155944824e-01,6.654067039489746094e-01,8.376865983009338379e-01
8.186013251543045044e-02,1.000000000000000000e+00,3.702685832977294922e-01,6.469982266426086426e-01,2.401841282844543457e-01,7.877504229545593262e-01
1.000000000000000000e+00,1.000000000000000000e+00,2.435966730117797852e-01,4.818351864814758301e-01,5.806763097643852234e-02,6.092325448989868164e-01
7.639412581920623779e-02,7.560148090124130249e-02,1.499479264020919800e-01,2.840752005577087402e-01,0.000000000000000000e+00,0.000000000000000000e+00
1.694002896547317505e-01,7.856023311614990234e-02,7.628283649682998657e-02,0.000000000000000000e+00,0.000000000000000000e+00,0.000000000000000000e+00
