# CPU,RAM,NetworkR,NetworkW,DiskW,DiskR
1.090357229113578796e-01,1.105765253305435181e-01,1.000000000000000000e+00,9.237943291664123535e-01,9.265707135200500488e-01,9.278534054756164551e-01
7.033802568912506104e-02,4.607287347316741943e-01,9.647678136825561523e-01,8.843302130699157715e-01,9.197274446487426758e-01,8.717106580734252930e-01
7.160115242004394531e-02,2.525344491004943848e-01,9.333856701850891113e-01,8.658730983734130859e-01,9.083893299102783203e-01,9.016724824905395508e-01
7.034952193498611450e-02,3.077987730503082275e-01,9.324311017990112305e-01,8.502458930015563965e-01,8.128029108047485352e-01,8.686975240707397461e-01
7.014116644859313965e-02,2.406947165727615356e-01,9.135589003562927246e-01,8.206350803375244141e-01,5.634251236915588379e-01,7.315768003463745117e-01
7.143279165029525757e-02,2.563770115375518799e-01,6.115009784698486328e-01,6.781386137008666992e-01,4.564580917358398438e-01,6.758587956428527832e-01
7.160386443138122559e-02,3.477388620376586914e-01,4.573579430580139160e-01,5.681189298629760742e-01,4.001400768756866455e-01,6.332591176033020020e-01
7.297369092702865601e-02,2.487157285213470459e-01,4.809632003307342529e-01,5.032237768173217773e-01,4.768786132335662842e-01,7.250285744667053223e-01
1.353576630353927612e-01,4.171198606491088867e-01,3.011490404605865479e-01,2.859373092651367188e-01,4.492056369781494141e-01,7.309586405754089355e-01
1.000000000000000000e+00,1.000000000000000000e+00,7.653468847274780273e-02,0.000000000000000000e+00,0.000000000000000000e+00,0.000000000000000000e+00
