# CPU,RAM,NetworkR,NetworkW,DiskW,DiskR
1.089749336242675781e-01,1.106888949871063232e-01,1.000000000000000000e+00,9.237949848175048828e-01,9.265673756599426270e-01,9.278548955917358398e-01
7.084930688142776489e-02,2.295334041118621826e-01,9.740579128265380859e-01,8.911629319190979004e-01,9.251534938812255859e-01,9.154311418533325195e-01
7.301584631204605103e-02,1.328023374080657959e-01,9.977481961250305176e-01,8.873775601387023926e-01,9.217730760574340820e-01,9.209287166595458984e-01
7.165108621120452881e-02,1.707610189914703369e-01,9.692823886871337891e-01,8.650199770927429199e-01,8.910691142082214355e-01,9.084454178810119629e-01
7.060257345438003540e-02,1.638075113296508789e-01,9.265062808990478516e-01,8.178064227104187012e-01,6.403251290321350098e-01,8.296447396278381348e-01
7.683524489402770996e-02,1.909088194370269775e-01,6.088516712188720703e-01,6.539253592491149902e-01,5.355021357536315918e-01,7.654800415039062500e-01
7.887227833271026611e-02,1.973540186882019043e-01,4.951254129409790039e-01,5.503090023994445801e-01,5.128870606422424316e-01,7.506151199340820312e-01
7.627268135547637939e-02,1.979791522026062012e-01,4.646273553371429443e-01,4.636812210083007812e-01,5.203601121902465820e-01,7.654042243957519531e-01
1.110278666019439697e-01,2.215544432401657104e-01,3.384510874748229980e-01,2.825548648834228516e-01,4.690127074718475342e-01,7.425190210342407227e-01
1.000000000000000000e+00,1.000000000000000000e+00,7.534103095531463623e-02,0.000000000000000000e+00,0.000000000000000000e+00,0.000000000000000000e+00
