# CPU,RAM,NetworkR,NetworkW,DiskW,DiskR
1.091501861810684204e-01,1.106035932898521423e-01,1.000000000000000000e+00,9.237924814224243164e-01,9.265698194503784180e-01,9.278532862663269043e-01
7.042228430509567261e-02,2.425509393215179443e-01,9.883890748023986816e-01,8.918605446815490723e-01,9.237838983535766602e-01,9.020217657089233398e-01
7.180528342723846436e-02,2.290333211421966553e-01,9.465327262878417969e-01,8.703110814094543457e-01,9.144599437713623047e-01,9.100143909454345703e-01
7.117640227079391479e-02,2.505822181701660156e-01,9.262487888336181641e-01,8.490508198738098145e-01,8.552891016006469727e-01,8.922052383422851562e-01
7.036382704973220825e-02,2.012164294719696045e-01,9.029669761657714844e-01,8.148229718208312988e-01,5.946609973907470703e-01,7.938972711563110352e-01
7.385829091072082520e-02,2.683402001857757568e-01,5.974330902099609375e-01,6.695178151130676270e-01,5.477265715599060059e-01,7.635034918785095215e-01
7.344255596399307251e-02,2.269438654184341431e-01,5.781020522117614746e-01,6.182700395584106445e-01,5.538756251335144043e-01,7.770131230354309082e-01
7.316222786903381348e-02,2.203010022640228271e-01,5.232184529304504395e-01,5.175693631172180176e-01,5.123457908630371094e-01,7.633273005485534668e-01
1.073845103383064270e-01,3.355681300163269043e-01,3.010396361351013184e-01,2.791234850883483887e-01,3.891714811325073242e-01,6.837053894996643066e-01
1.000000000000000000e+00,1.000000000000000000e+00,7.622358202934265137e-02,0.000000000000000000e+00,0.000000000000000000e+00,0.000000000000000000e+00
