# CPU,RAM,NetworkR,NetworkW,DiskW,DiskR
1.091536283493041992e-01,1.107296645641326904e-01,1.000000000000000000e+00,9.237934947013854980e-01,9.265666604042053223e-01,9.278551936149597168e-01
7.113967090845108032e-02,1.455297023057937622e-01,9.933893084526062012e-01,8.961805701255798340e-01,9.261838197708129883e-01,9.199601411819458008e-01
7.719361037015914917e-02,1.863993704319000244e-01,9.391800165176391602e-01,8.703880310058593750e-01,9.206228256225585938e-01,9.186801314353942871e-01
8.334338665008544922e-02,2.755593657493591309e-01,8.628227114677429199e-01,8.349480628967285156e-01,8.949825167655944824e-01,9.075552821159362793e-01
1.090719327330589294e-01,4.251013994216918945e-01,6.441913843154907227e-01,7.340904474258422852e-01,7.657927274703979492e-01,8.606913685798645020e-01
1.272970885038375854e-01,5.029680132865905762e-01,4.842296540737152100e-01,6.361857652664184570e-01,6.373788118362426758e-01,8.200109601020812988e-01
8.063520491123199463e-02,1.000000000000000000e+00,3.934115469455718994e-01,6.360614895820617676e-01,3.212545514106750488e-01,8.303937911987304688e-01
1.000000000000000000e+00,1.000000000000000000e+00,2.446281462907791138e-01,4.376193881034851074e-01,5.852061137557029724e-02,6.190716028213500977e-01
7.376194745302200317e-02,7.385402172803878784e-02,1.590045392513275146e-01,2.840958833694458008e-01,0.000000000000000000e+00,0.000000000000000000e+00
1.764104068279266357e-01,8.253210037946701050e-02,7.504969835281372070e-02,0.000000000000000000e+00,0.000000000000000000e+00,0.000000000000000000e+00
