# CPU,RAM,NetworkR,NetworkW,DiskW,DiskR
1.090421974658966064e-01,1.105937361717224121e-01,1.000000000000000000e+00,9.237928390502929688e-01,9.265695810317993164e-01,9.278530478477478027e-01
7.086860388517379761e-02,1.594642847776412964e-01,9.929330945014953613e-01,8.956969380378723145e-01,9.258279800415039062e-01,9.181449413299560547e-01
7.209565490484237671e-02,1.697974652051925659e-01,9.744569063186645508e-01,8.800148963928222656e-01,9.189531803131103516e-01,9.178528785705566406e-01
7.184977084398269653e-02,2.203840315341949463e-01,9.315765500068664551e-01,8.510702252388000488e-01,8.732836842536926270e-01,9.004454016685485840e-01
7.066985219717025757e-02,1.872857213020324707e-01,8.913687467575073242e-01,8.070092201232910156e-01,6.112295389175415039e-01,8.129115104675292969e-01
7.593573629856109619e-02,2.603605985641479492e-01,5.679881572723388672e-01,6.488309502601623535e-01,5.376242399215698242e-01,7.614202499389648438e-01
7.471340149641036987e-02,2.178684771060943604e-01,5.392365455627441406e-01,5.891225337982177734e-01,5.247999429702758789e-01,7.604480981826782227e-01
7.269907742738723755e-02,2.044408619403839111e-01,5.206524729728698730e-01,5.083910822868347168e-01,5.059251785278320312e-01,7.596411108970642090e-01
1.001892462372779846e-01,2.716833353042602539e-01,3.325923979282379150e-01,2.882050871849060059e-01,4.276473820209503174e-01,7.133400440216064453e-01
1.000000000000000000e+00,1.000000000000000000e+00,7.628386467695236206e-02,0.000000000000000000e+00,0.000000000000000000e+00,0.000000000000000000e+00
