# CPU,RAM,NetworkR,NetworkW,DiskW,DiskR
1.090101301670074463e-01,1.108711659908294678e-01,1.000000000000000000e+00,9.237961769104003906e-01,9.265628457069396973e-01,9.278575778007507324e-01
7.137037813663482666e-02,9.324793517589569092e-02,1.000000000000000000e+00,9.053664207458496094e-01,9.268749356269836426e-01,9.231895208358764648e-01
8.126151561737060547e-02,3.519470095634460449e-01,8.171369433403015137e-01,8.399134874343872070e-01,9.110051393508911133e-01,9.093711376190185547e-01
1.328997313976287842e-01,7.597398757934570312e-01,5.668818950653076172e-01,7.442415356636047363e-01,7.656441926956176758e-01,8.666263818740844727e-01
1.603633910417556763e-01,5.810251832008361816e-01,4.994838535785675049e-01,6.915613412857055664e-01,6.715332269668579102e-01,8.320410847663879395e-01
8.500133454799652100e-02,5.849805474281311035e-01,4.115366339683532715e-01,6.352708339691162109e-01,4.941672682762145996e-01,7.583724260330200195e-01
7.106970250606536865e-02,1.000000000000000000e+00,3.958946168422698975e-01,6.676392555236816406e-01,2.703500092029571533e-01,7.567814588546752930e-01
1.000000000000000000e+00,9.364693760871887207e-01,2.796888649463653564e-01,4.553484916687011719e-01,8.588574081659317017e-02,6.544791460037231445e-01
7.150131464004516602e-02,7.480598986148834229e-02,2.045493274927139282e-01,3.299278020858764648e-01,0.000000000000000000e+00,0.000000000000000000e+00
2.906808853149414062e-01,1.142731606960296631e-01,7.245042175054550171e-02,0.000000000000000000e+00,0.000000000000000000e+00,0.000000000000000000e+00
