# CPU,RAM,NetworkR,NetworkW,DiskW,DiskR
1.091741696000099182e-01,1.101213246583938599e-01,1.000000000000000000e+00,9.237812757492065430e-01,9.265790581703186035e-01,9.278433322906494141e-01
7.015321403741836548e-02,5.180044770240783691e-01,9.755944609642028809e-01,8.793236017227172852e-01,9.098033905029296875e-01,7.010312676429748535e-01
7.032916694879531860e-02,5.588243007659912109e-01,8.438441157341003418e-01,8.339944481849670410e-01,8.395577073097229004e-01,7.219035625457763672e-01
7.014442235231399536e-02,4.315355122089385986e-01,8.635297417640686035e-01,8.252173662185668945e-01,6.860428452491760254e-01,6.897030472755432129e-01
7.016216963529586792e-02,4.422381818294525146e-01,7.447006702423095703e-01,7.727689743041992188e-01,5.248235464096069336e-01,5.765951275825500488e-01
7.108911871910095215e-02,3.177402317523956299e-01,5.709147453308105469e-01,6.761469244956970215e-01,4.187526702880859375e-01,5.800611376762390137e-01
7.154455780982971191e-02,2.660271525382995605e-01,5.236440300941467285e-01,6.170246601104736328e-01,4.399279356002807617e-01,6.635816693305969238e-01
8.111111074686050415e-02,2.493504285812377930e-01,4.742117822170257568e-01,5.146563649177551270e-01,5.574148893356323242e-01,7.726054787635803223e-01
4.737807214260101318e-01,9.409475326538085938e-01,2.732469141483306885e-01,3.105505108833312988e-01,4.841065108776092529e-01,8.279088735580444336e-01
1.000000000000000000e+00,1.000000000000000000e+00,7.686647772789001465e-02,0.000000000000000000e+00,0.000000000000000000e+00,0.000000000000000000e+00
