# CPU,RAM,NetworkR,NetworkW,DiskW,DiskR
1.090444475412368774e-01,1.106624379754066467e-01,1.000000000000000000e+00,9.237939119338989258e-01,9.265680909156799316e-01,9.278542995452880859e-01
7.035606354475021362e-02,5.185324549674987793e-01,9.583959579467773438e-01,8.832947015762329102e-01,9.191486239433288574e-01,8.720502257347106934e-01
7.501575350761413574e-02,1.135231554508209229e-01,1.000000000000000000e+00,8.888044357299804688e-01,9.225617051124572754e-01,9.191815257072448730e-01
7.120644301176071167e-02,1.856976449489593506e-01,9.622420072555541992e-01,8.626274466514587402e-01,8.860734701156616211e-01,9.036575555801391602e-01
7.040959596633911133e-02,1.572178751230239868e-01,9.490731954574584961e-01,8.296863436698913574e-01,6.474644541740417480e-01,8.287909626960754395e-01
7.523579150438308716e-02,1.953195035457611084e-01,6.289746761322021484e-01,6.693201065063476562e-01,5.530286431312561035e-01,7.716161608695983887e-01
7.455626130104064941e-02,2.253086268901824951e-01,5.207365155220031738e-01,5.781078338623046875e-01,5.222037434577941895e-01,7.551431059837341309e-01
7.235641777515411377e-02,1.956302970647811890e-01,5.247407555580139160e-01,5.094816088676452637e-01,4.981665015220642090e-01,7.511793375015258789e-01
9.531342983245849609e-02,2.828107178211212158e-01,3.199409842491149902e-01,2.815356552600860596e-01,4.006241559982299805e-01,6.861189007759094238e-01
1.000000000000000000e+00,1.000000000000000000e+00,7.676752656698226929e-02,0.000000000000000000e+00,0.000000000000000000e+00,0.000000000000000000e+00
