# CPU,RAM,NetworkR,NetworkW,DiskW,DiskR
1.091811060905456543e-01,1.107667163014411926e-01,1.000000000000000000e+00,9.237930774688720703e-01,9.265655875205993652e-01,9.278555512428283691e-01
7.058999687433242798e-02,3.155076503753662109e-01,9.685358405113220215e-01,8.887040615081787109e-01,9.238050580024719238e-01,9.074187874794006348e-01
7.400924712419509888e-02,1.128371655941009521e-01,1.000000000000000000e+00,8.917719125747680664e-01,9.232109189033508301e-01,9.217962026596069336e-01
7.173968106508255005e-02,1.925744712352752686e-01,9.496858716011047363e-01,8.576426506042480469e-01,8.874744176864624023e-01,9.050071239471435547e-01
7.065342366695404053e-02,1.643538177013397217e-01,9.265415072441101074e-01,8.187956809997558594e-01,6.548030972480773926e-01,8.347993493080139160e-01
7.629196345806121826e-02,2.092257738113403320e-01,6.077480912208557129e-01,6.568324565887451172e-01,5.501495599746704102e-01,7.718868255615234375e-01
7.721357792615890503e-02,1.989585161209106445e-01,5.292265415191650391e-01,5.721020698547363281e-01,5.401828885078430176e-01,7.685199379920959473e-01
7.508002221584320068e-02,1.969940066337585449e-01,4.948174357414245605e-01,4.829227328300476074e-01,5.318494439125061035e-01,7.742707133293151855e-01
9.929113835096359253e-02,2.096645832061767578e-01,3.531822264194488525e-01,2.940061688423156738e-01,4.524390697479248047e-01,7.304378747940063477e-01
1.000000000000000000e+00,1.000000000000000000e+00,7.592982053756713867e-02,0.000000000000000000e+00,0.000000000000000000e+00,0.000000000000000000e+00
