# CPU,RAM,NetworkR,NetworkW,DiskW,DiskR
1.090891659259796143e-01,1.108445227146148682e-01,1.000000000000000000e+00,9.237946867942810059e-01,9.265635013580322266e-01,9.278568625450134277e-01
7.128933072090148926e-02,1.105710268020629883e-01,1.000000000000000000e+00,9.009528160095214844e-01,9.266210198402404785e-01,9.218952655792236328e-01
7.968620955944061279e-02,3.408812284469604492e-01,8.440773487091064453e-01,8.470659255981445312e-01,9.135947823524475098e-01,9.123240113258361816e-01
1.100617423653602600e-01,5.859140157699584961e-01,6.752704977989196777e-01,7.808837294578552246e-01,8.410601615905761719e-01,8.874717950820922852e-01
1.135571897029876709e-01,4.730849266052246094e-01,5.979487299919128418e-01,7.315080761909484863e-01,7.437860369682312012e-01,8.560324311256408691e-01
9.579671174287796021e-02,5.166960954666137695e-01,4.775370061397552490e-01,6.548184156417846680e-01,5.991379618644714355e-01,8.070115447044372559e-01
7.300814241170883179e-02,1.000000000000000000e+00,4.172118306159973145e-01,6.700094938278198242e-01,3.109350204467773438e-01,8.154631257057189941e-01
1.000000000000000000e+00,9.915772080421447754e-01,2.776821553707122803e-01,4.758428931236267090e-01,7.876671105623245239e-02,6.576489210128784180e-01
7.192648202180862427e-02,7.428023964166641235e-02,1.721979677677154541e-01,3.105170428752899170e-01,0.000000000000000000e+00,0.000000000000000000e+00
1.623935848474502563e-01,8.282630145549774170e-02,7.591503858566284180e-02,0.000000000000000000e+00,0.000000000000000000e+00,0.000000000000000000e+00
