# CPU,RAM,NetworkR,NetworkW,DiskW,DiskR
1.091500371694564819e-01,1.106690019369125366e-01,1.000000000000000000e+00,9.237923622131347656e-01,9.265679121017456055e-01,9.278540611267089844e-01
7.026203721761703491e-02,3.489022254943847656e-01,9.831797480583190918e-01,8.868592977523803711e-01,9.199550151824951172e-01,8.567475676536560059e-01
7.126573473215103149e-02,3.420600891113281250e-01,8.926468491554260254e-01,8.531693816184997559e-01,8.980282545089721680e-01,8.830114006996154785e-01
7.067481428384780884e-02,3.103011548519134521e-01,8.913037776947021484e-01,8.376414775848388672e-01,7.980166077613830566e-01,8.628359436988830566e-01
7.023297250270843506e-02,2.639465034008026123e-01,8.509892821311950684e-01,8.024976849555969238e-01,5.369940996170043945e-01,7.166985273361206055e-01
7.261470705270767212e-02,2.849006652832031250e-01,5.636493563652038574e-01,6.639192104339599609e-01,4.643534123897552490e-01,6.881194710731506348e-01
7.204142957925796509e-02,2.881215214729309082e-01,4.962023794651031494e-01,5.964496135711669922e-01,4.456959962844848633e-01,6.863939166069030762e-01
7.363733649253845215e-02,2.486892044544219971e-01,4.741174876689910889e-01,5.082957148551940918e-01,4.768717885017395020e-01,7.307769656181335449e-01
1.302289962768554688e-01,4.683782458305358887e-01,2.651164531707763672e-01,2.722718119621276855e-01,3.678976595401763916e-01,6.739860773086547852e-01
1.000000000000000000e+00,1.000000000000000000e+00,7.628963142633438110e-02,0.000000000000000000e+00,0.000000000000000000e+00,0.000000000000000000e+00
