# CPU,RAM,NetworkR,NetworkW,DiskW,DiskR
1.090538799762725830e-01,1.105210408568382263e-01,1.000000000000000000e+00,9.237926602363586426e-01,9.265716671943664551e-01,9.278521537780761719e-01
7.015634328126907349e-02,4.624352157115936279e-01,9.801887869834899902e-01,8.807971477508544922e-01,9.114359617233276367e-01,7.184060811996459961e-01
7.085690647363662720e-02,3.780033290386199951e-01,8.709956407546997070e-01,8.447716832160949707e-01,8.819187879562377930e-01,8.308656811714172363e-01
7.031973451375961304e-02,3.474768102169036865e-01,8.780360221862792969e-01,8.327326178550720215e-01,7.439579963684082031e-01,8.084595799446105957e-01
7.023008912801742554e-02,3.291663825511932373e-01,7.876954078674316406e-01,7.862741947174072266e-01,5.238642692565917969e-01,6.605191230773925781e-01
7.228735089302062988e-02,2.852649986743927002e-01,5.528689622879028320e-01,6.662390828132629395e-01,4.352956414222717285e-01,6.422467827796936035e-01
7.181210815906524658e-02,2.715420126914978027e-01,4.872188866138458252e-01,6.022185683250427246e-01,4.211126863956451416e-01,6.525701880455017090e-01
7.835265249013900757e-02,2.770992517471313477e-01,4.293140470981597900e-01,4.908468723297119141e-01,4.902557730674743652e-01,7.345969080924987793e-01
2.364849746227264404e-01,7.814300060272216797e-01,2.187977135181427002e-01,2.562798261642456055e-01,3.097061514854431152e-01,6.810899972915649414e-01
1.000000000000000000e+00,1.000000000000000000e+00,7.590465992689132690e-02,0.000000000000000000e+00,0.000000000000000000e+00,0.000000000000000000e+00
