# CPU,RAM,NetworkR,NetworkW,DiskW,DiskR
6.391061544418334961e-01,6.406729221343994141e-01,1.000000000000000000e+00,3.937933146953582764e-01,3.965679109096527100e-01,3.978543579578399658e-01
6.013432741165161133e-01,6.231529116630554199e-01,1.000000000000000000e+00,3.755275011062622070e-01,3.969085514545440674e-01,3.932779729366302490e-01
6.039015054702758789e-01,7.695280909538269043e-01,1.000000000000000000e+00,3.284519016742706299e-01,3.838570117950439453e-01,3.817909955978393555e-01
6.037332415580749512e-01,6.890037059783935547e-01,1.000000000000000000e+00,3.331604003906250000e-01,3.635235726833343506e-01,3.804273009300231934e-01
6.063857078552246094e-01,7.336109280586242676e-01,1.000000000000000000e+00,2.391996532678604126e-01,1.571029722690582275e-01,3.085165917873382568e-01
6.570593118667602539e-01,7.773084640502929688e-01,1.000000000000000000e+00,1.078404411673545837e-01,1.237490996718406677e-01,2.861792743206024170e-01
9.152420163154602051e-01,1.000000000000000000e+00,8.392651677131652832e-01,0.000000000000000000e+00,0.000000000000000000e+00,2.956314384937286377e-01
1.000000000000000000e+00,1.000000000000000000e+00,7.006041407585144043e-01,0.000000000000000000e+00,0.000000000000000000e+00,0.000000000000000000e+00
6.042737364768981934e-01,6.018145680427551270e-01,6.592237949371337891e-01,0.000000000000000000e+00,0.000000000000000000e+00,0.000000000000000000e+00
8.687781691551208496e-01,6.183654665946960449e-01,6.025115251541137695e-01,0.000000000000000000e+00,0.000000000000000000e+00,0.000000000000000000e+00
