# CPU,RAM,NetworkR,NetworkW,DiskW,DiskR
6.391643285751342773e-01,6.408041715621948242e-01,1.000000000000000000e+00,3.937933146953582764e-01,3.965645134449005127e-01,3.978560864925384521e-01
6.012564897537231445e-01,6.420840620994567871e-01,1.000000000000000000e+00,3.707681596279144287e-01,3.966066539287567139e-01,3.918133080005645752e-01
6.088801026344299316e-01,7.613331079483032227e-01,1.000000000000000000e+00,3.297918140888214111e-01,3.886620104312896729e-01,3.861623108386993408e-01
6.293488144874572754e-01,9.209585189819335938e-01,1.000000000000000000e+00,2.822601497173309326e-01,3.536282479763031006e-01,3.721027970314025879e-01
6.447688937187194824e-01,1.000000000000000000e+00,1.000000000000000000e+00,1.981930434703826904e-01,2.197913974523544312e-01,3.276014924049377441e-01
6.711032390594482422e-01,1.000000000000000000e+00,9.907466173171997070e-01,1.047104969620704651e-01,9.912534803152084351e-02,2.903324961662292480e-01
6.077651977539062500e-01,1.000000000000000000e+00,9.120381474494934082e-01,1.157438382506370544e-01,0.000000000000000000e+00,2.772673964500427246e-01
1.000000000000000000e+00,1.000000000000000000e+00,7.652153372764587402e-01,0.000000000000000000e+00,0.000000000000000000e+00,0.000000000000000000e+00
6.065609455108642578e-01,6.036695241928100586e-01,6.878095865249633789e-01,0.000000000000000000e+00,0.000000000000000000e+00,0.000000000000000000e+00
7.257112860679626465e-01,6.097575426101684570e-01,6.058880686759948730e-01,0.000000000000000000e+00,0.000000000000000000e+00,0.000000000000000000e+00
