# CPU,RAM,NetworkR,NetworkW,DiskW,DiskR
6.390272378921508789e-01,6.406913995742797852e-01,1.000000000000000000e+00,3.937943875789642334e-01,3.965673744678497314e-01,3.978547751903533936e-01
6.004241108894348145e-01,8.874886035919189453e-01,1.000000000000000000e+00,3.570056855678558350e-01,3.920350074768066406e-01,3.626793920993804932e-01
6.029646396636962891e-01,6.701919436454772949e-01,1.000000000000000000e+00,3.533602654933929443e-01,3.901056945323944092e-01,3.868991136550903320e-01
6.009429097175598145e-01,7.282066345214843750e-01,1.000000000000000000e+00,3.307940065860748291e-01,3.431860506534576416e-01,3.694590032100677490e-01
6.003373265266418457e-01,6.931738257408142090e-01,1.000000000000000000e+00,2.955439090728759766e-01,7.791045308113098145e-02,2.786527574062347412e-01
6.049673557281494141e-01,7.221013903617858887e-01,1.000000000000000000e+00,1.360815018415451050e-01,6.504700053483247757e-03,2.318899035453796387e-01
6.049483418464660645e-01,7.436394095420837402e-01,1.000000000000000000e+00,5.109000205993652344e-02,5.608700215816497803e-03,2.339513003826141357e-01
6.036347746849060059e-01,7.367480993270874023e-01,1.000000000000000000e+00,0.000000000000000000e+00,0.000000000000000000e+00,2.376845031976699829e-01
6.342542767524719238e-01,7.757333517074584961e-01,8.678106069564819336e-01,0.000000000000000000e+00,0.000000000000000000e+00,1.940481364727020264e-01
1.000000000000000000e+00,1.000000000000000000e+00,6.060011982917785645e-01,0.000000000000000000e+00,0.000000000000000000e+00,0.000000000000000000e+00
