# CPU,RAM,NetworkR,NetworkW,DiskW,DiskR
6.390330791473388672e-01,6.405286192893981934e-01,1.000000000000000000e+00,3.937923908233642578e-01,3.965712487697601318e-01,3.978520929813385010e-01
6.001326441764831543e-01,1.000000000000000000e+00,1.000000000000000000e+00,3.483287394046783447e-01,3.766236901283264160e-01,1.124574989080429077e-01
6.002470850944519043e-01,1.000000000000000000e+00,1.000000000000000000e+00,2.957271933555603027e-01,2.844030857086181641e-01,8.821050077676773071e-02
6.001361608505249023e-01,1.000000000000000000e+00,1.000000000000000000e+00,2.836678922176361084e-01,1.292593032121658325e-01,7.799419760704040527e-02
6.001358628273010254e-01,1.000000000000000000e+00,1.000000000000000000e+00,2.300609648227691650e-01,0.000000000000000000e+00,0.000000000000000000e+00
6.007837653160095215e-01,9.168022871017456055e-01,1.000000000000000000e+00,1.138617619872093201e-01,0.000000000000000000e+00,0.000000000000000000e+00
6.009103655815124512e-01,9.175334572792053223e-01,9.099221825599670410e-01,1.408949960023164749e-02,0.000000000000000000e+00,0.000000000000000000e+00
6.077544689178466797e-01,8.342356085777282715e-01,9.356625080108642578e-01,0.000000000000000000e+00,0.000000000000000000e+00,1.550439000129699707e-01
8.959330916404724121e-01,1.000000000000000000e+00,8.171332478523254395e-01,0.000000000000000000e+00,1.255939994007349014e-02,2.889131903648376465e-01
1.000000000000000000e+00,1.000000000000000000e+00,6.069636344909667969e-01,0.000000000000000000e+00,0.000000000000000000e+00,0.000000000000000000e+00
