# CPU,RAM,NetworkR,NetworkW,DiskW,DiskR
6.391332745552062988e-01,6.408172249794006348e-01,1.000000000000000000e+00,3.937940001487731934e-01,3.965642750263214111e-01,3.978564143180847168e-01
6.012144684791564941e-01,6.570101976394653320e-01,1.000000000000000000e+00,3.683056533336639404e-01,3.964106738567352295e-01,3.909370601177215576e-01
6.126940250396728516e-01,7.540411949157714844e-01,1.000000000000000000e+00,3.314127624034881592e-01,3.904977142810821533e-01,3.878689110279083252e-01
6.321913003921508789e-01,1.000000000000000000e+00,1.000000000000000000e+00,2.464153021574020386e-01,2.992667853832244873e-01,3.554333746433258057e-01
6.367332339286804199e-01,9.430500268936157227e-01,1.000000000000000000e+00,2.110646069049835205e-01,2.263336032629013062e-01,3.302423059940338135e-01
6.175240278244018555e-01,1.000000000000000000e+00,9.995838403701782227e-01,1.152253374457359314e-01,1.529106032103300095e-02,2.494401037693023682e-01
6.044728755950927734e-01,1.000000000000000000e+00,9.191250205039978027e-01,1.003485620021820068e-01,0.000000000000000000e+00,2.775456905364990234e-01
1.000000000000000000e+00,1.000000000000000000e+00,7.796580791473388672e-01,0.000000000000000000e+00,0.000000000000000000e+00,2.984249964356422424e-03
6.041404604911804199e-01,6.056624054908752441e-01,7.413223981857299805e-01,0.000000000000000000e+00,0.000000000000000000e+00,0.000000000000000000e+00
7.405163645744323730e-01,6.191389560699462891e-01,6.050274372100830078e-01,0.000000000000000000e+00,0.000000000000000000e+00,0.000000000000000000e+00
