# CPU,RAM,NetworkR,NetworkW,DiskW,DiskR
6.391897201538085938e-01,6.407666206359863281e-01,1.000000000000000000e+00,3.937932550907135010e-01,3.965657055377960205e-01,3.978556692600250244e-01
6.009865403175354004e-01,7.209355831146240234e-01,1.000000000000000000e+00,3.629016876220703125e-01,3.956637978553771973e-01,3.877817094326019287e-01
6.046021580696105957e-01,6.698765158653259277e-01,1.000000000000000000e+00,3.532656729221343994e-01,3.920724987983703613e-01,3.908838033676147461e-01
6.044914722442626953e-01,7.029660940170288086e-01,1.000000000000000000e+00,3.302966058254241943e-01,3.716652989387512207e-01,3.820967972278594971e-01
6.171171665191650391e-01,7.673147320747375488e-01,1.000000000000000000e+00,2.320321351289749146e-01,2.439132928848266602e-01,3.334468007087707520e-01
6.841861605644226074e-01,8.620283007621765137e-01,1.000000000000000000e+00,1.049147024750709534e-01,1.592898666858673096e-01,3.030624985694885254e-01
6.464252471923828125e-01,1.000000000000000000e+00,9.286130070686340332e-01,8.158334344625473022e-02,0.000000000000000000e+00,3.335902392864227295e-01
1.000000000000000000e+00,1.000000000000000000e+00,7.396562099456787109e-01,0.000000000000000000e+00,0.000000000000000000e+00,2.374704927206039429e-02
6.039590835571289062e-01,6.025199294090270996e-01,6.719736456871032715e-01,0.000000000000000000e+00,0.000000000000000000e+00,0.000000000000000000e+00
7.063931226730346680e-01,6.067063212394714355e-01,6.067383885383605957e-01,0.000000000000000000e+00,0.000000000000000000e+00,0.000000000000000000e+00
