# CPU,RAM,NetworkR,NetworkW,DiskW,DiskR
6.391770243644714355e-01,6.407992839813232422e-01,1.000000000000000000e+00,3.937934041023254395e-01,3.965647518634796143e-01,3.978560864925384521e-01
6.012409329414367676e-01,6.508219838142395020e-01,1.000000000000000000e+00,3.692008852958679199e-01,3.964918851852416992e-01,3.912909030914306641e-01
6.092792749404907227e-01,7.724627852439880371e-01,1.000000000000000000e+00,3.293608725070953369e-01,3.886218965053558350e-01,3.863323628902435303e-01
6.347752809524536133e-01,9.106547236442565918e-01,1.000000000000000000e+00,2.854754030704498291e-01,3.593873679637908936e-01,3.746179044246673584e-01
6.925885677337646484e-01,1.000000000000000000e+00,1.000000000000000000e+00,1.932231932878494263e-01,2.440454661846160889e-01,3.379166126251220703e-01
7.113444209098815918e-01,1.000000000000000000e+00,9.940505027770996094e-01,1.113132014870643616e-01,1.312600672245025635e-01,3.070263862609863281e-01
6.051074266433715820e-01,1.000000000000000000e+00,9.229099154472351074e-01,1.316173225641250610e-01,0.000000000000000000e+00,2.765121757984161377e-01
1.000000000000000000e+00,1.000000000000000000e+00,7.796050906181335449e-01,0.000000000000000000e+00,0.000000000000000000e+00,0.000000000000000000e+00
6.091661453247070312e-01,6.068445444107055664e-01,6.980938911437988281e-01,0.000000000000000000e+00,0.000000000000000000e+00,0.000000000000000000e+00
7.100263237953186035e-01,6.103140115737915039e-01,6.062405109405517578e-01,0.000000000000000000e+00,0.000000000000000000e+00,0.000000000000000000e+00
