# CPU,RAM,NetworkR,NetworkW,DiskW,DiskR
6.390750408172607422e-01,6.406042575836181641e-01,1.000000000000000000e+00,3.937926590442657471e-01,3.965694010257720947e-01,3.978531956672668457e-01
6.002818346023559570e-01,9.155981540679931641e-01,1.000000000000000000e+00,3.555787503719329834e-01,3.895719945430755615e-01,3.292508423328399658e-01
6.023965477943420410e-01,7.328904271125793457e-01,1.000000000000000000e+00,3.388069868087768555e-01,3.838548064231872559e-01,3.746258020401000977e-01
6.007607579231262207e-01,7.782354950904846191e-01,1.000000000000000000e+00,3.211079537868499756e-01,3.142811059951782227e-01,3.548757135868072510e-01
6.002983450889587402e-01,7.250429987907409668e-01,1.000000000000000000e+00,2.877209484577178955e-01,4.886310175061225891e-02,2.470419555902481079e-01
6.035808324813842773e-01,7.627425193786621094e-01,1.000000000000000000e+00,1.453990936279296875e-01,0.000000000000000000e+00,2.202925235033035278e-01
6.042920947074890137e-01,7.144662737846374512e-01,1.000000000000000000e+00,1.078206971287727356e-01,6.755723804235458374e-02,2.705109417438507080e-01
6.292880177497863770e-01,7.542951107025146484e-01,1.000000000000000000e+00,1.228800043463706970e-03,1.892062723636627197e-01,3.237242996692657471e-01
1.000000000000000000e+00,1.000000000000000000e+00,8.786320090293884277e-01,0.000000000000000000e+00,1.396890431642532349e-01,3.627526462078094482e-01
1.000000000000000000e+00,1.000000000000000000e+00,6.080265641212463379e-01,0.000000000000000000e+00,0.000000000000000000e+00,0.000000000000000000e+00
