# CPU,RAM,NetworkR,NetworkW,DiskW,DiskR
6.391224861145019531e-01,6.408186554908752441e-01,1.000000000000000000e+00,3.937937021255493164e-01,3.965640366077423096e-01,3.978562653064727783e-01
6.008308529853820801e-01,7.534780502319335938e-01,1.000000000000000000e+00,3.614743649959564209e-01,3.951525092124938965e-01,3.853381872177124023e-01
6.029406189918518066e-01,6.513814926147460938e-01,1.000000000000000000e+00,3.602780103683471680e-01,3.922198116779327393e-01,3.915039002895355225e-01
6.021062731742858887e-01,6.948498487472534180e-01,1.000000000000000000e+00,3.333702981472015381e-01,3.633151948451995850e-01,3.788551986217498779e-01
6.044168472290039062e-01,6.937777400016784668e-01,1.000000000000000000e+00,2.605684697628021240e-01,1.914283037185668945e-01,3.248845636844635010e-01
6.478762030601501465e-01,7.499566674232482910e-01,1.000000000000000000e+00,1.074780523777008057e-01,1.378599554300308228e-01,2.921045720577239990e-01
7.076660394668579102e-01,1.000000000000000000e+00,8.620507717132568359e-01,0.000000000000000000e+00,0.000000000000000000e+00,3.009144961833953857e-01
1.000000000000000000e+00,1.000000000000000000e+00,6.752843260765075684e-01,0.000000000000000000e+00,0.000000000000000000e+00,0.000000000000000000e+00
6.052029132843017578e-01,6.015341281890869141e-01,6.727643013000488281e-01,0.000000000000000000e+00,0.000000000000000000e+00,0.000000000000000000e+00
8.604806065559387207e-01,6.131577491760253906e-01,6.040970683097839355e-01,0.000000000000000000e+00,0.000000000000000000e+00,0.000000000000000000e+00
