# CPU,RAM,NetworkR,NetworkW,DiskW,DiskR
6.391711831092834473e-01,6.408591866493225098e-01,1.000000000000000000e+00,3.937936127185821533e-01,3.965631127357482910e-01,3.978568017482757568e-01
6.013286709785461426e-01,6.338643431663513184e-01,1.000000000000000000e+00,3.723720908164978027e-01,3.967188000679016113e-01,3.923610746860504150e-01
6.111953258514404297e-01,9.376175403594970703e-01,1.000000000000000000e+00,3.090758621692657471e-01,3.797163069248199463e-01,3.796276748180389404e-01
6.357884407043457031e-01,1.000000000000000000e+00,1.000000000000000000e+00,2.058739364147186279e-01,1.701444983482360840e-01,3.202322125434875488e-01
6.563231945037841797e-01,8.538179397583007812e-01,1.000000000000000000e+00,2.250393927097320557e-01,2.579315006732940674e-01,3.406529724597930908e-01
6.216961145401000977e-01,1.000000000000000000e+00,9.838811159133911133e-01,1.243145018815994263e-01,5.537420511245727539e-02,2.780875861644744873e-01
6.009300947189331055e-01,1.000000000000000000e+00,9.419882297515869141e-01,1.451669633388519287e-01,0.000000000000000000e+00,2.212157994508743286e-01
1.000000000000000000e+00,1.000000000000000000e+00,8.259848952293395996e-01,0.000000000000000000e+00,0.000000000000000000e+00,1.281989514827728271e-01
6.021251082420349121e-01,6.049458384513854980e-01,7.545552253723144531e-01,0.000000000000000000e+00,0.000000000000000000e+00,0.000000000000000000e+00
7.332785129547119141e-01,6.211309432983398438e-01,6.045356392860412598e-01,0.000000000000000000e+00,0.000000000000000000e+00,0.000000000000000000e+00
