# CPU,RAM,NetworkR,NetworkW,DiskW,DiskR
6.391209363937377930e-01,6.408442258834838867e-01,1.000000000000000000e+00,3.937938511371612549e-01,3.965632915496826172e-01,3.978565931320190430e-01
6.012880802154541016e-01,6.416300535202026367e-01,1.000000000000000000e+00,3.707348108291625977e-01,3.966057598590850830e-01,3.918260931968688965e-01
6.087829470634460449e-01,8.369555473327636719e-01,1.000000000000000000e+00,3.207755982875823975e-01,3.848725855350494385e-01,3.832300603389739990e-01
6.377111673355102539e-01,9.432684779167175293e-01,1.000000000000000000e+00,2.775163948535919189e-01,3.500503599643707275e-01,3.708133995532989502e-01
6.781118512153625488e-01,1.000000000000000000e+00,1.000000000000000000e+00,1.887413561344146729e-01,2.219318002462387085e-01,3.304120898246765137e-01
6.431865692138671875e-01,1.000000000000000000e+00,9.897995591163635254e-01,1.130810007452964783e-01,7.259126752614974976e-02,2.805114984512329102e-01
6.048379540443420410e-01,1.000000000000000000e+00,9.604900479316711426e-01,1.470640003681182861e-01,0.000000000000000000e+00,3.200743496417999268e-01
1.000000000000000000e+00,1.000000000000000000e+00,8.048288226127624512e-01,0.000000000000000000e+00,0.000000000000000000e+00,1.812915951013565063e-01
6.017318964004516602e-01,6.068107485771179199e-01,6.775385737419128418e-01,0.000000000000000000e+00,0.000000000000000000e+00,0.000000000000000000e+00
7.174404263496398926e-01,6.257864832878112793e-01,6.032560467720031738e-01,0.000000000000000000e+00,0.000000000000000000e+00,0.000000000000000000e+00
