# CPU,RAM,NetworkR,NetworkW,DiskW,DiskR
6.389455795288085938e-01,6.407180428504943848e-01,1.000000000000000000e+00,3.937953412532806396e-01,3.965665102005004883e-01,3.978552520275115967e-01
6.013419032096862793e-01,6.189061403274536133e-01,1.000000000000000000e+00,3.771153390407562256e-01,3.969595730304718018e-01,3.936403095722198486e-01
6.039640903472900391e-01,8.489898443222045898e-01,1.000000000000000000e+00,3.153232932090759277e-01,3.755739927291870117e-01,3.749581873416900635e-01
6.047808527946472168e-01,6.868385076522827148e-01,1.000000000000000000e+00,3.311542570590972900e-01,3.621445894241333008e-01,3.800519406795501709e-01
6.272681951522827148e-01,8.460177183151245117e-01,1.000000000000000000e+00,1.885976046323776245e-01,1.571746021509170532e-01,2.980655729770660400e-01
7.410035133361816406e-01,1.000000000000000000e+00,1.000000000000000000e+00,9.882080554962158203e-02,1.684222966432571411e-01,3.128502666950225830e-01
6.783084273338317871e-01,1.000000000000000000e+00,8.906158208847045898e-01,9.602720290422439575e-02,0.000000000000000000e+00,2.639760971069335938e-01
1.000000000000000000e+00,1.000000000000000000e+00,7.207784652709960938e-01,0.000000000000000000e+00,0.000000000000000000e+00,0.000000000000000000e+00
6.053112745285034180e-01,6.020535826683044434e-01,6.820774078369140625e-01,0.000000000000000000e+00,0.000000000000000000e+00,0.000000000000000000e+00
7.278094887733459473e-01,6.079501509666442871e-01,6.064796447753906250e-01,0.000000000000000000e+00,0.000000000000000000e+00,0.000000000000000000e+00
