# CPU,RAM,NetworkR,NetworkW,DiskW,DiskR
6.389855742454528809e-01,6.407790184020996094e-01,1.000000000000000000e+00,3.937944471836090088e-01,3.965646028518676758e-01,3.978557884693145752e-01
6.009910106658935547e-01,6.604965329170227051e-01,1.000000000000000000e+00,3.684537708759307861e-01,3.962045609951019287e-01,3.900400996208190918e-01
6.020547747611999512e-01,6.707661151885986328e-01,1.000000000000000000e+00,3.548722565174102783e-01,3.901275992393493652e-01,3.892284929752349854e-01
6.016944646835327148e-01,7.335182428359985352e-01,1.000000000000000000e+00,3.214818537235260010e-01,3.404198586940765381e-01,3.693197071552276611e-01
6.009182333946228027e-01,7.059118747711181641e-01,1.000000000000000000e+00,2.684414982795715332e-01,6.552779674530029297e-02,2.785969674587249756e-01
6.096593141555786133e-01,7.739593982696533203e-01,1.000000000000000000e+00,9.766414016485214233e-02,0.000000000000000000e+00,2.247739732265472412e-01
6.075217723846435547e-01,7.256195545196533203e-01,1.000000000000000000e+00,3.854133933782577515e-02,0.000000000000000000e+00,2.273334562778472900e-01
6.060275435447692871e-01,7.173128724098205566e-01,1.000000000000000000e+00,0.000000000000000000e+00,3.600259870290756226e-02,2.643238008022308350e-01
6.587420701980590820e-01,7.721428871154785156e-01,8.963304758071899414e-01,0.000000000000000000e+00,1.258273981511592865e-02,2.623490989208221436e-01
1.000000000000000000e+00,1.000000000000000000e+00,6.051371097564697266e-01,0.000000000000000000e+00,0.000000000000000000e+00,0.000000000000000000e+00
