# CPU,RAM,NetworkR,NetworkW,DiskW,DiskR
6.391048431396484375e-01,6.407743692398071289e-01,1.000000000000000000e+00,3.937940895557403564e-01,3.965653479099273682e-01,3.978558480739593506e-01
6.013419628143310547e-01,6.234797835350036621e-01,1.000000000000000000e+00,3.753890991210937500e-01,3.968842923641204834e-01,3.932039141654968262e-01
6.102734208106994629e-01,8.511477112770080566e-01,1.000000000000000000e+00,3.138008415699005127e-01,3.827682137489318848e-01,3.805801868438720703e-01
6.606662273406982422e-01,1.000000000000000000e+00,1.000000000000000000e+00,2.422298938035964966e-01,3.070751726627349854e-01,3.557271659374237061e-01
7.639866471290588379e-01,1.000000000000000000e+00,1.000000000000000000e+00,1.816627532243728638e-01,2.277573645114898682e-01,3.346461951732635498e-01
7.144183516502380371e-01,1.000000000000000000e+00,9.964230656623840332e-01,1.247581467032432556e-01,1.523981243371963501e-01,3.154799640178680420e-01
6.015279889106750488e-01,1.000000000000000000e+00,9.513828158378601074e-01,1.685047447681427002e-01,0.000000000000000000e+00,2.367611974477767944e-01
1.000000000000000000e+00,1.000000000000000000e+00,8.395249247550964355e-01,2.710800059139728546e-02,0.000000000000000000e+00,2.982606887817382812e-01
6.014136672019958496e-01,6.234933733940124512e-01,6.855232715606689453e-01,0.000000000000000000e+00,0.000000000000000000e+00,0.000000000000000000e+00
6.344026327133178711e-01,6.188768744468688965e-01,6.057013273239135742e-01,0.000000000000000000e+00,0.000000000000000000e+00,0.000000000000000000e+00
