# CPU,RAM,NetworkR,NetworkW,DiskW,DiskR
6.392070651054382324e-01,6.408227682113647461e-01,1.000000000000000000e+00,3.937929868698120117e-01,3.965640962123870850e-01,3.978562653064727783e-01
6.012592315673828125e-01,6.499148607254028320e-01,1.000000000000000000e+00,3.693044483661651611e-01,3.965105712413787842e-01,3.913710415363311768e-01
6.127814054489135742e-01,8.173693418502807617e-01,1.000000000000000000e+00,3.232030570507049561e-01,3.879474699497222900e-01,3.856522142887115479e-01
6.714545488357543945e-01,1.000000000000000000e+00,1.000000000000000000e+00,2.359272986650466919e-01,2.973568141460418701e-01,3.556939065456390381e-01
6.602149605751037598e-01,1.000000000000000000e+00,1.000000000000000000e+00,1.855702549219131470e-01,1.878722459077835083e-01,3.187772035598754883e-01
6.758829951286315918e-01,1.000000000000000000e+00,9.998399615287780762e-01,1.243060976266860962e-01,1.444460451602935791e-01,3.097254931926727295e-01
6.022658944129943848e-01,1.000000000000000000e+00,9.225834012031555176e-01,1.473044008016586304e-01,0.000000000000000000e+00,1.935667544603347778e-01
1.000000000000000000e+00,1.000000000000000000e+00,7.614738941192626953e-01,0.000000000000000000e+00,0.000000000000000000e+00,0.000000000000000000e+00
6.073712110519409180e-01,6.073547005653381348e-01,7.094908356666564941e-01,0.000000000000000000e+00,0.000000000000000000e+00,0.000000000000000000e+00
6.703239083290100098e-01,6.083516478538513184e-01,6.093314886093139648e-01,0.000000000000000000e+00,0.000000000000000000e+00,0.000000000000000000e+00
