# CPU,RAM,NetworkR,NetworkW,DiskW,DiskR
6.390134692192077637e-01,6.407783031463623047e-01,1.000000000000000000e+00,3.937945961952209473e-01,3.965648710727691650e-01,3.978559076786041260e-01
6.013062000274658203e-01,6.284977793693542480e-01,1.000000000000000000e+00,3.738793432712554932e-01,3.967916071414947510e-01,3.927443921566009521e-01
6.064113378524780273e-01,7.583612799644470215e-01,1.000000000000000000e+00,3.285461068153381348e-01,3.866575956344604492e-01,3.841152489185333252e-01
6.189484000205993652e-01,7.846108675003051758e-01,1.000000000000000000e+00,3.031789958477020264e-01,3.648250102996826172e-01,3.772271871566772461e-01
6.660712361335754395e-01,1.000000000000000000e+00,1.000000000000000000e+00,1.897507011890411377e-01,2.256184071302413940e-01,3.275349140167236328e-01
7.247692942619323730e-01,1.000000000000000000e+00,9.663704633712768555e-01,9.096404165029525757e-02,1.005617976188659668e-01,2.985776066780090332e-01
6.162654757499694824e-01,1.000000000000000000e+00,8.755130171775817871e-01,1.049988493323326111e-01,0.000000000000000000e+00,1.766574978828430176e-01
1.000000000000000000e+00,1.000000000000000000e+00,7.515195608139038086e-01,0.000000000000000000e+00,0.000000000000000000e+00,0.000000000000000000e+00
6.065032482147216797e-01,6.035949587821960449e-01,6.810628175735473633e-01,0.000000000000000000e+00,0.000000000000000000e+00,0.000000000000000000e+00
7.415508627891540527e-01,6.104391813278198242e-01,6.050640940666198730e-01,0.000000000000000000e+00,0.000000000000000000e+00,0.000000000000000000e+00
