# CPU,RAM,NetworkR,NetworkW,DiskW,DiskR
6.390753388404846191e-01,6.406939029693603516e-01,1.000000000000000000e+00,3.937937915325164795e-01,3.965673148632049561e-01,3.978546857833862305e-01
6.001589894294738770e-01,1.000000000000000000e+00,1.000000000000000000e+00,3.500577509403228760e-01,3.806721866130828857e-01,1.871183067560195923e-01
6.006366610527038574e-01,9.789858460426330566e-01,1.000000000000000000e+00,3.093617856502532959e-01,3.368861079216003418e-01,2.748154997825622559e-01
6.002866625785827637e-01,8.794699907302856445e-01,1.000000000000000000e+00,3.031255900859832764e-01,2.045726329088211060e-01,2.695274055004119873e-01
6.001844406127929688e-01,8.327839970588684082e-01,1.000000000000000000e+00,2.648898959159851074e-01,0.000000000000000000e+00,1.180528998374938965e-01
6.018483042716979980e-01,8.207264542579650879e-01,1.000000000000000000e+00,1.350335031747817993e-01,0.000000000000000000e+00,8.746995776891708374e-02
6.019803285598754883e-01,8.690530657768249512e-01,9.588107466697692871e-01,4.456800222396850586e-02,0.000000000000000000e+00,7.271160185337066650e-02
6.056180596351623535e-01,7.686776518821716309e-01,9.845249652862548828e-01,0.000000000000000000e+00,0.000000000000000000e+00,1.957805454730987549e-01
7.154607772827148438e-01,1.000000000000000000e+00,7.907450199127197266e-01,0.000000000000000000e+00,0.000000000000000000e+00,1.948231756687164307e-01
1.000000000000000000e+00,1.000000000000000000e+00,6.066280007362365723e-01,0.000000000000000000e+00,0.000000000000000000e+00,0.000000000000000000e+00
