# CPU,RAM,NetworkR,NetworkW,DiskW,DiskR
6.000000238418579102e-01,6.000000238418579102e-01,1.000000000000000000e+00,4.000000059604644775e-01,4.000000059604644775e-01,4.000000059604644775e-01
6.000000238418579102e-01,6.833333373069763184e-01,1.000000000000000000e+00,3.622580170631408691e-01,3.971631228923797607e-01,3.609518110752105713e-01
6.000000238418579102e-01,7.666666507720947266e-01,1.000000000000000000e+00,3.475120067596435547e-01,3.890070915222167969e-01,3.609518110752105713e-01
6.000000238418579102e-01,7.666666507720947266e-01,1.000000000000000000e+00,2.932051420211791992e-01,3.528368771076202393e-01,3.609518110752105713e-01
6.000000238418579102e-01,7.666666507720947266e-01,1.000000000000000000e+00,2.400675565004348755e-01,1.134751737117767334e-02,2.633312940597534180e-01
6.000000238418579102e-01,7.666666507720947266e-01,1.000000000000000000e+00,6.344030052423477173e-02,0.000000000000000000e+00,2.316046357154846191e-01
6.000000238418579102e-01,7.666666507720947266e-01,1.000000000000000000e+00,3.011562861502170563e-02,0.000000000000000000e+00,2.316046357154846191e-01
6.000000238418579102e-01,7.666666507720947266e-01,9.858449697494506836e-01,0.000000000000000000e+00,0.000000000000000000e+00,2.316046357154846191e-01
6.999999880790710449e-01,8.500000238418579102e-01,8.639991879463195801e-01,0.000000000000000000e+00,0.000000000000000000e+00,2.218425869941711426e-01
1.000000000000000000e+00,1.000000000000000000e+00,6.000000238418579102e-01,0.000000000000000000e+00,0.000000000000000000e+00,0.000000000000000000e+00
