# CPU,RAM,NetworkR,NetworkW,DiskW,DiskR
6.390863060951232910e-01,6.407335996627807617e-01,1.000000000000000000e+00,3.937934935092926025e-01,3.965660929679870605e-01,3.978550732135772705e-01
6.001608371734619141e-01,1.000000000000000000e+00,1.000000000000000000e+00,3.463859856128692627e-01,3.754869103431701660e-01,1.582465469837188721e-01
6.014064550399780273e-01,8.667604923248291016e-01,1.000000000000000000e+00,3.150988519191741943e-01,3.548063039779663086e-01,3.190521001815795898e-01
6.003018617630004883e-01,8.829635977745056152e-01,1.000000000000000000e+00,3.060620129108428955e-01,2.221723049879074097e-01,2.879183888435363770e-01
6.001667380332946777e-01,8.251512646675109863e-01,1.000000000000000000e+00,2.716611921787261963e-01,0.000000000000000000e+00,1.257099956274032593e-01
6.015764474868774414e-01,8.218433856964111328e-01,1.000000000000000000e+00,1.366510540246963501e-01,0.000000000000000000e+00,7.185723632574081421e-02
6.017557978630065918e-01,9.155635237693786621e-01,9.295863509178161621e-01,3.003563918173313141e-02,0.000000000000000000e+00,2.276810072362422943e-02
6.049244999885559082e-01,7.874904274940490723e-01,9.676656723022460938e-01,0.000000000000000000e+00,0.000000000000000000e+00,1.736076027154922485e-01
7.163093686103820801e-01,1.000000000000000000e+00,8.155871033668518066e-01,0.000000000000000000e+00,0.000000000000000000e+00,2.206088006496429443e-01
1.000000000000000000e+00,1.000000000000000000e+00,6.070435047149658203e-01,0.000000000000000000e+00,0.000000000000000000e+00,0.000000000000000000e+00
