# CPU,RAM,NetworkR,NetworkW,DiskW,DiskR
6.390473246574401855e-01,6.407705545425415039e-01,1.000000000000000000e+00,3.937945663928985596e-01,3.965652883052825928e-01,3.978558480739593506e-01
6.012798547744750977e-01,6.325406432151794434e-01,1.000000000000000000e+00,3.728578388690948486e-01,3.967328071594238281e-01,3.924381136894226074e-01
6.022962927818298340e-01,6.882668733596801758e-01,1.000000000000000000e+00,3.480879068374633789e-01,3.886138498783111572e-01,3.872730433940887451e-01
6.026685833930969238e-01,7.012086510658264160e-01,1.000000000000000000e+00,3.281942903995513916e-01,3.553457558155059814e-01,3.760670125484466553e-01
6.016312241554260254e-01,7.118230462074279785e-01,1.000000000000000000e+00,2.585496008396148682e-01,8.835790306329727173e-02,2.880280017852783203e-01
6.151118874549865723e-01,7.869063019752502441e-01,1.000000000000000000e+00,8.657360076904296875e-02,0.000000000000000000e+00,2.259297668933868408e-01
6.180926561355590820e-01,7.634791135787963867e-01,9.465681910514831543e-01,0.000000000000000000e+00,0.000000000000000000e+00,1.845725029706954956e-01
6.100608706474304199e-01,7.231006026268005371e-01,9.549822211265563965e-01,0.000000000000000000e+00,0.000000000000000000e+00,2.249923944473266602e-01
6.370233297348022461e-01,7.221350669860839844e-01,8.667983412742614746e-01,0.000000000000000000e+00,0.000000000000000000e+00,2.073014974594116211e-01
1.000000000000000000e+00,1.000000000000000000e+00,6.049174070358276367e-01,0.000000000000000000e+00,0.000000000000000000e+00,0.000000000000000000e+00
