# CPU,RAM,NetworkR,NetworkW,DiskW,DiskR
6.391987800598144531e-01,6.407818794250488281e-01,1.000000000000000000e+00,3.937929868698120117e-01,3.965651988983154297e-01,3.978556990623474121e-01
6.002803444862365723e-01,1.000000000000000000e+00,1.000000000000000000e+00,3.515021502971649170e-01,3.863393068313598633e-01,3.104757070541381836e-01
6.022255420684814453e-01,7.380409836769104004e-01,1.000000000000000000e+00,3.385114073753356934e-01,3.813756108283996582e-01,3.728458583354949951e-01
6.004213690757751465e-01,7.932377457618713379e-01,1.000000000000000000e+00,3.259020745754241943e-01,3.051677644252777100e-01,3.492386937141418457e-01
6.001646518707275391e-01,7.371283769607543945e-01,1.000000000000000000e+00,2.981520891189575195e-01,5.513079836964607239e-02,2.331780940294265747e-01
6.015888452529907227e-01,7.583653330802917480e-01,1.000000000000000000e+00,1.562870442867279053e-01,0.000000000000000000e+00,1.696855723857879639e-01
6.025356650352478027e-01,8.472005128860473633e-01,9.774188399314880371e-01,2.990210056304931641e-02,0.000000000000000000e+00,1.201679036021232605e-01
6.036323904991149902e-01,7.747829556465148926e-01,9.861199259757995605e-01,0.000000000000000000e+00,0.000000000000000000e+00,1.874918639659881592e-01
6.521821022033691406e-01,8.985816836357116699e-01,8.153529167175292969e-01,0.000000000000000000e+00,0.000000000000000000e+00,1.596761047840118408e-01
1.000000000000000000e+00,1.000000000000000000e+00,6.071241497993469238e-01,0.000000000000000000e+00,0.000000000000000000e+00,0.000000000000000000e+00
