# CPU,RAM,NetworkR,NetworkW,DiskW,DiskR
6.391302347183227539e-01,6.404802799224853516e-01,1.000000000000000000e+00,3.937925994396209717e-01,3.965733051300048828e-01,3.978518545627593994e-01
6.012650132179260254e-01,6.419276595115661621e-01,1.000000000000000000e+00,3.708115518093109131e-01,3.966383635997772217e-01,3.918901383876800537e-01
6.019497513771057129e-01,7.238156199455261230e-01,1.000000000000000000e+00,3.442226052284240723e-01,3.869270086288452148e-01,3.858686387538909912e-01
6.025315523147583008e-01,6.969136595726013184e-01,1.000000000000000000e+00,3.329694867134094238e-01,3.597071468830108643e-01,3.784480988979339600e-01
6.011588573455810547e-01,6.913031935691833496e-01,1.000000000000000000e+00,2.796208560466766357e-01,1.222395971417427063e-01,3.064337074756622314e-01
6.111000776290893555e-01,7.285949587821960449e-01,1.000000000000000000e+00,1.262118965387344360e-01,4.956990480422973633e-02,2.586447894573211670e-01
6.222382783889770508e-01,7.116562724113464355e-01,1.000000000000000000e+00,3.022333048284053802e-02,4.788099974393844604e-02,2.590624988079071045e-01
6.305440664291381836e-01,7.518323659896850586e-01,9.487789273262023926e-01,0.000000000000000000e+00,4.871590062975883484e-02,2.681105136871337891e-01
6.743216514587402344e-01,7.124473452568054199e-01,9.159634113311767578e-01,0.000000000000000000e+00,6.044660136103630066e-02,2.833879888057708740e-01
1.000000000000000000e+00,1.000000000000000000e+00,6.043584942817687988e-01,0.000000000000000000e+00,0.000000000000000000e+00,0.000000000000000000e+00
