# CPU,RAM,NetworkR,NetworkW,DiskW,DiskR
6.389457583427429199e-01,6.406247615814208984e-01,1.000000000000000000e+00,3.937940895557403564e-01,3.965685963630676270e-01,3.978537023067474365e-01
6.013071537017822266e-01,6.298648715019226074e-01,1.000000000000000000e+00,3.734788596630096436e-01,3.967722952365875244e-01,3.926301896572113037e-01
6.020726561546325684e-01,7.127384543418884277e-01,1.000000000000000000e+00,3.433733880519866943e-01,3.865926563739776611e-01,3.851945996284484863e-01
6.028752326965332031e-01,7.128626704216003418e-01,1.000000000000000000e+00,3.247374892234802246e-01,3.515483438968658447e-01,3.743926882743835449e-01
6.014653444290161133e-01,7.264088392257690430e-01,1.000000000000000000e+00,2.552040517330169678e-01,7.067205756902694702e-02,2.773911952972412109e-01
6.119289994239807129e-01,8.038706779479980469e-01,1.000000000000000000e+00,9.188005328178405762e-02,0.000000000000000000e+00,2.205425053834915161e-01
6.133460402488708496e-01,7.482809424400329590e-01,9.829119443893432617e-01,9.561699815094470978e-03,0.000000000000000000e+00,1.980327069759368896e-01
6.079608798027038574e-01,7.303641438484191895e-01,9.769996404647827148e-01,0.000000000000000000e+00,0.000000000000000000e+00,2.353278547525405884e-01
6.430985331535339355e-01,7.505117654800415039e-01,8.614651560783386230e-01,0.000000000000000000e+00,0.000000000000000000e+00,2.103559672832489014e-01
1.000000000000000000e+00,1.000000000000000000e+00,6.051387190818786621e-01,0.000000000000000000e+00,0.000000000000000000e+00,0.000000000000000000e+00
