# CPU,RAM,NetworkR,NetworkW,DiskW,DiskR
6.391026973724365234e-01,6.404312849044799805e-01,1.000000000000000000e+00,3.937929570674896240e-01,3.965747058391571045e-01,3.978512883186340332e-01
6.002551317214965820e-01,9.355231523513793945e-01,1.000000000000000000e+00,3.552036881446838379e-01,3.890117704868316650e-01,3.172936737537384033e-01
6.029901504516601562e-01,6.992844939231872559e-01,1.000000000000000000e+00,3.444719016551971436e-01,3.879507482051849365e-01,3.784675002098083496e-01
6.008735299110412598e-01,7.700926065444946289e-01,1.000000000000000000e+00,3.226374983787536621e-01,3.283688724040985107e-01,3.594408929347991943e-01
6.003235578536987305e-01,7.335469126701354980e-01,1.000000000000000000e+00,2.867251932621002197e-01,6.982409954071044922e-02,2.583326995372772217e-01
6.044275164604187012e-01,7.680175304412841797e-01,1.000000000000000000e+00,1.386347711086273193e-01,1.800440018996596336e-03,2.204685062170028687e-01
6.024564504623413086e-01,7.622033357620239258e-01,1.000000000000000000e+00,8.324196189641952515e-02,0.000000000000000000e+00,2.199900448322296143e-01
6.025478839874267578e-01,7.655996084213256836e-01,1.000000000000000000e+00,0.000000000000000000e+00,0.000000000000000000e+00,2.085512429475784302e-01
6.409732699394226074e-01,9.379275441169738770e-01,8.155782818794250488e-01,0.000000000000000000e+00,0.000000000000000000e+00,1.472966372966766357e-01
1.000000000000000000e+00,1.000000000000000000e+00,6.063839197158813477e-01,0.000000000000000000e+00,0.000000000000000000e+00,0.000000000000000000e+00
