# CPU,RAM,NetworkR,NetworkW,DiskW,DiskR
6.389209032058715820e-01,6.406861543655395508e-01,1.000000000000000000e+00,3.937953412532806396e-01,3.965672552585601807e-01,3.978548049926757812e-01
6.013740301132202148e-01,6.239927411079406738e-01,1.000000000000000000e+00,3.751094937324523926e-01,3.968760967254638672e-01,3.931461870670318604e-01
6.116500496864318848e-01,8.837659955024719238e-01,1.000000000000000000e+00,3.102174103260040283e-01,3.814263939857482910e-01,3.797720074653625488e-01
6.762835979461669922e-01,1.000000000000000000e+00,1.000000000000000000e+00,2.162800729274749756e-01,2.496362030506134033e-01,3.407074511051177979e-01
7.316724658012390137e-01,1.000000000000000000e+00,1.000000000000000000e+00,1.745893657207489014e-01,1.950861513614654541e-01,3.215749561786651611e-01
6.507427096366882324e-01,1.000000000000000000e+00,9.736373424530029297e-01,1.216365993022918701e-01,1.005849465727806091e-01,2.987279891967773438e-01
6.007065176963806152e-01,1.000000000000000000e+00,9.255867004394531250e-01,1.658160984516143799e-01,0.000000000000000000e+00,1.251101493835449219e-03
1.000000000000000000e+00,1.000000000000000000e+00,8.149017095565795898e-01,0.000000000000000000e+00,0.000000000000000000e+00,1.924177557229995728e-01
6.009927988052368164e-01,6.135535836219787598e-01,6.736861467361450195e-01,0.000000000000000000e+00,0.000000000000000000e+00,0.000000000000000000e+00
6.948595046997070312e-01,6.405509114265441895e-01,6.031997799873352051e-01,0.000000000000000000e+00,0.000000000000000000e+00,0.000000000000000000e+00
