# CPU,RAM,NetworkR,NetworkW,DiskW,DiskR
6.390143632888793945e-01,6.407049298286437988e-01,1.000000000000000000e+00,3.937942087650299072e-01,3.965668380260467529e-01,3.978548049926757812e-01
6.002549529075622559e-01,9.917839765548706055e-01,1.000000000000000000e+00,3.525820672512054443e-01,3.867536485195159912e-01,3.029867708683013916e-01
6.021060347557067871e-01,7.619097828865051270e-01,1.000000000000000000e+00,3.327563107013702393e-01,3.780385851860046387e-01,3.661385476589202881e-01
6.005187630653381348e-01,8.191843628883361816e-01,1.000000000000000000e+00,3.152565062046051025e-01,2.816728055477142334e-01,3.376223742961883545e-01
6.002159714698791504e-01,7.579778432846069336e-01,1.000000000000000000e+00,2.823337912559509277e-01,1.795930042862892151e-02,2.019115239381790161e-01
6.026212573051452637e-01,7.768080234527587891e-01,1.000000000000000000e+00,1.360985934734344482e-01,0.000000000000000000e+00,1.579093933105468750e-01
6.022685170173645020e-01,8.358504772186279297e-01,9.944658875465393066e-01,4.788099974393844604e-02,0.000000000000000000e+00,1.425271034240722656e-01
6.032792329788208008e-01,7.672646045684814453e-01,1.000000000000000000e+00,0.000000000000000000e+00,0.000000000000000000e+00,1.986330002546310425e-01
6.547906398773193359e-01,9.380900263786315918e-01,8.117804527282714844e-01,0.000000000000000000e+00,0.000000000000000000e+00,1.629365980625152588e-01
1.000000000000000000e+00,1.000000000000000000e+00,6.065097451210021973e-01,0.000000000000000000e+00,0.000000000000000000e+00,0.000000000000000000e+00
