# CPU,RAM,NetworkR,NetworkW,DiskW,DiskR
6.391780972480773926e-01,6.406174898147583008e-01,1.000000000000000000e+00,3.937928378582000732e-01,3.965697586536407471e-01,3.978537023067474365e-01
6.012261509895324707e-01,6.522455215454101562e-01,1.000000000000000000e+00,3.690490126609802246e-01,3.964914977550506592e-01,3.912500441074371338e-01
6.040468215942382812e-01,6.728755235671997070e-01,1.000000000000000000e+00,3.510394096374511719e-01,3.915601670742034912e-01,3.901081383228302002e-01
6.084352135658264160e-01,7.538822889328002930e-01,1.000000000000000000e+00,3.110150992870330811e-01,3.636991083621978760e-01,3.767147958278656006e-01
6.456835865974426270e-01,9.167660474777221680e-01,1.000000000000000000e+00,1.882769018411636353e-01,2.102832943201065063e-01,3.193004131317138672e-01
7.742827534675598145e-01,1.000000000000000000e+00,9.414619207382202148e-01,6.431534141302108765e-02,6.997223943471908569e-02,2.933917045593261719e-01
6.349751949310302734e-01,1.000000000000000000e+00,8.776273131370544434e-01,7.583390176296234131e-02,0.000000000000000000e+00,2.871657013893127441e-01
1.000000000000000000e+00,1.000000000000000000e+00,7.447399497032165527e-01,0.000000000000000000e+00,0.000000000000000000e+00,1.265504956245422363e-01
6.033572554588317871e-01,6.055263876914978027e-01,6.557309627532958984e-01,0.000000000000000000e+00,0.000000000000000000e+00,0.000000000000000000e+00
7.239774465560913086e-01,6.098430156707763672e-01,6.047764420509338379e-01,0.000000000000000000e+00,0.000000000000000000e+00,0.000000000000000000e+00
