# CPU,RAM,NetworkR,NetworkW,DiskW,DiskR
6.391187310218811035e-01,6.407834887504577637e-01,1.000000000000000000e+00,3.937938511371612549e-01,3.965650498867034912e-01,3.978559076786041260e-01
6.010523438453674316e-01,6.902499794960021973e-01,1.000000000000000000e+00,3.650131523609161377e-01,3.959901630878448486e-01,3.891251385211944580e-01
6.029229760169982910e-01,6.603395342826843262e-01,1.000000000000000000e+00,3.572465479373931885e-01,3.917987644672393799e-01,3.910352885723114014e-01
6.017583012580871582e-01,6.933035254478454590e-01,1.000000000000000000e+00,3.351410031318664551e-01,3.604828417301177979e-01,3.785302042961120605e-01
6.008969545364379883e-01,6.867398619651794434e-01,1.000000000000000000e+00,2.818151116371154785e-01,1.129577010869979858e-01,3.034430146217346191e-01
6.110315322875976562e-01,7.230728268623352051e-01,1.000000000000000000e+00,1.075730994343757629e-01,9.622300043702125549e-03,2.369436025619506836e-01
6.138399839401245117e-01,7.179146409034729004e-01,1.000000000000000000e+00,6.588700227439403534e-03,0.000000000000000000e+00,2.212703526020050049e-01
6.109504103660583496e-01,7.386029362678527832e-01,9.494816660881042480e-01,0.000000000000000000e+00,0.000000000000000000e+00,2.305213063955307007e-01
6.394727230072021484e-01,7.139322757720947266e-01,8.788590431213378906e-01,0.000000000000000000e+00,0.000000000000000000e+00,2.207701951265335083e-01
1.000000000000000000e+00,1.000000000000000000e+00,6.047089099884033203e-01,0.000000000000000000e+00,0.000000000000000000e+00,0.000000000000000000e+00
