# CPU,RAM,NetworkR,NetworkW,DiskW,DiskR
6.390876173973083496e-01,6.407951712608337402e-01,1.000000000000000000e+00,3.937945663928985596e-01,3.965648114681243896e-01,3.978562653064727783e-01
6.014218926429748535e-01,6.167222261428833008e-01,1.000000000000000000e+00,3.778822720050811768e-01,3.970138132572174072e-01,3.938966989517211914e-01
6.125009059906005859e-01,8.569142818450927734e-01,1.000000000000000000e+00,3.080622851848602295e-01,3.810477554798126221e-01,3.784244358539581299e-01
7.264745831489562988e-01,1.000000000000000000e+00,1.000000000000000000e+00,2.203323543071746826e-01,2.804616093635559082e-01,3.492335975170135498e-01
7.515438199043273926e-01,1.000000000000000000e+00,1.000000000000000000e+00,1.521684974431991577e-01,1.342374980449676514e-01,3.059678077697753906e-01
6.480789184570312500e-01,1.000000000000000000e+00,9.512893557548522949e-01,1.103814989328384399e-01,6.247530132532119751e-02,2.840048074722290039e-01
6.027785539627075195e-01,1.000000000000000000e+00,9.339017271995544434e-01,1.549609452486038208e-01,0.000000000000000000e+00,2.742347121238708496e-01
1.000000000000000000e+00,1.000000000000000000e+00,7.991489171981811523e-01,0.000000000000000000e+00,0.000000000000000000e+00,2.571526467800140381e-01
6.009944677352905273e-01,6.134431958198547363e-01,6.610565185546875000e-01,0.000000000000000000e+00,0.000000000000000000e+00,0.000000000000000000e+00
6.498676538467407227e-01,6.167200207710266113e-01,6.059337854385375977e-01,0.000000000000000000e+00,0.000000000000000000e+00,0.000000000000000000e+00
