# CPU,RAM,NetworkR,NetworkW,DiskW,DiskR
6.391090154647827148e-01,6.407350897789001465e-01,1.000000000000000000e+00,3.937933743000030518e-01,3.965662121772766113e-01,3.978551030158996582e-01
6.010937690734863281e-01,6.719461679458618164e-01,1.000000000000000000e+00,3.667581081390380859e-01,3.962039649486541748e-01,3.900164961814880371e-01
6.026358008384704590e-01,6.587637662887573242e-01,1.000000000000000000e+00,3.576919734477996826e-01,3.916918039321899414e-01,3.909362852573394775e-01
6.017639636993408203e-01,6.973988413810729980e-01,1.000000000000000000e+00,3.328179121017456055e-01,3.573862016201019287e-01,3.770616948604583740e-01
6.009963154792785645e-01,6.901999711990356445e-01,1.000000000000000000e+00,2.763504683971405029e-01,1.011373624205589294e-01,2.979930043220520020e-01
6.126414537429809570e-01,7.430787682533264160e-01,1.000000000000000000e+00,9.570729732513427734e-02,5.946840159595012665e-03,2.320852428674697876e-01
6.133591532707214355e-01,7.326629757881164551e-01,9.856244921684265137e-01,0.000000000000000000e+00,0.000000000000000000e+00,2.067910730838775635e-01
6.064782738685607910e-01,7.253468632698059082e-01,9.700702428817749023e-01,0.000000000000000000e+00,0.000000000000000000e+00,2.210951745510101318e-01
6.241641044616699219e-01,7.154294848442077637e-01,8.751319050788879395e-01,0.000000000000000000e+00,0.000000000000000000e+00,1.851302534341812134e-01
1.000000000000000000e+00,1.000000000000000000e+00,6.053977012634277344e-01,0.000000000000000000e+00,0.000000000000000000e+00,0.000000000000000000e+00
