# CPU,RAM,NetworkR,NetworkW,DiskW,DiskR
6.391578316688537598e-01,6.407726407051086426e-01,1.000000000000000000e+00,3.937933146953582764e-01,3.965653479099273682e-01,3.978556692600250244e-01
6.012559533119201660e-01,6.424244046211242676e-01,1.000000000000000000e+00,3.706876933574676514e-01,3.965966105461120605e-01,3.917722105979919434e-01
6.071246266365051270e-01,7.455098628997802734e-01,1.000000000000000000e+00,3.328669965267181396e-01,3.886283934116363525e-01,3.863148093223571777e-01
6.221991777420043945e-01,8.331395387649536133e-01,1.000000000000000000e+00,2.961399853229522705e-01,3.627493083477020264e-01,3.760206401348114014e-01
7.314279675483703613e-01,1.000000000000000000e+00,1.000000000000000000e+00,1.707824021577835083e-01,2.094587236642837524e-01,3.291819095611572266e-01
6.663772463798522949e-01,1.000000000000000000e+00,9.428465366363525391e-01,8.362724632024765015e-02,2.135360240936279297e-02,2.649441659450531006e-01
6.032649874687194824e-01,1.000000000000000000e+00,9.123243093490600586e-01,1.230320036411285400e-01,0.000000000000000000e+00,2.630726099014282227e-01
1.000000000000000000e+00,1.000000000000000000e+00,7.771460413932800293e-01,0.000000000000000000e+00,0.000000000000000000e+00,2.505210041999816895e-02
6.050086617469787598e-01,6.043978333473205566e-01,6.889278292655944824e-01,0.000000000000000000e+00,0.000000000000000000e+00,0.000000000000000000e+00
7.460874319076538086e-01,6.143940687179565430e-01,6.043796539306640625e-01,0.000000000000000000e+00,0.000000000000000000e+00,0.000000000000000000e+00
