# CPU,RAM,NetworkR,NetworkW,DiskW,DiskR
6.390734910964965820e-01,6.405183672904968262e-01,1.000000000000000000e+00,3.937914669513702393e-01,3.965713679790496826e-01,3.978517055511474609e-01
6.001703739166259766e-01,1.000000000000000000e+00,1.000000000000000000e+00,3.501096963882446289e-01,3.816089034080505371e-01,2.080149948596954346e-01
6.005120277404785156e-01,1.000000000000000000e+00,1.000000000000000000e+00,3.058283925056457520e-01,3.240449726581573486e-01,2.556000947952270508e-01
6.002086400985717773e-01,9.259718656539916992e-01,1.000000000000000000e+00,3.000156581401824951e-01,1.819642335176467896e-01,2.373104244470596313e-01
6.001465320587158203e-01,8.948291540145874023e-01,1.000000000000000000e+00,2.589790523052215576e-01,0.000000000000000000e+00,7.888265699148178101e-02
6.012884974479675293e-01,8.384714722633361816e-01,1.000000000000000000e+00,1.420439928770065308e-01,0.000000000000000000e+00,6.464420258998870850e-02
6.018095612525939941e-01,8.409044742584228516e-01,9.952630400657653809e-01,5.915519967675209045e-02,0.000000000000000000e+00,9.333450347185134888e-02
6.062530279159545898e-01,7.658450603485107422e-01,1.000000000000000000e+00,0.000000000000000000e+00,0.000000000000000000e+00,2.198305428028106689e-01
7.652347683906555176e-01,1.000000000000000000e+00,8.179855942726135254e-01,0.000000000000000000e+00,0.000000000000000000e+00,2.570218145847320557e-01
1.000000000000000000e+00,1.000000000000000000e+00,6.066409349441528320e-01,0.000000000000000000e+00,0.000000000000000000e+00,0.000000000000000000e+00
