# CPU,RAM,NetworkR,NetworkW,DiskW,DiskR
6.000000238418579102e-01,6.000000238418579102e-01,1.000000000000000000e+00,4.000000059604644775e-01,4.000000059604644775e-01,4.000000059604644775e-01
6.000000238418579102e-01,6.000000238418579102e-01,1.000000000000000000e+00,3.807140886783599854e-01,3.975781500339508057e-01,3.627690374851226807e-01
6.000000238418579102e-01,6.833333373069763184e-01,1.000000000000000000e+00,3.536851108074188232e-01,3.969726860523223877e-01,3.627690374851226807e-01
6.000000238418579102e-01,6.833333373069763184e-01,1.000000000000000000e+00,3.161170184612274170e-01,3.884961903095245361e-01,3.627690374851226807e-01
6.000000238418579102e-01,6.833333373069763184e-01,1.000000000000000000e+00,2.998422682285308838e-01,2.717929184436798096e-01,2.789994180202484131e-01
6.000000238418579102e-01,6.833333373069763184e-01,1.000000000000000000e+00,8.662173897027969360e-02,5.026867613196372986e-02,2.487492710351943970e-01
6.000000238418579102e-01,6.833333373069763184e-01,1.000000000000000000e+00,5.285345390439033508e-02,3.566184639930725098e-02,2.487492710351943970e-01
6.000000238418579102e-01,6.833333373069763184e-01,1.000000000000000000e+00,0.000000000000000000e+00,1.227578893303871155e-02,2.487492710351943970e-01
6.000000238418579102e-01,7.666666507720947266e-01,8.359351158142089844e-01,0.000000000000000000e+00,0.000000000000000000e+00,2.394415289163589478e-01
1.000000000000000000e+00,1.000000000000000000e+00,6.000000238418579102e-01,0.000000000000000000e+00,0.000000000000000000e+00,0.000000000000000000e+00
