# CPU,RAM,NetworkR,NetworkW,DiskW,DiskR
6.391910910606384277e-01,6.398869752883911133e-01,1.000000000000000000e+00,3.937762081623077393e-01,3.965837657451629639e-01,3.978385627269744873e-01
6.013152599334716797e-01,6.247045397758483887e-01,1.000000000000000000e+00,3.749929368495941162e-01,3.968532383441925049e-01,3.930268585681915283e-01
6.016603112220764160e-01,7.445683479309082031e-01,1.000000000000000000e+00,3.386098444461822510e-01,3.835732042789459229e-01,3.821116983890533447e-01
6.026023626327514648e-01,7.380750775337219238e-01,1.000000000000000000e+00,3.170790076255798340e-01,3.357790410518646240e-01,3.680039048194885254e-01
6.014278531074523926e-01,7.329316735267639160e-01,1.000000000000000000e+00,2.535474598407745361e-01,6.019492819905281067e-02,2.712720036506652832e-01
6.124823689460754395e-01,8.566774725914001465e-01,1.000000000000000000e+00,8.947639912366867065e-02,0.000000000000000000e+00,2.240258008241653442e-01
6.094446778297424316e-01,7.136204242706298828e-01,1.000000000000000000e+00,5.079559981822967529e-02,0.000000000000000000e+00,2.227210998535156250e-01
6.052663922309875488e-01,7.496345639228820801e-01,9.845289587974548340e-01,0.000000000000000000e+00,0.000000000000000000e+00,2.274812012910842896e-01
6.610183119773864746e-01,8.386098146438598633e-01,8.491390347480773926e-01,0.000000000000000000e+00,0.000000000000000000e+00,2.292007058858871460e-01
1.000000000000000000e+00,1.000000000000000000e+00,6.051125526428222656e-01,0.000000000000000000e+00,0.000000000000000000e+00,0.000000000000000000e+00
