# CPU,RAM,NetworkR,NetworkW,DiskW,DiskR
6.391599178314208984e-01,6.407699584960937500e-01,1.000000000000000000e+00,3.937933743000030518e-01,3.965654671192169189e-01,3.978556692600250244e-01
6.011354327201843262e-01,6.795301437377929688e-01,1.000000000000000000e+00,3.657731115818023682e-01,3.961434066295623779e-01,3.898001611232757568e-01
6.052344441413879395e-01,7.296594381332397461e-01,1.000000000000000000e+00,3.399885594844818115e-01,3.893373906612396240e-01,3.877949416637420654e-01
6.030661463737487793e-01,6.922540664672851562e-01,1.000000000000000000e+00,3.375644385814666748e-01,3.700200021266937256e-01,3.830892145633697510e-01
6.023606657981872559e-01,6.998166441917419434e-01,1.000000000000000000e+00,2.755627036094665527e-01,1.895757615566253662e-01,3.269310891628265381e-01
6.413429975509643555e-01,6.888065338134765625e-01,1.000000000000000000e+00,1.338329613208770752e-01,1.170833036303520203e-01,2.889873683452606201e-01
7.323614954948425293e-01,1.000000000000000000e+00,8.722385168075561523e-01,0.000000000000000000e+00,0.000000000000000000e+00,3.156386911869049072e-01
1.000000000000000000e+00,1.000000000000000000e+00,6.977242231369018555e-01,0.000000000000000000e+00,0.000000000000000000e+00,0.000000000000000000e+00
6.069192290306091309e-01,6.014846563339233398e-01,6.623440980911254883e-01,0.000000000000000000e+00,0.000000000000000000e+00,0.000000000000000000e+00
7.477322220802307129e-01,6.062867045402526855e-01,6.067652702331542969e-01,0.000000000000000000e+00,0.000000000000000000e+00,0.000000000000000000e+00
