# CPU,RAM,NetworkR,NetworkW,DiskW,DiskR
6.390461325645446777e-01,6.405561566352844238e-01,1.000000000000000000e+00,3.937919139862060547e-01,3.965702950954437256e-01,3.978522717952728271e-01
6.001093983650207520e-01,1.000000000000000000e+00,1.000000000000000000e+00,3.424918055534362793e-01,3.628984093666076660e-01,0.000000000000000000e+00
6.002701520919799805e-01,1.000000000000000000e+00,1.000000000000000000e+00,2.884058952331542969e-01,2.620109617710113525e-01,2.207930013537406921e-02
6.001235842704772949e-01,1.000000000000000000e+00,1.000000000000000000e+00,2.730337679386138916e-01,1.031876429915428162e-01,0.000000000000000000e+00
6.001193523406982422e-01,1.000000000000000000e+00,1.000000000000000000e+00,2.210195958614349365e-01,0.000000000000000000e+00,0.000000000000000000e+00
6.005614995956420898e-01,9.746653437614440918e-01,9.787424206733703613e-01,1.026751026511192322e-01,0.000000000000000000e+00,0.000000000000000000e+00
6.008551716804504395e-01,1.000000000000000000e+00,8.487929701805114746e-01,0.000000000000000000e+00,0.000000000000000000e+00,0.000000000000000000e+00
6.091224551200866699e-01,8.758841753005981445e-01,8.881443142890930176e-01,0.000000000000000000e+00,0.000000000000000000e+00,7.657477259635925293e-02
9.458115696907043457e-01,1.000000000000000000e+00,8.417645096778869629e-01,0.000000000000000000e+00,7.919110357761383057e-02,3.051682412624359131e-01
1.000000000000000000e+00,1.000000000000000000e+00,6.080213785171508789e-01,0.000000000000000000e+00,0.000000000000000000e+00,0.000000000000000000e+00
