# CPU,RAM,NetworkR,NetworkW,DiskW,DiskR
6.390918493270874023e-01,6.403631567955017090e-01,1.000000000000000000e+00,3.937857449054718018e-01,3.965735137462615967e-01,3.978477418422698975e-01
6.003785133361816406e-01,7.327800989151000977e-01,1.000000000000000000e+00,3.644539117813110352e-01,3.941434919834136963e-01,3.724160492420196533e-01
6.008777618408203125e-01,8.774904608726501465e-01,1.000000000000000000e+00,3.292766511440277100e-01,3.714507520198822021e-01,3.648788630962371826e-01
6.008221507072448730e-01,7.971069216728210449e-01,1.000000000000000000e+00,3.140398859977722168e-01,2.889789640903472900e-01,3.472883105278015137e-01
6.003619432449340820e-01,7.709778547286987305e-01,1.000000000000000000e+00,2.723376452922821045e-01,4.475279897451400757e-02,2.411450445652008057e-01
6.040467619895935059e-01,7.887872457504272461e-01,1.000000000000000000e+00,1.482698619365692139e-01,1.971765980124473572e-02,2.333538979291915894e-01
6.028032302856445312e-01,7.128838896751403809e-01,1.000000000000000000e+00,1.157495975494384766e-01,2.923353947699069977e-02,2.527374029159545898e-01
6.057662367820739746e-01,8.115681409835815430e-01,9.764782190322875977e-01,0.000000000000000000e+00,0.000000000000000000e+00,2.131143510341644287e-01
7.223441600799560547e-01,1.000000000000000000e+00,7.699614763259887695e-01,0.000000000000000000e+00,0.000000000000000000e+00,1.737797558307647705e-01
1.000000000000000000e+00,1.000000000000000000e+00,6.050813198089599609e-01,0.000000000000000000e+00,0.000000000000000000e+00,0.000000000000000000e+00
