# CPU,RAM,NetworkR,NetworkW,DiskW,DiskR
6.389645338058471680e-01,6.403024196624755859e-01,1.000000000000000000e+00,3.937864601612091064e-01,3.965747654438018799e-01,3.978469669818878174e-01
6.008092164993286133e-01,7.115232348442077637e-01,1.000000000000000000e+00,3.641089498996734619e-01,3.955489099025726318e-01,3.867357075214385986e-01
6.020168066024780273e-01,7.113531827926635742e-01,1.000000000000000000e+00,3.489024043083190918e-01,3.884794116020202637e-01,3.873437047004699707e-01
6.015069484710693359e-01,7.749506235122680664e-01,1.000000000000000000e+00,3.179585933685302734e-01,3.337731063365936279e-01,3.665365874767303467e-01
6.005934476852416992e-01,7.202337384223937988e-01,1.000000000000000000e+00,2.802833616733551025e-01,8.650510013103485107e-02,2.844176590442657471e-01
6.060836315155029297e-01,8.068904876708984375e-01,1.000000000000000000e+00,1.301674544811248779e-01,4.848553985357284546e-02,2.531529068946838379e-01
6.053214073181152344e-01,7.128226757049560547e-01,1.000000000000000000e+00,9.201479703187942505e-02,5.312170088291168213e-02,2.662451863288879395e-01
6.039035320281982422e-01,7.609286904335021973e-01,1.000000000000000000e+00,0.000000000000000000e+00,0.000000000000000000e+00,2.375642359256744385e-01
6.535336375236511230e-01,8.567010164260864258e-01,8.471886515617370605e-01,0.000000000000000000e+00,0.000000000000000000e+00,2.068433463573455811e-01
1.000000000000000000e+00,1.000000000000000000e+00,6.054056286811828613e-01,0.000000000000000000e+00,0.000000000000000000e+00,0.000000000000000000e+00
