# CPU,RAM,NetworkR,NetworkW,DiskW,DiskR
6.391974687576293945e-01,6.408332586288452148e-01,1.000000000000000000e+00,3.937931954860687256e-01,3.965637981891632080e-01,3.978564441204071045e-01
6.004192233085632324e-01,1.000000000000000000e+00,1.000000000000000000e+00,3.538489937782287598e-01,3.902083039283752441e-01,3.545294106006622314e-01
6.053311824798583984e-01,6.436583995819091797e-01,1.000000000000000000e+00,3.589751124382019043e-01,3.926446735858917236e-01,3.900609016418457031e-01
6.014472842216491699e-01,6.966368556022644043e-01,1.000000000000000000e+00,3.370321989059448242e-01,3.634372949600219727e-01,3.780688047409057617e-01
6.004585027694702148e-01,6.798239946365356445e-01,1.000000000000000000e+00,3.023306131362915039e-01,1.377353370189666748e-01,3.102756142616271973e-01
6.053226590156555176e-01,6.981362700462341309e-01,1.000000000000000000e+00,1.503694951534271240e-01,3.218546137213706970e-02,2.526994943618774414e-01
6.074199080467224121e-01,7.155919671058654785e-01,1.000000000000000000e+00,4.589392989873886108e-02,2.179905027151107788e-02,2.448165714740753174e-01
6.055156588554382324e-01,7.257297039031982422e-01,1.000000000000000000e+00,0.000000000000000000e+00,3.525800071656703949e-03,2.441999018192291260e-01
6.346015334129333496e-01,7.548975348472595215e-01,8.718852400779724121e-01,0.000000000000000000e+00,0.000000000000000000e+00,2.033696025609970093e-01
1.000000000000000000e+00,1.000000000000000000e+00,6.060358285903930664e-01,0.000000000000000000e+00,0.000000000000000000e+00,0.000000000000000000e+00
