# CPU,RAM,NetworkR,NetworkW,DiskW,DiskR
6.391295790672302246e-01,6.407667398452758789e-01,1.000000000000000000e+00,3.937940895557403564e-01,3.965657055377960205e-01,3.978557884693145752e-01
6.011475920677185059e-01,6.761150360107421875e-01,1.000000000000000000e+00,3.660889863967895508e-01,3.961799144744873047e-01,3.899533450603485107e-01
6.069732308387756348e-01,6.970775127410888672e-01,1.000000000000000000e+00,3.442612588405609131e-01,3.914955556392669678e-01,3.896254599094390869e-01
6.044524908065795898e-01,7.134564518928527832e-01,1.000000000000000000e+00,3.293635547161102295e-01,3.698840141296386719e-01,3.818415999412536621e-01
6.120222210884094238e-01,7.518877983093261719e-01,1.000000000000000000e+00,2.415945976972579956e-01,2.345588058233261108e-01,3.325991034507751465e-01
6.817613840103149414e-01,8.337600231170654297e-01,1.000000000000000000e+00,1.003372296690940857e-01,1.341263949871063232e-01,2.924637496471405029e-01
6.851026415824890137e-01,1.000000000000000000e+00,8.925902843475341797e-01,4.835319891571998596e-02,0.000000000000000000e+00,3.213964998722076416e-01
1.000000000000000000e+00,1.000000000000000000e+00,6.977596879005432129e-01,0.000000000000000000e+00,0.000000000000000000e+00,0.000000000000000000e+00
6.126757264137268066e-01,6.019929051399230957e-01,6.756039857864379883e-01,0.000000000000000000e+00,0.000000000000000000e+00,0.000000000000000000e+00
8.044785261154174805e-01,6.089645624160766602e-01,6.051821708679199219e-01,0.000000000000000000e+00,0.000000000000000000e+00,0.000000000000000000e+00
