# CPU,RAM,NetworkR,NetworkW,DiskW,DiskR
6.391358375549316406e-01,6.405804753303527832e-01,1.000000000000000000e+00,3.937931060791015625e-01,3.965706527233123779e-01,3.978531956672668457e-01
6.013671755790710449e-01,6.212857365608215332e-01,1.000000000000000000e+00,3.761476576328277588e-01,3.969486951828002930e-01,3.934651017189025879e-01
6.016939878463745117e-01,7.724700570106506348e-01,1.000000000000000000e+00,3.331432044506072998e-01,3.806601464748382568e-01,3.793480992317199707e-01
6.040102243423461914e-01,7.157787680625915527e-01,1.000000000000000000e+00,3.219743072986602783e-01,3.519483506679534912e-01,3.742769062519073486e-01
6.019117832183837891e-01,7.429248094558715820e-01,1.000000000000000000e+00,2.495203018188476562e-01,8.183470368385314941e-02,2.800587117671966553e-01
6.097696423530578613e-01,8.107831478118896484e-01,1.000000000000000000e+00,1.019753962755203247e-01,0.000000000000000000e+00,2.164295613765716553e-01
6.132891178131103516e-01,7.697465419769287109e-01,9.623349905014038086e-01,4.266299773007631302e-03,0.000000000000000000e+00,1.772172003984451294e-01
6.080790758132934570e-01,7.277214527130126953e-01,9.694880843162536621e-01,0.000000000000000000e+00,0.000000000000000000e+00,2.219430059194564819e-01
6.466286182403564453e-01,7.744722366333007812e-01,8.428619503974914551e-01,0.000000000000000000e+00,0.000000000000000000e+00,1.978600025177001953e-01
1.000000000000000000e+00,1.000000000000000000e+00,6.055662035942077637e-01,0.000000000000000000e+00,0.000000000000000000e+00,0.000000000000000000e+00
