# CPU,RAM,NetworkR,NetworkW,DiskW,DiskR
6.391091942787170410e-01,6.406210660934448242e-01,1.000000000000000000e+00,3.937919437885284424e-01,3.965688645839691162e-01,3.978531956672668457e-01
6.003642678260803223e-01,8.230674862861633301e-01,1.000000000000000000e+00,3.595635592937469482e-01,3.926160931587219238e-01,3.612708747386932373e-01
6.010835766792297363e-01,8.515275716781616211e-01,1.000000000000000000e+00,3.309625089168548584e-01,3.736244738101959229e-01,3.669793009757995605e-01
6.005242466926574707e-01,8.228843808174133301e-01,1.000000000000000000e+00,3.163343369960784912e-01,2.813661992549896240e-01,3.421689569950103760e-01
6.001881361007690430e-01,7.609033584594726562e-01,1.000000000000000000e+00,2.846785485744476318e-01,2.137250080704689026e-02,2.077987343072891235e-01
6.021939516067504883e-01,7.809116244316101074e-01,1.000000000000000000e+00,1.440011560916900635e-01,0.000000000000000000e+00,1.777703464031219482e-01
6.020510196685791016e-01,8.070165514945983887e-01,1.000000000000000000e+00,6.959863752126693726e-02,0.000000000000000000e+00,1.873304992914199829e-01
6.031392812728881836e-01,7.549299597740173340e-01,1.000000000000000000e+00,0.000000000000000000e+00,0.000000000000000000e+00,2.308738976716995239e-01
6.562545895576477051e-01,9.126767516136169434e-01,8.359677195549011230e-01,0.000000000000000000e+00,0.000000000000000000e+00,1.956247985363006592e-01
1.000000000000000000e+00,1.000000000000000000e+00,6.062793731689453125e-01,0.000000000000000000e+00,0.000000000000000000e+00,0.000000000000000000e+00
