# CPU,RAM,NetworkR,NetworkW,DiskW,DiskR
6.391576528549194336e-01,6.408031582832336426e-01,1.000000000000000000e+00,3.937931060791015625e-01,3.965643942356109619e-01,3.978559672832489014e-01
6.013371348381042480e-01,6.210070848464965820e-01,1.000000000000000000e+00,3.763195574283599854e-01,3.969346582889556885e-01,3.934640884399414062e-01
6.036779284477233887e-01,7.525563240051269531e-01,1.000000000000000000e+00,3.300445973873138428e-01,3.840297758579254150e-01,3.817925751209259033e-01
6.037256121635437012e-01,6.828179359436035156e-01,1.000000000000000000e+00,3.339289724826812744e-01,3.635157942771911621e-01,3.804511725902557373e-01
6.116358637809753418e-01,7.483083009719848633e-01,1.000000000000000000e+00,2.218970060348510742e-01,1.620194017887115479e-01,3.062781989574432373e-01
6.432736515998840332e-01,7.819156646728515625e-01,1.000000000000000000e+00,1.162109598517417908e-01,1.292192041873931885e-01,2.897619903087615967e-01
6.990267038345336914e-01,1.000000000000000000e+00,8.580388426780700684e-01,0.000000000000000000e+00,0.000000000000000000e+00,2.785291373729705811e-01
8.750522136688232422e-01,1.000000000000000000e+00,7.122808694839477539e-01,0.000000000000000000e+00,0.000000000000000000e+00,0.000000000000000000e+00
6.198053359985351562e-01,6.179764866828918457e-01,6.633715033531188965e-01,0.000000000000000000e+00,0.000000000000000000e+00,0.000000000000000000e+00
1.000000000000000000e+00,7.008669376373291016e-01,6.024479269981384277e-01,0.000000000000000000e+00,0.000000000000000000e+00,0.000000000000000000e+00
