# CPU,RAM,NetworkR,NetworkW,DiskW,DiskR
6.390513181686401367e-01,6.407980918884277344e-01,1.000000000000000000e+00,3.937942087650299072e-01,3.965643942356109619e-01,3.978560864925384521e-01
6.014034748077392578e-01,6.148742437362670898e-01,1.000000000000000000e+00,3.788231015205383301e-01,3.970487117767333984e-01,3.941190540790557861e-01
6.033693552017211914e-01,8.076635599136352539e-01,1.000000000000000000e+00,3.188807666301727295e-01,3.767276704311370850e-01,3.750992715358734131e-01
6.035210490226745605e-01,6.782888174057006836e-01,1.000000000000000000e+00,3.336102962493896484e-01,3.574263751506805420e-01,3.788175880908966064e-01
6.017841696739196777e-01,7.096386551856994629e-01,1.000000000000000000e+00,2.593801915645599365e-01,8.023913949728012085e-02,2.849056422710418701e-01
6.197655200958251953e-01,7.583975791931152344e-01,1.000000000000000000e+00,1.023006737232208252e-01,2.888870239257812500e-02,2.430922985076904297e-01
6.463368535041809082e-01,7.552483677864074707e-01,9.530062079429626465e-01,0.000000000000000000e+00,0.000000000000000000e+00,2.273104339838027954e-01
6.602682471275329590e-01,8.249552249908447266e-01,8.631487488746643066e-01,0.000000000000000000e+00,0.000000000000000000e+00,2.344146966934204102e-01
6.736196875572204590e-01,6.854447126388549805e-01,8.902930617332458496e-01,0.000000000000000000e+00,1.883409917354583740e-02,2.585766613483428955e-01
1.000000000000000000e+00,1.000000000000000000e+00,6.036860942840576172e-01,0.000000000000000000e+00,0.000000000000000000e+00,0.000000000000000000e+00
