# CPU,RAM,NetworkR,NetworkW,DiskW,DiskR
6.390424966812133789e-01,6.407590508460998535e-01,1.000000000000000000e+00,3.937948942184448242e-01,3.965657651424407959e-01,3.978558480739593506e-01
6.014291048049926758e-01,6.163876056671142578e-01,1.000000000000000000e+00,3.780196905136108398e-01,3.970214128494262695e-01,3.939337432384490967e-01
6.103451848030090332e-01,9.326401352882385254e-01,1.000000000000000000e+00,3.016338944435119629e-01,3.743858635425567627e-01,3.742887079715728760e-01
7.005584239959716797e-01,1.000000000000000000e+00,1.000000000000000000e+00,2.332671433687210083e-01,3.018156886100769043e-01,3.533440530300140381e-01
7.367702126502990723e-01,1.000000000000000000e+00,1.000000000000000000e+00,1.583346426486968994e-01,1.499821990728378296e-01,3.110603392124176025e-01
6.390622258186340332e-01,1.000000000000000000e+00,9.498193860054016113e-01,1.100409999489784241e-01,4.128726944327354431e-02,2.744762599468231201e-01
6.019102334976196289e-01,1.000000000000000000e+00,9.077011942863464355e-01,1.512418985366821289e-01,0.000000000000000000e+00,9.883750230073928833e-02
1.000000000000000000e+00,1.000000000000000000e+00,7.994644641876220703e-01,0.000000000000000000e+00,0.000000000000000000e+00,2.113526761531829834e-01
6.007889509201049805e-01,6.117879152297973633e-01,6.606426239013671875e-01,0.000000000000000000e+00,0.000000000000000000e+00,0.000000000000000000e+00
6.869092583656311035e-01,6.341387033462524414e-01,6.036715507507324219e-01,0.000000000000000000e+00,0.000000000000000000e+00,0.000000000000000000e+00
