# CPU,RAM,NetworkR,NetworkW,DiskW,DiskR
6.390137672424316406e-01,6.405718922615051270e-01,1.000000000000000000e+00,3.937939703464508057e-01,3.965705037117004395e-01,3.978531658649444580e-01
6.014652252197265625e-01,6.251709461212158203e-01,1.000000000000000000e+00,3.744935691356658936e-01,3.968843519687652588e-01,3.930901587009429932e-01
6.066478490829467773e-01,9.055081605911254883e-01,1.000000000000000000e+00,3.124245107173919678e-01,3.782677948474884033e-01,3.781893551349639893e-01
6.051198244094848633e-01,6.779555678367614746e-01,1.000000000000000000e+00,3.368557393550872803e-01,3.688150942325592041e-01,3.833832442760467529e-01
6.014961600303649902e-01,7.027653455734252930e-01,1.000000000000000000e+00,2.797628939151763916e-01,1.511614620685577393e-01,3.146440088748931885e-01
6.098774075508117676e-01,7.045999765396118164e-01,1.000000000000000000e+00,1.476408988237380981e-01,2.814676985144615173e-02,2.541824877262115479e-01
6.413629055023193359e-01,7.562748193740844727e-01,9.619407653808593750e-01,0.000000000000000000e+00,0.000000000000000000e+00,2.299572974443435669e-01
6.649215221405029297e-01,8.146318197250366211e-01,8.490247130393981934e-01,0.000000000000000000e+00,0.000000000000000000e+00,2.064816951751708984e-01
6.602216362953186035e-01,6.657429337501525879e-01,9.121292829513549805e-01,0.000000000000000000e+00,3.155310079455375671e-02,2.603890001773834229e-01
1.000000000000000000e+00,1.000000000000000000e+00,6.040211915969848633e-01,0.000000000000000000e+00,0.000000000000000000e+00,0.000000000000000000e+00
