# CPU,RAM,NetworkR,NetworkW,DiskW,DiskR
6.390863656997680664e-01,6.405343413352966309e-01,1.000000000000000000e+00,3.937925994396209717e-01,3.965714871883392334e-01,3.978523910045623779e-01
6.004935503005981445e-01,7.997608780860900879e-01,1.000000000000000000e+00,3.602555990219116211e-01,3.937255442142486572e-01,3.743488490581512451e-01
6.022395491600036621e-01,7.236548662185668945e-01,1.000000000000000000e+00,3.447726070880889893e-01,3.867422640323638916e-01,3.837602138519287109e-01
6.010495424270629883e-01,7.758401632308959961e-01,1.000000000000000000e+00,3.208283483982086182e-01,3.269420862197875977e-01,3.632503449916839600e-01
6.003232598304748535e-01,7.246740460395812988e-01,1.000000000000000000e+00,2.873018085956573486e-01,5.920479819178581238e-02,2.613674104213714600e-01
6.038531064987182617e-01,7.689542770385742188e-01,1.000000000000000000e+00,1.360201984643936157e-01,0.000000000000000000e+00,2.214181721210479736e-01
6.033200621604919434e-01,7.606554627418518066e-01,1.000000000000000000e+00,7.234200090169906616e-02,8.146999753080308437e-04,2.315700948238372803e-01
6.030182838439941406e-01,7.470086812973022461e-01,1.000000000000000000e+00,0.000000000000000000e+00,0.000000000000000000e+00,2.348776757717132568e-01
6.394104361534118652e-01,8.403005599975585938e-01,8.477244377136230469e-01,0.000000000000000000e+00,0.000000000000000000e+00,1.812627017498016357e-01
1.000000000000000000e+00,1.000000000000000000e+00,6.061147451400756836e-01,0.000000000000000000e+00,0.000000000000000000e+00,0.000000000000000000e+00
