# CPU,RAM,NetworkR,NetworkW,DiskW,DiskR
6.390552520751953125e-01,6.406770348548889160e-01,1.000000000000000000e+00,3.937874138355255127e-01,3.965649902820587158e-01,3.978520035743713379e-01
6.009236574172973633e-01,6.263288259506225586e-01,1.000000000000000000e+00,3.757010996341705322e-01,3.966560065746307373e-01,3.924217522144317627e-01
6.015462875366210938e-01,7.557110190391540527e-01,1.000000000000000000e+00,3.361898958683013916e-01,3.815008103847503662e-01,3.797120749950408936e-01
6.022535562515258789e-01,7.757775783538818359e-01,1.000000000000000000e+00,3.061732053756713867e-01,3.121126890182495117e-01,3.582091927528381348e-01
6.011743545532226562e-01,7.391234636306762695e-01,1.000000000000000000e+00,2.526748478412628174e-01,4.100932925939559937e-02,2.598268687725067139e-01
6.099265217781066895e-01,8.438537120819091797e-01,1.000000000000000000e+00,9.769289940595626831e-02,0.000000000000000000e+00,2.218309044837951660e-01
6.075202226638793945e-01,6.927596330642700195e-01,1.000000000000000000e+00,8.249820023775100708e-02,2.450474910438060760e-02,2.516956031322479248e-01
6.063010692596435547e-01,7.759250402450561523e-01,9.805378317832946777e-01,0.000000000000000000e+00,0.000000000000000000e+00,2.394479960203170776e-01
6.746948361396789551e-01,8.575223684310913086e-01,8.514227867126464844e-01,0.000000000000000000e+00,0.000000000000000000e+00,2.421254068613052368e-01
1.000000000000000000e+00,1.000000000000000000e+00,6.049261093139648438e-01,0.000000000000000000e+00,0.000000000000000000e+00,0.000000000000000000e+00
