# CPU,RAM,NetworkR,NetworkW,DiskW,DiskR
6.391527056694030762e-01,6.408126950263977051e-01,1.000000000000000000e+00,3.937936723232269287e-01,3.965643048286437988e-01,3.978562653064727783e-01
6.006737947463989258e-01,8.412718772888183594e-01,1.000000000000000000e+00,3.585388958454132080e-01,3.940503001213073730e-01,3.798702955245971680e-01
6.040801405906677246e-01,6.376194953918457031e-01,1.000000000000000000e+00,3.636115491390228271e-01,3.934350013732910156e-01,3.924784958362579346e-01
6.012894511222839355e-01,6.851750016212463379e-01,1.000000000000000000e+00,3.390874862670898438e-01,3.626226484775543213e-01,3.789221048355102539e-01
6.009550690650939941e-01,6.654149293899536133e-01,1.000000000000000000e+00,2.937164604663848877e-01,1.535298973321914673e-01,3.216393887996673584e-01
6.183967590332031250e-01,6.638657450675964355e-01,1.000000000000000000e+00,1.428301632404327393e-01,9.662166237831115723e-02,2.853724956512451172e-01
7.389501333236694336e-01,7.991716861724853516e-01,9.790043234825134277e-01,0.000000000000000000e+00,1.619489938020706177e-01,3.074033558368682861e-01
1.000000000000000000e+00,1.000000000000000000e+00,7.221779227256774902e-01,0.000000000000000000e+00,0.000000000000000000e+00,1.989278346300125122e-01
6.028859615325927734e-01,6.037421226501464844e-01,6.418436169624328613e-01,0.000000000000000000e+00,0.000000000000000000e+00,0.000000000000000000e+00
1.000000000000000000e+00,6.466487646102905273e-01,6.016010046005249023e-01,0.000000000000000000e+00,0.000000000000000000e+00,0.000000000000000000e+00
