# CPU,RAM,NetworkR,NetworkW,DiskW,DiskR
6.395383477210998535e-01,6.406769752502441406e-01,1.000000000000000000e+00,3.937642872333526611e-01,3.965580761432647705e-01,3.978444635868072510e-01
6.002860069274902344e-01,7.381781935691833496e-01,1.000000000000000000e+00,3.640455007553100586e-01,3.929787576198577881e-01,3.572230935096740723e-01
6.004621386528015137e-01,8.974827527999877930e-01,1.000000000000000000e+00,3.270632922649383545e-01,3.598676919937133789e-01,3.402959108352661133e-01
6.003018021583557129e-01,8.319278955459594727e-01,1.000000000000000000e+00,3.082908987998962402e-01,2.101048529148101807e-01,2.958769500255584717e-01
6.004434227943420410e-01,8.508812785148620605e-01,1.000000000000000000e+00,2.390373647212982178e-01,8.472049608826637268e-03,1.889867931604385376e-01
6.024208068847656250e-01,7.768183350563049316e-01,1.000000000000000000e+00,1.547405421733856201e-01,0.000000000000000000e+00,1.998516023159027100e-01
6.018356680870056152e-01,7.097038626670837402e-01,1.000000000000000000e+00,1.280041038990020752e-01,2.526210062205791473e-02,2.496688663959503174e-01
6.108244657516479492e-01,8.354042768478393555e-01,9.445553421974182129e-01,0.000000000000000000e+00,0.000000000000000000e+00,2.122047990560531616e-01
1.000000000000000000e+00,1.000000000000000000e+00,7.058301568031311035e-01,0.000000000000000000e+00,0.000000000000000000e+00,5.520800128579139709e-02
1.000000000000000000e+00,1.000000000000000000e+00,6.052181720733642578e-01,0.000000000000000000e+00,0.000000000000000000e+00,0.000000000000000000e+00
