# CPU,RAM,NetworkR,NetworkW,DiskW,DiskR
6.389765143394470215e-01,6.406773924827575684e-01,1.000000000000000000e+00,3.937934935092926025e-01,3.965671062469482422e-01,3.978542089462280273e-01
6.011410951614379883e-01,6.476351022720336914e-01,1.000000000000000000e+00,3.700448572635650635e-01,3.964816629886627197e-01,3.912742137908935547e-01
6.023147702217102051e-01,6.695235967636108398e-01,1.000000000000000000e+00,3.542219996452331543e-01,3.905332386493682861e-01,3.895097970962524414e-01
6.021267771720886230e-01,7.181143760681152344e-01,1.000000000000000000e+00,3.245669901371002197e-01,3.496733605861663818e-01,3.732141554355621338e-01
6.011480689048767090e-01,7.054562568664550781e-01,1.000000000000000000e+00,2.662425935268402100e-01,7.999642938375473022e-02,2.858693897724151611e-01
6.149652600288391113e-01,7.811792492866516113e-01,1.000000000000000000e+00,8.733317255973815918e-02,8.627500385046005249e-03,2.306066453456878662e-01
6.148873567581176758e-01,7.335828542709350586e-01,9.960424304008483887e-01,9.838369674980640411e-03,0.000000000000000000e+00,2.175636440515518188e-01
6.072090864181518555e-01,7.232818603515625000e-01,9.789903759956359863e-01,0.000000000000000000e+00,0.000000000000000000e+00,2.320200353860855103e-01
6.330453157424926758e-01,7.340027689933776855e-01,8.699921369552612305e-01,0.000000000000000000e+00,0.000000000000000000e+00,2.050947993993759155e-01
1.000000000000000000e+00,1.000000000000000000e+00,6.050863265991210938e-01,0.000000000000000000e+00,0.000000000000000000e+00,0.000000000000000000e+00
