# CPU,RAM,NetworkR,NetworkW,DiskW,DiskR
6.391775608062744141e-01,6.407998800277709961e-01,1.000000000000000000e+00,3.937934041023254395e-01,3.965647518634796143e-01,3.978560864925384521e-01
6.010398268699645996e-01,7.042849659919738770e-01,1.000000000000000000e+00,3.639006018638610840e-01,3.958562016487121582e-01,3.885973989963531494e-01
6.091254949569702148e-01,6.730099320411682129e-01,1.000000000000000000e+00,3.494684398174285889e-01,3.931593000888824463e-01,3.913130462169647217e-01
6.282681226730346680e-01,8.856366276741027832e-01,1.000000000000000000e+00,2.884998023509979248e-01,3.641599714756011963e-01,3.758161365985870361e-01
6.900799274444580078e-01,1.000000000000000000e+00,1.000000000000000000e+00,1.963870972394943237e-01,2.584456503391265869e-01,3.418182134628295898e-01
7.144643664360046387e-01,1.000000000000000000e+00,9.706757664680480957e-01,9.186836332082748413e-02,8.956780284643173218e-02,2.944194078445434570e-01
6.076551675796508789e-01,1.000000000000000000e+00,9.070845842361450195e-01,1.097296029329299927e-01,0.000000000000000000e+00,2.850666940212249756e-01
1.000000000000000000e+00,1.000000000000000000e+00,7.613733410835266113e-01,0.000000000000000000e+00,0.000000000000000000e+00,0.000000000000000000e+00
6.107332110404968262e-01,6.070370078086853027e-01,7.091154456138610840e-01,0.000000000000000000e+00,0.000000000000000000e+00,0.000000000000000000e+00
6.812002658843994141e-01,6.082512736320495605e-01,6.076245903968811035e-01,0.000000000000000000e+00,0.000000000000000000e+00,0.000000000000000000e+00
