# CPU,RAM,NetworkR,NetworkW,DiskW,DiskR
6.391652822494506836e-01,6.406114101409912109e-01,1.000000000000000000e+00,3.937928974628448486e-01,3.965699076652526855e-01,3.978536128997802734e-01
6.001992225646972656e-01,1.000000000000000000e+00,1.000000000000000000e+00,3.520759642124176025e-01,3.848949074745178223e-01,2.591805756092071533e-01
6.018897294998168945e-01,8.070227503776550293e-01,1.000000000000000000e+00,3.259597718715667725e-01,3.740456998348236084e-01,3.529897630214691162e-01
6.007099747657775879e-01,8.194777369499206543e-01,1.000000000000000000e+00,3.129039704799652100e-01,2.905133664608001709e-01,3.400098383426666260e-01
6.002475619316101074e-01,7.767480611801147461e-01,1.000000000000000000e+00,2.809965908527374268e-01,3.597199916839599609e-02,2.145051956176757812e-01
6.028956770896911621e-01,8.107041716575622559e-01,1.000000000000000000e+00,1.449863612651824951e-01,0.000000000000000000e+00,1.865842938423156738e-01
6.021032929420471191e-01,8.131429553031921387e-01,1.000000000000000000e+00,8.068049699068069458e-02,0.000000000000000000e+00,1.769323945045471191e-01
6.030220389366149902e-01,7.734949588775634766e-01,1.000000000000000000e+00,0.000000000000000000e+00,0.000000000000000000e+00,1.928624063730239868e-01
6.481564640998840332e-01,1.000000000000000000e+00,7.913592457771301270e-01,0.000000000000000000e+00,0.000000000000000000e+00,1.166360974311828613e-01
1.000000000000000000e+00,1.000000000000000000e+00,6.071962714195251465e-01,0.000000000000000000e+00,0.000000000000000000e+00,0.000000000000000000e+00
