# CPU,RAM,NetworkR,NetworkW,DiskW,DiskR
6.391021609306335449e-01,6.407668590545654297e-01,1.000000000000000000e+00,3.937937021255493164e-01,3.965654075145721436e-01,3.978556096553802490e-01
6.005932092666625977e-01,8.267863392829895020e-01,1.000000000000000000e+00,3.591695129871368408e-01,3.939262032508850098e-01,3.779315948486328125e-01
6.027849912643432617e-01,6.510519981384277344e-01,1.000000000000000000e+00,3.605557084083557129e-01,3.921034932136535645e-01,3.907837867736816406e-01
6.010606288909912109e-01,6.918795704841613770e-01,1.000000000000000000e+00,3.390375673770904541e-01,3.576978743076324463e-01,3.769556581974029541e-01
6.004608869552612305e-01,6.746867895126342773e-01,1.000000000000000000e+00,2.971979975700378418e-01,1.069817021489143372e-01,3.009777963161468506e-01
6.069987416267395020e-01,6.988254785537719727e-01,1.000000000000000000e+00,1.288491934537887573e-01,1.917745918035507202e-02,2.442474961280822754e-01
6.075845956802368164e-01,7.213367819786071777e-01,1.000000000000000000e+00,2.565459907054901123e-02,1.247599953785538673e-03,2.318696528673171997e-01
6.045441627502441406e-01,7.325783371925354004e-01,9.994615912437438965e-01,0.000000000000000000e+00,0.000000000000000000e+00,2.271926999092102051e-01
6.262608766555786133e-01,7.505612969398498535e-01,8.579446077346801758e-01,0.000000000000000000e+00,0.000000000000000000e+00,1.672448962926864624e-01
1.000000000000000000e+00,1.000000000000000000e+00,6.054999232292175293e-01,0.000000000000000000e+00,0.000000000000000000e+00,0.000000000000000000e+00
