# CPU,RAM,NetworkR,NetworkW,DiskW,DiskR
6.391484737396240234e-01,6.407151222229003906e-01,1.000000000000000000e+00,3.937931358814239502e-01,3.965668976306915283e-01,3.978548943996429443e-01
6.013151407241821289e-01,6.264500617980957031e-01,1.000000000000000000e+00,3.745132982730865479e-01,3.968484103679656982e-01,3.929775059223175049e-01
6.076411008834838867e-01,8.020501732826232910e-01,1.000000000000000000e+00,3.217960894107818604e-01,3.849144876003265381e-01,3.824847042560577393e-01
6.288478970527648926e-01,8.689803481101989746e-01,1.000000000000000000e+00,2.868435680866241455e-01,3.556770980358123779e-01,3.728303611278533936e-01
6.477817893028259277e-01,1.000000000000000000e+00,1.000000000000000000e+00,1.930405050516128540e-01,2.097707539796829224e-01,3.237506449222564697e-01
7.200745940208435059e-01,1.000000000000000000e+00,9.884305596351623535e-01,1.066817045211791992e-01,1.354067027568817139e-01,3.076865971088409424e-01
6.118601560592651367e-01,1.000000000000000000e+00,9.002686142921447754e-01,1.169982030987739563e-01,0.000000000000000000e+00,2.577503919601440430e-01
1.000000000000000000e+00,1.000000000000000000e+00,7.735966444015502930e-01,0.000000000000000000e+00,0.000000000000000000e+00,7.923254370689392090e-02
6.063941121101379395e-01,6.056014895439147949e-01,6.799479126930236816e-01,0.000000000000000000e+00,0.000000000000000000e+00,0.000000000000000000e+00
6.994003057479858398e-01,6.085602045059204102e-01,6.062828302383422852e-01,0.000000000000000000e+00,0.000000000000000000e+00,0.000000000000000000e+00
