# CPU,RAM,NetworkR,NetworkW,DiskW,DiskR
6.000000238418579102e-01,6.000000238418579102e-01,1.000000000000000000e+00,4.000000059604644775e-01,4.000000059604644775e-01,4.000000059604644775e-01
6.000000238418579102e-01,6.833333373069763184e-01,1.000000000000000000e+00,3.767525553703308105e-01,3.981561064720153809e-01,4.000000059604644775e-01
6.000000238418579102e-01,6.833333373069763184e-01,1.000000000000000000e+00,3.526414334774017334e-01,3.975414931774139404e-01,4.000000059604644775e-01
6.000000238418579102e-01,7.666666507720947266e-01,1.000000000000000000e+00,3.188138902187347412e-01,3.723417222499847412e-01,4.000000059604644775e-01
6.000000238418579102e-01,7.666666507720947266e-01,1.000000000000000000e+00,2.916798591613769531e-01,7.609096169471740723e-02,2.956728041172027588e-01
6.000000238418579102e-01,7.666666507720947266e-01,1.000000000000000000e+00,8.929034322500228882e-02,2.607560157775878906e-02,2.648488581180572510e-01
6.000000238418579102e-01,7.666666507720947266e-01,1.000000000000000000e+00,5.539081618189811707e-02,1.140135526657104492e-02,2.648488581180572510e-01
6.000000238418579102e-01,7.666666507720947266e-01,9.964265823364257812e-01,0.000000000000000000e+00,0.000000000000000000e+00,2.648488581180572510e-01
6.000000238418579102e-01,8.500000238418579102e-01,8.610832095146179199e-01,0.000000000000000000e+00,0.000000000000000000e+00,2.553645670413970947e-01
1.000000000000000000e+00,1.000000000000000000e+00,6.000000238418579102e-01,0.000000000000000000e+00,0.000000000000000000e+00,0.000000000000000000e+00
