# CPU,RAM,NetworkR,NetworkW,DiskW,DiskR
6.389322876930236816e-01,6.406999230384826660e-01,1.000000000000000000e+00,3.937956094741821289e-01,3.965671062469482422e-01,3.978551030158996582e-01
6.012497544288635254e-01,6.546787023544311523e-01,1.000000000000000000e+00,3.685054481029510498e-01,3.964343965053558350e-01,3.910444974899291992e-01
6.098715662956237793e-01,8.603258728981018066e-01,1.000000000000000000e+00,3.200660645961761475e-01,3.849933147430419922e-01,3.837031126022338867e-01
6.504799723625183105e-01,1.000000000000000000e+00,1.000000000000000000e+00,2.647481858730316162e-01,3.394058048725128174e-01,3.671218454837799072e-01
6.797675490379333496e-01,1.000000000000000000e+00,1.000000000000000000e+00,1.850169450044631958e-01,2.090818434953689575e-01,3.272787630558013916e-01
6.620454788208007812e-01,1.000000000000000000e+00,9.972885251045227051e-01,1.226025000214576721e-01,1.224275976419448853e-01,3.028712868690490723e-01
6.018802523612976074e-01,1.000000000000000000e+00,9.704011082649230957e-01,1.650673002004623413e-01,0.000000000000000000e+00,2.950569987297058105e-01
1.000000000000000000e+00,1.000000000000000000e+00,8.197436332702636719e-01,3.038600087165832520e-03,0.000000000000000000e+00,1.670797020196914673e-01
6.027583479881286621e-01,6.093925237655639648e-01,6.815211772918701172e-01,0.000000000000000000e+00,0.000000000000000000e+00,0.000000000000000000e+00
6.996844410896301270e-01,6.205039024353027344e-01,6.041824817657470703e-01,0.000000000000000000e+00,0.000000000000000000e+00,0.000000000000000000e+00
