# CPU,RAM,NetworkR,NetworkW,DiskW,DiskR
6.391099691390991211e-01,6.408115029335021973e-01,1.000000000000000000e+00,3.937940895557403564e-01,3.965642750263214111e-01,3.978562951087951660e-01
6.004018187522888184e-01,9.536371827125549316e-01,1.000000000000000000e+00,3.552094101905822754e-01,3.909156024456024170e-01,3.556072413921356201e-01
6.034798622131347656e-01,6.622025966644287109e-01,1.000000000000000000e+00,3.545046746730804443e-01,3.906362056732177734e-01,3.873529136180877686e-01
6.010024547576904297e-01,7.209518551826477051e-01,1.000000000000000000e+00,3.324421048164367676e-01,3.480652868747711182e-01,3.713087141513824463e-01
6.003345847129821777e-01,6.896038651466369629e-01,1.000000000000000000e+00,2.991974651813507080e-01,9.295710176229476929e-02,2.866871953010559082e-01
6.043462157249450684e-01,7.163658738136291504e-01,1.000000000000000000e+00,1.424504071474075317e-01,4.737940151244401932e-03,2.325681746006011963e-01
6.047423481941223145e-01,7.551085352897644043e-01,1.000000000000000000e+00,4.232360050082206726e-02,0.000000000000000000e+00,2.200967967510223389e-01
6.028105616569519043e-01,7.331483960151672363e-01,1.000000000000000000e+00,0.000000000000000000e+00,0.000000000000000000e+00,2.216013073921203613e-01
6.231990456581115723e-01,7.838981151580810547e-01,8.536308407783508301e-01,0.000000000000000000e+00,0.000000000000000000e+00,1.485774070024490356e-01
1.000000000000000000e+00,1.000000000000000000e+00,6.066684126853942871e-01,0.000000000000000000e+00,0.000000000000000000e+00,0.000000000000000000e+00
