# CPU,RAM,NetworkR,NetworkW,DiskW,DiskR
6.390357017517089844e-01,6.405765414237976074e-01,1.000000000000000000e+00,3.937942981719970703e-01,3.965707123279571533e-01,3.978534042835235596e-01
6.003380417823791504e-01,9.907287359237670898e-01,1.000000000000000000e+00,3.543302118778228760e-01,3.897274434566497803e-01,3.417106568813323975e-01
6.016011238098144531e-01,7.825344204902648926e-01,1.000000000000000000e+00,3.358730971813201904e-01,3.783892989158630371e-01,3.716725111007690430e-01
6.003495454788208008e-01,8.377987742424011230e-01,1.000000000000000000e+00,3.202458918094635010e-01,2.828029096126556396e-01,3.386974930763244629e-01
6.001411676406860352e-01,7.706947326660156250e-01,1.000000000000000000e+00,2.906351089477539062e-01,3.342510014772415161e-02,2.015767991542816162e-01
6.014328002929687500e-01,7.863770127296447754e-01,1.000000000000000000e+00,1.481385976076126099e-01,0.000000000000000000e+00,1.458587944507598877e-01
6.016038656234741211e-01,8.777388930320739746e-01,9.873579740524291992e-01,3.811889886856079102e-02,0.000000000000000000e+00,1.032591015100479126e-01
6.029736995697021484e-01,7.787157297134399414e-01,1.000000000000000000e+00,0.000000000000000000e+00,0.000000000000000000e+00,1.950285732746124268e-01
6.653576493263244629e-01,9.471198916435241699e-01,8.311490416526794434e-01,0.000000000000000000e+00,0.000000000000000000e+00,2.009586244821548462e-01
1.000000000000000000e+00,1.000000000000000000e+00,6.065347194671630859e-01,0.000000000000000000e+00,0.000000000000000000e+00,0.000000000000000000e+00
