# CPU,RAM,NetworkR,NetworkW,DiskW,DiskR
6.389749646186828613e-01,6.406888961791992188e-01,1.000000000000000000e+00,3.937950134277343750e-01,3.965673744678497314e-01,3.978548943996429443e-01
6.008493304252624512e-01,7.595334053039550781e-01,1.000000000000000000e+00,3.611629009246826172e-01,3.951534926891326904e-01,3.854311406612396240e-01
6.030158400535583496e-01,6.628023386001586914e-01,1.000000000000000000e+00,3.573775589466094971e-01,3.917730748653411865e-01,3.909286856651306152e-01
6.016510725021362305e-01,7.007610201835632324e-01,1.000000000000000000e+00,3.350199759006500244e-01,3.610691130161285400e-01,3.784453868865966797e-01
6.006025671958923340e-01,6.938075423240661621e-01,1.000000000000000000e+00,2.878063917160034180e-01,1.103250980377197266e-01,2.996447384357452393e-01
6.068352460861206055e-01,7.209088206291198730e-01,1.000000000000000000e+00,1.239253506064414978e-01,5.502104759216308594e-03,2.354800254106521606e-01
6.088722944259643555e-01,7.273540496826171875e-01,1.000000000000000000e+00,2.030899934470653534e-02,0.000000000000000000e+00,2.206151038408279419e-01
6.062726974487304688e-01,7.279791831970214844e-01,9.946273565292358398e-01,0.000000000000000000e+00,0.000000000000000000e+00,2.354041934013366699e-01
6.410278677940368652e-01,7.515544295310974121e-01,8.684511184692382812e-01,0.000000000000000000e+00,0.000000000000000000e+00,2.125190049409866333e-01
1.000000000000000000e+00,1.000000000000000000e+00,6.053410172462463379e-01,0.000000000000000000e+00,0.000000000000000000e+00,0.000000000000000000e+00
