# CPU,RAM,NetworkR,NetworkW,DiskW,DiskR
6.391502022743225098e-01,6.406036019325256348e-01,1.000000000000000000e+00,3.937925100326538086e-01,3.965697884559631348e-01,3.978533148765563965e-01
6.004222631454467773e-01,7.725509405136108398e-01,1.000000000000000000e+00,3.618605434894561768e-01,3.937838971614837646e-01,3.720217645168304443e-01
6.018052697181701660e-01,7.590333223342895508e-01,1.000000000000000000e+00,3.403111100196838379e-01,3.844599425792694092e-01,3.800143897533416748e-01
6.011763811111450195e-01,7.805822491645812988e-01,1.000000000000000000e+00,3.190507888793945312e-01,3.252891004085540771e-01,3.622052371501922607e-01
6.003638505935668945e-01,7.312164306640625000e-01,1.000000000000000000e+00,2.848229706287384033e-01,6.466100364923477173e-02,2.638972699642181396e-01
6.038582921028137207e-01,7.983402013778686523e-01,1.000000000000000000e+00,1.395177990198135376e-01,1.772655919194221497e-02,2.335035055875778198e-01
6.034425497055053711e-01,7.569438815116882324e-01,1.000000000000000000e+00,8.827003091573715210e-02,2.387559972703456879e-02,2.470131069421768188e-01
6.031622290611267090e-01,7.503010034561157227e-01,1.000000000000000000e+00,0.000000000000000000e+00,0.000000000000000000e+00,2.333272993564605713e-01
6.373845338821411133e-01,8.655681610107421875e-01,8.310396671295166016e-01,0.000000000000000000e+00,0.000000000000000000e+00,1.537054032087326050e-01
1.000000000000000000e+00,1.000000000000000000e+00,6.062235832214355469e-01,0.000000000000000000e+00,0.000000000000000000e+00,0.000000000000000000e+00
