# CPU,RAM,NetworkR,NetworkW,DiskW,DiskR
6.391535997390747070e-01,6.407296657562255859e-01,1.000000000000000000e+00,3.937934935092926025e-01,3.965666592121124268e-01,3.978551924228668213e-01
6.011396646499633789e-01,6.755297183990478516e-01,1.000000000000000000e+00,3.661805689334869385e-01,3.961837887763977051e-01,3.899601399898529053e-01
6.071935892105102539e-01,7.163993716239929199e-01,1.000000000000000000e+00,3.403880000114440918e-01,3.906227946281433105e-01,3.886801004409790039e-01
6.133433580398559570e-01,8.055593967437744141e-01,1.000000000000000000e+00,3.049480617046356201e-01,3.649824857711791992e-01,3.775553107261657715e-01
6.390719413757324219e-01,9.551013708114624023e-01,1.000000000000000000e+00,2.040904462337493896e-01,2.357926964759826660e-01,3.306913673877716064e-01
6.572970747947692871e-01,1.000000000000000000e+00,1.000000000000000000e+00,1.061857566237449646e-01,1.073788031935691833e-01,2.900109589099884033e-01
6.106352210044860840e-01,1.000000000000000000e+00,9.234115481376647949e-01,1.060615032911300659e-01,0.000000000000000000e+00,3.003937900066375732e-01
1.000000000000000000e+00,1.000000000000000000e+00,7.746281623840332031e-01,0.000000000000000000e+00,0.000000000000000000e+00,8.907160162925720215e-02
6.037619709968566895e-01,6.038540005683898926e-01,6.890045404434204102e-01,0.000000000000000000e+00,0.000000000000000000e+00,0.000000000000000000e+00
7.064104080200195312e-01,6.125320792198181152e-01,6.050497293472290039e-01,0.000000000000000000e+00,0.000000000000000000e+00,0.000000000000000000e+00
