# CPU,RAM,NetworkR,NetworkW,DiskW,DiskR
6.390421986579895020e-01,6.405937075614929199e-01,1.000000000000000000e+00,3.937928378582000732e-01,3.965696096420288086e-01,3.978530466556549072e-01
6.008685827255249023e-01,6.894642710685729980e-01,1.000000000000000000e+00,3.656969368457794189e-01,3.958280086517333984e-01,3.881449401378631592e-01
6.020956635475158691e-01,6.997974514961242676e-01,1.000000000000000000e+00,3.500148952007293701e-01,3.889532089233398438e-01,3.878529071807861328e-01
6.018497943878173828e-01,7.503840327262878418e-01,1.000000000000000000e+00,3.210701942443847656e-01,3.432837128639221191e-01,3.704454004764556885e-01
6.006698608398437500e-01,7.172857522964477539e-01,1.000000000000000000e+00,2.770091891288757324e-01,8.122953027486801147e-02,2.829115092754364014e-01
6.059357523918151855e-01,7.903606295585632324e-01,1.000000000000000000e+00,1.188309416174888611e-01,7.624229881912469864e-03,2.314202338457107544e-01
6.047133803367614746e-01,7.478684782981872559e-01,1.000000000000000000e+00,5.912250280380249023e-02,0.000000000000000000e+00,2.304480969905853271e-01
6.026991009712219238e-01,7.344408631324768066e-01,1.000000000000000000e+00,0.000000000000000000e+00,0.000000000000000000e+00,2.296410948038101196e-01
6.301892399787902832e-01,8.016833066940307617e-01,8.625923991203308105e-01,0.000000000000000000e+00,0.000000000000000000e+00,1.833400428295135498e-01
1.000000000000000000e+00,1.000000000000000000e+00,6.062838435173034668e-01,0.000000000000000000e+00,0.000000000000000000e+00,0.000000000000000000e+00
