# CPU,RAM,NetworkR,NetworkW,DiskW,DiskR
6.391741633415222168e-01,6.401213407516479492e-01,1.000000000000000000e+00,3.937812745571136475e-01,3.965790569782257080e-01,3.978433012962341309e-01
6.001532077789306641e-01,1.000000000000000000e+00,1.000000000000000000e+00,3.493236005306243896e-01,3.798033893108367920e-01,1.710312664508819580e-01
6.003291606903076172e-01,1.000000000000000000e+00,1.000000000000000000e+00,3.039944469928741455e-01,3.095577061176300049e-01,1.919035613536834717e-01
6.001444458961486816e-01,9.615355134010314941e-01,1.000000000000000000e+00,2.952173650264739990e-01,1.560428440570831299e-01,1.597030460834503174e-01
6.001621484756469727e-01,9.722381830215454102e-01,1.000000000000000000e+00,2.427689731121063232e-01,0.000000000000000000e+00,4.659510031342506409e-02
6.010891199111938477e-01,8.477402329444885254e-01,1.000000000000000000e+00,1.461468935012817383e-01,0.000000000000000000e+00,5.006112903356552124e-02
6.015445590019226074e-01,7.960271835327148438e-01,1.000000000000000000e+00,8.702465146780014038e-02,0.000000000000000000e+00,1.335816532373428345e-01
6.111111044883728027e-01,7.793504595756530762e-01,1.000000000000000000e+00,0.000000000000000000e+00,2.741489931941032410e-02,2.426055073738098145e-01
1.000000000000000000e+00,1.000000000000000000e+00,8.032469153404235840e-01,0.000000000000000000e+00,0.000000000000000000e+00,2.979088723659515381e-01
1.000000000000000000e+00,1.000000000000000000e+00,6.068664789199829102e-01,0.000000000000000000e+00,0.000000000000000000e+00,0.000000000000000000e+00
