# CPU,RAM,NetworkR,NetworkW,DiskW,DiskR
6.390444636344909668e-01,6.406624317169189453e-01,1.000000000000000000e+00,3.937939107418060303e-01,3.965680897235870361e-01,3.978542983531951904e-01
6.003560423851013184e-01,1.000000000000000000e+00,1.000000000000000000e+00,3.532947003841400146e-01,3.891485929489135742e-01,3.420501947402954102e-01
6.050157546997070312e-01,6.435231566429138184e-01,1.000000000000000000e+00,3.588044047355651855e-01,3.925617039203643799e-01,3.891814947128295898e-01
6.012064218521118164e-01,7.156976461410522461e-01,1.000000000000000000e+00,3.326274454593658447e-01,3.560734689235687256e-01,3.736575543880462646e-01
6.004095673561096191e-01,6.872178912162780762e-01,1.000000000000000000e+00,2.996863424777984619e-01,1.174644529819488525e-01,2.987909615039825439e-01
6.052358150482177734e-01,7.253195047378540039e-01,1.000000000000000000e+00,1.393201053142547607e-01,2.302864007651805878e-02,2.416161447763442993e-01
6.045562624931335449e-01,7.553086280822753906e-01,1.000000000000000000e+00,4.810780286788940430e-02,0.000000000000000000e+00,2.251431047916412354e-01
6.023564338684082031e-01,7.256302833557128906e-01,1.000000000000000000e+00,0.000000000000000000e+00,0.000000000000000000e+00,2.211793363094329834e-01
6.253134012222290039e-01,8.128107190132141113e-01,8.499410152435302734e-01,0.000000000000000000e+00,0.000000000000000000e+00,1.561188995838165283e-01
1.000000000000000000e+00,1.000000000000000000e+00,6.067675352096557617e-01,0.000000000000000000e+00,0.000000000000000000e+00,0.000000000000000000e+00
