# CPU,RAM,NetworkR,NetworkW,DiskW,DiskR
6.391811370849609375e-01,6.407667398452758789e-01,1.000000000000000000e+00,3.937931060791015625e-01,3.965655863285064697e-01,3.978555500507354736e-01
6.005899906158447266e-01,8.455076217651367188e-01,1.000000000000000000e+00,3.587040603160858154e-01,3.938050568103790283e-01,3.774187862873077393e-01
6.040092706680297852e-01,6.428371667861938477e-01,1.000000000000000000e+00,3.617719113826751709e-01,3.932108879089355469e-01,3.917962014675140381e-01
6.017397046089172363e-01,7.225744724273681641e-01,1.000000000000000000e+00,3.276426494121551514e-01,3.574743866920471191e-01,3.750070929527282715e-01
6.006534099578857422e-01,6.943538188934326172e-01,1.000000000000000000e+00,2.887957096099853516e-01,1.248031035065650940e-01,3.047993481159210205e-01
6.062919497489929199e-01,7.392258048057556152e-01,1.000000000000000000e+00,1.268324553966522217e-01,2.014954946935176849e-02,2.418867945671081543e-01
6.072135567665100098e-01,7.289585471153259277e-01,1.000000000000000000e+00,4.210206121206283569e-02,1.018290035426616669e-02,2.385199368000030518e-01
6.050800085067749023e-01,7.269939780235290527e-01,1.000000000000000000e+00,0.000000000000000000e+00,1.849440042860805988e-03,2.442706972360610962e-01
6.292911171913146973e-01,7.396646142005920410e-01,8.831822276115417480e-01,0.000000000000000000e+00,0.000000000000000000e+00,2.004378736019134521e-01
1.000000000000000000e+00,1.000000000000000000e+00,6.059297919273376465e-01,0.000000000000000000e+00,0.000000000000000000e+00,0.000000000000000000e+00
