# CPU,RAM,NetworkR,NetworkW,DiskW,DiskR
6.390439867973327637e-01,6.402088999748229980e-01,1.000000000000000000e+00,3.937869966030120850e-01,3.965781927108764648e-01,3.978462517261505127e-01
6.006167531013488770e-01,7.257478237152099609e-01,1.000000000000000000e+00,3.639096021652221680e-01,3.950948119163513184e-01,3.833931386470794678e-01
6.021445393562316895e-01,6.918047070503234863e-01,1.000000000000000000e+00,3.517563939094543457e-01,3.897261917591094971e-01,3.877928555011749268e-01
6.011427640914916992e-01,7.620635628700256348e-01,1.000000000000000000e+00,3.217158615589141846e-01,3.332152068614959717e-01,3.659738898277282715e-01
6.005017757415771484e-01,7.139993309974670410e-01,1.000000000000000000e+00,2.817592918872833252e-01,7.604420185089111328e-02,2.784050107002258301e-01
6.062170863151550293e-01,7.716445326805114746e-01,1.000000000000000000e+00,1.263110041618347168e-01,3.101624920964241028e-02,2.434363663196563721e-01
6.047851443290710449e-01,7.100141644477844238e-01,1.000000000000000000e+00,8.616533130407333374e-02,5.057229846715927124e-02,2.637830078601837158e-01
6.047376990318298340e-01,7.531198859214782715e-01,1.000000000000000000e+00,0.000000000000000000e+00,1.268795039504766464e-02,2.528098523616790771e-01
6.698731184005737305e-01,8.761488199234008789e-01,8.498015403747558594e-01,0.000000000000000000e+00,0.000000000000000000e+00,2.314516007900238037e-01
1.000000000000000000e+00,1.000000000000000000e+00,6.050198078155517578e-01,0.000000000000000000e+00,0.000000000000000000e+00,0.000000000000000000e+00
