# CPU,RAM,NetworkR,NetworkW,DiskW,DiskR
6.390891671180725098e-01,6.408445239067077637e-01,1.000000000000000000e+00,3.937946856021881104e-01,3.965635001659393311e-01,3.978568613529205322e-01
6.012893319129943848e-01,6.405710577964782715e-01,1.000000000000000000e+00,3.709528148174285889e-01,3.966209888458251953e-01,3.918952643871307373e-01
6.096861958503723145e-01,8.708812594413757324e-01,1.000000000000000000e+00,3.170658946037292480e-01,3.835948109626770020e-01,3.823240101337432861e-01
6.400617361068725586e-01,1.000000000000000000e+00,1.000000000000000000e+00,2.508836984634399414e-01,3.110601603984832764e-01,3.574717938899993896e-01
6.435571908950805664e-01,1.000000000000000000e+00,1.000000000000000000e+00,2.015080749988555908e-01,2.137860357761383057e-01,3.260324001312255859e-01
6.257967352867126465e-01,1.000000000000000000e+00,1.000000000000000000e+00,1.248183995485305786e-01,6.913795322179794312e-02,2.770115435123443604e-01
6.030081510543823242e-01,1.000000000000000000e+00,9.472118616104125977e-01,1.400094926357269287e-01,0.000000000000000000e+00,2.854630947113037109e-01
1.000000000000000000e+00,1.000000000000000000e+00,8.076821565628051758e-01,0.000000000000000000e+00,0.000000000000000000e+00,1.276489049196243286e-01
6.019265055656433105e-01,6.042802333831787109e-01,7.021979689598083496e-01,0.000000000000000000e+00,0.000000000000000000e+00,0.000000000000000000e+00
6.923936009407043457e-01,6.128262877464294434e-01,6.059150695800781250e-01,0.000000000000000000e+00,0.000000000000000000e+00,0.000000000000000000e+00
