# CPU,RAM,NetworkR,NetworkW,DiskW,DiskR
6.391500234603881836e-01,6.406689882278442383e-01,1.000000000000000000e+00,3.937923610210418701e-01,3.965679109096527100e-01,3.978540599346160889e-01
6.002620458602905273e-01,8.789022564888000488e-01,1.000000000000000000e+00,3.568592965602874756e-01,3.899550139904022217e-01,3.267475664615631104e-01
6.012657284736633301e-01,8.720601201057434082e-01,1.000000000000000000e+00,3.231694102287292480e-01,3.680282533168792725e-01,3.530113995075225830e-01
6.006748080253601074e-01,8.403011560440063477e-01,1.000000000000000000e+00,3.076415061950683594e-01,2.680166065692901611e-01,3.328359425067901611e-01
6.002329587936401367e-01,7.939465045928955078e-01,1.000000000000000000e+00,2.724977135658264160e-01,6.994099821895360947e-03,1.866984963417053223e-01
6.026147007942199707e-01,8.149006366729736328e-01,1.000000000000000000e+00,1.339191943407058716e-01,0.000000000000000000e+00,1.581194549798965454e-01
6.020414233207702637e-01,8.181214928627014160e-01,1.000000000000000000e+00,6.644959747791290283e-02,0.000000000000000000e+00,1.563939005136489868e-01
6.036373376846313477e-01,7.786892056465148926e-01,1.000000000000000000e+00,0.000000000000000000e+00,0.000000000000000000e+00,2.007769644260406494e-01
6.602289676666259766e-01,9.983782768249511719e-01,7.951164245605468750e-01,0.000000000000000000e+00,0.000000000000000000e+00,1.439860761165618896e-01
1.000000000000000000e+00,1.000000000000000000e+00,6.062896251678466797e-01,0.000000000000000000e+00,0.000000000000000000e+00,0.000000000000000000e+00
