# CPU,RAM,NetworkR,NetworkW,DiskW,DiskR
6.390538811683654785e-01,6.405210494995117188e-01,1.000000000000000000e+00,3.937926590442657471e-01,3.965716660022735596e-01,3.978521525859832764e-01
6.001563668251037598e-01,9.924352169036865234e-01,1.000000000000000000e+00,3.507971465587615967e-01,3.814359605312347412e-01,1.884060949087142944e-01
6.008569002151489258e-01,9.080033302307128906e-01,1.000000000000000000e+00,3.147717118263244629e-01,3.519187867641448975e-01,3.008657097816467285e-01
6.003197431564331055e-01,8.774768114089965820e-01,1.000000000000000000e+00,3.027325868606567383e-01,2.139579951763153076e-01,2.784596085548400879e-01
6.002300977706909180e-01,8.591663837432861328e-01,1.000000000000000000e+00,2.562741935253143311e-01,0.000000000000000000e+00,1.305191069841384888e-01
6.022873520851135254e-01,8.152649998664855957e-01,1.000000000000000000e+00,1.362390965223312378e-01,0.000000000000000000e+00,1.122467964887619019e-01
6.018121242523193359e-01,8.015420436859130859e-01,1.000000000000000000e+00,7.221855968236923218e-02,0.000000000000000000e+00,1.225702017545700073e-01
6.083526611328125000e-01,8.070992827415466309e-01,9.593140482902526855e-01,0.000000000000000000e+00,0.000000000000000000e+00,2.045969069004058838e-01
7.664849758148193359e-01,1.000000000000000000e+00,7.487977147102355957e-01,0.000000000000000000e+00,0.000000000000000000e+00,1.510899960994720459e-01
1.000000000000000000e+00,1.000000000000000000e+00,6.059046387672424316e-01,0.000000000000000000e+00,0.000000000000000000e+00,0.000000000000000000e+00
