# CPU,RAM,NetworkR,NetworkW,DiskW,DiskR
8.391061425209045410e-01,8.406729698181152344e-01,1.000000000000000000e+00,1.937932968139648438e-01,1.965678930282592773e-01,1.978543549776077271e-01
8.013432621955871582e-01,8.231528997421264648e-01,1.000000000000000000e+00,1.755275130271911621e-01,1.969085484743118286e-01,1.932779699563980103e-01
8.039014935493469238e-01,9.695280790328979492e-01,1.000000000000000000e+00,1.284518986940383911e-01,1.838569939136505127e-01,1.817910075187683105e-01
8.037332296371459961e-01,8.890036940574645996e-01,1.000000000000000000e+00,1.331604123115539551e-01,1.635235697031021118e-01,1.804273128509521484e-01
8.063857555389404297e-01,9.336109757423400879e-01,1.000000000000000000e+00,3.919966146349906921e-02,0.000000000000000000e+00,1.085166037082672119e-01
8.570593595504760742e-01,9.773084521293640137e-01,1.000000000000000000e+00,0.000000000000000000e+00,0.000000000000000000e+00,8.617927134037017822e-02
1.000000000000000000e+00,1.000000000000000000e+00,1.000000000000000000e+00,0.000000000000000000e+00,0.000000000000000000e+00,9.563142806291580200e-02
1.000000000000000000e+00,1.000000000000000000e+00,9.006041288375854492e-01,0.000000000000000000e+00,0.000000000000000000e+00,0.000000000000000000e+00
8.042737245559692383e-01,8.018145561218261719e-01,8.592237830162048340e-01,0.000000000000000000e+00,0.000000000000000000e+00,0.000000000000000000e+00
1.000000000000000000e+00,8.183654546737670898e-01,8.025115132331848145e-01,0.000000000000000000e+00,0.000000000000000000e+00,0.000000000000000000e+00
