# CPU,RAM,NetworkR,NetworkW,DiskW,DiskR
8.391181826591491699e-01,8.406967520713806152e-01,1.000000000000000000e+00,1.937938928604125977e-01,1.965675503015518188e-01,1.978549063205718994e-01
8.004145026206970215e-01,1.000000000000000000e+00,1.000000000000000000e+00,1.551759988069534302e-01,1.910881549119949341e-01,1.577048450708389282e-01
8.070396780967712402e-01,8.269982933998107910e-01,1.000000000000000000e+00,1.652234047651290894e-01,1.945717930793762207e-01,1.923322081565856934e-01
8.016857504844665527e-01,9.190527796745300293e-01,1.000000000000000000e+00,1.274061053991317749e-01,1.598418056964874268e-01,1.744140535593032837e-01
8.012359738349914551e-01,8.719215393066406250e-01,1.000000000000000000e+00,9.204024821519851685e-02,0.000000000000000000e+00,1.250189691781997681e-01
8.169301152229309082e-01,9.173505306243896484e-01,1.000000000000000000e+00,0.000000000000000000e+00,0.000000000000000000e+00,7.661885768175125122e-02
8.315970301628112793e-01,9.317598938941955566e-01,1.000000000000000000e+00,0.000000000000000000e+00,0.000000000000000000e+00,8.026035130023956299e-02
8.505903482437133789e-01,9.463150501251220703e-01,1.000000000000000000e+00,0.000000000000000000e+00,0.000000000000000000e+00,7.642424851655960083e-02
8.924242258071899414e-01,9.177778959274291992e-01,1.000000000000000000e+00,0.000000000000000000e+00,0.000000000000000000e+00,8.297570049762725830e-02
1.000000000000000000e+00,1.000000000000000000e+00,8.037309646606445312e-01,0.000000000000000000e+00,0.000000000000000000e+00,0.000000000000000000e+00
