# CPU,RAM,NetworkR,NetworkW,DiskW,DiskR
8.390330672264099121e-01,8.405286073684692383e-01,1.000000000000000000e+00,1.937924027442932129e-01,1.965712457895278931e-01,1.978521049022674561e-01
8.001326322555541992e-01,1.000000000000000000e+00,1.000000000000000000e+00,1.483287364244461060e-01,1.766237020492553711e-01,0.000000000000000000e+00
8.002471327781677246e-01,1.000000000000000000e+00,1.000000000000000000e+00,9.572720527648925781e-02,8.440309762954711914e-02,0.000000000000000000e+00
8.001362085342407227e-01,1.000000000000000000e+00,1.000000000000000000e+00,8.366789668798446655e-02,0.000000000000000000e+00,0.000000000000000000e+00
8.001359105110168457e-01,1.000000000000000000e+00,1.000000000000000000e+00,3.006095997989177704e-02,0.000000000000000000e+00,0.000000000000000000e+00
8.007837533950805664e-01,1.000000000000000000e+00,1.000000000000000000e+00,0.000000000000000000e+00,0.000000000000000000e+00,0.000000000000000000e+00
8.009103536605834961e-01,1.000000000000000000e+00,1.000000000000000000e+00,0.000000000000000000e+00,0.000000000000000000e+00,0.000000000000000000e+00
8.077544569969177246e-01,1.000000000000000000e+00,1.000000000000000000e+00,0.000000000000000000e+00,0.000000000000000000e+00,0.000000000000000000e+00
1.000000000000000000e+00,1.000000000000000000e+00,1.000000000000000000e+00,0.000000000000000000e+00,0.000000000000000000e+00,8.891320228576660156e-02
1.000000000000000000e+00,1.000000000000000000e+00,8.069636225700378418e-01,0.000000000000000000e+00,0.000000000000000000e+00,0.000000000000000000e+00
