# CPU,RAM,NetworkR,NetworkW,DiskW,DiskR
8.391332626342773438e-01,8.408172130584716797e-01,1.000000000000000000e+00,1.937940120697021484e-01,1.965642720460891724e-01,1.978563964366912842e-01
8.012145161628723145e-01,8.570101857185363770e-01,1.000000000000000000e+00,1.683056503534317017e-01,1.964106708765029907e-01,1.909370571374893188e-01
8.126940727233886719e-01,9.540411829948425293e-01,1.000000000000000000e+00,1.314127594232559204e-01,1.904976963996887207e-01,1.878688931465148926e-01
8.321912884712219238e-01,1.000000000000000000e+00,1.000000000000000000e+00,4.641529917716979980e-02,9.926679730415344238e-02,1.554333716630935669e-01
8.367332816123962402e-01,1.000000000000000000e+00,1.000000000000000000e+00,1.106460019946098328e-02,2.633360028266906738e-02,1.302423030138015747e-01
8.175240159034729004e-01,1.000000000000000000e+00,1.000000000000000000e+00,0.000000000000000000e+00,0.000000000000000000e+00,4.944010078907012939e-02
8.044728636741638184e-01,1.000000000000000000e+00,1.000000000000000000e+00,0.000000000000000000e+00,0.000000000000000000e+00,7.754570245742797852e-02
1.000000000000000000e+00,1.000000000000000000e+00,9.796580672264099121e-01,0.000000000000000000e+00,0.000000000000000000e+00,0.000000000000000000e+00
8.041405081748962402e-01,8.056623935699462891e-01,9.413223862648010254e-01,0.000000000000000000e+00,0.000000000000000000e+00,0.000000000000000000e+00
9.405163526535034180e-01,8.191389441490173340e-01,8.050274252891540527e-01,0.000000000000000000e+00,0.000000000000000000e+00,0.000000000000000000e+00
