# CPU,RAM,NetworkR,NetworkW,DiskW,DiskR
8.391897082328796387e-01,8.407666683197021484e-01,1.000000000000000000e+00,1.937932521104812622e-01,1.965657025575637817e-01,1.978556662797927856e-01
8.009865283966064453e-01,9.209355711936950684e-01,1.000000000000000000e+00,1.629016995429992676e-01,1.956638097763061523e-01,1.877817064523696899e-01
8.046021461486816406e-01,8.698765635490417480e-01,1.000000000000000000e+00,1.532656699419021606e-01,1.920725107192993164e-01,1.908838152885437012e-01
8.044914603233337402e-01,9.029660820960998535e-01,1.000000000000000000e+00,1.302966028451919556e-01,1.716653108596801758e-01,1.820967942476272583e-01
8.171171545982360840e-01,9.673147201538085938e-01,1.000000000000000000e+00,3.203213959932327271e-02,4.391330480575561523e-02,1.334468126296997070e-01
8.841861486434936523e-01,1.000000000000000000e+00,1.000000000000000000e+00,0.000000000000000000e+00,0.000000000000000000e+00,1.030625104904174805e-01
8.464252352714538574e-01,1.000000000000000000e+00,1.000000000000000000e+00,0.000000000000000000e+00,0.000000000000000000e+00,1.335902363061904907e-01
1.000000000000000000e+00,1.000000000000000000e+00,9.396561980247497559e-01,0.000000000000000000e+00,0.000000000000000000e+00,0.000000000000000000e+00
8.039590716361999512e-01,8.025199174880981445e-01,8.719736337661743164e-01,0.000000000000000000e+00,0.000000000000000000e+00,0.000000000000000000e+00
9.063931107521057129e-01,8.067063093185424805e-01,8.067383766174316406e-01,0.000000000000000000e+00,0.000000000000000000e+00,0.000000000000000000e+00
