# CPU,RAM,NetworkR,NetworkW,DiskW,DiskR
8.390461206436157227e-01,8.407610058784484863e-01,1.000000000000000000e+00,1.937935948371887207e-01,1.965651661157608032e-01,1.978553682565689087e-01
8.007392883300781250e-01,9.534047842025756836e-01,1.000000000000000000e+00,1.617694050073623657e-01,1.949998140335083008e-01,1.841492056846618652e-01
8.025043010711669922e-01,8.627897500991821289e-01,1.000000000000000000e+00,1.578257083892822266e-01,1.913712024688720703e-01,1.903631091117858887e-01
8.014460802078247070e-01,9.248501658439636230e-01,1.000000000000000000e+00,1.280374526977539062e-01,1.501390933990478516e-01,1.731061488389968872e-01
8.005422949790954590e-01,9.000698924064636230e-01,1.000000000000000000e+00,8.498825132846832275e-02,0.000000000000000000e+00,8.811169862747192383e-02
8.058869242668151855e-01,9.404233098030090332e-01,1.000000000000000000e+00,0.000000000000000000e+00,0.000000000000000000e+00,2.945085056126117706e-02
8.056286573410034180e-01,9.481530785560607910e-01,1.000000000000000000e+00,0.000000000000000000e+00,0.000000000000000000e+00,2.049821615219116211e-02
8.033561110496520996e-01,9.258694648742675781e-01,1.000000000000000000e+00,0.000000000000000000e+00,0.000000000000000000e+00,3.200690075755119324e-02
8.300017714500427246e-01,9.887925386428833008e-01,1.000000000000000000e+00,0.000000000000000000e+00,0.000000000000000000e+00,0.000000000000000000e+00
1.000000000000000000e+00,1.000000000000000000e+00,8.057818412780761719e-01,0.000000000000000000e+00,0.000000000000000000e+00,0.000000000000000000e+00
