# CPU,RAM,NetworkR,NetworkW,DiskW,DiskR
8.391770124435424805e-01,8.407992720603942871e-01,1.000000000000000000e+00,1.937934160232543945e-01,1.965647488832473755e-01,1.978560984134674072e-01
8.012409210205078125e-01,8.508220314979553223e-01,1.000000000000000000e+00,1.692008972167968750e-01,1.964918971061706543e-01,1.912909150123596191e-01
8.092793226242065430e-01,9.724627733230590820e-01,1.000000000000000000e+00,1.293608695268630981e-01,1.886218935251235962e-01,1.863323599100112915e-01
8.347752690315246582e-01,1.000000000000000000e+00,1.000000000000000000e+00,8.547540009021759033e-02,1.593873649835586548e-01,1.746179014444351196e-01
8.925886154174804688e-01,1.000000000000000000e+00,1.000000000000000000e+00,0.000000000000000000e+00,4.404545947909355164e-02,1.379165947437286377e-01
9.113444685935974121e-01,1.000000000000000000e+00,1.000000000000000000e+00,0.000000000000000000e+00,0.000000000000000000e+00,1.070263981819152832e-01
8.051074147224426270e-01,1.000000000000000000e+00,1.000000000000000000e+00,0.000000000000000000e+00,0.000000000000000000e+00,7.651217281818389893e-02
1.000000000000000000e+00,1.000000000000000000e+00,9.796050786972045898e-01,0.000000000000000000e+00,0.000000000000000000e+00,0.000000000000000000e+00
8.091661334037780762e-01,8.068445920944213867e-01,8.980939388275146484e-01,0.000000000000000000e+00,0.000000000000000000e+00,0.000000000000000000e+00
9.100263714790344238e-01,8.103139996528625488e-01,8.062404990196228027e-01,0.000000000000000000e+00,0.000000000000000000e+00,0.000000000000000000e+00
