# CPU,RAM,NetworkR,NetworkW,DiskW,DiskR
8.390750885009765625e-01,8.406042456626892090e-01,1.000000000000000000e+00,1.937926560640335083e-01,1.965693980455398560e-01,1.978532075881958008e-01
8.002818226814270020e-01,1.000000000000000000e+00,1.000000000000000000e+00,1.555787473917007446e-01,1.895720064640045166e-01,1.292508393526077271e-01
8.023965954780578613e-01,9.328904151916503906e-01,1.000000000000000000e+00,1.388069987297058105e-01,1.838548034429550171e-01,1.746258139610290527e-01
8.007607460021972656e-01,9.782354831695556641e-01,1.000000000000000000e+00,1.211079508066177368e-01,1.142811030149459839e-01,1.548756957054138184e-01
8.002983927726745605e-01,9.250429868698120117e-01,1.000000000000000000e+00,8.772093802690505981e-02,0.000000000000000000e+00,4.704196006059646606e-02
8.035808801651000977e-01,9.627425074577331543e-01,1.000000000000000000e+00,0.000000000000000000e+00,0.000000000000000000e+00,2.029252983629703522e-02
8.042920827865600586e-01,9.144662618637084961e-01,1.000000000000000000e+00,0.000000000000000000e+00,0.000000000000000000e+00,7.051093876361846924e-02
8.292880654335021973e-01,9.542951583862304688e-01,1.000000000000000000e+00,0.000000000000000000e+00,0.000000000000000000e+00,1.237242966890335083e-01
1.000000000000000000e+00,1.000000000000000000e+00,1.000000000000000000e+00,0.000000000000000000e+00,0.000000000000000000e+00,1.627526432275772095e-01
1.000000000000000000e+00,1.000000000000000000e+00,8.080265522003173828e-01,0.000000000000000000e+00,0.000000000000000000e+00,0.000000000000000000e+00
