# CPU,RAM,NetworkR,NetworkW,DiskW,DiskR
8.391724228858947754e-01,8.408222198486328125e-01,1.000000000000000000e+00,1.937935054302215576e-01,1.965640932321548462e-01,1.978563070297241211e-01
8.012931346893310547e-01,8.383887410163879395e-01,1.000000000000000000e+00,1.714144945144653320e-01,1.966516971588134766e-01,1.920382976531982422e-01
8.091772794723510742e-01,1.000000000000000000e+00,1.000000000000000000e+00,1.165122985839843750e-01,1.829195022583007812e-01,1.817461401224136353e-01
8.465228080749511719e-01,1.000000000000000000e+00,1.000000000000000000e+00,5.907209962606430054e-02,1.289336085319519043e-01,1.630096584558486938e-01
8.588811159133911133e-01,1.000000000000000000e+00,1.000000000000000000e+00,0.000000000000000000e+00,0.000000000000000000e+00,1.222339421510696411e-01
9.044905900955200195e-01,1.000000000000000000e+00,1.000000000000000000e+00,0.000000000000000000e+00,0.000000000000000000e+00,1.220977008342742920e-01
8.040221929550170898e-01,1.000000000000000000e+00,1.000000000000000000e+00,0.000000000000000000e+00,0.000000000000000000e+00,0.000000000000000000e+00
1.000000000000000000e+00,1.000000000000000000e+00,9.723573923110961914e-01,0.000000000000000000e+00,0.000000000000000000e+00,0.000000000000000000e+00
8.081200718879699707e-01,8.074763417243957520e-01,8.973793983459472656e-01,0.000000000000000000e+00,0.000000000000000000e+00,0.000000000000000000e+00
9.078211188316345215e-01,8.133304119110107422e-01,8.057944774627685547e-01,0.000000000000000000e+00,0.000000000000000000e+00,0.000000000000000000e+00
