# CPU,RAM,NetworkR,NetworkW,DiskW,DiskR
8.391225337982177734e-01,8.408186435699462891e-01,1.000000000000000000e+00,1.937937140464782715e-01,1.965640336275100708e-01,1.978562623262405396e-01
8.008309006690979004e-01,9.534780979156494141e-01,1.000000000000000000e+00,1.614743620157241821e-01,1.951525062322616577e-01,1.853381991386413574e-01
8.029406070709228516e-01,8.513814806938171387e-01,1.000000000000000000e+00,1.602780073881149292e-01,1.922197937965393066e-01,1.915038973093032837e-01
8.021062612533569336e-01,8.948498368263244629e-01,1.000000000000000000e+00,1.333702951669692993e-01,1.633152067661285400e-01,1.788551956415176392e-01
8.044168353080749512e-01,8.937777280807495117e-01,1.000000000000000000e+00,6.056845933198928833e-02,0.000000000000000000e+00,1.248845607042312622e-01
8.478762507438659668e-01,9.499566555023193359e-01,1.000000000000000000e+00,0.000000000000000000e+00,0.000000000000000000e+00,9.210456907749176025e-02
9.076660275459289551e-01,1.000000000000000000e+00,1.000000000000000000e+00,0.000000000000000000e+00,0.000000000000000000e+00,1.009145006537437439e-01
1.000000000000000000e+00,1.000000000000000000e+00,8.752843141555786133e-01,0.000000000000000000e+00,0.000000000000000000e+00,0.000000000000000000e+00
8.052029013633728027e-01,8.015341162681579590e-01,8.727642893791198730e-01,0.000000000000000000e+00,0.000000000000000000e+00,0.000000000000000000e+00
1.000000000000000000e+00,8.131577968597412109e-01,8.040970563888549805e-01,0.000000000000000000e+00,0.000000000000000000e+00,0.000000000000000000e+00
