# CPU,RAM,NetworkR,NetworkW,DiskW,DiskR
8.391711711883544922e-01,8.408591747283935547e-01,1.000000000000000000e+00,1.937935948371887207e-01,1.965630948543548584e-01,1.978567987680435181e-01
8.013286590576171875e-01,8.338643312454223633e-01,1.000000000000000000e+00,1.723721027374267578e-01,1.967188119888305664e-01,1.923610717058181763e-01
8.111953139305114746e-01,1.000000000000000000e+00,1.000000000000000000e+00,1.090758591890335083e-01,1.797163039445877075e-01,1.796276718378067017e-01
8.357884287834167480e-01,1.000000000000000000e+00,1.000000000000000000e+00,5.873930174857378006e-03,0.000000000000000000e+00,1.202322021126747131e-01
8.563231825828552246e-01,1.000000000000000000e+00,1.000000000000000000e+00,2.503940090537071228e-02,5.793150141835212708e-02,1.406529694795608521e-01
8.216961026191711426e-01,1.000000000000000000e+00,1.000000000000000000e+00,0.000000000000000000e+00,0.000000000000000000e+00,7.808759808540344238e-02
8.009301424026489258e-01,1.000000000000000000e+00,1.000000000000000000e+00,0.000000000000000000e+00,0.000000000000000000e+00,2.121580019593238831e-02
1.000000000000000000e+00,1.000000000000000000e+00,1.000000000000000000e+00,0.000000000000000000e+00,0.000000000000000000e+00,0.000000000000000000e+00
8.021250963211059570e-01,8.049458265304565430e-01,9.545552134513854980e-01,0.000000000000000000e+00,0.000000000000000000e+00,0.000000000000000000e+00
9.332785010337829590e-01,8.211309313774108887e-01,8.045356273651123047e-01,0.000000000000000000e+00,0.000000000000000000e+00,0.000000000000000000e+00
