# CPU,RAM,NetworkR,NetworkW,DiskW,DiskR
8.391320705413818359e-01,8.407339453697204590e-01,1.000000000000000000e+00,1.937931030988693237e-01,1.965662389993667603e-01,1.978550702333450317e-01
8.009849786758422852e-01,8.727209568023681641e-01,1.000000000000000000e+00,1.670629978179931641e-01,1.961329728364944458e-01,1.896389126777648926e-01
8.021901249885559082e-01,8.548112511634826660e-01,1.000000000000000000e+00,1.597364693880081177e-01,1.917154937982559204e-01,1.910316944122314453e-01
8.015033006668090820e-01,9.053391814231872559e-01,1.000000000000000000e+00,1.304516345262527466e-01,1.517073661088943481e-01,1.744078546762466431e-01
8.008836507797241211e-01,8.920606970787048340e-01,1.000000000000000000e+00,7.470200210809707642e-02,0.000000000000000000e+00,8.979775011539459229e-02
8.115193843841552734e-01,9.427753090858459473e-01,1.000000000000000000e+00,0.000000000000000000e+00,0.000000000000000000e+00,3.071583993732929230e-02
8.114392757415771484e-01,9.259512424468994141e-01,1.000000000000000000e+00,0.000000000000000000e+00,0.000000000000000000e+00,2.230039983987808228e-02
8.077653646469116211e-01,9.215021133422851562e-01,1.000000000000000000e+00,0.000000000000000000e+00,0.000000000000000000e+00,4.811090230941772461e-02
8.399130702018737793e-01,9.367231726646423340e-01,1.000000000000000000e+00,0.000000000000000000e+00,0.000000000000000000e+00,2.444930002093315125e-02
1.000000000000000000e+00,1.000000000000000000e+00,8.048012256622314453e-01,0.000000000000000000e+00,0.000000000000000000e+00,0.000000000000000000e+00
