# CPU,RAM,NetworkR,NetworkW,DiskW,DiskR
8.391209840774536133e-01,8.408442735671997070e-01,1.000000000000000000e+00,1.937938481569290161e-01,1.965633034706115723e-01,1.978566050529479980e-01
8.012881278991699219e-01,8.416300415992736816e-01,1.000000000000000000e+00,1.707347929477691650e-01,1.966057568788528442e-01,1.918261051177978516e-01
8.087829351425170898e-01,1.000000000000000000e+00,1.000000000000000000e+00,1.207756027579307556e-01,1.848725974559783936e-01,1.832300573587417603e-01
8.377111554145812988e-01,1.000000000000000000e+00,1.000000000000000000e+00,7.751639932394027710e-02,1.500503569841384888e-01,1.708133965730667114e-01
8.781118392944335938e-01,1.000000000000000000e+00,1.000000000000000000e+00,0.000000000000000000e+00,2.193179912865161896e-02,1.304121017456054688e-01
8.431865572929382324e-01,1.000000000000000000e+00,1.000000000000000000e+00,0.000000000000000000e+00,0.000000000000000000e+00,8.051151037216186523e-02
8.048379421234130859e-01,1.000000000000000000e+00,1.000000000000000000e+00,0.000000000000000000e+00,0.000000000000000000e+00,1.200743392109870911e-01
1.000000000000000000e+00,1.000000000000000000e+00,1.000000000000000000e+00,0.000000000000000000e+00,0.000000000000000000e+00,0.000000000000000000e+00
8.017319440841674805e-01,8.068107962608337402e-01,8.775385618209838867e-01,0.000000000000000000e+00,0.000000000000000000e+00,0.000000000000000000e+00
9.174404144287109375e-01,8.257864713668823242e-01,8.032560348510742188e-01,0.000000000000000000e+00,0.000000000000000000e+00,0.000000000000000000e+00
