# CPU,RAM,NetworkR,NetworkW,DiskW,DiskR
8.389855623245239258e-01,8.407790660858154297e-01,1.000000000000000000e+00,1.937944442033767700e-01,1.965646147727966309e-01,1.978558003902435303e-01
8.009910583496093750e-01,8.604965209960937500e-01,1.000000000000000000e+00,1.684537529945373535e-01,1.962045580148696899e-01,1.900401115417480469e-01
8.020547628402709961e-01,8.707661628723144531e-01,1.000000000000000000e+00,1.548722535371780396e-01,1.901276111602783203e-01,1.892285048961639404e-01
8.016944527626037598e-01,9.335182309150695801e-01,1.000000000000000000e+00,1.214818507432937622e-01,1.404198557138442993e-01,1.693197041749954224e-01
8.009182214736938477e-01,9.059118628501892090e-01,1.000000000000000000e+00,6.844151020050048828e-02,0.000000000000000000e+00,7.859695702791213989e-02
8.096593618392944336e-01,9.739593863487243652e-01,1.000000000000000000e+00,0.000000000000000000e+00,0.000000000000000000e+00,2.477397024631500244e-02
8.075217604637145996e-01,9.256195425987243652e-01,1.000000000000000000e+00,0.000000000000000000e+00,0.000000000000000000e+00,2.733344957232475281e-02
8.060275316238403320e-01,9.173129200935363770e-01,1.000000000000000000e+00,0.000000000000000000e+00,0.000000000000000000e+00,6.432379782199859619e-02
8.587420582771301270e-01,9.721428751945495605e-01,1.000000000000000000e+00,0.000000000000000000e+00,0.000000000000000000e+00,6.234909966588020325e-02
1.000000000000000000e+00,1.000000000000000000e+00,8.051370978355407715e-01,0.000000000000000000e+00,0.000000000000000000e+00,0.000000000000000000e+00
