# CPU,RAM,NetworkR,NetworkW,DiskW,DiskR
8.390057682991027832e-01,8.408170938491821289e-01,1.000000000000000000e+00,1.937956064939498901e-01,1.965641528367996216e-01,1.978566944599151611e-01
8.013040423393249512e-01,8.339548110961914062e-01,1.000000000000000000e+00,1.724004149436950684e-01,1.967038661241531372e-01,1.923117041587829590e-01
8.053662180900573730e-01,9.894587993621826172e-01,1.000000000000000000e+00,1.263376027345657349e-01,1.845127940177917480e-01,1.827757060527801514e-01
8.275779485702514648e-01,1.000000000000000000e+00,1.000000000000000000e+00,9.731049835681915283e-02,1.648108065128326416e-01,1.767774373292922974e-01
9.689751267433166504e-01,1.000000000000000000e+00,1.000000000000000000e+00,0.000000000000000000e+00,1.237984001636505127e-02,1.324350386857986450e-01
9.042894840240478516e-01,1.000000000000000000e+00,1.000000000000000000e+00,0.000000000000000000e+00,0.000000000000000000e+00,9.051895886659622192e-02
8.027721643447875977e-01,1.000000000000000000e+00,1.000000000000000000e+00,0.000000000000000000e+00,0.000000000000000000e+00,0.000000000000000000e+00
1.000000000000000000e+00,1.000000000000000000e+00,9.699870944023132324e-01,0.000000000000000000e+00,0.000000000000000000e+00,0.000000000000000000e+00
8.053455352783203125e-01,8.053693175315856934e-01,8.912325501441955566e-01,0.000000000000000000e+00,0.000000000000000000e+00,0.000000000000000000e+00
9.067882895469665527e-01,8.104992508888244629e-01,8.059140443801879883e-01,0.000000000000000000e+00,0.000000000000000000e+00,0.000000000000000000e+00
