# CPU,RAM,NetworkR,NetworkW,DiskW,DiskR
8.391048312187194824e-01,8.407743573188781738e-01,1.000000000000000000e+00,1.937941014766693115e-01,1.965653449296951294e-01,1.978558450937271118e-01
8.013419508934020996e-01,8.234798312187194824e-01,1.000000000000000000e+00,1.753891110420227051e-01,1.968843042850494385e-01,1.932038962841033936e-01
8.102734088897705078e-01,1.000000000000000000e+00,1.000000000000000000e+00,1.138008385896682739e-01,1.827681958675384521e-01,1.805801987648010254e-01
8.606662154197692871e-01,1.000000000000000000e+00,1.000000000000000000e+00,4.222989827394485474e-02,1.070751696825027466e-01,1.557271629571914673e-01
9.639866352081298828e-01,1.000000000000000000e+00,1.000000000000000000e+00,0.000000000000000000e+00,2.775735966861248016e-02,1.346462070941925049e-01
9.144183993339538574e-01,1.000000000000000000e+00,1.000000000000000000e+00,0.000000000000000000e+00,0.000000000000000000e+00,1.154799610376358032e-01
8.015280365943908691e-01,1.000000000000000000e+00,1.000000000000000000e+00,0.000000000000000000e+00,0.000000000000000000e+00,3.676119819283485413e-02
1.000000000000000000e+00,1.000000000000000000e+00,1.000000000000000000e+00,0.000000000000000000e+00,0.000000000000000000e+00,9.826070070266723633e-02
8.014136552810668945e-01,8.234933614730834961e-01,8.855232596397399902e-01,0.000000000000000000e+00,0.000000000000000000e+00,0.000000000000000000e+00
8.344026207923889160e-01,8.188769221305847168e-01,8.057013154029846191e-01,0.000000000000000000e+00,0.000000000000000000e+00,0.000000000000000000e+00
