# CPU,RAM,NetworkR,NetworkW,DiskW,DiskR
8.392070531845092773e-01,8.408227562904357910e-01,1.000000000000000000e+00,1.937929987907409668e-01,1.965640932321548462e-01,1.978562623262405396e-01
8.012592196464538574e-01,8.499148488044738770e-01,1.000000000000000000e+00,1.693044453859329224e-01,1.965105682611465454e-01,1.913710385560989380e-01
8.127813935279846191e-01,1.000000000000000000e+00,1.000000000000000000e+00,1.232030466198921204e-01,1.879474669694900513e-01,1.856521964073181152e-01
8.714545369148254395e-01,1.000000000000000000e+00,1.000000000000000000e+00,3.592729941010475159e-02,9.735680371522903442e-02,1.556939035654067993e-01
8.602149486541748047e-01,1.000000000000000000e+00,1.000000000000000000e+00,0.000000000000000000e+00,0.000000000000000000e+00,1.187772154808044434e-01
8.758829832077026367e-01,1.000000000000000000e+00,1.000000000000000000e+00,0.000000000000000000e+00,0.000000000000000000e+00,1.097254976630210876e-01
8.022659420967102051e-01,1.000000000000000000e+00,1.000000000000000000e+00,0.000000000000000000e+00,0.000000000000000000e+00,0.000000000000000000e+00
1.000000000000000000e+00,1.000000000000000000e+00,9.614738821983337402e-01,0.000000000000000000e+00,0.000000000000000000e+00,0.000000000000000000e+00
8.073711991310119629e-01,8.073546886444091797e-01,9.094908237457275391e-01,0.000000000000000000e+00,0.000000000000000000e+00,0.000000000000000000e+00
8.703238964080810547e-01,8.083516359329223633e-01,8.093314766883850098e-01,0.000000000000000000e+00,0.000000000000000000e+00,0.000000000000000000e+00
