# CPU,RAM,NetworkR,NetworkW,DiskW,DiskR
8.390134572982788086e-01,8.407783508300781250e-01,1.000000000000000000e+00,1.937946081161499023e-01,1.965648680925369263e-01,1.978559046983718872e-01
8.013061881065368652e-01,8.284977674484252930e-01,1.000000000000000000e+00,1.738793402910232544e-01,1.967916041612625122e-01,1.927444040775299072e-01
8.064113259315490723e-01,9.583612680435180664e-01,1.000000000000000000e+00,1.285461038351058960e-01,1.866576075553894043e-01,1.841152459383010864e-01
8.189483880996704102e-01,9.846108555793762207e-01,1.000000000000000000e+00,1.031790003180503845e-01,1.648250073194503784e-01,1.772271990776062012e-01
8.660712242126464844e-01,1.000000000000000000e+00,1.000000000000000000e+00,0.000000000000000000e+00,2.561840042471885681e-02,1.275348961353302002e-01
9.247692823410034180e-01,1.000000000000000000e+00,1.000000000000000000e+00,0.000000000000000000e+00,0.000000000000000000e+00,9.857760369777679443e-02
8.162655234336853027e-01,1.000000000000000000e+00,1.000000000000000000e+00,0.000000000000000000e+00,0.000000000000000000e+00,0.000000000000000000e+00
1.000000000000000000e+00,1.000000000000000000e+00,9.515195488929748535e-01,0.000000000000000000e+00,0.000000000000000000e+00,0.000000000000000000e+00
8.065032958984375000e-01,8.035949468612670898e-01,8.810628056526184082e-01,0.000000000000000000e+00,0.000000000000000000e+00,0.000000000000000000e+00
9.415508508682250977e-01,8.104392290115356445e-01,8.050640821456909180e-01,0.000000000000000000e+00,0.000000000000000000e+00,0.000000000000000000e+00
