# CPU,RAM,NetworkR,NetworkW,DiskW,DiskR
8.391262888908386230e-01,8.406453132629394531e-01,1.000000000000000000e+00,1.937932968139648438e-01,1.965688616037368774e-01,1.978540569543838501e-01
8.005720973014831543e-01,1.000000000000000000e+00,1.000000000000000000e+00,1.583945155143737793e-01,1.936365067958831787e-01,1.762983053922653198e-01
8.030099272727966309e-01,8.627519607543945312e-01,1.000000000000000000e+00,1.571077108383178711e-01,1.915028989315032959e-01,1.898577362298965454e-01
8.011981844902038574e-01,9.103324413299560547e-01,1.000000000000000000e+00,1.350933462381362915e-01,1.564456373453140259e-01,1.759439110755920410e-01
8.004179596900939941e-01,8.824751377105712891e-01,1.000000000000000000e+00,1.001100018620491028e-01,0.000000000000000000e+00,1.036286503076553345e-01
8.052201867103576660e-01,9.094957113265991211e-01,1.000000000000000000e+00,0.000000000000000000e+00,0.000000000000000000e+00,5.051679909229278564e-02
8.059842586517333984e-01,9.245269894599914551e-01,1.000000000000000000e+00,0.000000000000000000e+00,0.000000000000000000e+00,4.620369896292686462e-02
8.041714429855346680e-01,9.295423626899719238e-01,1.000000000000000000e+00,0.000000000000000000e+00,0.000000000000000000e+00,4.308195039629936218e-02
8.319563865661621094e-01,9.632937908172607422e-01,1.000000000000000000e+00,0.000000000000000000e+00,0.000000000000000000e+00,0.000000000000000000e+00
1.000000000000000000e+00,1.000000000000000000e+00,8.058157563209533691e-01,0.000000000000000000e+00,0.000000000000000000e+00,0.000000000000000000e+00
