# CPU,RAM,NetworkR,NetworkW,DiskW,DiskR
8.000000119209289551e-01,8.000000119209289551e-01,1.000000000000000000e+00,2.000000029802322388e-01,2.000000029802322388e-01,2.000000029802322388e-01
8.000000119209289551e-01,8.833333253860473633e-01,1.000000000000000000e+00,1.622580289840698242e-01,1.971631199121475220e-01,1.609517931938171387e-01
8.000000119209289551e-01,9.666666388511657715e-01,1.000000000000000000e+00,1.475120186805725098e-01,1.890071034431457520e-01,1.609517931938171387e-01
8.000000119209289551e-01,9.666666388511657715e-01,1.000000000000000000e+00,9.320515394210815430e-02,1.528368741273880005e-01,1.609517931938171387e-01
8.000000119209289551e-01,9.666666388511657715e-01,1.000000000000000000e+00,4.006755724549293518e-02,0.000000000000000000e+00,6.333130598068237305e-02
8.000000119209289551e-01,9.666666388511657715e-01,1.000000000000000000e+00,0.000000000000000000e+00,0.000000000000000000e+00,3.160464763641357422e-02
8.000000119209289551e-01,9.666666388511657715e-01,1.000000000000000000e+00,0.000000000000000000e+00,0.000000000000000000e+00,3.160464763641357422e-02
8.000000119209289551e-01,9.666666388511657715e-01,1.000000000000000000e+00,0.000000000000000000e+00,0.000000000000000000e+00,3.160464763641357422e-02
8.999999761581420898e-01,1.000000000000000000e+00,1.000000000000000000e+00,0.000000000000000000e+00,0.000000000000000000e+00,2.184259891510009766e-02
1.000000000000000000e+00,1.000000000000000000e+00,8.000000119209289551e-01,0.000000000000000000e+00,0.000000000000000000e+00,0.000000000000000000e+00
