# CPU,RAM,NetworkR,NetworkW,DiskW,DiskR
8.391987681388854980e-01,8.407818675041198730e-01,1.000000000000000000e+00,1.937929987907409668e-01,1.965652108192443848e-01,1.978557109832763672e-01
8.002803325653076172e-01,1.000000000000000000e+00,1.000000000000000000e+00,1.515021473169326782e-01,1.863393038511276245e-01,1.104756966233253479e-01
8.022255301475524902e-01,9.380409717559814453e-01,1.000000000000000000e+00,1.385114043951034546e-01,1.813755929470062256e-01,1.728458553552627563e-01
8.004213571548461914e-01,9.932377338409423828e-01,1.000000000000000000e+00,1.259020715951919556e-01,1.051677614450454712e-01,1.492387056350708008e-01
8.001646995544433594e-01,9.371283650398254395e-01,1.000000000000000000e+00,9.815210103988647461e-02,0.000000000000000000e+00,3.317809849977493286e-02
8.015888929367065430e-01,9.583653211593627930e-01,1.000000000000000000e+00,0.000000000000000000e+00,0.000000000000000000e+00,0.000000000000000000e+00
8.025356531143188477e-01,1.000000000000000000e+00,1.000000000000000000e+00,0.000000000000000000e+00,0.000000000000000000e+00,0.000000000000000000e+00
8.036323785781860352e-01,9.747829437255859375e-01,1.000000000000000000e+00,0.000000000000000000e+00,0.000000000000000000e+00,0.000000000000000000e+00
8.521821498870849609e-01,1.000000000000000000e+00,1.000000000000000000e+00,0.000000000000000000e+00,0.000000000000000000e+00,0.000000000000000000e+00
1.000000000000000000e+00,1.000000000000000000e+00,8.071241378784179688e-01,0.000000000000000000e+00,0.000000000000000000e+00,0.000000000000000000e+00
