# CPU,RAM,NetworkR,NetworkW,DiskW,DiskR
8.391334414482116699e-01,8.407378196716308594e-01,1.000000000000000000e+00,1.937938928604125977e-01,1.965665072202682495e-01,1.978554129600524902e-01
8.002926707267761230e-01,1.000000000000000000e+00,1.000000000000000000e+00,1.538093090057373047e-01,1.886244565248489380e-01,1.263219118118286133e-01
8.019434809684753418e-01,9.591490030288696289e-01,1.000000000000000000e+00,1.365182548761367798e-01,1.804755926132202148e-01,1.717367172241210938e-01
8.005707859992980957e-01,9.934902787208557129e-01,1.000000000000000000e+00,1.224239021539688110e-01,1.064271479845046997e-01,1.513518095016479492e-01
8.001976013183593750e-01,9.392485022544860840e-01,1.000000000000000000e+00,9.311771392822265625e-02,0.000000000000000000e+00,3.294190019369125366e-02
8.021705150604248047e-01,9.707843661308288574e-01,1.000000000000000000e+00,0.000000000000000000e+00,0.000000000000000000e+00,0.000000000000000000e+00
8.021988868713378906e-01,1.000000000000000000e+00,1.000000000000000000e+00,0.000000000000000000e+00,0.000000000000000000e+00,0.000000000000000000e+00
8.025717735290527344e-01,9.475628137588500977e-01,1.000000000000000000e+00,0.000000000000000000e+00,0.000000000000000000e+00,3.479399951174855232e-03
8.460663557052612305e-01,1.000000000000000000e+00,1.000000000000000000e+00,0.000000000000000000e+00,0.000000000000000000e+00,0.000000000000000000e+00
1.000000000000000000e+00,1.000000000000000000e+00,8.068909645080566406e-01,0.000000000000000000e+00,0.000000000000000000e+00,0.000000000000000000e+00
