# CPU,RAM,NetworkR,NetworkW,DiskW,DiskR
8.391302227973937988e-01,8.404802680015563965e-01,1.000000000000000000e+00,1.937925964593887329e-01,1.965733170509338379e-01,1.978518515825271606e-01
8.012650012969970703e-01,8.419276475906372070e-01,1.000000000000000000e+00,1.708115488290786743e-01,1.966383606195449829e-01,1.918901354074478149e-01
8.019497990608215332e-01,9.238156080245971680e-01,1.000000000000000000e+00,1.442226171493530273e-01,1.869270056486129761e-01,1.858686357736587524e-01
8.025315403938293457e-01,8.969136476516723633e-01,1.000000000000000000e+00,1.329694986343383789e-01,1.597071439027786255e-01,1.784480959177017212e-01
8.011588454246520996e-01,8.913031816482543945e-01,1.000000000000000000e+00,7.962085306644439697e-02,0.000000000000000000e+00,1.064336970448493958e-01
8.111001253128051758e-01,9.285950064659118652e-01,1.000000000000000000e+00,0.000000000000000000e+00,0.000000000000000000e+00,5.864480137825012207e-02
8.222382664680480957e-01,9.116562604904174805e-01,1.000000000000000000e+00,0.000000000000000000e+00,0.000000000000000000e+00,5.906249955296516418e-02
8.305440545082092285e-01,9.518323540687561035e-01,1.000000000000000000e+00,0.000000000000000000e+00,0.000000000000000000e+00,6.811050325632095337e-02
8.743216395378112793e-01,9.124473333358764648e-01,1.000000000000000000e+00,0.000000000000000000e+00,0.000000000000000000e+00,8.338800072669982910e-02
1.000000000000000000e+00,1.000000000000000000e+00,8.043585419654846191e-01,0.000000000000000000e+00,0.000000000000000000e+00,0.000000000000000000e+00
