# CPU,RAM,NetworkR,NetworkW,DiskW,DiskR
8.389457464218139648e-01,8.406247496604919434e-01,1.000000000000000000e+00,1.937941014766693115e-01,1.965686082839965820e-01,1.978536993265151978e-01
8.013071417808532715e-01,8.298648595809936523e-01,1.000000000000000000e+00,1.734788566827774048e-01,1.967723071575164795e-01,1.926302015781402588e-01
8.020727038383483887e-01,9.127384424209594727e-01,1.000000000000000000e+00,1.433733999729156494e-01,1.865926533937454224e-01,1.851946115493774414e-01
8.028752207756042480e-01,9.128626585006713867e-01,1.000000000000000000e+00,1.247375011444091797e-01,1.515483409166336060e-01,1.743927001953125000e-01
8.014653325080871582e-01,9.264088273048400879e-01,1.000000000000000000e+00,5.520404875278472900e-02,0.000000000000000000e+00,7.739120721817016602e-02
8.119289875030517578e-01,1.000000000000000000e+00,1.000000000000000000e+00,0.000000000000000000e+00,0.000000000000000000e+00,2.054250240325927734e-02
8.133460283279418945e-01,9.482809305191040039e-01,1.000000000000000000e+00,0.000000000000000000e+00,0.000000000000000000e+00,0.000000000000000000e+00
8.079608678817749023e-01,9.303641319274902344e-01,1.000000000000000000e+00,0.000000000000000000e+00,0.000000000000000000e+00,3.532785922288894653e-02
8.430985212326049805e-01,9.505117535591125488e-01,1.000000000000000000e+00,0.000000000000000000e+00,0.000000000000000000e+00,1.035595964640378952e-02
1.000000000000000000e+00,1.000000000000000000e+00,8.051387071609497070e-01,0.000000000000000000e+00,0.000000000000000000e+00,0.000000000000000000e+00
