# CPU,RAM,NetworkR,NetworkW,DiskW,DiskR
8.391026854515075684e-01,8.404312729835510254e-01,1.000000000000000000e+00,1.937929540872573853e-01,1.965747028589248657e-01,1.978513002395629883e-01
8.002551794052124023e-01,1.000000000000000000e+00,1.000000000000000000e+00,1.552037000656127930e-01,1.890117526054382324e-01,1.172936707735061646e-01
8.029901385307312012e-01,8.992845416069030762e-01,1.000000000000000000e+00,1.444718986749649048e-01,1.879507452249526978e-01,1.784675121307373047e-01
8.008735179901123047e-01,9.700926542282104492e-01,1.000000000000000000e+00,1.226375102996826172e-01,1.283688694238662720e-01,1.594409048557281494e-01
8.003235459327697754e-01,9.335469007492065430e-01,1.000000000000000000e+00,8.672519773244857788e-02,0.000000000000000000e+00,5.833270028233528137e-02
8.044275045394897461e-01,9.680175781250000000e-01,1.000000000000000000e+00,0.000000000000000000e+00,0.000000000000000000e+00,2.046849951148033142e-02
8.024564385414123535e-01,9.622033238410949707e-01,1.000000000000000000e+00,0.000000000000000000e+00,0.000000000000000000e+00,1.999003998935222626e-02
8.025478720664978027e-01,9.655996561050415039e-01,1.000000000000000000e+00,0.000000000000000000e+00,0.000000000000000000e+00,8.551250211894512177e-03
8.409732580184936523e-01,1.000000000000000000e+00,1.000000000000000000e+00,0.000000000000000000e+00,0.000000000000000000e+00,0.000000000000000000e+00
1.000000000000000000e+00,1.000000000000000000e+00,8.063839673995971680e-01,0.000000000000000000e+00,0.000000000000000000e+00,0.000000000000000000e+00
