# CPU,RAM,NetworkR,NetworkW,DiskW,DiskR
8.389209508895874023e-01,8.406861424446105957e-01,1.000000000000000000e+00,1.937953382730484009e-01,1.965672522783279419e-01,1.978548169136047363e-01
8.013740181922912598e-01,8.239927291870117188e-01,1.000000000000000000e+00,1.751095056533813477e-01,1.968761086463928223e-01,1.931461989879608154e-01
8.116500377655029297e-01,1.000000000000000000e+00,1.000000000000000000e+00,1.102173998951911926e-01,1.814264059066772461e-01,1.797720044851303101e-01
8.762835860252380371e-01,1.000000000000000000e+00,1.000000000000000000e+00,1.628006994724273682e-02,4.963620007038116455e-02,1.407074481248855591e-01
9.316725134849548340e-01,1.000000000000000000e+00,1.000000000000000000e+00,0.000000000000000000e+00,0.000000000000000000e+00,1.215749531984329224e-01
8.507426977157592773e-01,1.000000000000000000e+00,1.000000000000000000e+00,0.000000000000000000e+00,0.000000000000000000e+00,9.872800111770629883e-02
8.007065653800964355e-01,1.000000000000000000e+00,1.000000000000000000e+00,0.000000000000000000e+00,0.000000000000000000e+00,0.000000000000000000e+00
1.000000000000000000e+00,1.000000000000000000e+00,1.000000000000000000e+00,0.000000000000000000e+00,0.000000000000000000e+00,0.000000000000000000e+00
8.009928464889526367e-01,8.135535717010498047e-01,8.736861944198608398e-01,0.000000000000000000e+00,0.000000000000000000e+00,0.000000000000000000e+00
8.948595523834228516e-01,8.405509591102600098e-01,8.031997680664062500e-01,0.000000000000000000e+00,0.000000000000000000e+00,0.000000000000000000e+00
