# CPU,RAM,NetworkR,NetworkW,DiskW,DiskR
8.390434384346008301e-01,8.405039310455322266e-01,1.000000000000000000e+00,1.937897950410842896e-01,1.965709030628204346e-01,1.978508383035659790e-01
8.010236024856567383e-01,8.395408391952514648e-01,1.000000000000000000e+00,1.719896346330642700e-01,1.965159177780151367e-01,1.915113031864166260e-01
8.017852306365966797e-01,9.480777382850646973e-01,1.000000000000000000e+00,1.396590024232864380e-01,1.843582540750503540e-01,1.830902993679046631e-01
8.027094006538391113e-01,9.625514745712280273e-01,1.000000000000000000e+00,1.125348284840583801e-01,1.333272010087966919e-01,1.664420068264007568e-01
8.012211322784423828e-01,9.248964190483093262e-01,1.000000000000000000e+00,6.492479890584945679e-02,0.000000000000000000e+00,8.569032698869705200e-02
8.092962503433227539e-01,1.000000000000000000e+00,1.000000000000000000e+00,0.000000000000000000e+00,0.000000000000000000e+00,5.559210106730461121e-02
8.092463016510009766e-01,9.015110135078430176e-01,1.000000000000000000e+00,0.000000000000000000e+00,0.000000000000000000e+00,5.977550148963928223e-02
8.061439394950866699e-01,9.636245369911193848e-01,1.000000000000000000e+00,0.000000000000000000e+00,0.000000000000000000e+00,4.126084968447685242e-02
8.626658320426940918e-01,1.000000000000000000e+00,1.000000000000000000e+00,0.000000000000000000e+00,0.000000000000000000e+00,2.038295008242130280e-02
1.000000000000000000e+00,1.000000000000000000e+00,8.051166534423828125e-01,0.000000000000000000e+00,0.000000000000000000e+00,0.000000000000000000e+00
