# CPU,RAM,NetworkR,NetworkW,DiskW,DiskR
8.390144109725952148e-01,8.407049179077148438e-01,1.000000000000000000e+00,1.937942057847976685e-01,1.965668350458145142e-01,1.978548169136047363e-01
8.002549409866333008e-01,1.000000000000000000e+00,1.000000000000000000e+00,1.525820642709732056e-01,1.867536455392837524e-01,1.029867604374885559e-01
8.021060824394226074e-01,9.619097709655761719e-01,1.000000000000000000e+00,1.327562928199768066e-01,1.780385971069335938e-01,1.661385446786880493e-01
8.005187511444091797e-01,1.000000000000000000e+00,1.000000000000000000e+00,1.152565032243728638e-01,8.167280256748199463e-02,1.376223713159561157e-01
8.002159595489501953e-01,9.579778313636779785e-01,1.000000000000000000e+00,8.233380317687988281e-02,0.000000000000000000e+00,1.911530038341879845e-03
8.026212453842163086e-01,9.768080115318298340e-01,1.000000000000000000e+00,0.000000000000000000e+00,0.000000000000000000e+00,0.000000000000000000e+00
8.022685050964355469e-01,1.000000000000000000e+00,1.000000000000000000e+00,0.000000000000000000e+00,0.000000000000000000e+00,0.000000000000000000e+00
8.032792210578918457e-01,9.672646522521972656e-01,1.000000000000000000e+00,0.000000000000000000e+00,0.000000000000000000e+00,0.000000000000000000e+00
8.547906279563903809e-01,1.000000000000000000e+00,1.000000000000000000e+00,0.000000000000000000e+00,0.000000000000000000e+00,0.000000000000000000e+00
1.000000000000000000e+00,1.000000000000000000e+00,8.065097332000732422e-01,0.000000000000000000e+00,0.000000000000000000e+00,0.000000000000000000e+00
