# CPU,RAM,NetworkR,NetworkW,DiskW,DiskR
8.000000119209289551e-01,1.000000000000000000e+00,1.000000000000000000e+00,2.000000029802322388e-01,2.000000029802322388e-01,2.000000029802322388e-01
8.000000119209289551e-01,1.000000000000000000e+00,1.000000000000000000e+00,1.478694528341293335e-01,1.889865398406982422e-01,1.853147745132446289e-01
8.000000119209289551e-01,1.000000000000000000e+00,1.000000000000000000e+00,1.052583828568458557e-01,1.465143561363220215e-01,1.853147745132446289e-01
8.000000119209289551e-01,1.000000000000000000e+00,1.000000000000000000e+00,3.250226750969886780e-02,1.170474514365196228e-01,1.853147745132446289e-01
8.000000119209289551e-01,1.000000000000000000e+00,1.000000000000000000e+00,0.000000000000000000e+00,0.000000000000000000e+00,6.567325443029403687e-02
8.849315047264099121e-01,1.000000000000000000e+00,1.000000000000000000e+00,0.000000000000000000e+00,0.000000000000000000e+00,4.839650169014930725e-02
8.000000119209289551e-01,1.000000000000000000e+00,1.000000000000000000e+00,0.000000000000000000e+00,0.000000000000000000e+00,1.189936324954032898e-02
1.000000000000000000e+00,1.000000000000000000e+00,1.000000000000000000e+00,0.000000000000000000e+00,0.000000000000000000e+00,0.000000000000000000e+00
8.000000119209289551e-01,8.000000119209289551e-01,8.816326260566711426e-01,0.000000000000000000e+00,0.000000000000000000e+00,0.000000000000000000e+00
8.739725947380065918e-01,8.000000119209289551e-01,8.000000119209289551e-01,0.000000000000000000e+00,0.000000000000000000e+00,0.000000000000000000e+00
