# CPU,RAM,NetworkR,NetworkW,DiskW,DiskR
8.391187191009521484e-01,8.407834768295288086e-01,1.000000000000000000e+00,1.937938481569290161e-01,1.965650469064712524e-01,1.978559046983718872e-01
8.010523319244384766e-01,8.902499675750732422e-01,1.000000000000000000e+00,1.650131493806838989e-01,1.959901601076126099e-01,1.891251355409622192e-01
8.029229640960693359e-01,8.603395223617553711e-01,1.000000000000000000e+00,1.572465449571609497e-01,1.917987614870071411e-01,1.910353004932403564e-01
8.017582893371582031e-01,8.933035135269165039e-01,1.000000000000000000e+00,1.351410150527954102e-01,1.604828387498855591e-01,1.785302162170410156e-01
8.008969426155090332e-01,8.867398500442504883e-01,1.000000000000000000e+00,8.181510120630264282e-02,0.000000000000000000e+00,1.034429967403411865e-01
8.110315203666687012e-01,9.230728149414062500e-01,1.000000000000000000e+00,0.000000000000000000e+00,0.000000000000000000e+00,3.694361448287963867e-02
8.138399720191955566e-01,9.179146885871887207e-01,1.000000000000000000e+00,0.000000000000000000e+00,0.000000000000000000e+00,2.127034962177276611e-02
8.109504580497741699e-01,9.386029243469238281e-01,1.000000000000000000e+00,0.000000000000000000e+00,0.000000000000000000e+00,3.052129969000816345e-02
8.394727110862731934e-01,9.139322638511657715e-01,1.000000000000000000e+00,0.000000000000000000e+00,0.000000000000000000e+00,2.077019959688186646e-02
1.000000000000000000e+00,1.000000000000000000e+00,8.047088980674743652e-01,0.000000000000000000e+00,0.000000000000000000e+00,0.000000000000000000e+00
