# CPU,RAM,NetworkR,NetworkW,DiskW,DiskR
8.390876054763793945e-01,8.407951593399047852e-01,1.000000000000000000e+00,1.937945634126663208e-01,1.965647935867309570e-01,1.978562623262405396e-01
8.014218807220458984e-01,8.167222142219543457e-01,1.000000000000000000e+00,1.778822690248489380e-01,1.970137953758239746e-01,1.938967108726501465e-01
8.125008940696716309e-01,1.000000000000000000e+00,1.000000000000000000e+00,1.080622971057891846e-01,1.810477524995803833e-01,1.784244328737258911e-01
9.264745712280273438e-01,1.000000000000000000e+00,1.000000000000000000e+00,2.033234946429729462e-02,8.046159893274307251e-02,1.492335945367813110e-01
9.515438675880432129e-01,1.000000000000000000e+00,1.000000000000000000e+00,0.000000000000000000e+00,0.000000000000000000e+00,1.059677973389625549e-01
8.480789065361022949e-01,1.000000000000000000e+00,1.000000000000000000e+00,0.000000000000000000e+00,0.000000000000000000e+00,8.400479704141616821e-02
8.027785420417785645e-01,1.000000000000000000e+00,1.000000000000000000e+00,0.000000000000000000e+00,0.000000000000000000e+00,7.423470169305801392e-02
1.000000000000000000e+00,1.000000000000000000e+00,9.991489052772521973e-01,0.000000000000000000e+00,0.000000000000000000e+00,5.715264007449150085e-02
8.009944558143615723e-01,8.134431838989257812e-01,8.610565066337585449e-01,0.000000000000000000e+00,0.000000000000000000e+00,0.000000000000000000e+00
8.498676419258117676e-01,8.167200088500976562e-01,8.059338331222534180e-01,0.000000000000000000e+00,0.000000000000000000e+00,0.000000000000000000e+00
