# CPU,RAM,NetworkR,NetworkW,DiskW,DiskR
8.000000119209289551e-01,8.000000119209289551e-01,1.000000000000000000e+00,2.000000029802322388e-01,2.000000029802322388e-01,2.000000029802322388e-01
8.000000119209289551e-01,8.000000119209289551e-01,1.000000000000000000e+00,1.807140856981277466e-01,1.975781470537185669e-01,1.627690494060516357e-01
8.000000119209289551e-01,8.833333253860473633e-01,1.000000000000000000e+00,1.536851227283477783e-01,1.969726830720901489e-01,1.627690494060516357e-01
8.000000119209289551e-01,8.833333253860473633e-01,1.000000000000000000e+00,1.161170080304145813e-01,1.884961724281311035e-01,1.627690494060516357e-01
8.000000119209289551e-01,8.833333253860473633e-01,1.000000000000000000e+00,9.984227269887924194e-02,7.179293036460876465e-02,7.899941504001617432e-02
8.000000119209289551e-01,8.833333253860473633e-01,1.000000000000000000e+00,0.000000000000000000e+00,0.000000000000000000e+00,4.874927178025245667e-02
8.000000119209289551e-01,8.833333253860473633e-01,1.000000000000000000e+00,0.000000000000000000e+00,0.000000000000000000e+00,4.874927178025245667e-02
8.000000119209289551e-01,8.833333253860473633e-01,1.000000000000000000e+00,0.000000000000000000e+00,0.000000000000000000e+00,4.874927178025245667e-02
8.000000119209289551e-01,9.666666388511657715e-01,1.000000000000000000e+00,0.000000000000000000e+00,0.000000000000000000e+00,3.944153711199760437e-02
1.000000000000000000e+00,1.000000000000000000e+00,8.000000119209289551e-01,0.000000000000000000e+00,0.000000000000000000e+00,0.000000000000000000e+00
