# CPU,RAM,NetworkR,NetworkW,DiskW,DiskR
8.391119241714477539e-01,8.407391309738159180e-01,1.000000000000000000e+00,1.937937140464782715e-01,1.965662389993667603e-01,1.978552937507629395e-01
8.012915253639221191e-01,8.427864313125610352e-01,1.000000000000000000e+00,1.705006510019302368e-01,1.966004073619842529e-01,1.917770653963088989e-01
8.113924264907836914e-01,1.000000000000000000e+00,1.000000000000000000e+00,1.180581599473953247e-01,1.851572543382644653e-01,1.834850460290908813e-01
8.343014717102050781e-01,1.000000000000000000e+00,1.000000000000000000e+00,3.249485045671463013e-02,6.190723925828933716e-02,1.443733721971511841e-01
8.378351926803588867e-01,1.000000000000000000e+00,1.000000000000000000e+00,1.470525003969669342e-02,2.807076089084148407e-02,1.307986527681350708e-01
8.384226560592651367e-01,1.000000000000000000e+00,1.000000000000000000e+00,0.000000000000000000e+00,0.000000000000000000e+00,9.313610196113586426e-02
8.024460077285766602e-01,1.000000000000000000e+00,1.000000000000000000e+00,0.000000000000000000e+00,0.000000000000000000e+00,1.037041693925857544e-01
1.000000000000000000e+00,1.000000000000000000e+00,1.000000000000000000e+00,0.000000000000000000e+00,0.000000000000000000e+00,0.000000000000000000e+00
8.030037879943847656e-01,8.048131465911865234e-01,9.009846448898315430e-01,0.000000000000000000e+00,0.000000000000000000e+00,0.000000000000000000e+00
8.940254449844360352e-01,8.106346726417541504e-01,8.063927888870239258e-01,0.000000000000000000e+00,0.000000000000000000e+00,0.000000000000000000e+00
