# CPU,RAM,NetworkR,NetworkW,DiskW,DiskR
8.391910791397094727e-01,8.398869633674621582e-01,1.000000000000000000e+00,1.937762051820755005e-01,1.965837627649307251e-01,1.978385597467422485e-01
8.013152480125427246e-01,8.247045278549194336e-01,1.000000000000000000e+00,1.749929338693618774e-01,1.968532353639602661e-01,1.930268555879592896e-01
8.016602993011474609e-01,9.445683360099792480e-01,1.000000000000000000e+00,1.386098414659500122e-01,1.835732012987136841e-01,1.821116954088211060e-01
8.026023507118225098e-01,9.380750656127929688e-01,1.000000000000000000e+00,1.170789971947669983e-01,1.357790380716323853e-01,1.680039167404174805e-01
8.014278411865234375e-01,9.329316616058349609e-01,1.000000000000000000e+00,5.354744940996170044e-02,0.000000000000000000e+00,7.127201557159423828e-02
8.124823570251464844e-01,1.000000000000000000e+00,1.000000000000000000e+00,0.000000000000000000e+00,0.000000000000000000e+00,2.402579970657825470e-02
8.094446659088134766e-01,9.136204719543457031e-01,1.000000000000000000e+00,0.000000000000000000e+00,0.000000000000000000e+00,2.272111177444458008e-02
8.052663803100585938e-01,9.496345520019531250e-01,1.000000000000000000e+00,0.000000000000000000e+00,0.000000000000000000e+00,2.748120017349720001e-02
8.610183000564575195e-01,1.000000000000000000e+00,1.000000000000000000e+00,0.000000000000000000e+00,0.000000000000000000e+00,2.920069918036460876e-02
1.000000000000000000e+00,1.000000000000000000e+00,8.051125407218933105e-01,0.000000000000000000e+00,0.000000000000000000e+00,0.000000000000000000e+00
