# CPU,RAM,NetworkR,NetworkW,DiskW,DiskR
8.390461206436157227e-01,8.405561447143554688e-01,1.000000000000000000e+00,1.937918961048126221e-01,1.965703070163726807e-01,1.978522688150405884e-01
8.001093864440917969e-01,1.000000000000000000e+00,1.000000000000000000e+00,1.424918174743652344e-01,1.628984063863754272e-01,0.000000000000000000e+00
8.002701997756958008e-01,1.000000000000000000e+00,1.000000000000000000e+00,8.840590715408325195e-02,6.201095879077911377e-02,0.000000000000000000e+00
8.001236319541931152e-01,1.000000000000000000e+00,1.000000000000000000e+00,7.303375750780105591e-02,0.000000000000000000e+00,0.000000000000000000e+00
8.001193404197692871e-01,1.000000000000000000e+00,1.000000000000000000e+00,2.101960033178329468e-02,0.000000000000000000e+00,0.000000000000000000e+00
8.005614876747131348e-01,1.000000000000000000e+00,1.000000000000000000e+00,0.000000000000000000e+00,0.000000000000000000e+00,0.000000000000000000e+00
8.008551597595214844e-01,1.000000000000000000e+00,1.000000000000000000e+00,0.000000000000000000e+00,0.000000000000000000e+00,0.000000000000000000e+00
8.091224431991577148e-01,1.000000000000000000e+00,1.000000000000000000e+00,0.000000000000000000e+00,0.000000000000000000e+00,0.000000000000000000e+00
1.000000000000000000e+00,1.000000000000000000e+00,1.000000000000000000e+00,0.000000000000000000e+00,0.000000000000000000e+00,1.051682382822036743e-01
1.000000000000000000e+00,1.000000000000000000e+00,8.080213665962219238e-01,0.000000000000000000e+00,0.000000000000000000e+00,0.000000000000000000e+00
