# CPU,RAM,NetworkR,NetworkW,DiskW,DiskR
8.390167355537414551e-01,8.405685424804687500e-01,1.000000000000000000e+00,1.937928050756454468e-01,1.965701729059219360e-01,1.978527009487152100e-01
8.002754449844360352e-01,1.000000000000000000e+00,1.000000000000000000e+00,1.591676026582717896e-01,1.913765072822570801e-01,1.406876593828201294e-01
8.005293607711791992e-01,1.000000000000000000e+00,1.000000000000000000e+00,1.203303486108779907e-01,1.526442170143127441e-01,1.315245926380157471e-01
8.002876639366149902e-01,1.000000000000000000e+00,1.000000000000000000e+00,1.070131063461303711e-01,1.610420085489749908e-02,9.596873819828033447e-02
8.001661300659179688e-01,1.000000000000000000e+00,1.000000000000000000e+00,6.719080358743667603e-02,0.000000000000000000e+00,0.000000000000000000e+00
8.017663955688476562e-01,1.000000000000000000e+00,1.000000000000000000e+00,0.000000000000000000e+00,0.000000000000000000e+00,0.000000000000000000e+00
8.017911314964294434e-01,1.000000000000000000e+00,1.000000000000000000e+00,0.000000000000000000e+00,0.000000000000000000e+00,0.000000000000000000e+00
8.054733872413635254e-01,9.638687372207641602e-01,1.000000000000000000e+00,0.000000000000000000e+00,0.000000000000000000e+00,3.215369954705238342e-02
9.205797314643859863e-01,1.000000000000000000e+00,1.000000000000000000e+00,0.000000000000000000e+00,0.000000000000000000e+00,3.352019935846328735e-02
1.000000000000000000e+00,1.000000000000000000e+00,8.056678771972656250e-01,0.000000000000000000e+00,0.000000000000000000e+00,0.000000000000000000e+00
