# CPU,RAM,NetworkR,NetworkW,DiskW,DiskR
8.390918970108032227e-01,8.403631448745727539e-01,1.000000000000000000e+00,1.937857419252395630e-01,1.965734958648681641e-01,1.978477388620376587e-01
8.003785014152526855e-01,9.327801465988159180e-01,1.000000000000000000e+00,1.644538938999176025e-01,1.941435039043426514e-01,1.724160462617874146e-01
8.008777499198913574e-01,1.000000000000000000e+00,1.000000000000000000e+00,1.292766481637954712e-01,1.714507490396499634e-01,1.648788601160049438e-01
8.008221387863159180e-01,9.971069097518920898e-01,1.000000000000000000e+00,1.140398979187011719e-01,8.897896111011505127e-02,1.472882926464080811e-01
8.003619313240051270e-01,9.709778428077697754e-01,1.000000000000000000e+00,7.233764231204986572e-02,0.000000000000000000e+00,4.114504158496856689e-02
8.040468096733093262e-01,9.887872338294982910e-01,1.000000000000000000e+00,0.000000000000000000e+00,0.000000000000000000e+00,3.335389867424964905e-02
8.028032779693603516e-01,9.128838777542114258e-01,1.000000000000000000e+00,0.000000000000000000e+00,0.000000000000000000e+00,5.273741483688354492e-02
8.057662248611450195e-01,1.000000000000000000e+00,1.000000000000000000e+00,0.000000000000000000e+00,0.000000000000000000e+00,1.311434991657733917e-02
9.223441481590270996e-01,1.000000000000000000e+00,9.699614644050598145e-01,0.000000000000000000e+00,0.000000000000000000e+00,0.000000000000000000e+00
1.000000000000000000e+00,1.000000000000000000e+00,8.050813078880310059e-01,0.000000000000000000e+00,0.000000000000000000e+00,0.000000000000000000e+00
