# CPU,RAM,NetworkR,NetworkW,DiskW,DiskR
8.390574455261230469e-01,8.403487205505371094e-01,1.000000000000000000e+00,1.937876939773559570e-01,1.965745985507965088e-01,1.978482007980346680e-01
8.007701039314270020e-01,8.592897057533264160e-01,1.000000000000000000e+00,1.695985347032546997e-01,1.960961073637008667e-01,1.892319470643997192e-01
8.018978238105773926e-01,8.850181698799133301e-01,1.000000000000000000e+00,1.523568034172058105e-01,1.897446662187576294e-01,1.881068944931030273e-01
8.016031980514526367e-01,9.609117507934570312e-01,1.000000000000000000e+00,1.164774373173713684e-01,1.323906332254409790e-01,1.654577404260635376e-01
8.007988333702087402e-01,9.224548935890197754e-01,1.000000000000000000e+00,6.623453646898269653e-02,0.000000000000000000e+00,7.106763869524002075e-02
8.088490962982177734e-01,1.000000000000000000e+00,1.000000000000000000e+00,0.000000000000000000e+00,0.000000000000000000e+00,2.226400375366210938e-02
8.050698041915893555e-01,9.197168946266174316e-01,1.000000000000000000e+00,0.000000000000000000e+00,0.000000000000000000e+00,3.444210067391395569e-02
8.042239546775817871e-01,9.433305263519287109e-01,1.000000000000000000e+00,0.000000000000000000e+00,0.000000000000000000e+00,4.475149884819984436e-02
8.722258210182189941e-01,1.000000000000000000e+00,1.000000000000000000e+00,0.000000000000000000e+00,0.000000000000000000e+00,6.043350696563720703e-02
1.000000000000000000e+00,1.000000000000000000e+00,8.050357699394226074e-01,0.000000000000000000e+00,0.000000000000000000e+00,0.000000000000000000e+00
