# CPU,RAM,NetworkR,NetworkW,DiskW,DiskR
8.391020894050598145e-01,8.406993150711059570e-01,1.000000000000000000e+00,1.937929987907409668e-01,1.965669989585876465e-01,1.978545337915420532e-01
8.012870550155639648e-01,8.245232105255126953e-01,1.000000000000000000e+00,1.752015501260757446e-01,1.968671977519989014e-01,1.931158006191253662e-01
8.028922677040100098e-01,8.853997588157653809e-01,1.000000000000000000e+00,1.458674073219299316e-01,1.888407021760940552e-01,1.869494020938873291e-01
8.024631738662719727e-01,8.878828883171081543e-01,1.000000000000000000e+00,1.322337538003921509e-01,1.567658334970474243e-01,1.773699671030044556e-01
8.024712204933166504e-01,8.839417099952697754e-01,1.000000000000000000e+00,6.473791599273681641e-02,0.000000000000000000e+00,1.065642982721328735e-01
8.346627354621887207e-01,9.839894175529479980e-01,1.000000000000000000e+00,0.000000000000000000e+00,0.000000000000000000e+00,6.267631053924560547e-02
8.629574179649353027e-01,1.000000000000000000e+00,1.000000000000000000e+00,0.000000000000000000e+00,0.000000000000000000e+00,3.064269945025444031e-02
8.818011283874511719e-01,1.000000000000000000e+00,1.000000000000000000e+00,0.000000000000000000e+00,0.000000000000000000e+00,4.283260088413953781e-03
8.527379035949707031e-01,8.496476411819458008e-01,1.000000000000000000e+00,0.000000000000000000e+00,0.000000000000000000e+00,2.031207084655761719e-03
1.000000000000000000e+00,1.000000000000000000e+00,8.028374314308166504e-01,0.000000000000000000e+00,0.000000000000000000e+00,0.000000000000000000e+00
