# CPU,RAM,NetworkR,NetworkW,DiskW,DiskR
8.389645218849182129e-01,8.403024077415466309e-01,1.000000000000000000e+00,1.937864571809768677e-01,1.965747624635696411e-01,1.978469640016555786e-01
8.008092641830444336e-01,9.115232229232788086e-01,1.000000000000000000e+00,1.641089469194412231e-01,1.955489069223403931e-01,1.867357045412063599e-01
8.020167946815490723e-01,9.113531708717346191e-01,1.000000000000000000e+00,1.489024162292480469e-01,1.884793937206268311e-01,1.873437166213989258e-01
8.015069961547851562e-01,9.749506115913391113e-01,1.000000000000000000e+00,1.179586052894592285e-01,1.337731033563613892e-01,1.665365993976593018e-01
8.005934357643127441e-01,9.202337265014648438e-01,1.000000000000000000e+00,8.028335869312286377e-02,0.000000000000000000e+00,8.441764861345291138e-02
8.060836791992187500e-01,1.000000000000000000e+00,1.000000000000000000e+00,0.000000000000000000e+00,0.000000000000000000e+00,5.315290018916130066e-02
8.053213953971862793e-01,9.128226637840270996e-01,1.000000000000000000e+00,0.000000000000000000e+00,0.000000000000000000e+00,6.624519824981689453e-02
8.039035201072692871e-01,9.609286785125732422e-01,1.000000000000000000e+00,0.000000000000000000e+00,0.000000000000000000e+00,3.756422922015190125e-02
8.535336256027221680e-01,1.000000000000000000e+00,1.000000000000000000e+00,0.000000000000000000e+00,0.000000000000000000e+00,6.843340117484331131e-03
1.000000000000000000e+00,1.000000000000000000e+00,8.054056167602539062e-01,0.000000000000000000e+00,0.000000000000000000e+00,0.000000000000000000e+00
