# CPU,RAM,NetworkR,NetworkW,DiskW,DiskR
8.391974568367004395e-01,8.408332467079162598e-01,1.000000000000000000e+00,1.937932074069976807e-01,1.965637952089309692e-01,1.978564411401748657e-01
8.004192113876342773e-01,1.000000000000000000e+00,1.000000000000000000e+00,1.538490056991577148e-01,1.902083158493041992e-01,1.545293927192687988e-01
8.053312301635742188e-01,8.436583876609802246e-01,1.000000000000000000e+00,1.589750945568084717e-01,1.926446706056594849e-01,1.900609135627746582e-01
8.014472723007202148e-01,8.966368436813354492e-01,1.000000000000000000e+00,1.370322108268737793e-01,1.634373068809509277e-01,1.780688166618347168e-01
8.004585504531860352e-01,8.798239827156066895e-01,1.000000000000000000e+00,1.023306027054786682e-01,0.000000000000000000e+00,1.102755963802337646e-01
8.053226470947265625e-01,8.981363177299499512e-01,1.000000000000000000e+00,0.000000000000000000e+00,0.000000000000000000e+00,5.269950628280639648e-02
8.074198961257934570e-01,9.155919551849365234e-01,1.000000000000000000e+00,0.000000000000000000e+00,0.000000000000000000e+00,4.481656849384307861e-02
8.055156469345092773e-01,9.257296919822692871e-01,1.000000000000000000e+00,0.000000000000000000e+00,0.000000000000000000e+00,4.419989883899688721e-02
8.346015214920043945e-01,9.548975229263305664e-01,1.000000000000000000e+00,0.000000000000000000e+00,0.000000000000000000e+00,3.369600046426057816e-03
1.000000000000000000e+00,1.000000000000000000e+00,8.060358762741088867e-01,0.000000000000000000e+00,0.000000000000000000e+00,0.000000000000000000e+00
