# CPU,RAM,NetworkR,NetworkW,DiskW,DiskR
8.391511440277099609e-01,8.407416939735412598e-01,1.000000000000000000e+00,1.937935501337051392e-01,1.965662986040115356e-01,1.978553682565689087e-01
8.013702630996704102e-01,8.241847753524780273e-01,1.000000000000000000e+00,1.750724464654922485e-01,1.968784928321838379e-01,1.931486129760742188e-01
8.041025996208190918e-01,1.000000000000000000e+00,1.000000000000000000e+00,1.065741330385208130e-01,1.671721935272216797e-01,1.711625009775161743e-01
8.167384266853332520e-01,9.093572497367858887e-01,1.000000000000000000e+00,1.195040494203567505e-01,1.693989038467407227e-01,1.811191588640213013e-01
8.267488479614257812e-01,1.000000000000000000e+00,1.000000000000000000e+00,9.900899603962898254e-03,2.010400034487247467e-02,1.242106035351753235e-01
8.752975463867187500e-01,1.000000000000000000e+00,1.000000000000000000e+00,0.000000000000000000e+00,0.000000000000000000e+00,1.007252484560012817e-01
8.256472349166870117e-01,1.000000000000000000e+00,1.000000000000000000e+00,0.000000000000000000e+00,0.000000000000000000e+00,9.489156305789947510e-02
1.000000000000000000e+00,1.000000000000000000e+00,9.584805965423583984e-01,0.000000000000000000e+00,0.000000000000000000e+00,0.000000000000000000e+00
8.060212731361389160e-01,8.025373220443725586e-01,8.802350759506225586e-01,0.000000000000000000e+00,0.000000000000000000e+00,0.000000000000000000e+00
9.193274974822998047e-01,8.080023527145385742e-01,8.062131404876708984e-01,0.000000000000000000e+00,0.000000000000000000e+00,0.000000000000000000e+00
