# CPU,RAM,NetworkR,NetworkW,DiskW,DiskR
8.391296267509460449e-01,8.407667279243469238e-01,1.000000000000000000e+00,1.937941014766693115e-01,1.965657025575637817e-01,1.978558003902435303e-01
8.011475801467895508e-01,8.761150836944580078e-01,1.000000000000000000e+00,1.660889983177185059e-01,1.961798965930938721e-01,1.899533420801162720e-01
8.069732189178466797e-01,8.970775008201599121e-01,1.000000000000000000e+00,1.442612558603286743e-01,1.914955526590347290e-01,1.896254569292068481e-01
8.044524788856506348e-01,9.134564399719238281e-01,1.000000000000000000e+00,1.293635517358779907e-01,1.698839962482452393e-01,1.818416118621826172e-01
8.120222091674804688e-01,9.518877863883972168e-01,1.000000000000000000e+00,4.159459844231605530e-02,3.455879911780357361e-02,1.325991153717041016e-01
8.817613720893859863e-01,1.000000000000000000e+00,1.000000000000000000e+00,0.000000000000000000e+00,0.000000000000000000e+00,9.246373921632766724e-02
8.851026892662048340e-01,1.000000000000000000e+00,1.000000000000000000e+00,0.000000000000000000e+00,0.000000000000000000e+00,1.213964968919754028e-01
1.000000000000000000e+00,1.000000000000000000e+00,8.977596759796142578e-01,0.000000000000000000e+00,0.000000000000000000e+00,0.000000000000000000e+00
8.126757740974426270e-01,8.019929528236389160e-01,8.756039738655090332e-01,0.000000000000000000e+00,0.000000000000000000e+00,0.000000000000000000e+00
1.000000000000000000e+00,8.089645504951477051e-01,8.051821589469909668e-01,0.000000000000000000e+00,0.000000000000000000e+00,0.000000000000000000e+00
