# CPU,RAM,NetworkR,NetworkW,DiskW,DiskR
8.391091823577880859e-01,8.406210541725158691e-01,1.000000000000000000e+00,1.937919408082962036e-01,1.965688616037368774e-01,1.978532075881958008e-01
8.003642559051513672e-01,1.000000000000000000e+00,1.000000000000000000e+00,1.595635563135147095e-01,1.926161050796508789e-01,1.612708717584609985e-01
8.010835647583007812e-01,1.000000000000000000e+00,1.000000000000000000e+00,1.309625059366226196e-01,1.736244708299636841e-01,1.669793128967285156e-01
8.005242347717285156e-01,1.000000000000000000e+00,1.000000000000000000e+00,1.163343265652656555e-01,8.136619627475738525e-02,1.421689540147781372e-01
8.001881241798400879e-01,9.609033465385437012e-01,1.000000000000000000e+00,8.467853814363479614e-02,0.000000000000000000e+00,7.798740174621343613e-03
8.021939396858215332e-01,9.809116721153259277e-01,1.000000000000000000e+00,0.000000000000000000e+00,0.000000000000000000e+00,0.000000000000000000e+00
8.020510077476501465e-01,1.000000000000000000e+00,1.000000000000000000e+00,0.000000000000000000e+00,0.000000000000000000e+00,0.000000000000000000e+00
8.031392693519592285e-01,9.549299478530883789e-01,1.000000000000000000e+00,0.000000000000000000e+00,0.000000000000000000e+00,3.087390027940273285e-02
8.562545776367187500e-01,1.000000000000000000e+00,1.000000000000000000e+00,0.000000000000000000e+00,0.000000000000000000e+00,0.000000000000000000e+00
1.000000000000000000e+00,1.000000000000000000e+00,8.062793612480163574e-01,0.000000000000000000e+00,0.000000000000000000e+00,0.000000000000000000e+00
