# CPU,RAM,NetworkR,NetworkW,DiskW,DiskR
8.391576409339904785e-01,8.408031463623046875e-01,1.000000000000000000e+00,1.937931030988693237e-01,1.965644061565399170e-01,1.978559643030166626e-01
8.013371825218200684e-01,8.210070729255676270e-01,1.000000000000000000e+00,1.763195544481277466e-01,1.969346553087234497e-01,1.934641003608703613e-01
8.036779761314392090e-01,9.525563120841979980e-01,1.000000000000000000e+00,1.300445944070816040e-01,1.840297728776931763e-01,1.817925721406936646e-01
8.037256002426147461e-01,8.828179240226745605e-01,1.000000000000000000e+00,1.339289695024490356e-01,1.635158061981201172e-01,1.804511696100234985e-01
8.116359114646911621e-01,9.483083486557006836e-01,1.000000000000000000e+00,2.189699932932853699e-02,0.000000000000000000e+00,1.062782034277915955e-01
8.432736396789550781e-01,9.819157123565673828e-01,1.000000000000000000e+00,0.000000000000000000e+00,0.000000000000000000e+00,8.976200222969055176e-02
8.990266919136047363e-01,1.000000000000000000e+00,1.000000000000000000e+00,0.000000000000000000e+00,0.000000000000000000e+00,7.852912694215774536e-02
1.000000000000000000e+00,1.000000000000000000e+00,9.122808575630187988e-01,0.000000000000000000e+00,0.000000000000000000e+00,0.000000000000000000e+00
8.198053240776062012e-01,8.179764747619628906e-01,8.633714914321899414e-01,0.000000000000000000e+00,0.000000000000000000e+00,0.000000000000000000e+00
1.000000000000000000e+00,9.008669257164001465e-01,8.024479150772094727e-01,0.000000000000000000e+00,0.000000000000000000e+00,0.000000000000000000e+00
