# CPU,RAM,NetworkR,NetworkW,DiskW,DiskR
8.391088843345642090e-01,8.406584858894348145e-01,1.000000000000000000e+00,1.937938481569290161e-01,1.965685635805130005e-01,1.978543549776077271e-01
8.008558154106140137e-01,9.328381419181823730e-01,1.000000000000000000e+00,1.625466942787170410e-01,1.953928619623184204e-01,1.863329559564590454e-01
8.033874630928039551e-01,8.434203267097473145e-01,1.000000000000000000e+00,1.621776968240737915e-01,1.930906176567077637e-01,1.923229992389678955e-01
8.083073496818542480e-01,9.553207755088806152e-01,1.000000000000000000e+00,1.074928045272827148e-01,1.634427458047866821e-01,1.752834469079971313e-01
8.696195483207702637e-01,1.000000000000000000e+00,1.000000000000000000e+00,0.000000000000000000e+00,1.641716063022613525e-02,1.215624287724494934e-01
9.690210819244384766e-01,1.000000000000000000e+00,1.000000000000000000e+00,0.000000000000000000e+00,0.000000000000000000e+00,9.880699962377548218e-02
8.080658316612243652e-01,1.000000000000000000e+00,1.000000000000000000e+00,0.000000000000000000e+00,0.000000000000000000e+00,1.201212406158447266e-03
1.000000000000000000e+00,1.000000000000000000e+00,9.396881461143493652e-01,0.000000000000000000e+00,0.000000000000000000e+00,0.000000000000000000e+00
8.058524727821350098e-01,8.048721551895141602e-01,8.781279921531677246e-01,0.000000000000000000e+00,0.000000000000000000e+00,0.000000000000000000e+00
9.140331149101257324e-01,8.103203177452087402e-01,8.053323030471801758e-01,0.000000000000000000e+00,0.000000000000000000e+00,0.000000000000000000e+00
