# CPU,RAM,NetworkR,NetworkW,DiskW,DiskR
8.390513062477111816e-01,8.407980799674987793e-01,1.000000000000000000e+00,1.937942057847976685e-01,1.965644061565399170e-01,1.978560984134674072e-01
8.014034628868103027e-01,8.148742318153381348e-01,1.000000000000000000e+00,1.788231134414672852e-01,1.970486938953399658e-01,1.941190510988235474e-01
8.033693432807922363e-01,1.000000000000000000e+00,1.000000000000000000e+00,1.188807636499404907e-01,1.767276525497436523e-01,1.750992685556411743e-01
8.035210371017456055e-01,8.782888650894165039e-01,1.000000000000000000e+00,1.336103081703186035e-01,1.574263721704483032e-01,1.788176000118255615e-01
8.017841577529907227e-01,9.096387028694152832e-01,1.000000000000000000e+00,5.938019976019859314e-02,0.000000000000000000e+00,8.490563929080963135e-02
8.197655081748962402e-01,9.583976268768310547e-01,1.000000000000000000e+00,0.000000000000000000e+00,0.000000000000000000e+00,4.309231042861938477e-02
8.463368415832519531e-01,9.552483558654785156e-01,1.000000000000000000e+00,0.000000000000000000e+00,0.000000000000000000e+00,2.731044031679630280e-02
8.602682352066040039e-01,1.000000000000000000e+00,1.000000000000000000e+00,0.000000000000000000e+00,0.000000000000000000e+00,3.441470861434936523e-02
8.736197352409362793e-01,8.854447603225708008e-01,1.000000000000000000e+00,0.000000000000000000e+00,0.000000000000000000e+00,5.857665836811065674e-02
1.000000000000000000e+00,1.000000000000000000e+00,8.036860823631286621e-01,0.000000000000000000e+00,0.000000000000000000e+00,0.000000000000000000e+00
