# CPU,RAM,NetworkR,NetworkW,DiskW,DiskR
8.390424847602844238e-01,8.407590985298156738e-01,1.000000000000000000e+00,1.937949061393737793e-01,1.965657621622085571e-01,1.978558450937271118e-01
8.014290928840637207e-01,8.163875937461853027e-01,1.000000000000000000e+00,1.780197024345397949e-01,1.970213949680328369e-01,1.939337402582168579e-01
8.103451728820800781e-01,1.000000000000000000e+00,1.000000000000000000e+00,1.016339063644409180e-01,1.743858605623245239e-01,1.742887049913406372e-01
9.005584716796875000e-01,1.000000000000000000e+00,1.000000000000000000e+00,3.326715156435966492e-02,1.018157005310058594e-01,1.533440500497817993e-01
9.367702007293701172e-01,1.000000000000000000e+00,1.000000000000000000e+00,0.000000000000000000e+00,0.000000000000000000e+00,1.110603287816047668e-01
8.390622138977050781e-01,1.000000000000000000e+00,1.000000000000000000e+00,0.000000000000000000e+00,0.000000000000000000e+00,7.447624951601028442e-02
8.019102215766906738e-01,1.000000000000000000e+00,1.000000000000000000e+00,0.000000000000000000e+00,0.000000000000000000e+00,0.000000000000000000e+00
1.000000000000000000e+00,1.000000000000000000e+00,9.994644522666931152e-01,0.000000000000000000e+00,0.000000000000000000e+00,1.135267037898302078e-02
8.007889389991760254e-01,8.117879033088684082e-01,8.606426119804382324e-01,0.000000000000000000e+00,0.000000000000000000e+00,0.000000000000000000e+00
8.869092464447021484e-01,8.341386914253234863e-01,8.036715388298034668e-01,0.000000000000000000e+00,0.000000000000000000e+00,0.000000000000000000e+00
