# CPU,RAM,NetworkR,NetworkW,DiskW,DiskR
8.390137553215026855e-01,8.405718803405761719e-01,1.000000000000000000e+00,1.937939673662185669e-01,1.965705156326293945e-01,1.978531628847122192e-01
8.014652729034423828e-01,8.251709938049316406e-01,1.000000000000000000e+00,1.744935661554336548e-01,1.968843489885330200e-01,1.930901557207107544e-01
8.066478371620178223e-01,1.000000000000000000e+00,1.000000000000000000e+00,1.124245002865791321e-01,1.782678067684173584e-01,1.781893521547317505e-01
8.051198124885559082e-01,8.779555559158325195e-01,1.000000000000000000e+00,1.368557363748550415e-01,1.688151061534881592e-01,1.833832412958145142e-01
8.014962077140808105e-01,9.027653932571411133e-01,1.000000000000000000e+00,7.976289838552474976e-02,0.000000000000000000e+00,1.146439984440803528e-01
8.098774552345275879e-01,9.045999646186828613e-01,1.000000000000000000e+00,0.000000000000000000e+00,0.000000000000000000e+00,5.418249964714050293e-02
8.413628935813903809e-01,9.562748670578002930e-01,1.000000000000000000e+00,0.000000000000000000e+00,0.000000000000000000e+00,2.995730005204677582e-02
8.649215102195739746e-01,1.000000000000000000e+00,1.000000000000000000e+00,0.000000000000000000e+00,0.000000000000000000e+00,6.481707096099853516e-03
8.602216243743896484e-01,8.657429218292236328e-01,1.000000000000000000e+00,0.000000000000000000e+00,0.000000000000000000e+00,6.038900092244148254e-02
1.000000000000000000e+00,1.000000000000000000e+00,8.040211796760559082e-01,0.000000000000000000e+00,0.000000000000000000e+00,0.000000000000000000e+00
