# CPU,RAM,NetworkR,NetworkW,DiskW,DiskR
8.390863537788391113e-01,8.405343294143676758e-01,1.000000000000000000e+00,1.937925964593887329e-01,1.965714991092681885e-01,1.978524029254913330e-01
8.004935383796691895e-01,9.997608661651611328e-01,1.000000000000000000e+00,1.602556109428405762e-01,1.937255412340164185e-01,1.743488460779190063e-01
8.022395372390747070e-01,9.236548542976379395e-01,1.000000000000000000e+00,1.447726041078567505e-01,1.867422610521316528e-01,1.837601959705352783e-01
8.010495305061340332e-01,9.758401513099670410e-01,1.000000000000000000e+00,1.208283379673957825e-01,1.269420981407165527e-01,1.632503420114517212e-01
8.003232479095458984e-01,9.246740341186523438e-01,1.000000000000000000e+00,8.730179816484451294e-02,0.000000000000000000e+00,6.136739999055862427e-02
8.038530945777893066e-01,9.689543247222900391e-01,1.000000000000000000e+00,0.000000000000000000e+00,0.000000000000000000e+00,2.141816914081573486e-02
8.033200502395629883e-01,9.606554508209228516e-01,1.000000000000000000e+00,0.000000000000000000e+00,0.000000000000000000e+00,3.157009929418563843e-02
8.030182719230651855e-01,9.470086693763732910e-01,1.000000000000000000e+00,0.000000000000000000e+00,0.000000000000000000e+00,3.487766906619071960e-02
8.394104242324829102e-01,1.000000000000000000e+00,1.000000000000000000e+00,0.000000000000000000e+00,0.000000000000000000e+00,0.000000000000000000e+00
1.000000000000000000e+00,1.000000000000000000e+00,8.061147928237915039e-01,0.000000000000000000e+00,0.000000000000000000e+00,0.000000000000000000e+00
