# CPU,RAM,NetworkR,NetworkW,DiskW,DiskR
8.391526937484741211e-01,8.408126831054687500e-01,1.000000000000000000e+00,1.937936693429946899e-01,1.965643167495727539e-01,1.978562623262405396e-01
8.006737828254699707e-01,1.000000000000000000e+00,1.000000000000000000e+00,1.585388928651809692e-01,1.940503120422363281e-01,1.798703074455261230e-01
8.040801286697387695e-01,8.376194834709167480e-01,1.000000000000000000e+00,1.636115461587905884e-01,1.934350132942199707e-01,1.924784928560256958e-01
8.012894392013549805e-01,8.851750493049621582e-01,1.000000000000000000e+00,1.390874981880187988e-01,1.626226454973220825e-01,1.789221167564392090e-01
8.009550571441650391e-01,8.654149174690246582e-01,1.000000000000000000e+00,9.371645003557205200e-02,0.000000000000000000e+00,1.216394007205963135e-01
8.183968067169189453e-01,8.638657927513122559e-01,1.000000000000000000e+00,0.000000000000000000e+00,0.000000000000000000e+00,8.537250757217407227e-02
9.389501214027404785e-01,9.991716742515563965e-01,1.000000000000000000e+00,0.000000000000000000e+00,0.000000000000000000e+00,1.074033528566360474e-01
1.000000000000000000e+00,1.000000000000000000e+00,9.221779108047485352e-01,0.000000000000000000e+00,0.000000000000000000e+00,0.000000000000000000e+00
8.028860092163085938e-01,8.037421107292175293e-01,8.418436646461486816e-01,0.000000000000000000e+00,0.000000000000000000e+00,0.000000000000000000e+00
1.000000000000000000e+00,8.466487526893615723e-01,8.016009926795959473e-01,0.000000000000000000e+00,0.000000000000000000e+00,0.000000000000000000e+00
