# CPU,RAM,NetworkR,NetworkW,DiskW,DiskR
8.389765620231628418e-01,8.406773805618286133e-01,1.000000000000000000e+00,1.937935054302215576e-01,1.965671032667160034e-01,1.978542059659957886e-01
8.011410832405090332e-01,8.476350903511047363e-01,1.000000000000000000e+00,1.700448542833328247e-01,1.964816600084304810e-01,1.912741959095001221e-01
8.023147583007812500e-01,8.695235848426818848e-01,1.000000000000000000e+00,1.542220115661621094e-01,1.905332356691360474e-01,1.895098090171813965e-01
8.021267652511596680e-01,9.181144237518310547e-01,1.000000000000000000e+00,1.245670020580291748e-01,1.496733427047729492e-01,1.732141524553298950e-01
8.011481165885925293e-01,9.054562449455261230e-01,1.000000000000000000e+00,6.624259799718856812e-02,0.000000000000000000e+00,8.586940169334411621e-02
8.149652481079101562e-01,9.811792373657226562e-01,1.000000000000000000e+00,0.000000000000000000e+00,0.000000000000000000e+00,3.060664050281047821e-02
8.148874044418334961e-01,9.335828423500061035e-01,1.000000000000000000e+00,0.000000000000000000e+00,0.000000000000000000e+00,1.756365038454532623e-02
8.072090744972229004e-01,9.232818484306335449e-01,1.000000000000000000e+00,0.000000000000000000e+00,0.000000000000000000e+00,3.202003985643386841e-02
8.330453038215637207e-01,9.340027570724487305e-01,1.000000000000000000e+00,0.000000000000000000e+00,0.000000000000000000e+00,5.094800144433975220e-03
1.000000000000000000e+00,1.000000000000000000e+00,8.050863742828369141e-01,0.000000000000000000e+00,0.000000000000000000e+00,0.000000000000000000e+00
