# CPU,RAM,NetworkR,NetworkW,DiskW,DiskR
8.391652703285217285e-01,8.406113982200622559e-01,1.000000000000000000e+00,1.937928944826126099e-01,1.965699046850204468e-01,1.978535950183868408e-01
8.001992106437683105e-01,1.000000000000000000e+00,1.000000000000000000e+00,1.520759612321853638e-01,1.848949044942855835e-01,5.918056890368461609e-02
8.018897175788879395e-01,1.000000000000000000e+00,1.000000000000000000e+00,1.259597688913345337e-01,1.740456968545913696e-01,1.529897600412368774e-01
8.007099628448486328e-01,1.000000000000000000e+00,1.000000000000000000e+00,1.129039600491523743e-01,9.051336348056793213e-02,1.400098353624343872e-01
8.002475500106811523e-01,9.767480492591857910e-01,1.000000000000000000e+00,8.099660277366638184e-02,0.000000000000000000e+00,1.450520753860473633e-02
8.028956651687622070e-01,1.000000000000000000e+00,1.000000000000000000e+00,0.000000000000000000e+00,0.000000000000000000e+00,0.000000000000000000e+00
8.021032810211181641e-01,1.000000000000000000e+00,1.000000000000000000e+00,0.000000000000000000e+00,0.000000000000000000e+00,0.000000000000000000e+00
8.030220270156860352e-01,9.734949469566345215e-01,1.000000000000000000e+00,0.000000000000000000e+00,0.000000000000000000e+00,0.000000000000000000e+00
8.481564521789550781e-01,1.000000000000000000e+00,9.913592338562011719e-01,0.000000000000000000e+00,0.000000000000000000e+00,0.000000000000000000e+00
1.000000000000000000e+00,1.000000000000000000e+00,8.071962594985961914e-01,0.000000000000000000e+00,0.000000000000000000e+00,0.000000000000000000e+00
