# CPU,RAM,NetworkR,NetworkW,DiskW,DiskR
8.391392827033996582e-01,8.408072590827941895e-01,1.000000000000000000e+00,1.937940120697021484e-01,1.965645700693130493e-01,1.978563070297241211e-01
8.011181950569152832e-01,8.823832869529724121e-01,1.000000000000000000e+00,1.655260026454925537e-01,1.960989385843276978e-01,1.896187961101531982e-01
8.031694293022155762e-01,8.878723978996276855e-01,1.000000000000000000e+00,1.500685065984725952e-01,1.902826428413391113e-01,1.892868429422378540e-01
8.020333647727966309e-01,8.891663551330566406e-01,1.000000000000000000e+00,1.376284509897232056e-01,1.640966683626174927e-01,1.805753111839294434e-01
8.008318543434143066e-01,8.943744897842407227e-01,1.000000000000000000e+00,8.241695910692214966e-02,0.000000000000000000e+00,1.021558046340942383e-01
8.086294531822204590e-01,9.138199687004089355e-01,1.000000000000000000e+00,0.000000000000000000e+00,0.000000000000000000e+00,3.669466078281402588e-02
8.142213225364685059e-01,9.218069911003112793e-01,1.000000000000000000e+00,0.000000000000000000e+00,0.000000000000000000e+00,1.459589973092079163e-02
8.118366003036499023e-01,9.300990104675292969e-01,1.000000000000000000e+00,0.000000000000000000e+00,0.000000000000000000e+00,3.403991460800170898e-02
8.422790765762329102e-01,9.239358305931091309e-01,1.000000000000000000e+00,0.000000000000000000e+00,0.000000000000000000e+00,1.824779994785785675e-02
1.000000000000000000e+00,1.000000000000000000e+00,8.048629164695739746e-01,0.000000000000000000e+00,0.000000000000000000e+00,0.000000000000000000e+00
