# CPU,RAM,NetworkR,NetworkW,DiskW,DiskR
8.391021490097045898e-01,8.407668471336364746e-01,1.000000000000000000e+00,1.937937140464782715e-01,1.965654045343399048e-01,1.978556066751480103e-01
8.005931973457336426e-01,1.000000000000000000e+00,1.000000000000000000e+00,1.591694951057434082e-01,1.939262151718139648e-01,1.779316067695617676e-01
8.027850389480590820e-01,8.510519862174987793e-01,1.000000000000000000e+00,1.605557054281234741e-01,1.921035051345825195e-01,1.907837986946105957e-01
8.010606169700622559e-01,8.918796181678771973e-01,1.000000000000000000e+00,1.390375643968582153e-01,1.576978713274002075e-01,1.769556552171707153e-01
8.004608750343322754e-01,8.746867775917053223e-01,1.000000000000000000e+00,9.719800949096679688e-02,0.000000000000000000e+00,1.009778007864952087e-01
8.069987297058105469e-01,8.988254666328430176e-01,1.000000000000000000e+00,0.000000000000000000e+00,0.000000000000000000e+00,4.424750804901123047e-02
8.075845837593078613e-01,9.213367700576782227e-01,1.000000000000000000e+00,0.000000000000000000e+00,0.000000000000000000e+00,3.186966106295585632e-02
8.045441508293151855e-01,9.325783848762512207e-01,1.000000000000000000e+00,0.000000000000000000e+00,0.000000000000000000e+00,2.719271183013916016e-02
8.262608647346496582e-01,9.505613446235656738e-01,1.000000000000000000e+00,0.000000000000000000e+00,0.000000000000000000e+00,0.000000000000000000e+00
1.000000000000000000e+00,1.000000000000000000e+00,8.054999113082885742e-01,0.000000000000000000e+00,0.000000000000000000e+00,0.000000000000000000e+00
