# CPU,RAM,NetworkR,NetworkW,DiskW,DiskR
8.000000119209289551e-01,8.999999761581420898e-01,1.000000000000000000e+00,2.000000029802322388e-01,2.000000029802322388e-01,2.000000029802322388e-01
8.000000119209289551e-01,1.000000000000000000e+00,1.000000000000000000e+00,1.541649997234344482e-01,1.886301785707473755e-01,1.854155659675598145e-01
8.000000119209289551e-01,1.000000000000000000e+00,1.000000000000000000e+00,1.360701471567153931e-01,1.452676206827163696e-01,1.854155659675598145e-01
8.000000119209289551e-01,1.000000000000000000e+00,1.000000000000000000e+00,7.086488604545593262e-02,1.154520735144615173e-01,1.854155659675598145e-01
8.000000119209289551e-01,1.000000000000000000e+00,1.000000000000000000e+00,2.933439612388610840e-02,0.000000000000000000e+00,5.630028247833251953e-02
8.493826985359191895e-01,1.000000000000000000e+00,1.000000000000000000e+00,0.000000000000000000e+00,0.000000000000000000e+00,4.943699762225151062e-02
8.000000119209289551e-01,1.000000000000000000e+00,1.000000000000000000e+00,0.000000000000000000e+00,0.000000000000000000e+00,1.319034863263368607e-02
1.000000000000000000e+00,1.000000000000000000e+00,1.000000000000000000e+00,0.000000000000000000e+00,0.000000000000000000e+00,0.000000000000000000e+00
8.000000119209289551e-01,8.000000119209289551e-01,8.975609540939331055e-01,0.000000000000000000e+00,0.000000000000000000e+00,0.000000000000000000e+00
8.864197731018066406e-01,8.000000119209289551e-01,8.000000119209289551e-01,0.000000000000000000e+00,0.000000000000000000e+00,0.000000000000000000e+00
