# CPU,RAM,NetworkR,NetworkW,DiskW,DiskR
8.389323353767395020e-01,8.406999111175537109e-01,1.000000000000000000e+00,1.937956064939498901e-01,1.965671032667160034e-01,1.978551149368286133e-01
8.012497425079345703e-01,8.546786904335021973e-01,1.000000000000000000e+00,1.685054451227188110e-01,1.964343935251235962e-01,1.910445094108581543e-01
8.098715543746948242e-01,1.000000000000000000e+00,1.000000000000000000e+00,1.200660616159439087e-01,1.849932968616485596e-01,1.837030947208404541e-01
8.504799604415893555e-01,1.000000000000000000e+00,1.000000000000000000e+00,6.474819779396057129e-02,1.394058018922805786e-01,1.671218425035476685e-01
8.797675371170043945e-01,1.000000000000000000e+00,1.000000000000000000e+00,0.000000000000000000e+00,9.081849828362464905e-03,1.272787600755691528e-01
8.620454668998718262e-01,1.000000000000000000e+00,1.000000000000000000e+00,0.000000000000000000e+00,0.000000000000000000e+00,1.028712987899780273e-01
8.018803000450134277e-01,1.000000000000000000e+00,1.000000000000000000e+00,0.000000000000000000e+00,0.000000000000000000e+00,9.505701065063476562e-02
1.000000000000000000e+00,1.000000000000000000e+00,1.000000000000000000e+00,0.000000000000000000e+00,0.000000000000000000e+00,0.000000000000000000e+00
8.027583360671997070e-01,8.093925118446350098e-01,8.815212249755859375e-01,0.000000000000000000e+00,0.000000000000000000e+00,0.000000000000000000e+00
8.996844291687011719e-01,8.205039501190185547e-01,8.041824698448181152e-01,0.000000000000000000e+00,0.000000000000000000e+00,0.000000000000000000e+00
