# CPU,RAM,NetworkR,NetworkW,DiskW,DiskR
8.390357494354248047e-01,8.405765295028686523e-01,1.000000000000000000e+00,1.937943100929260254e-01,1.965706944465637207e-01,1.978534013032913208e-01
8.003380298614501953e-01,1.000000000000000000e+00,1.000000000000000000e+00,1.543301939964294434e-01,1.897274404764175415e-01,1.417106539011001587e-01
8.016011714935302734e-01,9.825344681739807129e-01,1.000000000000000000e+00,1.358730942010879517e-01,1.783893108367919922e-01,1.716724932193756104e-01
8.003495335578918457e-01,1.000000000000000000e+00,1.000000000000000000e+00,1.202458962798118591e-01,8.280289918184280396e-02,1.386975049972534180e-01
8.001411557197570801e-01,9.706947207450866699e-01,1.000000000000000000e+00,9.063509851694107056e-02,0.000000000000000000e+00,1.576800015754997730e-03
8.014327883720397949e-01,9.863770008087158203e-01,1.000000000000000000e+00,0.000000000000000000e+00,0.000000000000000000e+00,0.000000000000000000e+00
8.016038537025451660e-01,1.000000000000000000e+00,1.000000000000000000e+00,0.000000000000000000e+00,0.000000000000000000e+00,0.000000000000000000e+00
8.029736876487731934e-01,9.787157177925109863e-01,1.000000000000000000e+00,0.000000000000000000e+00,0.000000000000000000e+00,0.000000000000000000e+00
8.653576970100402832e-01,1.000000000000000000e+00,1.000000000000000000e+00,0.000000000000000000e+00,0.000000000000000000e+00,9.586300002411007881e-04
1.000000000000000000e+00,1.000000000000000000e+00,8.065347075462341309e-01,0.000000000000000000e+00,0.000000000000000000e+00,0.000000000000000000e+00
