# CPU,RAM,NetworkR,NetworkW,DiskW,DiskR
8.389749526977539062e-01,8.406888842582702637e-01,1.000000000000000000e+00,1.937949955463409424e-01,1.965673714876174927e-01,1.978549063205718994e-01
8.008493185043334961e-01,9.595333933830261230e-01,1.000000000000000000e+00,1.611629128456115723e-01,1.951535046100616455e-01,1.854311227798461914e-01
8.030158281326293945e-01,8.628023266792297363e-01,1.000000000000000000e+00,1.573775559663772583e-01,1.917730718851089478e-01,1.909286975860595703e-01
8.016510605812072754e-01,9.007610082626342773e-01,1.000000000000000000e+00,1.350199729204177856e-01,1.610690951347351074e-01,1.784453988075256348e-01
8.006025552749633789e-01,8.938075304031372070e-01,1.000000000000000000e+00,8.780640363693237305e-02,0.000000000000000000e+00,9.964472800493240356e-02
8.068352341651916504e-01,9.209088087081909180e-01,1.000000000000000000e+00,0.000000000000000000e+00,0.000000000000000000e+00,3.548002988100051880e-02
8.088722825050354004e-01,9.273540377616882324e-01,1.000000000000000000e+00,0.000000000000000000e+00,0.000000000000000000e+00,2.061510086059570312e-02
8.062726855278015137e-01,9.279791712760925293e-01,1.000000000000000000e+00,0.000000000000000000e+00,0.000000000000000000e+00,3.540420532226562500e-02
8.410278558731079102e-01,9.515544772148132324e-01,1.000000000000000000e+00,0.000000000000000000e+00,0.000000000000000000e+00,1.251900196075439453e-02
1.000000000000000000e+00,1.000000000000000000e+00,8.053410053253173828e-01,0.000000000000000000e+00,0.000000000000000000e+00,0.000000000000000000e+00
