# CPU,RAM,NetworkR,NetworkW,DiskW,DiskR
8.391501903533935547e-01,8.406035900115966797e-01,1.000000000000000000e+00,1.937925070524215698e-01,1.965698003768920898e-01,1.978532969951629639e-01
8.004223108291625977e-01,9.725509285926818848e-01,1.000000000000000000e+00,1.618605405092239380e-01,1.937838941812515259e-01,1.720217615365982056e-01
8.018052577972412109e-01,9.590333104133605957e-01,1.000000000000000000e+00,1.403111070394515991e-01,1.844599395990371704e-01,1.800144016742706299e-01
8.011764287948608398e-01,9.805822372436523438e-01,1.000000000000000000e+00,1.190508008003234863e-01,1.252890974283218384e-01,1.622052341699600220e-01
8.003638386726379395e-01,9.312164187431335449e-01,1.000000000000000000e+00,8.482296019792556763e-02,0.000000000000000000e+00,6.389725953340530396e-02
8.038582801818847656e-01,9.983401894569396973e-01,1.000000000000000000e+00,0.000000000000000000e+00,0.000000000000000000e+00,3.350349888205528259e-02
8.034425377845764160e-01,9.569438695907592773e-01,1.000000000000000000e+00,0.000000000000000000e+00,0.000000000000000000e+00,4.701310396194458008e-02
8.031622171401977539e-01,9.503009915351867676e-01,1.000000000000000000e+00,0.000000000000000000e+00,0.000000000000000000e+00,3.332730010151863098e-02
8.373845219612121582e-01,1.000000000000000000e+00,1.000000000000000000e+00,0.000000000000000000e+00,0.000000000000000000e+00,0.000000000000000000e+00
1.000000000000000000e+00,1.000000000000000000e+00,8.062235713005065918e-01,0.000000000000000000e+00,0.000000000000000000e+00,0.000000000000000000e+00
