# CPU,RAM,NetworkR,NetworkW,DiskW,DiskR
8.390600085258483887e-01,8.408442139625549316e-01,1.000000000000000000e+00,1.937950998544692993e-01,1.965634971857070923e-01,1.978570073843002319e-01
8.014163970947265625e-01,8.149037361145019531e-01,1.000000000000000000e+00,1.787684708833694458e-01,1.970423012971878052e-01,1.940998584032058716e-01
8.063811659812927246e-01,1.000000000000000000e+00,1.000000000000000000e+00,8.893782645463943481e-02,1.506304144859313965e-01,1.614880710840225220e-01
8.512043356895446777e-01,1.000000000000000000e+00,1.000000000000000000e+00,5.852914974093437195e-02,1.214774399995803833e-01,1.583317667245864868e-01
8.756611347198486328e-01,1.000000000000000000e+00,1.000000000000000000e+00,0.000000000000000000e+00,0.000000000000000000e+00,1.127220019698143005e-01
8.250815868377685547e-01,1.000000000000000000e+00,1.000000000000000000e+00,0.000000000000000000e+00,0.000000000000000000e+00,6.427974998950958252e-02
8.026760816574096680e-01,1.000000000000000000e+00,1.000000000000000000e+00,0.000000000000000000e+00,0.000000000000000000e+00,0.000000000000000000e+00
1.000000000000000000e+00,1.000000000000000000e+00,9.988551139831542969e-01,0.000000000000000000e+00,0.000000000000000000e+00,0.000000000000000000e+00
8.023070096969604492e-01,8.050417304039001465e-01,9.038158059120178223e-01,0.000000000000000000e+00,0.000000000000000000e+00,0.000000000000000000e+00
1.000000000000000000e+00,8.483973741531372070e-01,8.021054267883300781e-01,0.000000000000000000e+00,0.000000000000000000e+00,0.000000000000000000e+00
