# CPU,RAM,NetworkR,NetworkW,DiskW,DiskR
8.390238285064697266e-01,8.408001661300659180e-01,1.000000000000000000e+00,1.937949955463409424e-01,1.965644508600234985e-01,1.978562623262405396e-01
8.014483451843261719e-01,8.171353340148925781e-01,1.000000000000000000e+00,1.776176989078521729e-01,1.970022022724151611e-01,1.938340067863464355e-01
8.043923974037170410e-01,1.000000000000000000e+00,1.000000000000000000e+00,8.478654921054840088e-02,1.304289102554321289e-01,1.536649018526077271e-01
8.652183413505554199e-01,1.000000000000000000e+00,1.000000000000000000e+00,7.955861091613769531e-02,1.494820117950439453e-01,1.697783023118972778e-01
9.051532745361328125e-01,1.000000000000000000e+00,1.000000000000000000e+00,0.000000000000000000e+00,0.000000000000000000e+00,1.157438158988952637e-01
8.502493500709533691e-01,1.000000000000000000e+00,1.000000000000000000e+00,0.000000000000000000e+00,0.000000000000000000e+00,9.887625277042388916e-02
8.040356040000915527e-01,1.000000000000000000e+00,1.000000000000000000e+00,0.000000000000000000e+00,0.000000000000000000e+00,9.075909852981567383e-02
1.000000000000000000e+00,1.000000000000000000e+00,1.000000000000000000e+00,0.000000000000000000e+00,0.000000000000000000e+00,7.948345690965652466e-02
8.011602759361267090e-01,8.119691014289855957e-01,8.625631332397460938e-01,0.000000000000000000e+00,0.000000000000000000e+00,0.000000000000000000e+00
8.636928796768188477e-01,8.187161087989807129e-01,8.049646615982055664e-01,0.000000000000000000e+00,0.000000000000000000e+00,0.000000000000000000e+00
