# CPU,RAM,NetworkR,NetworkW,DiskW,DiskR
8.390421867370605469e-01,8.405937552452087402e-01,1.000000000000000000e+00,1.937928348779678345e-01,1.965696066617965698e-01,1.978530436754226685e-01
8.008686304092407227e-01,8.894643187522888184e-01,1.000000000000000000e+00,1.656969338655471802e-01,1.958280056715011597e-01,1.881449371576309204e-01
8.020956516265869141e-01,8.997974395751953125e-01,1.000000000000000000e+00,1.500149071216583252e-01,1.889532059431076050e-01,1.878529042005538940e-01
8.018497824668884277e-01,9.503840208053588867e-01,1.000000000000000000e+00,1.210702061653137207e-01,1.432836949825286865e-01,1.704453974962234497e-01
8.006698489189147949e-01,9.172857403755187988e-01,1.000000000000000000e+00,7.700920104980468750e-02,0.000000000000000000e+00,8.291149884462356567e-02
8.059357404708862305e-01,9.903606176376342773e-01,1.000000000000000000e+00,0.000000000000000000e+00,0.000000000000000000e+00,3.142023831605911255e-02
8.047134280204772949e-01,9.478684663772583008e-01,1.000000000000000000e+00,0.000000000000000000e+00,0.000000000000000000e+00,3.044809959828853607e-02
8.026990890502929688e-01,9.344408512115478516e-01,1.000000000000000000e+00,0.000000000000000000e+00,0.000000000000000000e+00,2.964109927415847778e-02
8.301892280578613281e-01,1.000000000000000000e+00,1.000000000000000000e+00,0.000000000000000000e+00,0.000000000000000000e+00,0.000000000000000000e+00
1.000000000000000000e+00,1.000000000000000000e+00,8.062838912010192871e-01,0.000000000000000000e+00,0.000000000000000000e+00,0.000000000000000000e+00
