# CPU,RAM,NetworkR,NetworkW,DiskW,DiskR
8.390101194381713867e-01,8.408711552619934082e-01,1.000000000000000000e+00,1.937961727380752563e-01,1.965628415346145630e-01,1.978576034307479858e-01
8.013703823089599609e-01,8.232479095458984375e-01,1.000000000000000000e+00,1.753664016723632812e-01,1.968749165534973145e-01,1.931895017623901367e-01
8.112615346908569336e-01,1.000000000000000000e+00,1.000000000000000000e+00,1.099134981632232666e-01,1.810051351785659790e-01,1.793711334466934204e-01
8.628997206687927246e-01,1.000000000000000000e+00,1.000000000000000000e+00,1.424151659011840820e-02,3.564419969916343689e-02,1.366263926029205322e-01
8.903633952140808105e-01,1.000000000000000000e+00,1.000000000000000000e+00,0.000000000000000000e+00,0.000000000000000000e+00,1.020411029458045959e-01
8.150013089179992676e-01,1.000000000000000000e+00,1.000000000000000000e+00,0.000000000000000000e+00,0.000000000000000000e+00,2.837240695953369141e-02
8.010696768760681152e-01,1.000000000000000000e+00,1.000000000000000000e+00,0.000000000000000000e+00,0.000000000000000000e+00,2.678144909441471100e-02
1.000000000000000000e+00,1.000000000000000000e+00,1.000000000000000000e+00,0.000000000000000000e+00,0.000000000000000000e+00,0.000000000000000000e+00
8.015013337135314941e-01,8.048059940338134766e-01,9.345493316650390625e-01,0.000000000000000000e+00,0.000000000000000000e+00,0.000000000000000000e+00
1.000000000000000000e+00,8.442731499671936035e-01,8.024504184722900391e-01,0.000000000000000000e+00,0.000000000000000000e+00,0.000000000000000000e+00
