# CPU,RAM,NetworkR,NetworkW,DiskW,DiskR
8.391741514205932617e-01,8.401213288307189941e-01,1.000000000000000000e+00,1.937812715768814087e-01,1.965790539979934692e-01,1.978433132171630859e-01
8.001531958580017090e-01,1.000000000000000000e+00,1.000000000000000000e+00,1.493235975503921509e-01,1.798034012317657471e-01,0.000000000000000000e+00
8.003291487693786621e-01,1.000000000000000000e+00,1.000000000000000000e+00,1.039944365620613098e-01,1.095577031373977661e-01,0.000000000000000000e+00
8.001444339752197266e-01,1.000000000000000000e+00,1.000000000000000000e+00,9.521736204624176025e-02,0.000000000000000000e+00,0.000000000000000000e+00
8.001621961593627930e-01,1.000000000000000000e+00,1.000000000000000000e+00,4.276897013187408447e-02,0.000000000000000000e+00,0.000000000000000000e+00
8.010891079902648926e-01,1.000000000000000000e+00,1.000000000000000000e+00,0.000000000000000000e+00,0.000000000000000000e+00,0.000000000000000000e+00
8.015445470809936523e-01,9.960271716117858887e-01,1.000000000000000000e+00,0.000000000000000000e+00,0.000000000000000000e+00,0.000000000000000000e+00
8.111110925674438477e-01,9.793504476547241211e-01,1.000000000000000000e+00,0.000000000000000000e+00,0.000000000000000000e+00,4.260550066828727722e-02
1.000000000000000000e+00,1.000000000000000000e+00,1.000000000000000000e+00,0.000000000000000000e+00,0.000000000000000000e+00,9.790886938571929932e-02
1.000000000000000000e+00,1.000000000000000000e+00,8.068664669990539551e-01,0.000000000000000000e+00,0.000000000000000000e+00,0.000000000000000000e+00
