# CPU,RAM,NetworkR,NetworkW,DiskW,DiskR
8.391811251640319824e-01,8.407667279243469238e-01,1.000000000000000000e+00,1.937931030988693237e-01,1.965655982494354248e-01,1.978555470705032349e-01
8.005899786949157715e-01,1.000000000000000000e+00,1.000000000000000000e+00,1.587040573358535767e-01,1.938050538301467896e-01,1.774187982082366943e-01
8.040092587471008301e-01,8.428371548652648926e-01,1.000000000000000000e+00,1.617718935012817383e-01,1.932108998298645020e-01,1.917961984872817993e-01
8.017396926879882812e-01,9.225744605064392090e-01,1.000000000000000000e+00,1.276426464319229126e-01,1.574743986129760742e-01,1.750071048736572266e-01
8.006533980369567871e-01,8.943538069725036621e-01,1.000000000000000000e+00,8.879569917917251587e-02,0.000000000000000000e+00,1.047993376851081848e-01
8.062919378280639648e-01,9.392257928848266602e-01,1.000000000000000000e+00,0.000000000000000000e+00,0.000000000000000000e+00,4.188680648803710938e-02
8.072136044502258301e-01,9.289585351943969727e-01,1.000000000000000000e+00,0.000000000000000000e+00,0.000000000000000000e+00,3.851993009448051453e-02
8.050799965858459473e-01,9.269940257072448730e-01,1.000000000000000000e+00,0.000000000000000000e+00,0.000000000000000000e+00,4.427070170640945435e-02
8.292911648750305176e-01,9.396646022796630859e-01,1.000000000000000000e+00,0.000000000000000000e+00,0.000000000000000000e+00,4.378700105007737875e-04
1.000000000000000000e+00,1.000000000000000000e+00,8.059298396110534668e-01,0.000000000000000000e+00,0.000000000000000000e+00,0.000000000000000000e+00
