# CPU,RAM,NetworkR,NetworkW,DiskW,DiskR
8.390891551971435547e-01,8.408445119857788086e-01,1.000000000000000000e+00,1.937946975231170654e-01,1.965634971857070923e-01,1.978568583726882935e-01
8.012893199920654297e-01,8.405710458755493164e-01,1.000000000000000000e+00,1.709527969360351562e-01,1.966210007667541504e-01,1.918952614068984985e-01
8.096861839294433594e-01,1.000000000000000000e+00,1.000000000000000000e+00,1.170659065246582031e-01,1.835947930812835693e-01,1.823240071535110474e-01
8.400617241859436035e-01,1.000000000000000000e+00,1.000000000000000000e+00,5.088371038436889648e-02,1.110601499676704407e-01,1.574718058109283447e-01
8.435571789741516113e-01,1.000000000000000000e+00,1.000000000000000000e+00,1.508070039562880993e-03,1.378603000193834305e-02,1.260324120521545410e-01
8.257967233657836914e-01,1.000000000000000000e+00,1.000000000000000000e+00,0.000000000000000000e+00,0.000000000000000000e+00,7.701154053211212158e-02
8.030081391334533691e-01,1.000000000000000000e+00,1.000000000000000000e+00,0.000000000000000000e+00,0.000000000000000000e+00,8.546310663223266602e-02
1.000000000000000000e+00,1.000000000000000000e+00,1.000000000000000000e+00,0.000000000000000000e+00,0.000000000000000000e+00,0.000000000000000000e+00
8.019264936447143555e-01,8.042802214622497559e-01,9.021979570388793945e-01,0.000000000000000000e+00,0.000000000000000000e+00,0.000000000000000000e+00
8.923935890197753906e-01,8.128262758255004883e-01,8.059150576591491699e-01,0.000000000000000000e+00,0.000000000000000000e+00,0.000000000000000000e+00
