# CPU,RAM,NetworkR,NetworkW,DiskW,DiskR
8.390538692474365234e-01,8.405210375785827637e-01,1.000000000000000000e+00,1.937926560640335083e-01,1.965716630220413208e-01,1.978521496057510376e-01
8.001563549041748047e-01,1.000000000000000000e+00,1.000000000000000000e+00,1.507971435785293579e-01,1.814359426498413086e-01,0.000000000000000000e+00
8.008568882942199707e-01,1.000000000000000000e+00,1.000000000000000000e+00,1.147717013955116272e-01,1.519187986850738525e-01,1.008656993508338928e-01
8.003197312355041504e-01,1.000000000000000000e+00,1.000000000000000000e+00,1.027325987815856934e-01,1.395799964666366577e-02,7.845959812402725220e-02
8.002300858497619629e-01,1.000000000000000000e+00,1.000000000000000000e+00,5.627420172095298767e-02,0.000000000000000000e+00,0.000000000000000000e+00
8.022873401641845703e-01,1.000000000000000000e+00,1.000000000000000000e+00,0.000000000000000000e+00,0.000000000000000000e+00,0.000000000000000000e+00
8.018121123313903809e-01,1.000000000000000000e+00,1.000000000000000000e+00,0.000000000000000000e+00,0.000000000000000000e+00,0.000000000000000000e+00
8.083526492118835449e-01,1.000000000000000000e+00,1.000000000000000000e+00,0.000000000000000000e+00,0.000000000000000000e+00,4.596900194883346558e-03
9.664849638938903809e-01,1.000000000000000000e+00,9.487977027893066406e-01,0.000000000000000000e+00,0.000000000000000000e+00,0.000000000000000000e+00
1.000000000000000000e+00,1.000000000000000000e+00,8.059046864509582520e-01,0.000000000000000000e+00,0.000000000000000000e+00,0.000000000000000000e+00
