# CPU,RAM,NetworkR,NetworkW,DiskW,DiskR
7.391061186790466309e-01,7.406729459762573242e-01,1.000000000000000000e+00,2.937933206558227539e-01,2.965679168701171875e-01,2.978543639183044434e-01
7.013432979583740234e-01,7.231528759002685547e-01,1.000000000000000000e+00,2.755275368690490723e-01,2.969085574150085449e-01,2.932779788970947266e-01
7.039014697074890137e-01,8.695280551910400391e-01,1.000000000000000000e+00,2.284519076347351074e-01,2.838569879531860352e-01,2.817910313606262207e-01
7.037332653999328613e-01,7.890037298202514648e-01,1.000000000000000000e+00,2.331604361534118652e-01,2.635235786437988281e-01,2.804273366928100586e-01
7.063857316970825195e-01,8.336109519004821777e-01,1.000000000000000000e+00,1.391996741294860840e-01,5.710297822952270508e-02,2.085165977478027344e-01
7.570593357086181641e-01,8.773084878921508789e-01,1.000000000000000000e+00,7.840454578399658203e-03,2.374911308288574219e-02,1.861792802810668945e-01
1.000000000000000000e+00,1.000000000000000000e+00,9.392651915550231934e-01,0.000000000000000000e+00,0.000000000000000000e+00,1.956314444541931152e-01
1.000000000000000000e+00,1.000000000000000000e+00,8.006041049957275391e-01,0.000000000000000000e+00,0.000000000000000000e+00,0.000000000000000000e+00
7.042737007141113281e-01,7.018145322799682617e-01,7.592237591743469238e-01,0.000000000000000000e+00,0.000000000000000000e+00,0.000000000000000000e+00
9.687781333923339844e-01,7.183654308319091797e-01,7.025115489959716797e-01,0.000000000000000000e+00,0.000000000000000000e+00,0.000000000000000000e+00
