# CPU,RAM,NetworkR,NetworkW,DiskW,DiskR
7.391643524169921875e-01,7.408041954040527344e-01,1.000000000000000000e+00,2.937933206558227539e-01,2.965645194053649902e-01,2.978560924530029297e-01
7.012565135955810547e-01,7.420840263366699219e-01,1.000000000000000000e+00,2.707681655883789062e-01,2.966066598892211914e-01,2.918133139610290527e-01
7.088801264762878418e-01,8.613331317901611328e-01,1.000000000000000000e+00,2.297918200492858887e-01,2.886620163917541504e-01,2.861623167991638184e-01
7.293487787246704102e-01,1.000000000000000000e+00,1.000000000000000000e+00,1.822601556777954102e-01,2.536282539367675781e-01,2.721028327941894531e-01
7.447689175605773926e-01,1.000000000000000000e+00,1.000000000000000000e+00,9.819304943084716797e-02,1.197914034128189087e-01,2.276015281677246094e-01
7.711032032966613770e-01,1.000000000000000000e+00,1.000000000000000000e+00,4.710500128567218781e-03,0.000000000000000000e+00,1.903325319290161133e-01
7.077652215957641602e-01,1.000000000000000000e+00,1.000000000000000000e+00,1.574385166168212891e-02,0.000000000000000000e+00,1.772674322128295898e-01
1.000000000000000000e+00,1.000000000000000000e+00,8.652153015136718750e-01,0.000000000000000000e+00,0.000000000000000000e+00,0.000000000000000000e+00
7.065609097480773926e-01,7.036694884300231934e-01,7.878095507621765137e-01,0.000000000000000000e+00,0.000000000000000000e+00,0.000000000000000000e+00
8.257113099098205566e-01,7.097575664520263672e-01,7.058880925178527832e-01,0.000000000000000000e+00,0.000000000000000000e+00,0.000000000000000000e+00
