# CPU,RAM,NetworkR,NetworkW,DiskW,DiskR
7.391181588172912598e-01,7.406967282295227051e-01,1.000000000000000000e+00,2.937939167022705078e-01,2.965675592422485352e-01,2.978549003601074219e-01
7.004144787788391113e-01,1.000000000000000000e+00,1.000000000000000000e+00,2.551760077476501465e-01,2.910881638526916504e-01,2.577048540115356445e-01
7.070396542549133301e-01,7.269982695579528809e-01,1.000000000000000000e+00,2.652234137058258057e-01,2.945718169212341309e-01,2.923322319984436035e-01
7.016857266426086426e-01,8.190528154373168945e-01,1.000000000000000000e+00,2.274060994386672974e-01,2.598417997360229492e-01,2.744140625000000000e-01
7.012359499931335449e-01,7.719215154647827148e-01,1.000000000000000000e+00,1.920402646064758301e-01,7.195210456848144531e-02,2.250189781188964844e-01
7.169301509857177734e-01,8.173505663871765137e-01,1.000000000000000000e+00,2.651710063219070435e-02,0.000000000000000000e+00,1.766188740730285645e-01
7.315970063209533691e-01,8.317598700523376465e-01,1.000000000000000000e+00,0.000000000000000000e+00,0.000000000000000000e+00,1.802603602409362793e-01
7.505903840065002441e-01,8.463150262832641602e-01,1.000000000000000000e+00,0.000000000000000000e+00,0.000000000000000000e+00,1.764242649078369141e-01
7.924242019653320312e-01,8.177778720855712891e-01,1.000000000000000000e+00,0.000000000000000000e+00,0.000000000000000000e+00,1.829757094383239746e-01
1.000000000000000000e+00,1.000000000000000000e+00,7.037309408187866211e-01,0.000000000000000000e+00,0.000000000000000000e+00,0.000000000000000000e+00
