# CPU,RAM,NetworkR,NetworkW,DiskW,DiskR
7.390330433845520020e-01,7.405285835266113281e-01,1.000000000000000000e+00,2.937924265861511230e-01,2.965712547302246094e-01,2.978520989418029785e-01
7.001326084136962891e-01,1.000000000000000000e+00,1.000000000000000000e+00,2.483287453651428223e-01,2.766237258911132812e-01,1.245750021189451218e-02
7.002471089363098145e-01,1.000000000000000000e+00,1.000000000000000000e+00,1.957272291183471680e-01,1.844031214714050293e-01,0.000000000000000000e+00
7.001361846923828125e-01,1.000000000000000000e+00,1.000000000000000000e+00,1.836678981781005859e-01,2.925932407379150391e-02,0.000000000000000000e+00
7.001358866691589355e-01,1.000000000000000000e+00,1.000000000000000000e+00,1.300609707832336426e-01,0.000000000000000000e+00,0.000000000000000000e+00
7.007837295532226562e-01,1.000000000000000000e+00,1.000000000000000000e+00,1.386177539825439453e-02,0.000000000000000000e+00,0.000000000000000000e+00
7.009103298187255859e-01,1.000000000000000000e+00,1.000000000000000000e+00,0.000000000000000000e+00,0.000000000000000000e+00,0.000000000000000000e+00
7.077544331550598145e-01,9.342355728149414062e-01,1.000000000000000000e+00,0.000000000000000000e+00,0.000000000000000000e+00,5.504393577575683594e-02
9.959330558776855469e-01,1.000000000000000000e+00,9.171332716941833496e-01,0.000000000000000000e+00,0.000000000000000000e+00,1.889132261276245117e-01
1.000000000000000000e+00,1.000000000000000000e+00,7.069636583328247070e-01,0.000000000000000000e+00,0.000000000000000000e+00,0.000000000000000000e+00
