# CPU,RAM,NetworkR,NetworkW,DiskW,DiskR
7.391332983970642090e-01,7.408172488212585449e-01,1.000000000000000000e+00,2.937940359115600586e-01,2.965642809867858887e-01,2.978563904762268066e-01
7.012144923210144043e-01,7.570101618766784668e-01,1.000000000000000000e+00,2.683056592941284180e-01,2.964106798171997070e-01,2.909370660781860352e-01
7.126940488815307617e-01,8.540412187576293945e-01,1.000000000000000000e+00,2.314127683639526367e-01,2.904977202415466309e-01,2.878689169883728027e-01
7.321912646293640137e-01,1.000000000000000000e+00,1.000000000000000000e+00,1.464152932167053223e-01,1.992668062448501587e-01,2.554333806037902832e-01
7.367332577705383301e-01,1.000000000000000000e+00,1.000000000000000000e+00,1.110646128654479980e-01,1.263335943222045898e-01,2.302423119544982910e-01
7.175239920616149902e-01,1.000000000000000000e+00,1.000000000000000000e+00,1.522535085678100586e-02,0.000000000000000000e+00,1.494401097297668457e-01
7.044728398323059082e-01,1.000000000000000000e+00,1.000000000000000000e+00,3.485679626464843750e-04,0.000000000000000000e+00,1.775457262992858887e-01
1.000000000000000000e+00,1.000000000000000000e+00,8.796580433845520020e-01,0.000000000000000000e+00,0.000000000000000000e+00,0.000000000000000000e+00
7.041404843330383301e-01,7.056623697280883789e-01,8.413223624229431152e-01,0.000000000000000000e+00,0.000000000000000000e+00,0.000000000000000000e+00
8.405163288116455078e-01,7.191389203071594238e-01,7.050274014472961426e-01,0.000000000000000000e+00,0.000000000000000000e+00,0.000000000000000000e+00
