# CPU,RAM,NetworkR,NetworkW,DiskW,DiskR
7.391897439956665039e-01,7.407666444778442383e-01,1.000000000000000000e+00,2.937932610511779785e-01,2.965657114982604980e-01,2.978556752204895020e-01
7.009865045547485352e-01,8.209355473518371582e-01,1.000000000000000000e+00,2.629017233848571777e-01,2.956638336181640625e-01,2.877817153930664062e-01
7.046021223068237305e-01,7.698765397071838379e-01,1.000000000000000000e+00,2.532656788825988770e-01,2.920725345611572266e-01,2.908838391304016113e-01
7.044914364814758301e-01,8.029661178588867188e-01,1.000000000000000000e+00,2.302966117858886719e-01,2.716653347015380859e-01,2.820968031883239746e-01
7.171171307563781738e-01,8.673146963119506836e-01,1.000000000000000000e+00,1.320321559906005859e-01,1.439133286476135254e-01,2.334468364715576172e-01
7.841861248016357422e-01,9.620282649993896484e-01,1.000000000000000000e+00,4.914700984954833984e-03,5.928987264633178711e-02,2.030625343322753906e-01
7.464252114295959473e-01,1.000000000000000000e+00,1.000000000000000000e+00,0.000000000000000000e+00,0.000000000000000000e+00,2.335902452468872070e-01
1.000000000000000000e+00,1.000000000000000000e+00,8.396562337875366211e-01,0.000000000000000000e+00,0.000000000000000000e+00,0.000000000000000000e+00
7.039591073989868164e-01,7.025199532508850098e-01,7.719736099243164062e-01,0.000000000000000000e+00,0.000000000000000000e+00,0.000000000000000000e+00
8.063930869102478027e-01,7.067063450813293457e-01,7.067383527755737305e-01,0.000000000000000000e+00,0.000000000000000000e+00,0.000000000000000000e+00
