# CPU,RAM,NetworkR,NetworkW,DiskW,DiskR
7.390460968017578125e-01,7.407610416412353516e-01,1.000000000000000000e+00,2.937936186790466309e-01,2.965651750564575195e-01,2.978553771972656250e-01
7.007392644882202148e-01,8.534047603607177734e-01,1.000000000000000000e+00,2.617694139480590820e-01,2.949998378753662109e-01,2.841492295265197754e-01
7.025042772293090820e-01,7.627897262573242188e-01,1.000000000000000000e+00,2.578257322311401367e-01,2.913712263107299805e-01,2.903631329536437988e-01
7.014460563659667969e-01,8.248501420021057129e-01,1.000000000000000000e+00,2.280374765396118164e-01,2.501391172409057617e-01,2.731061577796936035e-01
7.005423307418823242e-01,8.000698685646057129e-01,1.000000000000000000e+00,1.849882602691650391e-01,0.000000000000000000e+00,1.881117224693298340e-01
7.058869004249572754e-01,8.404232859611511230e-01,1.000000000000000000e+00,2.148896455764770508e-02,0.000000000000000000e+00,1.294508576393127441e-01
7.056286334991455078e-01,8.481530547142028809e-01,1.000000000000000000e+00,0.000000000000000000e+00,0.000000000000000000e+00,1.204982399940490723e-01
7.033560872077941895e-01,8.258694410324096680e-01,1.000000000000000000e+00,0.000000000000000000e+00,0.000000000000000000e+00,1.320068985223770142e-01
7.300018072128295898e-01,8.887925148010253906e-01,9.547546505928039551e-01,0.000000000000000000e+00,0.000000000000000000e+00,7.561284303665161133e-02
1.000000000000000000e+00,1.000000000000000000e+00,7.057818174362182617e-01,0.000000000000000000e+00,0.000000000000000000e+00,0.000000000000000000e+00
