# CPU,RAM,NetworkR,NetworkW,DiskW,DiskR
7.391769886016845703e-01,7.407992482185363770e-01,1.000000000000000000e+00,2.937934398651123047e-01,2.965647578239440918e-01,2.978560924530029297e-01
7.012408971786499023e-01,7.508220076560974121e-01,1.000000000000000000e+00,2.692009210586547852e-01,2.964919209480285645e-01,2.912909388542175293e-01
7.092792987823486328e-01,8.724628090858459473e-01,1.000000000000000000e+00,2.293608784675598145e-01,2.886219024658203125e-01,2.863323688507080078e-01
7.347752451896667480e-01,1.000000000000000000e+00,1.000000000000000000e+00,1.854754090309143066e-01,2.593873739242553711e-01,2.746179103851318359e-01
7.925885915756225586e-01,1.000000000000000000e+00,1.000000000000000000e+00,9.322321414947509766e-02,1.440454721450805664e-01,2.379166036844253540e-01
8.113444447517395020e-01,1.000000000000000000e+00,1.000000000000000000e+00,1.131319999694824219e-02,3.126007318496704102e-02,2.070264220237731934e-01
7.051073908805847168e-01,1.000000000000000000e+00,1.000000000000000000e+00,3.161734342575073242e-02,0.000000000000000000e+00,1.765121817588806152e-01
1.000000000000000000e+00,1.000000000000000000e+00,8.796050548553466797e-01,0.000000000000000000e+00,0.000000000000000000e+00,0.000000000000000000e+00
7.091661095619201660e-01,7.068445682525634766e-01,7.980939149856567383e-01,0.000000000000000000e+00,0.000000000000000000e+00,0.000000000000000000e+00
8.100263476371765137e-01,7.103139758110046387e-01,7.062404751777648926e-01,0.000000000000000000e+00,0.000000000000000000e+00,0.000000000000000000e+00
