# CPU,RAM,NetworkR,NetworkW,DiskW,DiskR
7.391711473464965820e-01,7.408592104911804199e-01,1.000000000000000000e+00,2.937936186790466309e-01,2.965630888938903809e-01,2.978568077087402344e-01
7.013286352157592773e-01,7.338643074035644531e-01,1.000000000000000000e+00,2.723721265792846680e-01,2.967188358306884766e-01,2.923610806465148926e-01
7.111953496932983398e-01,1.000000000000000000e+00,1.000000000000000000e+00,2.090758681297302246e-01,2.797163128852844238e-01,2.796276807785034180e-01
7.357884049415588379e-01,1.000000000000000000e+00,1.000000000000000000e+00,1.058739423751831055e-01,7.014453411102294922e-02,2.202322036027908325e-01
7.563231587409973145e-01,9.538179039955139160e-01,1.000000000000000000e+00,1.250393986701965332e-01,1.579315066337585449e-01,2.406529784202575684e-01
7.216961383819580078e-01,1.000000000000000000e+00,1.000000000000000000e+00,2.431452274322509766e-02,0.000000000000000000e+00,1.780876070261001587e-01
7.009301185607910156e-01,1.000000000000000000e+00,1.000000000000000000e+00,4.516696929931640625e-02,0.000000000000000000e+00,1.212158203125000000e-01
1.000000000000000000e+00,1.000000000000000000e+00,9.259848594665527344e-01,0.000000000000000000e+00,0.000000000000000000e+00,2.819895744323730469e-02
7.021250724792480469e-01,7.049458026885986328e-01,8.545552492141723633e-01,0.000000000000000000e+00,0.000000000000000000e+00,0.000000000000000000e+00
8.332785367965698242e-01,7.211309075355529785e-01,7.045356035232543945e-01,0.000000000000000000e+00,0.000000000000000000e+00,0.000000000000000000e+00
