# CPU,RAM,NetworkR,NetworkW,DiskW,DiskR
7.391320466995239258e-01,7.407339215278625488e-01,1.000000000000000000e+00,2.937931120395660400e-01,2.965662479400634766e-01,2.978550791740417480e-01
7.009850144386291504e-01,7.727209925651550293e-01,1.000000000000000000e+00,2.670630216598510742e-01,2.961329817771911621e-01,2.896389365196228027e-01
7.021901011466979980e-01,7.548112869262695312e-01,1.000000000000000000e+00,2.597364783287048340e-01,2.917155027389526367e-01,2.910317182540893555e-01
7.015032768249511719e-01,8.053391575813293457e-01,1.000000000000000000e+00,2.304516434669494629e-01,2.517073750495910645e-01,2.744078636169433594e-01
7.008836269378662109e-01,7.920606732368469238e-01,1.000000000000000000e+00,1.747020035982131958e-01,0.000000000000000000e+00,1.897977590560913086e-01
7.115193605422973633e-01,8.427752852439880371e-01,1.000000000000000000e+00,0.000000000000000000e+00,0.000000000000000000e+00,1.307158470153808594e-01
7.114392518997192383e-01,8.259512186050415039e-01,1.000000000000000000e+00,0.000000000000000000e+00,0.000000000000000000e+00,1.223004013299942017e-01
7.077653408050537109e-01,8.215021491050720215e-01,1.000000000000000000e+00,0.000000000000000000e+00,0.000000000000000000e+00,1.481109261512756348e-01
7.399130463600158691e-01,8.367231488227844238e-01,9.781772494316101074e-01,0.000000000000000000e+00,0.000000000000000000e+00,1.244493126869201660e-01
1.000000000000000000e+00,1.000000000000000000e+00,7.048012018203735352e-01,0.000000000000000000e+00,0.000000000000000000e+00,0.000000000000000000e+00
