# CPU,RAM,NetworkR,NetworkW,DiskW,DiskR
7.391209602355957031e-01,7.408442497253417969e-01,1.000000000000000000e+00,2.937938570976257324e-01,2.965633273124694824e-01,2.978566288948059082e-01
7.012881040573120117e-01,7.416300773620605469e-01,1.000000000000000000e+00,2.707347869873046875e-01,2.966057658195495605e-01,2.918261289596557617e-01
7.087829113006591797e-01,9.369555711746215820e-01,1.000000000000000000e+00,2.207756042480468750e-01,2.848725914955139160e-01,2.832300662994384766e-01
7.377111315727233887e-01,1.000000000000000000e+00,1.000000000000000000e+00,1.775164008140563965e-01,2.500503659248352051e-01,2.708134055137634277e-01
7.781118154525756836e-01,1.000000000000000000e+00,1.000000000000000000e+00,8.874136209487915039e-02,1.219317987561225891e-01,2.304121255874633789e-01
7.431865930557250977e-01,1.000000000000000000e+00,1.000000000000000000e+00,1.308101415634155273e-02,0.000000000000000000e+00,1.805115342140197754e-01
7.048379778861999512e-01,1.000000000000000000e+00,1.000000000000000000e+00,4.706400632858276367e-02,0.000000000000000000e+00,2.200743556022644043e-01
1.000000000000000000e+00,1.000000000000000000e+00,9.048287868499755859e-01,0.000000000000000000e+00,0.000000000000000000e+00,8.129161596298217773e-02
7.017319202423095703e-01,7.068107724189758301e-01,7.775385379791259766e-01,0.000000000000000000e+00,0.000000000000000000e+00,0.000000000000000000e+00
8.174403905868530273e-01,7.257864475250244141e-01,7.032560706138610840e-01,0.000000000000000000e+00,0.000000000000000000e+00,0.000000000000000000e+00
