# CPU,RAM,NetworkR,NetworkW,DiskW,DiskR
7.389455437660217285e-01,7.407180070877075195e-01,1.000000000000000000e+00,2.937953472137451172e-01,2.965664863586425781e-01,2.978552579879760742e-01
7.013418674468994141e-01,7.189061045646667480e-01,1.000000000000000000e+00,2.771153450012207031e-01,2.969595789909362793e-01,2.936403155326843262e-01
7.039641141891479492e-01,9.489898085594177246e-01,1.000000000000000000e+00,2.153233289718627930e-01,2.755740284919738770e-01,2.749581933021545410e-01
7.047808766365051270e-01,7.868384718894958496e-01,1.000000000000000000e+00,2.311542630195617676e-01,2.621446251869201660e-01,2.800519466400146484e-01
7.272681593894958496e-01,9.460176825523376465e-01,1.000000000000000000e+00,8.859760314226150513e-02,5.717462301254272461e-02,1.980655789375305176e-01
8.410035371780395508e-01,1.000000000000000000e+00,1.000000000000000000e+00,0.000000000000000000e+00,6.842231750488281250e-02,2.128502726554870605e-01
7.783083915710449219e-01,1.000000000000000000e+00,9.906157851219177246e-01,0.000000000000000000e+00,0.000000000000000000e+00,1.639761328697204590e-01
1.000000000000000000e+00,1.000000000000000000e+00,8.207784295082092285e-01,0.000000000000000000e+00,0.000000000000000000e+00,0.000000000000000000e+00
7.053112387657165527e-01,7.020536065101623535e-01,7.820773720741271973e-01,0.000000000000000000e+00,0.000000000000000000e+00,0.000000000000000000e+00
8.278094530105590820e-01,7.079501152038574219e-01,7.064796090126037598e-01,0.000000000000000000e+00,0.000000000000000000e+00,0.000000000000000000e+00
