# CPU,RAM,NetworkR,NetworkW,DiskW,DiskR
7.389855384826660156e-01,7.407790422439575195e-01,1.000000000000000000e+00,2.937944531440734863e-01,2.965646386146545410e-01,2.978557944297790527e-01
7.009910345077514648e-01,7.604964971542358398e-01,1.000000000000000000e+00,2.684537768363952637e-01,2.962045669555664062e-01,2.900401353836059570e-01
7.020547986030578613e-01,7.707661390304565430e-01,1.000000000000000000e+00,2.548722624778747559e-01,2.901276350021362305e-01,2.892284989356994629e-01
7.016944885253906250e-01,8.335182070732116699e-01,1.000000000000000000e+00,2.214818596839904785e-01,2.404198646545410156e-01,2.693197131156921387e-01
7.009181976318359375e-01,8.059118390083312988e-01,1.000000000000000000e+00,1.684415340423583984e-01,0.000000000000000000e+00,1.785969734191894531e-01
7.096593379974365234e-01,8.739593625068664551e-01,1.000000000000000000e+00,0.000000000000000000e+00,0.000000000000000000e+00,1.247739791870117188e-01
7.075217962265014648e-01,8.256195783615112305e-01,1.000000000000000000e+00,0.000000000000000000e+00,0.000000000000000000e+00,1.273334622383117676e-01
7.060275077819824219e-01,8.173128962516784668e-01,1.000000000000000000e+00,0.000000000000000000e+00,0.000000000000000000e+00,1.643238067626953125e-01
7.587420940399169922e-01,8.721429109573364258e-01,9.963304996490478516e-01,0.000000000000000000e+00,0.000000000000000000e+00,1.623491048812866211e-01
1.000000000000000000e+00,1.000000000000000000e+00,7.051370739936828613e-01,0.000000000000000000e+00,0.000000000000000000e+00,0.000000000000000000e+00
