# CPU,RAM,NetworkR,NetworkW,DiskW,DiskR
7.390057444572448730e-01,7.408170700073242188e-01,1.000000000000000000e+00,2.937955856323242188e-01,2.965641617774963379e-01,2.978566884994506836e-01
7.013040184974670410e-01,7.339548468589782715e-01,1.000000000000000000e+00,2.724004387855529785e-01,2.967038750648498535e-01,2.923117280006408691e-01
7.053661942481994629e-01,8.894587755203247070e-01,1.000000000000000000e+00,2.263376116752624512e-01,2.845128178596496582e-01,2.827757000923156738e-01
7.275779247283935547e-01,9.125583171844482422e-01,1.000000000000000000e+00,1.973105072975158691e-01,2.648108005523681641e-01,2.767774462699890137e-01
8.689751625061035156e-01,1.000000000000000000e+00,1.000000000000000000e+00,6.929862499237060547e-02,1.123798489570617676e-01,2.324350476264953613e-01
8.042895197868347168e-01,1.000000000000000000e+00,1.000000000000000000e+00,0.000000000000000000e+00,0.000000000000000000e+00,1.905189752578735352e-01
7.027721405029296875e-01,1.000000000000000000e+00,9.946016073226928711e-01,3.004652261734008789e-02,0.000000000000000000e+00,4.320544004440307617e-02
1.000000000000000000e+00,1.000000000000000000e+00,8.699870705604553223e-01,0.000000000000000000e+00,0.000000000000000000e+00,0.000000000000000000e+00
7.053455114364624023e-01,7.053693532943725586e-01,7.912325263023376465e-01,0.000000000000000000e+00,0.000000000000000000e+00,0.000000000000000000e+00
8.067883253097534180e-01,7.104992270469665527e-01,7.059140205383300781e-01,0.000000000000000000e+00,0.000000000000000000e+00,0.000000000000000000e+00
