# CPU,RAM,NetworkR,NetworkW,DiskW,DiskR
7.391048073768615723e-01,7.407743334770202637e-01,1.000000000000000000e+00,2.937940955162048340e-01,2.965653538703918457e-01,2.978558540344238281e-01
7.013419270515441895e-01,7.234798073768615723e-01,1.000000000000000000e+00,2.753891348838806152e-01,2.968842983245849609e-01,2.932038903236389160e-01
7.102733850479125977e-01,9.511476755142211914e-01,1.000000000000000000e+00,2.138008475303649902e-01,2.827681899070739746e-01,2.805802226066589355e-01
7.606662511825561523e-01,1.000000000000000000e+00,1.000000000000000000e+00,1.422299146652221680e-01,2.070751786231994629e-01,2.557271718978881836e-01
8.639866113662719727e-01,1.000000000000000000e+00,1.000000000000000000e+00,8.166277408599853516e-02,1.277573704719543457e-01,2.346462011337280273e-01
8.144183754920959473e-01,1.000000000000000000e+00,1.000000000000000000e+00,2.475816011428833008e-02,5.239814519882202148e-02,2.154799699783325195e-01
7.015280127525329590e-01,1.000000000000000000e+00,1.000000000000000000e+00,6.850475072860717773e-02,0.000000000000000000e+00,1.367612034082412720e-01
1.000000000000000000e+00,1.000000000000000000e+00,9.395248889923095703e-01,0.000000000000000000e+00,0.000000000000000000e+00,1.982607245445251465e-01
7.014136314392089844e-01,7.234933376312255859e-01,7.855232954025268555e-01,0.000000000000000000e+00,0.000000000000000000e+00,0.000000000000000000e+00
7.344025969505310059e-01,7.188768982887268066e-01,7.057013511657714844e-01,0.000000000000000000e+00,0.000000000000000000e+00,0.000000000000000000e+00
