# CPU,RAM,NetworkR,NetworkW,DiskW,DiskR
7.390134334564208984e-01,7.407783269882202148e-01,1.000000000000000000e+00,2.937946319580078125e-01,2.965648770332336426e-01,2.978559136390686035e-01
7.013061642646789551e-01,7.284977436065673828e-01,1.000000000000000000e+00,2.738793492317199707e-01,2.967916131019592285e-01,2.927443981170654297e-01
7.064113020896911621e-01,8.583612442016601562e-01,1.000000000000000000e+00,2.285460978746414185e-01,2.866576313972473145e-01,2.841152548789978027e-01
7.189483642578125000e-01,8.846108317375183105e-01,1.000000000000000000e+00,2.031790018081665039e-01,2.648249864578247070e-01,2.772272229194641113e-01
7.660712003707885742e-01,1.000000000000000000e+00,1.000000000000000000e+00,8.975070714950561523e-02,1.256183981895446777e-01,2.275349050760269165e-01
8.247692584991455078e-01,1.000000000000000000e+00,1.000000000000000000e+00,0.000000000000000000e+00,5.618333816528320312e-04,1.985775977373123169e-01
7.162654995918273926e-01,1.000000000000000000e+00,9.755129814147949219e-01,4.998862743377685547e-03,0.000000000000000000e+00,7.665753364562988281e-02
1.000000000000000000e+00,1.000000000000000000e+00,8.515195250511169434e-01,0.000000000000000000e+00,0.000000000000000000e+00,0.000000000000000000e+00
7.065032720565795898e-01,7.035949230194091797e-01,7.810627818107604980e-01,0.000000000000000000e+00,0.000000000000000000e+00,0.000000000000000000e+00
8.415508270263671875e-01,7.104392051696777344e-01,7.050640583038330078e-01,0.000000000000000000e+00,0.000000000000000000e+00,0.000000000000000000e+00
