# CPU,RAM,NetworkR,NetworkW,DiskW,DiskR
7.391262650489807129e-01,7.406453490257263184e-01,1.000000000000000000e+00,2.937933206558227539e-01,2.965688705444335938e-01,2.978540658950805664e-01
7.005720734596252441e-01,9.573034048080444336e-01,1.000000000000000000e+00,2.583945393562316895e-01,2.936365008354187012e-01,2.762983143329620361e-01
7.030099034309387207e-01,7.627519369125366211e-01,1.000000000000000000e+00,2.571077346801757812e-01,2.915028929710388184e-01,2.898577451705932617e-01
7.011982202529907227e-01,8.103324174880981445e-01,1.000000000000000000e+00,2.350933551788330078e-01,2.564456462860107422e-01,2.759439349174499512e-01
7.004179954528808594e-01,7.824751138687133789e-01,1.000000000000000000e+00,2.001100182533264160e-01,1.858294010162353516e-02,2.036286592483520508e-01
7.052201628684997559e-01,8.094956874847412109e-01,1.000000000000000000e+00,4.332870244979858398e-02,0.000000000000000000e+00,1.505168080329895020e-01
7.059842348098754883e-01,8.245269656181335449e-01,1.000000000000000000e+00,0.000000000000000000e+00,0.000000000000000000e+00,1.462036967277526855e-01
7.041714191436767578e-01,8.295423388481140137e-01,1.000000000000000000e+00,0.000000000000000000e+00,0.000000000000000000e+00,1.430819630622863770e-01
7.319563627243041992e-01,8.632937669754028320e-01,9.712277054786682129e-01,0.000000000000000000e+00,0.000000000000000000e+00,9.428919851779937744e-02
1.000000000000000000e+00,1.000000000000000000e+00,7.058157324790954590e-01,0.000000000000000000e+00,0.000000000000000000e+00,0.000000000000000000e+00
