# CPU,RAM,NetworkR,NetworkW,DiskW,DiskR
6.999999880790710449e-01,6.999999880790710449e-01,1.000000000000000000e+00,3.000000119209289551e-01,3.000000119209289551e-01,3.000000119209289551e-01
6.999999880790710449e-01,7.833333015441894531e-01,1.000000000000000000e+00,2.622580528259277344e-01,2.971631288528442383e-01,2.609518170356750488e-01
6.999999880790710449e-01,8.666666746139526367e-01,1.000000000000000000e+00,2.475120425224304199e-01,2.890071272850036621e-01,2.609518170356750488e-01
6.999999880790710449e-01,8.666666746139526367e-01,1.000000000000000000e+00,1.932051777839660645e-01,2.528368830680847168e-01,2.609518170356750488e-01
6.999999880790710449e-01,8.666666746139526367e-01,1.000000000000000000e+00,1.400675773620605469e-01,0.000000000000000000e+00,1.633313298225402832e-01
6.999999880790710449e-01,8.666666746139526367e-01,1.000000000000000000e+00,0.000000000000000000e+00,0.000000000000000000e+00,1.316046714782714844e-01
6.999999880790710449e-01,8.666666746139526367e-01,1.000000000000000000e+00,0.000000000000000000e+00,0.000000000000000000e+00,1.316046714782714844e-01
6.999999880790710449e-01,8.666666746139526367e-01,1.000000000000000000e+00,0.000000000000000000e+00,0.000000000000000000e+00,1.316046714782714844e-01
8.000000119209289551e-01,9.499999880790710449e-01,9.639991521835327148e-01,0.000000000000000000e+00,0.000000000000000000e+00,1.218426227569580078e-01
1.000000000000000000e+00,1.000000000000000000e+00,6.999999880790710449e-01,0.000000000000000000e+00,0.000000000000000000e+00,0.000000000000000000e+00
