# CPU,RAM,NetworkR,NetworkW,DiskW,DiskR
7.390862703323364258e-01,7.407335638999938965e-01,1.000000000000000000e+00,2.937934994697570801e-01,2.965661287307739258e-01,2.978550791740417480e-01
7.001608014106750488e-01,1.000000000000000000e+00,1.000000000000000000e+00,2.463860064744949341e-01,2.754868865013122559e-01,5.824655294418334961e-02
7.014064788818359375e-01,9.667604565620422363e-01,1.000000000000000000e+00,2.150988578796386719e-01,2.548063397407531738e-01,2.190521359443664551e-01
7.003018260002136230e-01,9.829635620117187500e-01,1.000000000000000000e+00,2.060620188713073730e-01,1.221723034977912903e-01,1.879184246063232422e-01
7.001667618751525879e-01,9.251512289047241211e-01,1.000000000000000000e+00,1.716611981391906738e-01,0.000000000000000000e+00,2.570999972522258759e-02
7.015764713287353516e-01,9.218433499336242676e-01,1.000000000000000000e+00,3.665107488632202148e-02,0.000000000000000000e+00,0.000000000000000000e+00
7.017557621002197266e-01,1.000000000000000000e+00,1.000000000000000000e+00,0.000000000000000000e+00,0.000000000000000000e+00,0.000000000000000000e+00
7.049245238304138184e-01,8.874903917312622070e-01,1.000000000000000000e+00,0.000000000000000000e+00,0.000000000000000000e+00,7.360762357711791992e-02
8.163093328475952148e-01,1.000000000000000000e+00,9.155870676040649414e-01,0.000000000000000000e+00,0.000000000000000000e+00,1.206088066101074219e-01
1.000000000000000000e+00,1.000000000000000000e+00,7.070434689521789551e-01,0.000000000000000000e+00,0.000000000000000000e+00,0.000000000000000000e+00
