# CPU,RAM,NetworkR,NetworkW,DiskW,DiskR
7.390473484992980957e-01,7.407705187797546387e-01,1.000000000000000000e+00,2.937945723533630371e-01,2.965652942657470703e-01,2.978558540344238281e-01
7.012798786163330078e-01,7.325406074523925781e-01,1.000000000000000000e+00,2.728578448295593262e-01,2.967328131198883057e-01,2.924380898475646973e-01
7.022962570190429688e-01,7.882668972015380859e-01,1.000000000000000000e+00,2.480878978967666626e-01,2.886138558387756348e-01,2.872730493545532227e-01
7.026685476303100586e-01,8.012086153030395508e-01,1.000000000000000000e+00,2.281942963600158691e-01,2.553457617759704590e-01,2.760670185089111328e-01
7.016312479972839355e-01,8.118230104446411133e-01,1.000000000000000000e+00,1.585496068000793457e-01,0.000000000000000000e+00,1.880280375480651855e-01
7.151118516921997070e-01,8.869063258171081543e-01,1.000000000000000000e+00,0.000000000000000000e+00,0.000000000000000000e+00,1.259297728538513184e-01
7.180926203727722168e-01,8.634791374206542969e-01,1.000000000000000000e+00,0.000000000000000000e+00,0.000000000000000000e+00,8.457250148057937622e-02
7.100608944892883301e-01,8.231005668640136719e-01,1.000000000000000000e+00,0.000000000000000000e+00,0.000000000000000000e+00,1.249924302101135254e-01
7.370232939720153809e-01,8.221350908279418945e-01,9.667983055114746094e-01,0.000000000000000000e+00,0.000000000000000000e+00,1.073015332221984863e-01
1.000000000000000000e+00,1.000000000000000000e+00,7.049173712730407715e-01,0.000000000000000000e+00,0.000000000000000000e+00,0.000000000000000000e+00
