# CPU,RAM,NetworkR,NetworkW,DiskW,DiskR
7.391987442970275879e-01,7.407818436622619629e-01,1.000000000000000000e+00,2.937930226325988770e-01,2.965652346611022949e-01,2.978557348251342773e-01
7.002803683280944824e-01,1.000000000000000000e+00,1.000000000000000000e+00,2.515021562576293945e-01,2.863393127918243408e-01,2.104756981134414673e-01
7.022255659103393555e-01,8.380409479141235352e-01,1.000000000000000000e+00,2.385113984346389771e-01,2.813755869865417480e-01,2.728458642959594727e-01
7.004213333129882812e-01,8.932377099990844727e-01,1.000000000000000000e+00,2.259020805358886719e-01,2.051677703857421875e-01,2.492387294769287109e-01
7.001646757125854492e-01,8.371283411979675293e-01,1.000000000000000000e+00,1.981521248817443848e-01,0.000000000000000000e+00,1.331781148910522461e-01
7.015888690948486328e-01,8.583653569221496582e-01,1.000000000000000000e+00,5.628705024719238281e-02,0.000000000000000000e+00,6.968557834625244141e-02
7.025356888771057129e-01,9.472005367279052734e-01,1.000000000000000000e+00,0.000000000000000000e+00,0.000000000000000000e+00,2.016790024936199188e-02
7.036324143409729004e-01,8.747829198837280273e-01,1.000000000000000000e+00,0.000000000000000000e+00,0.000000000000000000e+00,8.749186992645263672e-02
7.521821260452270508e-01,9.985816478729248047e-01,9.153529405593872070e-01,0.000000000000000000e+00,0.000000000000000000e+00,5.967611074447631836e-02
1.000000000000000000e+00,1.000000000000000000e+00,7.071241140365600586e-01,0.000000000000000000e+00,0.000000000000000000e+00,0.000000000000000000e+00
