# CPU,RAM,NetworkR,NetworkW,DiskW,DiskR
7.391334772109985352e-01,7.407377958297729492e-01,1.000000000000000000e+00,2.937939167022705078e-01,2.965664863586425781e-01,2.978554368019104004e-01
7.002927064895629883e-01,1.000000000000000000e+00,1.000000000000000000e+00,2.538093328475952148e-01,2.886244654655456543e-01,2.263219356536865234e-01
7.019434571266174316e-01,8.591489791870117188e-01,1.000000000000000000e+00,2.365182638168334961e-01,2.804756164550781250e-01,2.717367410659790039e-01
7.005707621574401855e-01,8.934903144836425781e-01,1.000000000000000000e+00,2.224239110946655273e-01,2.064271569252014160e-01,2.513518333435058594e-01
7.001976370811462402e-01,8.392484784126281738e-01,1.000000000000000000e+00,1.931177377700805664e-01,0.000000000000000000e+00,1.329419016838073730e-01
7.021704912185668945e-01,8.707844018936157227e-01,1.000000000000000000e+00,4.762852191925048828e-02,0.000000000000000000e+00,8.228898048400878906e-02
7.021988630294799805e-01,9.507045745849609375e-01,1.000000000000000000e+00,0.000000000000000000e+00,0.000000000000000000e+00,5.366212129592895508e-02
7.025718092918395996e-01,8.475627899169921875e-01,1.000000000000000000e+00,0.000000000000000000e+00,0.000000000000000000e+00,1.034794002771377563e-01
7.460663318634033203e-01,1.000000000000000000e+00,9.175394773483276367e-01,0.000000000000000000e+00,0.000000000000000000e+00,5.862671136856079102e-02
1.000000000000000000e+00,1.000000000000000000e+00,7.068909406661987305e-01,0.000000000000000000e+00,0.000000000000000000e+00,0.000000000000000000e+00
