# CPU,RAM,NetworkR,NetworkW,DiskW,DiskR
7.391302585601806641e-01,7.404802441596984863e-01,1.000000000000000000e+00,2.937926054000854492e-01,2.965733408927917480e-01,2.978518605232238770e-01
7.012649774551391602e-01,7.419276237487792969e-01,1.000000000000000000e+00,2.708115577697753906e-01,2.966383695602416992e-01,2.918901443481445312e-01
7.019497752189636230e-01,8.238155841827392578e-01,1.000000000000000000e+00,2.442226409912109375e-01,2.869270145893096924e-01,2.858686447143554688e-01
7.025315165519714355e-01,7.969136834144592285e-01,1.000000000000000000e+00,2.329695224761962891e-01,2.597071528434753418e-01,2.784481048583984375e-01
7.011588215827941895e-01,7.913031578063964844e-01,1.000000000000000000e+00,1.796208620071411133e-01,2.223962545394897461e-02,2.064337134361267090e-01
7.111001014709472656e-01,8.285949826240539551e-01,1.000000000000000000e+00,2.621191740036010742e-02,0.000000000000000000e+00,1.586447954177856445e-01
7.222383022308349609e-01,8.116562962532043457e-01,1.000000000000000000e+00,0.000000000000000000e+00,0.000000000000000000e+00,1.590625047683715820e-01
7.305440902709960938e-01,8.518323898315429688e-01,1.000000000000000000e+00,0.000000000000000000e+00,0.000000000000000000e+00,1.681105047464370728e-01
7.743216156959533691e-01,8.124473094940185547e-01,1.000000000000000000e+00,0.000000000000000000e+00,0.000000000000000000e+00,1.833879947662353516e-01
1.000000000000000000e+00,1.000000000000000000e+00,7.043585181236267090e-01,0.000000000000000000e+00,0.000000000000000000e+00,0.000000000000000000e+00
