# CPU,RAM,NetworkR,NetworkW,DiskW,DiskR
7.389209270477294922e-01,7.406861186027526855e-01,1.000000000000000000e+00,2.937953472137451172e-01,2.965672612190246582e-01,2.978548407554626465e-01
7.013739943504333496e-01,7.239927053451538086e-01,1.000000000000000000e+00,2.751095294952392578e-01,2.968761324882507324e-01,2.931461930274963379e-01
7.116500139236450195e-01,9.837659597396850586e-01,1.000000000000000000e+00,2.102174162864685059e-01,2.814264297485351562e-01,2.797720134258270264e-01
7.762835621833801270e-01,1.000000000000000000e+00,1.000000000000000000e+00,1.162800788879394531e-01,1.496362090110778809e-01,2.407074570655822754e-01
8.316724896430969238e-01,1.000000000000000000e+00,1.000000000000000000e+00,7.458937168121337891e-02,9.508615732192993164e-02,2.215749621391296387e-01
7.507427334785461426e-01,1.000000000000000000e+00,1.000000000000000000e+00,2.163660526275634766e-02,5.849599838256835938e-04,1.987280249595642090e-01
7.007065415382385254e-01,1.000000000000000000e+00,1.000000000000000000e+00,6.581610441207885742e-02,0.000000000000000000e+00,0.000000000000000000e+00
1.000000000000000000e+00,1.000000000000000000e+00,9.149017333984375000e-01,0.000000000000000000e+00,0.000000000000000000e+00,9.241777658462524414e-02
7.009928226470947266e-01,7.135535478591918945e-01,7.736861705780029297e-01,0.000000000000000000e+00,0.000000000000000000e+00,0.000000000000000000e+00
7.948595285415649414e-01,7.405509352684020996e-01,7.031997442245483398e-01,0.000000000000000000e+00,0.000000000000000000e+00,0.000000000000000000e+00
