# CPU,RAM,NetworkR,NetworkW,DiskW,DiskR
7.390143871307373047e-01,7.407048940658569336e-01,1.000000000000000000e+00,2.937942147254943848e-01,2.965668439865112305e-01,2.978548407554626465e-01
7.002549171447753906e-01,1.000000000000000000e+00,1.000000000000000000e+00,2.525820732116699219e-01,2.867536544799804688e-01,2.029867768287658691e-01
7.021060585975646973e-01,8.619098067283630371e-01,1.000000000000000000e+00,2.327563166618347168e-01,2.780386209487915039e-01,2.661385536193847656e-01
7.005187273025512695e-01,9.191843271255493164e-01,1.000000000000000000e+00,2.152565121650695801e-01,1.816728115081787109e-01,2.376223802566528320e-01
7.002159357070922852e-01,8.579778075218200684e-01,1.000000000000000000e+00,1.823338270187377930e-01,0.000000000000000000e+00,1.019115447998046875e-01
7.026212811470031738e-01,8.768079876899719238e-01,1.000000000000000000e+00,3.609859943389892578e-02,0.000000000000000000e+00,5.790942907333374023e-02
7.022684812545776367e-01,9.358504414558410645e-01,1.000000000000000000e+00,0.000000000000000000e+00,0.000000000000000000e+00,4.252713918685913086e-02
7.032792568206787109e-01,8.672646284103393555e-01,1.000000000000000000e+00,0.000000000000000000e+00,0.000000000000000000e+00,9.863299876451492310e-02
7.547906637191772461e-01,1.000000000000000000e+00,9.117804765701293945e-01,0.000000000000000000e+00,0.000000000000000000e+00,6.293660402297973633e-02
1.000000000000000000e+00,1.000000000000000000e+00,7.065097093582153320e-01,0.000000000000000000e+00,0.000000000000000000e+00,0.000000000000000000e+00
