# CPU,RAM,NetworkR,NetworkW,DiskW,DiskR
6.999999880790710449e-01,8.999999761581420898e-01,1.000000000000000000e+00,3.000000119209289551e-01,3.000000119209289551e-01,3.000000119209289551e-01
6.999999880790710449e-01,1.000000000000000000e+00,1.000000000000000000e+00,2.478694468736648560e-01,2.889865636825561523e-01,2.853147983551025391e-01
6.999999880790710449e-01,1.000000000000000000e+00,1.000000000000000000e+00,2.052583843469619751e-01,2.465143799781799316e-01,2.853147983551025391e-01
6.999999880790710449e-01,1.000000000000000000e+00,1.000000000000000000e+00,1.325022727251052856e-01,2.170474529266357422e-01,2.853147983551025391e-01
6.999999880790710449e-01,1.000000000000000000e+00,1.000000000000000000e+00,9.170444309711456299e-02,2.981841564178466797e-02,1.656732559204101562e-01
7.849314808845520020e-01,1.000000000000000000e+00,1.000000000000000000e+00,4.274708032608032227e-02,0.000000000000000000e+00,1.483965069055557251e-01
6.999999880790710449e-01,1.000000000000000000e+00,9.857142567634582520e-01,0.000000000000000000e+00,0.000000000000000000e+00,1.118993759155273438e-01
1.000000000000000000e+00,1.000000000000000000e+00,9.040816426277160645e-01,0.000000000000000000e+00,0.000000000000000000e+00,1.396179199218750000e-02
6.999999880790710449e-01,6.999999880790710449e-01,7.816326618194580078e-01,0.000000000000000000e+00,0.000000000000000000e+00,0.000000000000000000e+00
7.739725708961486816e-01,6.999999880790710449e-01,6.999999880790710449e-01,0.000000000000000000e+00,0.000000000000000000e+00,0.000000000000000000e+00
