# CPU,RAM,NetworkR,NetworkW,DiskW,DiskR
7.391186952590942383e-01,7.407834529876708984e-01,1.000000000000000000e+00,2.937938570976257324e-01,2.965650558471679688e-01,2.978559136390686035e-01
7.010523080825805664e-01,7.902499437332153320e-01,1.000000000000000000e+00,2.650131583213806152e-01,2.959901690483093262e-01,2.891251444816589355e-01
7.029229998588562012e-01,7.603394985198974609e-01,1.000000000000000000e+00,2.572465538978576660e-01,2.917987704277038574e-01,2.910352945327758789e-01
7.017582654953002930e-01,7.933034896850585938e-01,1.000000000000000000e+00,2.351410388946533203e-01,2.604828476905822754e-01,2.785302400588989258e-01
7.008969187736511230e-01,7.867398262023925781e-01,1.000000000000000000e+00,1.818151026964187622e-01,1.295769959688186646e-02,2.034430056810379028e-01
7.110314965248107910e-01,8.230727910995483398e-01,1.000000000000000000e+00,7.573127746582031250e-03,0.000000000000000000e+00,1.369436383247375488e-01
7.138400077819824219e-01,8.179146647453308105e-01,1.000000000000000000e+00,0.000000000000000000e+00,0.000000000000000000e+00,1.212703585624694824e-01
7.109504342079162598e-01,8.386029005050659180e-01,1.000000000000000000e+00,0.000000000000000000e+00,0.000000000000000000e+00,1.305212974548339844e-01
7.394726872444152832e-01,8.139322996139526367e-01,9.788590669631958008e-01,0.000000000000000000e+00,0.000000000000000000e+00,1.207702159881591797e-01
1.000000000000000000e+00,1.000000000000000000e+00,7.047088742256164551e-01,0.000000000000000000e+00,0.000000000000000000e+00,0.000000000000000000e+00
