# CPU,RAM,NetworkR,NetworkW,DiskW,DiskR
7.390400767326354980e-01,7.405896186828613281e-01,1.000000000000000000e+00,2.937931120395660400e-01,2.965698242187500000e-01,2.978531122207641602e-01
7.006992697715759277e-01,8.028640747070312500e-01,1.000000000000000000e+00,2.651300132274627686e-01,2.954251766204833984e-01,2.857206463813781738e-01
7.021730542182922363e-01,7.799585461616516113e-01,1.000000000000000000e+00,2.535143494606018066e-01,2.900655269622802734e-01,2.885564565658569336e-01
7.013643980026245117e-01,8.456816673278808594e-01,1.000000000000000000e+00,2.225260138511657715e-01,2.384626269340515137e-01,2.682905793190002441e-01
7.005563974380493164e-01,8.099360466003417969e-01,1.000000000000000000e+00,1.779899001121520996e-01,0.000000000000000000e+00,1.734347343444824219e-01
7.067241072654724121e-01,8.638086318969726562e-01,1.000000000000000000e+00,1.251667737960815430e-02,0.000000000000000000e+00,1.249652504920959473e-01
7.049663662910461426e-01,8.301265239715576172e-01,1.000000000000000000e+00,0.000000000000000000e+00,0.000000000000000000e+00,1.385384202003479004e-01
7.044702172279357910e-01,8.296502828598022461e-01,1.000000000000000000e+00,0.000000000000000000e+00,0.000000000000000000e+00,1.587490439414978027e-01
7.604537010192871094e-01,9.135946631431579590e-01,9.771825075149536133e-01,0.000000000000000000e+00,0.000000000000000000e+00,1.467300057411193848e-01
1.000000000000000000e+00,1.000000000000000000e+00,7.052250504493713379e-01,0.000000000000000000e+00,0.000000000000000000e+00,0.000000000000000000e+00
