# CPU,RAM,NetworkR,NetworkW,DiskW,DiskR
7.391090393066406250e-01,7.407350540161132812e-01,1.000000000000000000e+00,2.937933802604675293e-01,2.965661883354187012e-01,2.978551387786865234e-01
7.010937929153442383e-01,7.719461321830749512e-01,1.000000000000000000e+00,2.667581140995025635e-01,2.962039709091186523e-01,2.900165319442749023e-01
7.026357650756835938e-01,7.587637901306152344e-01,1.000000000000000000e+00,2.576919794082641602e-01,2.916918396949768066e-01,2.909362912178039551e-01
7.017639875411987305e-01,7.973988056182861328e-01,1.000000000000000000e+00,2.328179031610488892e-01,2.573862075805664062e-01,2.770617008209228516e-01
7.009962797164916992e-01,7.901999950408935547e-01,1.000000000000000000e+00,1.763504743576049805e-01,1.137375831604003906e-03,1.979930400848388672e-01
7.126414179801940918e-01,8.430787324905395508e-01,1.000000000000000000e+00,0.000000000000000000e+00,0.000000000000000000e+00,1.320852637290954590e-01
7.133591771125793457e-01,8.326629400253295898e-01,1.000000000000000000e+00,0.000000000000000000e+00,0.000000000000000000e+00,1.067910790443420410e-01
7.064782381057739258e-01,8.253468275070190430e-01,1.000000000000000000e+00,0.000000000000000000e+00,0.000000000000000000e+00,1.210951805114746094e-01
7.241640686988830566e-01,8.154295086860656738e-01,9.751318693161010742e-01,0.000000000000000000e+00,0.000000000000000000e+00,8.513027429580688477e-02
1.000000000000000000e+00,1.000000000000000000e+00,7.053976655006408691e-01,0.000000000000000000e+00,0.000000000000000000e+00,0.000000000000000000e+00
