# CPU,RAM,NetworkR,NetworkW,DiskW,DiskR
7.391578555107116699e-01,7.407726049423217773e-01,1.000000000000000000e+00,2.937933206558227539e-01,2.965653538703918457e-01,2.978556752204895020e-01
7.012559771537780762e-01,7.424244284629821777e-01,1.000000000000000000e+00,2.706876993179321289e-01,2.965965867042541504e-01,2.917721867561340332e-01
7.071245908737182617e-01,8.455098271369934082e-01,1.000000000000000000e+00,2.328670024871826172e-01,2.886283993721008301e-01,2.863147854804992676e-01
7.221992015838623047e-01,9.331395626068115234e-01,1.000000000000000000e+00,1.961400061845779419e-01,2.627493143081665039e-01,2.760206460952758789e-01
8.314279317855834961e-01,1.000000000000000000e+00,1.000000000000000000e+00,7.078242301940917969e-02,1.094587445259094238e-01,2.291819006204605103e-01
7.663772702217102051e-01,1.000000000000000000e+00,1.000000000000000000e+00,0.000000000000000000e+00,0.000000000000000000e+00,1.649441719055175781e-01
7.032649517059326172e-01,1.000000000000000000e+00,1.000000000000000000e+00,2.303200960159301758e-02,0.000000000000000000e+00,1.630726009607315063e-01
1.000000000000000000e+00,1.000000000000000000e+00,8.771460652351379395e-01,0.000000000000000000e+00,0.000000000000000000e+00,0.000000000000000000e+00
7.050086259841918945e-01,7.043978571891784668e-01,7.889277935028076172e-01,0.000000000000000000e+00,0.000000000000000000e+00,0.000000000000000000e+00
8.460873961448669434e-01,7.143940329551696777e-01,7.043796777725219727e-01,0.000000000000000000e+00,0.000000000000000000e+00,0.000000000000000000e+00
