# CPU,RAM,NetworkR,NetworkW,DiskW,DiskR
7.390493750572204590e-01,7.406860589981079102e-01,1.000000000000000000e+00,2.937947511672973633e-01,2.965677976608276367e-01,2.978549003601074219e-01
7.009482979774475098e-01,8.007941246032714844e-01,1.000000000000000000e+00,2.644881606101989746e-01,2.958183884620666504e-01,2.882695794105529785e-01
7.031424641609191895e-01,7.432661056518554688e-01,1.000000000000000000e+00,2.623448967933654785e-01,2.930849790573120117e-01,2.923907637596130371e-01
7.020541429519653320e-01,8.064712882041931152e-01,1.000000000000000000e+00,2.285553812980651855e-01,2.586113214492797852e-01,2.764249444007873535e-01
7.032665610313415527e-01,7.803829908370971680e-01,1.000000000000000000e+00,1.698539257049560547e-01,8.256435394287109375e-02,2.258951067924499512e-01
8.324158191680908203e-01,9.637454748153686523e-01,1.000000000000000000e+00,0.000000000000000000e+00,6.341516971588134766e-03,1.791618466377258301e-01
9.345775842666625977e-01,1.000000000000000000e+00,9.439598917961120605e-01,0.000000000000000000e+00,0.000000000000000000e+00,1.912138015031814575e-01
1.000000000000000000e+00,1.000000000000000000e+00,7.634527683258056641e-01,0.000000000000000000e+00,0.000000000000000000e+00,0.000000000000000000e+00
7.091706395149230957e-01,7.011357545852661133e-01,7.651586532592773438e-01,0.000000000000000000e+00,0.000000000000000000e+00,0.000000000000000000e+00
8.705128431320190430e-01,7.054938673973083496e-01,7.076472640037536621e-01,0.000000000000000000e+00,0.000000000000000000e+00,0.000000000000000000e+00
