# CPU,RAM,NetworkR,NetworkW,DiskW,DiskR
7.391119003295898438e-01,7.407391071319580078e-01,1.000000000000000000e+00,2.937937378883361816e-01,2.965662479400634766e-01,2.978553175926208496e-01
7.012915015220642090e-01,7.427864670753479004e-01,1.000000000000000000e+00,2.705006599426269531e-01,2.966004014015197754e-01,2.917770743370056152e-01
7.113924026489257812e-01,9.622117877006530762e-01,1.000000000000000000e+00,2.180581688880920410e-01,2.851572632789611816e-01,2.834850549697875977e-01
7.343015074729919434e-01,1.000000000000000000e+00,1.000000000000000000e+00,1.324948668479919434e-01,1.619072556495666504e-01,2.443733811378479004e-01
7.378351688385009766e-01,1.000000000000000000e+00,1.000000000000000000e+00,1.147052645683288574e-01,1.280707716941833496e-01,2.307986617088317871e-01
7.384226322174072266e-01,1.000000000000000000e+00,1.000000000000000000e+00,2.494760043919086456e-02,4.219174385070800781e-03,1.931360960006713867e-01
7.024459838867187500e-01,1.000000000000000000e+00,1.000000000000000000e+00,5.595833063125610352e-02,0.000000000000000000e+00,2.037041783332824707e-01
1.000000000000000000e+00,1.000000000000000000e+00,9.141002893447875977e-01,0.000000000000000000e+00,0.000000000000000000e+00,2.638549916446208954e-02
7.030037641525268555e-01,7.048131823539733887e-01,8.009846210479736328e-01,0.000000000000000000e+00,0.000000000000000000e+00,0.000000000000000000e+00
7.940254807472229004e-01,7.106346487998962402e-01,7.063927650451660156e-01,0.000000000000000000e+00,0.000000000000000000e+00,0.000000000000000000e+00
