# CPU,RAM,NetworkR,NetworkW,DiskW,DiskR
0.000000000000000000e+00,0.000000000000000000e+00,2.969682812690734863e-01,1.000000000000000000e+00,1.000000000000000000e+00,1.000000000000000000e+00
0.000000000000000000e+00,0.000000000000000000e+00,2.094521522521972656e-01,1.000000000000000000e+00,1.000000000000000000e+00,1.000000000000000000e+00
0.000000000000000000e+00,1.203531026840209961e-02,3.275126218795776367e-02,1.000000000000000000e+00,1.000000000000000000e+00,9.836426973342895508e-01
7.000811100006103516e-01,1.000000000000000000e+00,1.000000000000000000e+00,1.438887119293212891e-01,0.000000000000000000e+00,0.000000000000000000e+00
7.000993490219116211e-01,1.000000000000000000e+00,1.000000000000000000e+00,8.211225271224975586e-02,0.000000000000000000e+00,0.000000000000000000e+00
7.002706527709960938e-01,1.000000000000000000e+00,9.881748557090759277e-01,0.000000000000000000e+00,0.000000000000000000e+00,0.000000000000000000e+00
7.007188796997070312e-01,1.000000000000000000e+00,9.088070392608642578e-01,0.000000000000000000e+00,0.000000000000000000e+00,0.000000000000000000e+00
7.266072034835815430e-01,1.000000000000000000e+00,9.620265960693359375e-01,0.000000000000000000e+00,0.000000000000000000e+00,0.000000000000000000e+00
1.000000000000000000e+00,1.000000000000000000e+00,9.952491521835327148e-01,0.000000000000000000e+00,6.975390017032623291e-02,2.424722313880920410e-01
1.000000000000000000e+00,1.000000000000000000e+00,7.117317914962768555e-01,0.000000000000000000e+00,0.000000000000000000e+00,0.000000000000000000e+00
