# CPU,RAM,NetworkR,NetworkW,DiskW,DiskR
7.391599416732788086e-01,7.407699823379516602e-01,1.000000000000000000e+00,2.937933802604675293e-01,2.965654730796813965e-01,2.978556752204895020e-01
7.011354565620422363e-01,7.795301675796508789e-01,1.000000000000000000e+00,2.657731175422668457e-01,2.961434125900268555e-01,2.898001670837402344e-01
7.052344679832458496e-01,8.296594023704528809e-01,1.000000000000000000e+00,2.399885654449462891e-01,2.893373966217041016e-01,2.877949476242065430e-01
7.030661702156066895e-01,7.922540307044982910e-01,1.000000000000000000e+00,2.375644445419311523e-01,2.700200080871582031e-01,2.830892205238342285e-01
7.023606896400451660e-01,7.998166084289550781e-01,1.000000000000000000e+00,1.755627393722534180e-01,8.957576751708984375e-02,2.269310951232910156e-01
7.413429617881774902e-01,7.888065576553344727e-01,1.000000000000000000e+00,3.383296728134155273e-02,1.708330027759075165e-02,1.889873743057250977e-01
8.323614597320556641e-01,1.000000000000000000e+00,9.722384810447692871e-01,0.000000000000000000e+00,0.000000000000000000e+00,2.156386971473693848e-01
1.000000000000000000e+00,1.000000000000000000e+00,7.977242469787597656e-01,0.000000000000000000e+00,0.000000000000000000e+00,0.000000000000000000e+00
7.069191932678222656e-01,7.014846801757812500e-01,7.623441219329833984e-01,0.000000000000000000e+00,0.000000000000000000e+00,0.000000000000000000e+00
8.477321863174438477e-01,7.062867283821105957e-01,7.067652344703674316e-01,0.000000000000000000e+00,0.000000000000000000e+00,0.000000000000000000e+00
