# CPU,RAM,NetworkR,NetworkW,DiskW,DiskR
7.390460968017578125e-01,7.405561208724975586e-01,1.000000000000000000e+00,2.937918901443481445e-01,2.965703010559082031e-01,2.978522777557373047e-01
7.001093626022338867e-01,1.000000000000000000e+00,1.000000000000000000e+00,2.424918413162231445e-01,2.628983855247497559e-01,0.000000000000000000e+00
7.002701759338378906e-01,1.000000000000000000e+00,1.000000000000000000e+00,1.884059309959411621e-01,1.620109677314758301e-01,0.000000000000000000e+00
7.001236081123352051e-01,1.000000000000000000e+00,1.000000000000000000e+00,1.730337738990783691e-01,3.187656402587890625e-03,0.000000000000000000e+00
7.001193165779113770e-01,1.000000000000000000e+00,1.000000000000000000e+00,1.210196018218994141e-01,0.000000000000000000e+00,0.000000000000000000e+00
7.005614638328552246e-01,1.000000000000000000e+00,1.000000000000000000e+00,2.675116062164306641e-03,0.000000000000000000e+00,0.000000000000000000e+00
7.008551955223083496e-01,1.000000000000000000e+00,9.487929344177246094e-01,0.000000000000000000e+00,0.000000000000000000e+00,0.000000000000000000e+00
7.091224193572998047e-01,9.758841395378112793e-01,9.881442785263061523e-01,0.000000000000000000e+00,0.000000000000000000e+00,0.000000000000000000e+00
1.000000000000000000e+00,1.000000000000000000e+00,9.417644739151000977e-01,0.000000000000000000e+00,0.000000000000000000e+00,2.051682472229003906e-01
1.000000000000000000e+00,1.000000000000000000e+00,7.080213427543640137e-01,0.000000000000000000e+00,0.000000000000000000e+00,0.000000000000000000e+00
