# CPU,RAM,NetworkR,NetworkW,DiskW,DiskR
7.390167117118835449e-01,7.405685782432556152e-01,1.000000000000000000e+00,2.937928140163421631e-01,2.965701818466186523e-01,2.978526949882507324e-01
7.002754807472229004e-01,9.294309616088867188e-01,1.000000000000000000e+00,2.591676115989685059e-01,2.913765311241149902e-01,2.406876683235168457e-01
7.005293965339660645e-01,1.000000000000000000e+00,1.000000000000000000e+00,2.203303575515747070e-01,2.526442408561706543e-01,2.315246015787124634e-01
7.002876400947570801e-01,9.787968397140502930e-01,1.000000000000000000e+00,2.070131301879882812e-01,1.161042004823684692e-01,1.959687471389770508e-01
7.001661062240600586e-01,9.210259318351745605e-01,1.000000000000000000e+00,1.671908050775527954e-01,0.000000000000000000e+00,3.648543357849121094e-02
7.017663717269897461e-01,9.036186933517456055e-01,1.000000000000000000e+00,3.604263067245483398e-02,0.000000000000000000e+00,1.854109950363636017e-02
7.017911672592163086e-01,9.174038171768188477e-01,1.000000000000000000e+00,0.000000000000000000e+00,0.000000000000000000e+00,3.722679987549781799e-02
7.054733633995056152e-01,8.638687133789062500e-01,1.000000000000000000e+00,0.000000000000000000e+00,0.000000000000000000e+00,1.321537047624588013e-01
8.205797672271728516e-01,1.000000000000000000e+00,9.168845415115356445e-01,0.000000000000000000e+00,0.000000000000000000e+00,1.335202008485794067e-01
1.000000000000000000e+00,1.000000000000000000e+00,7.056679129600524902e-01,0.000000000000000000e+00,0.000000000000000000e+00,0.000000000000000000e+00
