# CPU,RAM,NetworkR,NetworkW,DiskW,DiskR
7.390918731689453125e-01,7.403631210327148438e-01,1.000000000000000000e+00,2.937857508659362793e-01,2.965735197067260742e-01,2.978477478027343750e-01
7.003784775733947754e-01,8.327801227569580078e-01,1.000000000000000000e+00,2.644538879394531250e-01,2.941434979438781738e-01,2.724160552024841309e-01
7.008777260780334473e-01,9.774904251098632812e-01,1.000000000000000000e+00,2.292766571044921875e-01,2.714507579803466797e-01,2.648788690567016602e-01
7.008221149444580078e-01,8.971068859100341797e-01,1.000000000000000000e+00,2.140399217605590820e-01,1.889789700508117676e-01,2.472883015871047974e-01
7.003619074821472168e-01,8.709778189659118652e-01,1.000000000000000000e+00,1.723376512527465820e-01,0.000000000000000000e+00,1.411450505256652832e-01
7.040467858314514160e-01,8.887872099876403809e-01,1.000000000000000000e+00,4.826986789703369141e-02,0.000000000000000000e+00,1.333539038896560669e-01
7.028032541275024414e-01,8.128838539123535156e-01,1.000000000000000000e+00,1.574963331222534180e-02,0.000000000000000000e+00,1.527374386787414551e-01
7.057662010192871094e-01,9.115681648254394531e-01,1.000000000000000000e+00,0.000000000000000000e+00,0.000000000000000000e+00,1.131143569946289062e-01
8.223441243171691895e-01,1.000000000000000000e+00,8.699615001678466797e-01,0.000000000000000000e+00,0.000000000000000000e+00,7.377976179122924805e-02
1.000000000000000000e+00,1.000000000000000000e+00,7.050813436508178711e-01,0.000000000000000000e+00,0.000000000000000000e+00,0.000000000000000000e+00
