# CPU,RAM,NetworkR,NetworkW,DiskW,DiskR
7.389644980430603027e-01,7.403023838996887207e-01,1.000000000000000000e+00,2.937864661216735840e-01,2.965747714042663574e-01,2.978469729423522949e-01
7.008092403411865234e-01,8.115231990814208984e-01,1.000000000000000000e+00,2.641089558601379395e-01,2.955489158630371094e-01,2.867357134819030762e-01
7.020167708396911621e-01,8.113531470298767090e-01,1.000000000000000000e+00,2.489024400711059570e-01,2.884793877601623535e-01,2.873437404632568359e-01
7.015069723129272461e-01,8.749505877494812012e-01,1.000000000000000000e+00,2.179586291313171387e-01,2.337731122970581055e-01,2.665365934371948242e-01
7.005934119224548340e-01,8.202337622642517090e-01,1.000000000000000000e+00,1.802833676338195801e-01,0.000000000000000000e+00,1.844176650047302246e-01
7.060836553573608398e-01,9.068905115127563477e-01,1.000000000000000000e+00,3.016746044158935547e-02,0.000000000000000000e+00,1.531528979539871216e-01
7.053214311599731445e-01,8.128226399421691895e-01,1.000000000000000000e+00,0.000000000000000000e+00,0.000000000000000000e+00,1.662452220916748047e-01
7.039034962654113770e-01,8.609286546707153320e-01,1.000000000000000000e+00,0.000000000000000000e+00,0.000000000000000000e+00,1.375642418861389160e-01
7.535336017608642578e-01,9.567010402679443359e-01,9.471886754035949707e-01,0.000000000000000000e+00,0.000000000000000000e+00,1.068433523178100586e-01
1.000000000000000000e+00,1.000000000000000000e+00,7.054055929183959961e-01,0.000000000000000000e+00,0.000000000000000000e+00,0.000000000000000000e+00
