# CPU,RAM,NetworkR,NetworkW,DiskW,DiskR
7.391974329948425293e-01,7.408332228660583496e-01,1.000000000000000000e+00,2.937932014465332031e-01,2.965638041496276855e-01,2.978564500808715820e-01
7.004191875457763672e-01,1.000000000000000000e+00,1.000000000000000000e+00,2.538490295410156250e-01,2.902083396911621094e-01,2.545294165611267090e-01
7.053312063217163086e-01,7.436584234237670898e-01,1.000000000000000000e+00,2.589750885963439941e-01,2.926446795463562012e-01,2.900609374046325684e-01
7.014472484588623047e-01,7.966368198394775391e-01,1.000000000000000000e+00,2.370322346687316895e-01,2.634373307228088379e-01,2.780688405036926270e-01
7.004585266113281250e-01,7.798240184783935547e-01,1.000000000000000000e+00,2.023306041955947876e-01,3.773534297943115234e-02,2.102756053209304810e-01
7.053226232528686523e-01,7.981362938880920410e-01,1.000000000000000000e+00,5.036950111389160156e-02,0.000000000000000000e+00,1.526995301246643066e-01
7.074199318885803223e-01,8.155919313430786133e-01,1.000000000000000000e+00,0.000000000000000000e+00,0.000000000000000000e+00,1.448165774345397949e-01
7.055156230926513672e-01,8.257296681404113770e-01,1.000000000000000000e+00,0.000000000000000000e+00,0.000000000000000000e+00,1.441999077796936035e-01
7.346015572547912598e-01,8.548974990844726562e-01,9.718852043151855469e-01,0.000000000000000000e+00,0.000000000000000000e+00,1.033696010708808899e-01
1.000000000000000000e+00,1.000000000000000000e+00,7.060358524322509766e-01,0.000000000000000000e+00,0.000000000000000000e+00,0.000000000000000000e+00
