# CPU,RAM,NetworkR,NetworkW,DiskW,DiskR
7.391296029090881348e-01,7.407667040824890137e-01,1.000000000000000000e+00,2.937940955162048340e-01,2.965657114982604980e-01,2.978557944297790527e-01
7.011476159095764160e-01,7.761150598526000977e-01,1.000000000000000000e+00,2.660890221595764160e-01,2.961798906326293945e-01,2.899533510208129883e-01
7.069732546806335449e-01,7.970775365829467773e-01,1.000000000000000000e+00,2.442612648010253906e-01,2.914955615997314453e-01,2.896254658699035645e-01
7.044525146484375000e-01,8.134564161300659180e-01,1.000000000000000000e+00,2.293635606765747070e-01,2.698839902877807617e-01,2.818416357040405273e-01
7.120221853256225586e-01,8.518877625465393066e-01,1.000000000000000000e+00,1.415946036577224731e-01,1.345587968826293945e-01,2.325991392135620117e-01
7.817614078521728516e-01,9.337599873542785645e-01,1.000000000000000000e+00,3.372430801391601562e-04,3.412640094757080078e-02,1.924637556076049805e-01
7.851026654243469238e-01,1.000000000000000000e+00,9.925903081893920898e-01,0.000000000000000000e+00,0.000000000000000000e+00,2.213965058326721191e-01
1.000000000000000000e+00,1.000000000000000000e+00,7.977596521377563477e-01,0.000000000000000000e+00,0.000000000000000000e+00,0.000000000000000000e+00
7.126757502555847168e-01,7.019929289817810059e-01,7.756039500236511230e-01,0.000000000000000000e+00,0.000000000000000000e+00,0.000000000000000000e+00
9.044784903526306152e-01,7.089645862579345703e-01,7.051821351051330566e-01,0.000000000000000000e+00,0.000000000000000000e+00,0.000000000000000000e+00
