# CPU,RAM,NetworkR,NetworkW,DiskW,DiskR
7.391778826713562012e-01,7.408014535903930664e-01,1.000000000000000000e+00,2.937929034233093262e-01,2.965645194053649902e-01,2.978559136390686035e-01
7.011093497276306152e-01,7.735475301742553711e-01,1.000000000000000000e+00,2.665476202964782715e-01,2.962060570716857910e-01,2.900327146053314209e-01
7.026140689849853516e-01,7.727223634719848633e-01,1.000000000000000000e+00,2.542191147804260254e-01,2.908155322074890137e-01,2.899853587150573730e-01
7.018845677375793457e-01,7.849019765853881836e-01,1.000000000000000000e+00,2.379897236824035645e-01,2.633735537528991699e-01,2.801431417465209961e-01
7.087871432304382324e-01,8.110714554786682129e-01,1.000000000000000000e+00,1.385325789451599121e-01,8.547192811965942383e-02,2.179731726646423340e-01
8.224712610244750977e-01,9.234565496444702148e-01,1.000000000000000000e+00,0.000000000000000000e+00,7.975512742996215820e-02,2.080391049385070801e-01
8.016161918640136719e-01,1.000000000000000000e+00,1.000000000000000000e+00,0.000000000000000000e+00,0.000000000000000000e+00,2.245919704437255859e-01
1.000000000000000000e+00,1.000000000000000000e+00,7.955074906349182129e-01,0.000000000000000000e+00,0.000000000000000000e+00,0.000000000000000000e+00
7.052155733108520508e-01,7.017590403556823730e-01,7.713173627853393555e-01,0.000000000000000000e+00,0.000000000000000000e+00,0.000000000000000000e+00
8.230015039443969727e-01,7.066969275474548340e-01,7.069802284240722656e-01,0.000000000000000000e+00,0.000000000000000000e+00,0.000000000000000000e+00
