# CPU,RAM,NetworkR,NetworkW,DiskW,DiskR
7.391576766967773438e-01,7.408031225204467773e-01,1.000000000000000000e+00,2.937931120395660400e-01,2.965644001960754395e-01,2.978559732437133789e-01
7.013371586799621582e-01,7.210070490837097168e-01,1.000000000000000000e+00,2.763195633888244629e-01,2.969346642494201660e-01,2.934641242027282715e-01
7.036779522895812988e-01,8.525563478469848633e-01,1.000000000000000000e+00,2.300446033477783203e-01,2.840297818183898926e-01,2.817925810813903809e-01
7.037255764007568359e-01,7.828179597854614258e-01,1.000000000000000000e+00,2.339289784431457520e-01,2.635158300399780273e-01,2.804511785507202148e-01
7.116358876228332520e-01,8.483083248138427734e-01,1.000000000000000000e+00,1.218969970941543579e-01,6.201940774917602539e-02,2.062782049179077148e-01
7.432736158370971680e-01,8.819156885147094727e-01,1.000000000000000000e+00,1.621097326278686523e-02,2.921921014785766602e-02,1.897619962692260742e-01
7.990266680717468262e-01,1.000000000000000000e+00,9.580388069152832031e-01,0.000000000000000000e+00,0.000000000000000000e+00,1.785291433334350586e-01
9.750522375106811523e-01,1.000000000000000000e+00,8.122808933258056641e-01,0.000000000000000000e+00,0.000000000000000000e+00,0.000000000000000000e+00
7.198053598403930664e-01,7.179765105247497559e-01,7.633714675903320312e-01,0.000000000000000000e+00,0.000000000000000000e+00,0.000000000000000000e+00
1.000000000000000000e+00,8.008669018745422363e-01,7.024478912353515625e-01,0.000000000000000000e+00,0.000000000000000000e+00,0.000000000000000000e+00
