# CPU,RAM,NetworkR,NetworkW,DiskW,DiskR
7.391088604927062988e-01,7.406584620475769043e-01,1.000000000000000000e+00,2.937938570976257324e-01,2.965685725212097168e-01,2.978543639183044434e-01
7.008557915687561035e-01,8.328381776809692383e-01,1.000000000000000000e+00,2.625467181205749512e-01,2.953928709030151367e-01,2.863329648971557617e-01
7.033874392509460449e-01,7.434203028678894043e-01,1.000000000000000000e+00,2.621777057647705078e-01,2.930906414985656738e-01,2.923229932785034180e-01
7.083073258399963379e-01,8.553207516670227051e-01,1.000000000000000000e+00,2.074928283691406250e-01,2.634427547454833984e-01,2.752834558486938477e-01
7.696195244789123535e-01,1.000000000000000000e+00,1.000000000000000000e+00,7.591861486434936523e-02,1.164171695709228516e-01,2.215624451637268066e-01
8.690210580825805664e-01,1.000000000000000000e+00,1.000000000000000000e+00,0.000000000000000000e+00,0.000000000000000000e+00,1.988070011138916016e-01
7.080658078193664551e-01,1.000000000000000000e+00,9.736166596412658691e-01,0.000000000000000000e+00,0.000000000000000000e+00,1.012012362480163574e-01
1.000000000000000000e+00,1.000000000000000000e+00,8.396881222724914551e-01,0.000000000000000000e+00,0.000000000000000000e+00,0.000000000000000000e+00
7.058524489402770996e-01,7.048721313476562500e-01,7.781279683113098145e-01,0.000000000000000000e+00,0.000000000000000000e+00,0.000000000000000000e+00
8.140331506729125977e-01,7.103202939033508301e-01,7.053322792053222656e-01,0.000000000000000000e+00,0.000000000000000000e+00,0.000000000000000000e+00
