# CPU,RAM,NetworkR,NetworkW,DiskW,DiskR
7.390512824058532715e-01,7.407981157302856445e-01,1.000000000000000000e+00,2.937942147254943848e-01,2.965644001960754395e-01,2.978560924530029297e-01
7.014034390449523926e-01,7.148742079734802246e-01,1.000000000000000000e+00,2.788231372833251953e-01,2.970486879348754883e-01,2.941190600395202637e-01
7.033693194389343262e-01,9.076635241508483887e-01,1.000000000000000000e+00,2.188807725906372070e-01,2.767276763916015625e-01,2.750992774963378906e-01
7.035210132598876953e-01,7.782888412475585938e-01,1.000000000000000000e+00,2.336103320121765137e-01,2.574263811111450195e-01,2.788175940513610840e-01
7.017841339111328125e-01,8.096386790275573730e-01,1.000000000000000000e+00,1.593801975250244141e-01,0.000000000000000000e+00,1.849056482315063477e-01
7.197654843330383301e-01,8.583976030349731445e-01,1.000000000000000000e+00,2.300679683685302734e-03,0.000000000000000000e+00,1.430923342704772949e-01
7.463368177413940430e-01,8.552483320236206055e-01,1.000000000000000000e+00,0.000000000000000000e+00,0.000000000000000000e+00,1.273104548454284668e-01
7.602682709693908691e-01,9.249551892280578613e-01,9.631487131118774414e-01,0.000000000000000000e+00,0.000000000000000000e+00,1.344147324562072754e-01
7.736197113990783691e-01,7.854447364807128906e-01,9.902930259704589844e-01,0.000000000000000000e+00,0.000000000000000000e+00,1.585766673088073730e-01
1.000000000000000000e+00,1.000000000000000000e+00,7.036860585212707520e-01,0.000000000000000000e+00,0.000000000000000000e+00,0.000000000000000000e+00
