# CPU,RAM,NetworkR,NetworkW,DiskW,DiskR
7.390424609184265137e-01,7.407590746879577637e-01,1.000000000000000000e+00,2.937949299812316895e-01,2.965657711029052734e-01,2.978558540344238281e-01
7.014290690422058105e-01,7.163875699043273926e-01,1.000000000000000000e+00,2.780197262763977051e-01,2.970213890075683594e-01,2.939337491989135742e-01
7.103451490402221680e-01,1.000000000000000000e+00,1.000000000000000000e+00,2.016339302062988281e-01,2.743858695030212402e-01,2.742887139320373535e-01
8.005584478378295898e-01,1.000000000000000000e+00,1.000000000000000000e+00,1.332671642303466797e-01,2.018157243728637695e-01,2.533440589904785156e-01
8.367701768875122070e-01,1.000000000000000000e+00,1.000000000000000000e+00,5.833464860916137695e-02,4.998220130801200867e-02,2.110603451728820801e-01
7.390622496604919434e-01,1.000000000000000000e+00,1.000000000000000000e+00,1.004100032150745392e-02,0.000000000000000000e+00,1.744762659072875977e-01
7.019101977348327637e-01,1.000000000000000000e+00,1.000000000000000000e+00,5.124193429946899414e-02,0.000000000000000000e+00,0.000000000000000000e+00
1.000000000000000000e+00,1.000000000000000000e+00,8.994644880294799805e-01,0.000000000000000000e+00,0.000000000000000000e+00,1.113526821136474609e-01
7.007889151573181152e-01,7.117878794670104980e-01,7.606426477432250977e-01,0.000000000000000000e+00,0.000000000000000000e+00,0.000000000000000000e+00
7.869092226028442383e-01,7.341386675834655762e-01,7.036715149879455566e-01,0.000000000000000000e+00,0.000000000000000000e+00,0.000000000000000000e+00
