# CPU,RAM,NetworkR,NetworkW,DiskW,DiskR
7.390137910842895508e-01,7.405718564987182617e-01,1.000000000000000000e+00,2.937939763069152832e-01,2.965705394744873047e-01,2.978531718254089355e-01
7.014652490615844727e-01,7.251709699630737305e-01,1.000000000000000000e+00,2.744935750961303711e-01,2.968843579292297363e-01,2.930901646614074707e-01
7.066478133201599121e-01,1.000000000000000000e+00,1.000000000000000000e+00,2.124245166778564453e-01,2.782678008079528809e-01,2.781893610954284668e-01
7.051197886466979980e-01,7.779555320739746094e-01,1.000000000000000000e+00,2.368557453155517578e-01,2.688151001930236816e-01,2.833832502365112305e-01
7.014961838722229004e-01,8.027653694152832031e-01,1.000000000000000000e+00,1.797628998756408691e-01,5.116146802902221680e-02,2.146440148353576660e-01
7.098774313926696777e-01,8.046000003814697266e-01,1.000000000000000000e+00,4.764091968536376953e-02,0.000000000000000000e+00,1.541824936866760254e-01
7.413628697395324707e-01,8.562748432159423828e-01,1.000000000000000000e+00,0.000000000000000000e+00,0.000000000000000000e+00,1.299573183059692383e-01
7.649215459823608398e-01,9.146317839622497559e-01,9.490247368812561035e-01,0.000000000000000000e+00,0.000000000000000000e+00,1.064817309379577637e-01
7.602216005325317383e-01,7.657428979873657227e-01,1.000000000000000000e+00,0.000000000000000000e+00,0.000000000000000000e+00,1.603890061378479004e-01
1.000000000000000000e+00,1.000000000000000000e+00,7.040212154388427734e-01,0.000000000000000000e+00,0.000000000000000000e+00,0.000000000000000000e+00
