# CPU,RAM,NetworkR,NetworkW,DiskW,DiskR
7.389262318611145020e-01,7.404094934463500977e-01,1.000000000000000000e+00,2.937905788421630859e-01,2.965732216835021973e-01,2.978497147560119629e-01
7.003712058067321777e-01,8.859097361564636230e-01,1.000000000000000000e+00,2.611942887306213379e-01,2.932037711143493652e-01,2.655696868896484375e-01
7.011332511901855469e-01,8.690282702445983887e-01,1.000000000000000000e+00,2.406448721885681152e-01,2.811851501464843750e-01,2.751419544219970703e-01
7.004587054252624512e-01,8.922823071479797363e-01,1.000000000000000000e+00,2.214852571487426758e-01,1.904646158218383789e-01,2.458388805389404297e-01
7.002617716789245605e-01,8.378400802612304688e-01,1.000000000000000000e+00,1.814550161361694336e-01,0.000000000000000000e+00,1.311380267143249512e-01
7.035105228424072266e-01,8.480069637298583984e-01,1.000000000000000000e+00,4.199250042438507080e-02,0.000000000000000000e+00,1.115508675575256348e-01
7.029154300689697266e-01,8.370684385299682617e-01,1.000000000000000000e+00,0.000000000000000000e+00,0.000000000000000000e+00,1.399544477462768555e-01
7.052481770515441895e-01,8.628490567207336426e-01,1.000000000000000000e+00,0.000000000000000000e+00,0.000000000000000000e+00,1.462959051132202148e-01
7.923231720924377441e-01,1.000000000000000000e+00,9.092886447906494141e-01,0.000000000000000000e+00,0.000000000000000000e+00,1.056261062622070312e-01
1.000000000000000000e+00,1.000000000000000000e+00,7.050936222076416016e-01,0.000000000000000000e+00,0.000000000000000000e+00,0.000000000000000000e+00
