# CPU,RAM,NetworkR,NetworkW,DiskW,DiskR
7.390863299369812012e-01,7.405343055725097656e-01,1.000000000000000000e+00,2.937926054000854492e-01,2.965714931488037109e-01,2.978523969650268555e-01
7.004935741424560547e-01,8.997608423233032227e-01,1.000000000000000000e+00,2.602556347846984863e-01,2.937255501747131348e-01,2.743488550186157227e-01
7.022395730018615723e-01,8.236548900604248047e-01,1.000000000000000000e+00,2.447726130485534668e-01,2.867422699928283691e-01,2.837601900100708008e-01
7.010495066642761230e-01,8.758401870727539062e-01,1.000000000000000000e+00,2.208283543586730957e-01,2.269421219825744629e-01,2.632503509521484375e-01
7.003232836723327637e-01,8.246740102767944336e-01,1.000000000000000000e+00,1.873018145561218262e-01,0.000000000000000000e+00,1.613674163818359375e-01
7.038530707359313965e-01,8.689543008804321289e-01,1.000000000000000000e+00,3.602021932601928711e-02,0.000000000000000000e+00,1.214181780815124512e-01
7.033200263977050781e-01,8.606554269790649414e-01,1.000000000000000000e+00,0.000000000000000000e+00,0.000000000000000000e+00,1.315701007843017578e-01
7.030182480812072754e-01,8.470087051391601562e-01,1.000000000000000000e+00,0.000000000000000000e+00,0.000000000000000000e+00,1.348776817321777344e-01
7.394104003906250000e-01,9.403005242347717285e-01,9.477244019508361816e-01,0.000000000000000000e+00,0.000000000000000000e+00,8.126270771026611328e-02
1.000000000000000000e+00,1.000000000000000000e+00,7.061147689819335938e-01,0.000000000000000000e+00,0.000000000000000000e+00,0.000000000000000000e+00
