# CPU,RAM,NetworkR,NetworkW,DiskW,DiskR
7.391526699066162109e-01,7.408126592636108398e-01,1.000000000000000000e+00,2.937936782836914062e-01,2.965643405914306641e-01,2.978562712669372559e-01
7.006738185882568359e-01,9.412719011306762695e-01,1.000000000000000000e+00,2.585389018058776855e-01,2.940503358840942383e-01,2.798703312873840332e-01
7.040801048278808594e-01,7.376194596290588379e-01,1.000000000000000000e+00,2.636115550994873047e-01,2.934350371360778809e-01,2.924785017967224121e-01
7.012894153594970703e-01,7.851750254631042480e-01,1.000000000000000000e+00,2.390875220298767090e-01,2.626226544380187988e-01,2.789221405982971191e-01
7.009550929069519043e-01,7.654148936271667480e-01,1.000000000000000000e+00,1.937164664268493652e-01,5.352991819381713867e-02,2.216393947601318359e-01
7.183967828750610352e-01,7.638657689094543457e-01,1.000000000000000000e+00,4.283016920089721680e-02,0.000000000000000000e+00,1.853725314140319824e-01
8.389500975608825684e-01,8.991716504096984863e-01,1.000000000000000000e+00,0.000000000000000000e+00,6.194901466369628906e-02,2.074033617973327637e-01
1.000000000000000000e+00,1.000000000000000000e+00,8.221779465675354004e-01,0.000000000000000000e+00,0.000000000000000000e+00,9.892785549163818359e-02
7.028859853744506836e-01,7.037420868873596191e-01,7.418436408042907715e-01,0.000000000000000000e+00,0.000000000000000000e+00,0.000000000000000000e+00
1.000000000000000000e+00,7.466487884521484375e-01,7.016009688377380371e-01,0.000000000000000000e+00,0.000000000000000000e+00,0.000000000000000000e+00
