# CPU,RAM,NetworkR,NetworkW,DiskW,DiskR
7.395383119583129883e-01,7.406769990921020508e-01,1.000000000000000000e+00,2.937642931938171387e-01,2.965580821037292480e-01,2.978444695472717285e-01
7.002859711647033691e-01,8.381781578063964844e-01,1.000000000000000000e+00,2.640455365180969238e-01,2.929787635803222656e-01,2.572231292724609375e-01
7.004621028900146484e-01,9.974827170372009277e-01,1.000000000000000000e+00,2.270632982254028320e-01,2.598677277565002441e-01,2.402959018945693970e-01
7.003017663955688477e-01,9.319279193878173828e-01,1.000000000000000000e+00,2.082909345626831055e-01,1.101048588752746582e-01,1.958769559860229492e-01
7.004433870315551758e-01,9.508812427520751953e-01,1.000000000000000000e+00,1.390373706817626953e-01,0.000000000000000000e+00,8.898681402206420898e-02
7.024208307266235352e-01,8.768182992935180664e-01,1.000000000000000000e+00,5.474054813385009766e-02,0.000000000000000000e+00,9.985160827636718750e-02
7.018356323242187500e-01,8.097038269042968750e-01,1.000000000000000000e+00,2.800410985946655273e-02,0.000000000000000000e+00,1.496688723564147949e-01
7.108244299888610840e-01,9.354043006896972656e-01,1.000000000000000000e+00,0.000000000000000000e+00,0.000000000000000000e+00,1.122047975659370422e-01
1.000000000000000000e+00,1.000000000000000000e+00,8.058301210403442383e-01,0.000000000000000000e+00,0.000000000000000000e+00,0.000000000000000000e+00
1.000000000000000000e+00,1.000000000000000000e+00,7.052181363105773926e-01,0.000000000000000000e+00,0.000000000000000000e+00,0.000000000000000000e+00
