# CPU,RAM,NetworkR,NetworkW,DiskW,DiskR
7.391775250434875488e-01,7.407999038696289062e-01,1.000000000000000000e+00,2.937934398651123047e-01,2.965647578239440918e-01,2.978560924530029297e-01
7.010397911071777344e-01,8.042849898338317871e-01,1.000000000000000000e+00,2.639006376266479492e-01,2.958562374114990234e-01,2.885974049568176270e-01
7.091255187988281250e-01,7.730098962783813477e-01,1.000000000000000000e+00,2.494684457778930664e-01,2.931593060493469238e-01,2.913130521774291992e-01
7.282680869102478027e-01,9.856365919113159180e-01,1.000000000000000000e+00,1.884998083114624023e-01,2.641599774360656738e-01,2.758161425590515137e-01
7.900799512863159180e-01,1.000000000000000000e+00,1.000000000000000000e+00,9.638710319995880127e-02,1.584456562995910645e-01,2.418182045221328735e-01
8.144643902778625488e-01,1.000000000000000000e+00,1.000000000000000000e+00,0.000000000000000000e+00,0.000000000000000000e+00,1.944193989038467407e-01
7.076551914215087891e-01,1.000000000000000000e+00,1.000000000000000000e+00,9.729623794555664062e-03,0.000000000000000000e+00,1.850666999816894531e-01
1.000000000000000000e+00,1.000000000000000000e+00,8.613733649253845215e-01,0.000000000000000000e+00,0.000000000000000000e+00,0.000000000000000000e+00
7.107331752777099609e-01,7.070370316505432129e-01,8.091154098510742188e-01,0.000000000000000000e+00,0.000000000000000000e+00,0.000000000000000000e+00
7.812002301216125488e-01,7.082512378692626953e-01,7.076245546340942383e-01,0.000000000000000000e+00,0.000000000000000000e+00,0.000000000000000000e+00
