# CPU,RAM,NetworkR,NetworkW,DiskW,DiskR
7.391652464866638184e-01,7.406114339828491211e-01,1.000000000000000000e+00,2.937929034233093262e-01,2.965699136257171631e-01,2.978535890579223633e-01
7.001991868019104004e-01,1.000000000000000000e+00,1.000000000000000000e+00,2.520759701728820801e-01,2.848949134349822998e-01,1.591805815696716309e-01
7.018896937370300293e-01,9.070227146148681641e-01,1.000000000000000000e+00,2.259597778320312500e-01,2.740457057952880859e-01,2.529897689819335938e-01
7.007099986076354980e-01,9.194777011871337891e-01,1.000000000000000000e+00,2.129039764404296875e-01,1.905133724212646484e-01,2.400098443031311035e-01
7.002475261688232422e-01,8.767480254173278809e-01,1.000000000000000000e+00,1.809965968132019043e-01,0.000000000000000000e+00,1.145052313804626465e-01
7.028957009315490723e-01,9.107041954994201660e-01,1.000000000000000000e+00,4.498636722564697266e-02,0.000000000000000000e+00,8.658432960510253906e-02
7.021032571792602539e-01,9.131429195404052734e-01,1.000000000000000000e+00,0.000000000000000000e+00,0.000000000000000000e+00,7.693243026733398438e-02
7.030220627784729004e-01,8.734949231147766113e-01,1.000000000000000000e+00,0.000000000000000000e+00,0.000000000000000000e+00,9.286242723464965820e-02
7.481564283370971680e-01,1.000000000000000000e+00,8.913592100143432617e-01,0.000000000000000000e+00,0.000000000000000000e+00,1.663613319396972656e-02
1.000000000000000000e+00,1.000000000000000000e+00,7.071962356567382812e-01,0.000000000000000000e+00,0.000000000000000000e+00,0.000000000000000000e+00
