# CPU,RAM,NetworkR,NetworkW,DiskW,DiskR
7.391393184661865234e-01,7.408072352409362793e-01,1.000000000000000000e+00,2.937940359115600586e-01,2.965645790100097656e-01,2.978563308715820312e-01
7.011181712150573730e-01,7.823832631111145020e-01,1.000000000000000000e+00,2.655259966850280762e-01,2.960989475250244141e-01,2.896187901496887207e-01
7.031694054603576660e-01,7.878724336624145508e-01,1.000000000000000000e+00,2.500684857368469238e-01,2.902826666831970215e-01,2.892868518829345703e-01
7.020333409309387207e-01,7.891663908958435059e-01,1.000000000000000000e+00,2.376284599304199219e-01,2.640966773033142090e-01,2.805753350257873535e-01
7.008318305015563965e-01,7.943744659423828125e-01,1.000000000000000000e+00,1.824169754981994629e-01,1.397740840911865234e-02,2.021558284759521484e-01
7.086294293403625488e-01,8.138200044631958008e-01,1.000000000000000000e+00,2.190710045397281647e-02,0.000000000000000000e+00,1.366946697235107422e-01
7.142213582992553711e-01,8.218069672584533691e-01,1.000000000000000000e+00,0.000000000000000000e+00,0.000000000000000000e+00,1.145958974957466125e-01
7.118365764617919922e-01,8.300990462303161621e-01,1.000000000000000000e+00,0.000000000000000000e+00,0.000000000000000000e+00,1.340399384498596191e-01
7.422791123390197754e-01,8.239358663558959961e-01,9.697719216346740723e-01,0.000000000000000000e+00,0.000000000000000000e+00,1.182478070259094238e-01
1.000000000000000000e+00,1.000000000000000000e+00,7.048628926277160645e-01,0.000000000000000000e+00,0.000000000000000000e+00,0.000000000000000000e+00
