# CPU,RAM,NetworkR,NetworkW,DiskW,DiskR
7.391021251678466797e-01,7.407668232917785645e-01,1.000000000000000000e+00,2.937937378883361816e-01,2.965654134750366211e-01,2.978556156158447266e-01
7.005931735038757324e-01,9.267863035202026367e-01,1.000000000000000000e+00,2.591695189476013184e-01,2.939262390136718750e-01,2.779316306114196777e-01
7.027850151062011719e-01,7.510519623756408691e-01,1.000000000000000000e+00,2.605557143688201904e-01,2.921035289764404297e-01,2.907838225364685059e-01
7.010606527328491211e-01,7.918795943260192871e-01,1.000000000000000000e+00,2.390375733375549316e-01,2.576978802680969238e-01,2.769556641578674316e-01
7.004608511924743652e-01,7.746868133544921875e-01,1.000000000000000000e+00,1.971980333328247070e-01,6.981730461120605469e-03,2.009778022766113281e-01
7.069987058639526367e-01,7.988255023956298828e-01,1.000000000000000000e+00,2.884919941425323486e-02,0.000000000000000000e+00,1.442475318908691406e-01
7.075845599174499512e-01,8.213368058204650879e-01,1.000000000000000000e+00,0.000000000000000000e+00,0.000000000000000000e+00,1.318696737289428711e-01
7.045441269874572754e-01,8.325783610343933105e-01,1.000000000000000000e+00,0.000000000000000000e+00,0.000000000000000000e+00,1.271927356719970703e-01
7.262609004974365234e-01,8.505613207817077637e-01,9.579445719718933105e-01,0.000000000000000000e+00,0.000000000000000000e+00,6.724490225315093994e-02
1.000000000000000000e+00,1.000000000000000000e+00,7.054998874664306641e-01,0.000000000000000000e+00,0.000000000000000000e+00,0.000000000000000000e+00
