# CPU,RAM,NetworkR,NetworkW,DiskW,DiskR
6.999999880790710449e-01,8.000000119209289551e-01,1.000000000000000000e+00,3.000000119209289551e-01,3.000000119209289551e-01,3.000000119209289551e-01
6.999999880790710449e-01,1.000000000000000000e+00,1.000000000000000000e+00,2.541649937629699707e-01,2.886301875114440918e-01,2.854155898094177246e-01
6.999999880790710449e-01,1.000000000000000000e+00,1.000000000000000000e+00,2.360701560974121094e-01,2.452676296234130859e-01,2.854155898094177246e-01
6.999999880790710449e-01,1.000000000000000000e+00,1.000000000000000000e+00,1.708648800849914551e-01,2.154520750045776367e-01,2.854155898094177246e-01
6.999999880790710449e-01,1.000000000000000000e+00,1.000000000000000000e+00,1.293343901634216309e-01,1.055337209254503250e-02,1.563003063201904297e-01
7.493827342987060547e-01,1.000000000000000000e+00,1.000000000000000000e+00,8.684736490249633789e-02,0.000000000000000000e+00,1.494370102882385254e-01
6.999999880790710449e-01,1.000000000000000000e+00,1.000000000000000000e+00,1.335193309932947159e-02,0.000000000000000000e+00,1.131903529167175293e-01
1.000000000000000000e+00,1.000000000000000000e+00,9.439024329185485840e-01,0.000000000000000000e+00,0.000000000000000000e+00,9.061694145202636719e-03
6.999999880790710449e-01,6.999999880790710449e-01,7.975609302520751953e-01,0.000000000000000000e+00,0.000000000000000000e+00,0.000000000000000000e+00
7.864197492599487305e-01,6.999999880790710449e-01,6.999999880790710449e-01,0.000000000000000000e+00,0.000000000000000000e+00,0.000000000000000000e+00
