# CPU,RAM,NetworkR,NetworkW,DiskW,DiskR
7.391484975814819336e-01,7.407151460647583008e-01,1.000000000000000000e+00,2.937931418418884277e-01,2.965669035911560059e-01,2.978549003601074219e-01
7.013151049613952637e-01,7.264500260353088379e-01,1.000000000000000000e+00,2.745133042335510254e-01,2.968484163284301758e-01,2.929775118827819824e-01
7.076411247253417969e-01,9.020501375198364258e-01,1.000000000000000000e+00,2.217960953712463379e-01,2.849144935607910156e-01,2.824847102165222168e-01
7.288478612899780273e-01,9.689803123474121094e-01,1.000000000000000000e+00,1.868435740470886230e-01,2.556771039962768555e-01,2.728303670883178711e-01
7.477817535400390625e-01,1.000000000000000000e+00,1.000000000000000000e+00,9.304052591323852539e-02,1.097707748413085938e-01,2.237506508827209473e-01
8.200746178627014160e-01,1.000000000000000000e+00,1.000000000000000000e+00,6.681740283966064453e-03,3.540670871734619141e-02,2.076866030693054199e-01
7.118601202964782715e-01,1.000000000000000000e+00,1.000000000000000000e+00,1.699823141098022461e-02,0.000000000000000000e+00,1.577504277229309082e-01
1.000000000000000000e+00,1.000000000000000000e+00,8.735966682434082031e-01,0.000000000000000000e+00,0.000000000000000000e+00,0.000000000000000000e+00
7.063941359519958496e-01,7.056014537811279297e-01,7.799479365348815918e-01,0.000000000000000000e+00,0.000000000000000000e+00,0.000000000000000000e+00
7.994002699851989746e-01,7.085602283477783203e-01,7.062827944755554199e-01,0.000000000000000000e+00,0.000000000000000000e+00,0.000000000000000000e+00
