# CPU,RAM,NetworkR,NetworkW,DiskW,DiskR
6.999999880790710449e-01,6.999999880790710449e-01,1.000000000000000000e+00,3.000000119209289551e-01,3.000000119209289551e-01,3.000000119209289551e-01
6.999999880790710449e-01,7.833333015441894531e-01,1.000000000000000000e+00,2.767525911331176758e-01,2.981561422348022461e-01,3.000000119209289551e-01
6.999999880790710449e-01,7.833333015441894531e-01,1.000000000000000000e+00,2.526414394378662109e-01,2.975414991378784180e-01,3.000000119209289551e-01
6.999999880790710449e-01,8.666666746139526367e-01,1.000000000000000000e+00,2.188138961791992188e-01,2.723417282104492188e-01,3.000000119209289551e-01
6.999999880790710449e-01,8.666666746139526367e-01,1.000000000000000000e+00,1.916798949241638184e-01,0.000000000000000000e+00,1.956728100776672363e-01
6.999999880790710449e-01,8.666666746139526367e-01,1.000000000000000000e+00,0.000000000000000000e+00,0.000000000000000000e+00,1.648488640785217285e-01
6.999999880790710449e-01,8.666666746139526367e-01,1.000000000000000000e+00,0.000000000000000000e+00,0.000000000000000000e+00,1.648488640785217285e-01
6.999999880790710449e-01,8.666666746139526367e-01,1.000000000000000000e+00,0.000000000000000000e+00,0.000000000000000000e+00,1.648488640785217285e-01
6.999999880790710449e-01,9.499999880790710449e-01,9.610831737518310547e-01,0.000000000000000000e+00,0.000000000000000000e+00,1.553645730018615723e-01
1.000000000000000000e+00,1.000000000000000000e+00,6.999999880790710449e-01,0.000000000000000000e+00,0.000000000000000000e+00,0.000000000000000000e+00
