# CPU,RAM,NetworkR,NetworkW,DiskW,DiskR
7.389323115348815918e-01,7.406999468803405762e-01,1.000000000000000000e+00,2.937955856323242188e-01,2.965671122074127197e-01,2.978551387786865234e-01
7.012497782707214355e-01,7.546786665916442871e-01,1.000000000000000000e+00,2.685054540634155273e-01,2.964344024658203125e-01,2.910445332527160645e-01
7.098715901374816895e-01,9.603258371353149414e-01,1.000000000000000000e+00,2.200660705566406250e-01,2.849932909011840820e-01,2.837030887603759766e-01
7.504799365997314453e-01,1.000000000000000000e+00,1.000000000000000000e+00,1.647482067346572876e-01,2.394058108329772949e-01,2.671218514442443848e-01
7.797675132751464844e-01,1.000000000000000000e+00,1.000000000000000000e+00,8.501696586608886719e-02,1.090818643569946289e-01,2.272787690162658691e-01
7.620454430580139160e-01,1.000000000000000000e+00,1.000000000000000000e+00,2.260250039398670197e-02,2.242761850357055664e-02,2.028713226318359375e-01
7.018802762031555176e-01,1.000000000000000000e+00,1.000000000000000000e+00,6.506729871034622192e-02,0.000000000000000000e+00,1.950570344924926758e-01
1.000000000000000000e+00,1.000000000000000000e+00,9.197436571121215820e-01,0.000000000000000000e+00,0.000000000000000000e+00,6.707972288131713867e-02
7.027583122253417969e-01,7.093924880027770996e-01,7.815212011337280273e-01,0.000000000000000000e+00,0.000000000000000000e+00,0.000000000000000000e+00
7.996844053268432617e-01,7.205039262771606445e-01,7.041824460029602051e-01,0.000000000000000000e+00,0.000000000000000000e+00,0.000000000000000000e+00
