# CPU,RAM,NetworkR,NetworkW,DiskW,DiskR
7.391099333763122559e-01,7.408114671707153320e-01,1.000000000000000000e+00,2.937940955162048340e-01,2.965642809867858887e-01,2.978563308715820312e-01
7.004018425941467285e-01,1.000000000000000000e+00,1.000000000000000000e+00,2.552093863487243652e-01,2.909156084060668945e-01,2.556072473526000977e-01
7.034798860549926758e-01,7.622025609016418457e-01,1.000000000000000000e+00,2.545046806335449219e-01,2.906362414360046387e-01,2.873529195785522461e-01
7.010024785995483398e-01,8.209518194198608398e-01,1.000000000000000000e+00,2.324421405792236328e-01,2.480652928352355957e-01,2.713087201118469238e-01
7.003345489501953125e-01,7.896038293838500977e-01,1.000000000000000000e+00,1.991974711418151855e-01,0.000000000000000000e+00,1.866872310638427734e-01
7.043461799621582031e-01,8.163658976554870605e-01,1.000000000000000000e+00,4.245042800903320312e-02,0.000000000000000000e+00,1.325681805610656738e-01
7.047423124313354492e-01,8.551084995269775391e-01,1.000000000000000000e+00,0.000000000000000000e+00,0.000000000000000000e+00,1.200968027114868164e-01
7.028105258941650391e-01,8.331483602523803711e-01,1.000000000000000000e+00,0.000000000000000000e+00,0.000000000000000000e+00,1.216012984514236450e-01
7.231990098953247070e-01,8.838981389999389648e-01,9.536308050155639648e-01,0.000000000000000000e+00,0.000000000000000000e+00,4.857742786407470703e-02
1.000000000000000000e+00,1.000000000000000000e+00,7.066683769226074219e-01,0.000000000000000000e+00,0.000000000000000000e+00,0.000000000000000000e+00
