# CPU,RAM,NetworkR,NetworkW,DiskW,DiskR
7.390357255935668945e-01,7.405765056610107422e-01,1.000000000000000000e+00,2.937943339347839355e-01,2.965707182884216309e-01,2.978534102439880371e-01
7.003380060195922852e-01,1.000000000000000000e+00,1.000000000000000000e+00,2.543302178382873535e-01,2.897274494171142578e-01,2.417106628417968750e-01
7.016011476516723633e-01,8.825344443321228027e-01,1.000000000000000000e+00,2.358731031417846680e-01,2.783893346786499023e-01,2.716724872589111328e-01
7.003495097160339355e-01,9.377987384796142578e-01,1.000000000000000000e+00,2.202458977699279785e-01,1.828029155731201172e-01,2.386975288391113281e-01
7.001411318778991699e-01,8.706946969032287598e-01,1.000000000000000000e+00,1.906351000070571899e-01,0.000000000000000000e+00,1.015768051147460938e-01
7.014327645301818848e-01,8.863769769668579102e-01,1.000000000000000000e+00,4.813861846923828125e-02,0.000000000000000000e+00,4.585880041122436523e-02
7.016038298606872559e-01,9.777388572692871094e-01,1.000000000000000000e+00,0.000000000000000000e+00,0.000000000000000000e+00,3.259122371673583984e-03
7.029736638069152832e-01,8.787157535552978516e-01,1.000000000000000000e+00,0.000000000000000000e+00,0.000000000000000000e+00,9.502857923507690430e-02
7.653576731681823730e-01,1.000000000000000000e+00,9.311490058898925781e-01,0.000000000000000000e+00,0.000000000000000000e+00,1.009586453437805176e-01
1.000000000000000000e+00,1.000000000000000000e+00,7.065346837043762207e-01,0.000000000000000000e+00,0.000000000000000000e+00,0.000000000000000000e+00
