# CPU,RAM,NetworkR,NetworkW,DiskW,DiskR
7.389749288558959961e-01,7.406888604164123535e-01,1.000000000000000000e+00,2.937949895858764648e-01,2.965673804283142090e-01,2.978549003601074219e-01
7.008492946624755859e-01,8.595333695411682129e-01,1.000000000000000000e+00,2.611629366874694824e-01,2.951534986495971680e-01,2.854311466217041016e-01
7.030158042907714844e-01,7.628023624420166016e-01,1.000000000000000000e+00,2.573775649070739746e-01,2.917730808258056641e-01,2.909287214279174805e-01
7.016510963439941406e-01,8.007609844207763672e-01,1.000000000000000000e+00,2.350199818611145020e-01,2.610691189765930176e-01,2.784454226493835449e-01
7.006025910377502441e-01,7.938075065612792969e-01,1.000000000000000000e+00,1.878064274787902832e-01,1.032513380050659180e-02,1.996447443962097168e-01
7.068352103233337402e-01,8.209087848663330078e-01,1.000000000000000000e+00,2.392536401748657227e-02,0.000000000000000000e+00,1.354800462722778320e-01
7.088722586631774902e-01,8.273540139198303223e-01,1.000000000000000000e+00,0.000000000000000000e+00,0.000000000000000000e+00,1.206151247024536133e-01
7.062726616859436035e-01,8.279791474342346191e-01,1.000000000000000000e+00,0.000000000000000000e+00,0.000000000000000000e+00,1.354042291641235352e-01
7.410278320312500000e-01,8.515544533729553223e-01,9.684510827064514160e-01,0.000000000000000000e+00,0.000000000000000000e+00,1.125190258026123047e-01
1.000000000000000000e+00,1.000000000000000000e+00,7.053410410881042480e-01,0.000000000000000000e+00,0.000000000000000000e+00,0.000000000000000000e+00
