# CPU,RAM,NetworkR,NetworkW,DiskW,DiskR
7.391501665115356445e-01,7.406035661697387695e-01,1.000000000000000000e+00,2.937924861907958984e-01,2.965698242187500000e-01,2.978532910346984863e-01
7.004222869873046875e-01,8.725509643554687500e-01,1.000000000000000000e+00,2.618605494499206543e-01,2.937839031219482422e-01,2.720217704772949219e-01
7.018052935600280762e-01,8.590333461761474609e-01,1.000000000000000000e+00,2.403111010789871216e-01,2.844599485397338867e-01,2.800143957138061523e-01
7.011764049530029297e-01,8.805822134017944336e-01,1.000000000000000000e+00,2.190508246421813965e-01,2.252891063690185547e-01,2.622052431106567383e-01
7.003638148307800293e-01,8.312164545059204102e-01,1.000000000000000000e+00,1.848229765892028809e-01,0.000000000000000000e+00,1.638972759246826172e-01
7.038582563400268555e-01,8.983402252197265625e-01,1.000000000000000000e+00,3.951781988143920898e-02,0.000000000000000000e+00,1.335034966468811035e-01
7.034425735473632812e-01,8.569438457489013672e-01,1.000000000000000000e+00,0.000000000000000000e+00,0.000000000000000000e+00,1.470131278038024902e-01
7.031621932983398438e-01,8.503010272979736328e-01,1.000000000000000000e+00,0.000000000000000000e+00,0.000000000000000000e+00,1.333273053169250488e-01
7.373844981193542480e-01,9.655681252479553223e-01,9.310396313667297363e-01,0.000000000000000000e+00,0.000000000000000000e+00,5.370540171861648560e-02
1.000000000000000000e+00,1.000000000000000000e+00,7.062235474586486816e-01,0.000000000000000000e+00,0.000000000000000000e+00,0.000000000000000000e+00
