# CPU,RAM,NetworkR,NetworkW,DiskW,DiskR
7.391536235809326172e-01,7.407296299934387207e-01,1.000000000000000000e+00,2.937934994697570801e-01,2.965666651725769043e-01,2.978551983833312988e-01
7.011396288871765137e-01,7.755296826362609863e-01,1.000000000000000000e+00,2.661805748939514160e-01,2.961838245391845703e-01,2.899601459503173828e-01
7.071936130523681641e-01,8.163993358612060547e-01,1.000000000000000000e+00,2.403880357742309570e-01,2.906228303909301758e-01,2.886801362037658691e-01
7.133433818817138672e-01,9.055593609809875488e-01,1.000000000000000000e+00,2.049480676651000977e-01,2.649825215339660645e-01,2.775552868843078613e-01
7.390719056129455566e-01,1.000000000000000000e+00,1.000000000000000000e+00,1.040904521942138672e-01,1.357927322387695312e-01,2.306913733482360840e-01
7.572970986366271973e-01,1.000000000000000000e+00,1.000000000000000000e+00,6.185770034790039062e-03,7.378816604614257812e-03,1.900109648704528809e-01
7.106351852416992188e-01,1.000000000000000000e+00,1.000000000000000000e+00,6.061499938368797302e-03,0.000000000000000000e+00,2.003937959671020508e-01
1.000000000000000000e+00,1.000000000000000000e+00,8.746281266212463379e-01,0.000000000000000000e+00,0.000000000000000000e+00,0.000000000000000000e+00
7.037619352340698242e-01,7.038540244102478027e-01,7.890045642852783203e-01,0.000000000000000000e+00,0.000000000000000000e+00,0.000000000000000000e+00
8.064103722572326660e-01,7.125321030616760254e-01,7.050496935844421387e-01,0.000000000000000000e+00,0.000000000000000000e+00,0.000000000000000000e+00
