# CPU,RAM,NetworkR,NetworkW,DiskW,DiskR
7.390599846839904785e-01,7.408441901206970215e-01,1.000000000000000000e+00,2.937951087951660156e-01,2.965635061264038086e-01,2.978569865226745605e-01
7.014164328575134277e-01,7.149037122726440430e-01,1.000000000000000000e+00,2.787684798240661621e-01,2.970423102378845215e-01,2.940998673439025879e-01
7.063811421394348145e-01,1.000000000000000000e+00,1.000000000000000000e+00,1.889378428459167480e-01,2.506304383277893066e-01,2.614880800247192383e-01
7.512043118476867676e-01,1.000000000000000000e+00,1.000000000000000000e+00,1.585291624069213867e-01,2.214774489402770996e-01,2.583317756652832031e-01
7.756611108779907227e-01,1.000000000000000000e+00,1.000000000000000000e+00,7.278686761856079102e-02,7.039511203765869141e-02,2.127220034599304199e-01
7.250815629959106445e-01,1.000000000000000000e+00,1.000000000000000000e+00,1.709616184234619141e-02,0.000000000000000000e+00,1.642797589302062988e-01
7.026760578155517578e-01,1.000000000000000000e+00,9.810764193534851074e-01,1.822400093078613281e-02,0.000000000000000000e+00,2.736289985477924347e-02
1.000000000000000000e+00,1.000000000000000000e+00,8.988550901412963867e-01,0.000000000000000000e+00,0.000000000000000000e+00,3.638744354248046875e-03
7.023069858551025391e-01,7.050417065620422363e-01,8.038157820701599121e-01,0.000000000000000000e+00,0.000000000000000000e+00,0.000000000000000000e+00
9.674737453460693359e-01,7.483973503112792969e-01,7.021054625511169434e-01,0.000000000000000000e+00,0.000000000000000000e+00,0.000000000000000000e+00
