# CPU,RAM,NetworkR,NetworkW,DiskW,DiskR
7.390238046646118164e-01,7.408001422882080078e-01,1.000000000000000000e+00,2.937949895858764648e-01,2.965644598007202148e-01,2.978562712669372559e-01
7.014483213424682617e-01,7.171353101730346680e-01,1.000000000000000000e+00,2.776176929473876953e-01,2.970021963119506836e-01,2.938340306282043457e-01
7.043924331665039062e-01,1.000000000000000000e+00,1.000000000000000000e+00,1.847865581512451172e-01,2.304289340972900391e-01,2.536649107933044434e-01
7.652183175086975098e-01,9.182315468788146973e-01,1.000000000000000000e+00,1.795586347579956055e-01,2.494820356369018555e-01,2.697783112525939941e-01
8.051532506942749023e-01,1.000000000000000000e+00,1.000000000000000000e+00,6.370700150728225708e-02,6.488513946533203125e-02,2.157438397407531738e-01
7.502493262290954590e-01,1.000000000000000000e+00,1.000000000000000000e+00,2.780795097351074219e-02,1.416581869125366211e-02,1.988762617111206055e-01
7.040355801582336426e-01,1.000000000000000000e+00,1.000000000000000000e+00,5.369520187377929688e-02,0.000000000000000000e+00,1.907591223716735840e-01
1.000000000000000000e+00,1.000000000000000000e+00,9.191559553146362305e-01,0.000000000000000000e+00,0.000000000000000000e+00,1.794834733009338379e-01
7.011602520942687988e-01,7.119690775871276855e-01,7.625631093978881836e-01,0.000000000000000000e+00,0.000000000000000000e+00,0.000000000000000000e+00
7.636929154396057129e-01,7.187160849571228027e-01,7.049646377563476562e-01,0.000000000000000000e+00,0.000000000000000000e+00,0.000000000000000000e+00
