# CPU,RAM,NetworkR,NetworkW,DiskW,DiskR
7.390421628952026367e-01,7.405937314033508301e-01,1.000000000000000000e+00,2.937928438186645508e-01,2.965695858001708984e-01,2.978530526161193848e-01
7.008686065673828125e-01,7.894642949104309082e-01,1.000000000000000000e+00,2.656969428062438965e-01,2.958280146121978760e-01,2.881449460983276367e-01
7.020956277847290039e-01,7.997974753379821777e-01,1.000000000000000000e+00,2.500149011611938477e-01,2.889532148838043213e-01,2.878529131412506104e-01
7.018497586250305176e-01,8.503839969635009766e-01,1.000000000000000000e+00,2.210702300071716309e-01,2.432837039232254028e-01,2.704454064369201660e-01
7.006698250770568848e-01,8.172857165336608887e-01,1.000000000000000000e+00,1.770092248916625977e-01,0.000000000000000000e+00,1.829115152359008789e-01
7.059357166290283203e-01,8.903605937957763672e-01,1.000000000000000000e+00,1.883095502853393555e-02,0.000000000000000000e+00,1.314202547073364258e-01
7.047134041786193848e-01,8.478684425354003906e-01,1.000000000000000000e+00,0.000000000000000000e+00,0.000000000000000000e+00,1.304481029510498047e-01
7.026990652084350586e-01,8.344408273696899414e-01,1.000000000000000000e+00,0.000000000000000000e+00,0.000000000000000000e+00,1.296411156654357910e-01
7.301892042160034180e-01,9.016833305358886719e-01,9.625923633575439453e-01,0.000000000000000000e+00,0.000000000000000000e+00,8.334004878997802734e-02
1.000000000000000000e+00,1.000000000000000000e+00,7.062838673591613770e-01,0.000000000000000000e+00,0.000000000000000000e+00,0.000000000000000000e+00
