# CPU,RAM,NetworkR,NetworkW,DiskW,DiskR
7.390100955963134766e-01,7.408711314201354980e-01,1.000000000000000000e+00,2.937961816787719727e-01,2.965628504753112793e-01,2.978576123714447021e-01
7.013703584671020508e-01,7.232479453086853027e-01,1.000000000000000000e+00,2.753664255142211914e-01,2.968749403953552246e-01,2.931895256042480469e-01
7.112615108489990234e-01,9.819470047950744629e-01,1.000000000000000000e+00,2.099135071039199829e-01,2.810051441192626953e-01,2.793711423873901367e-01
7.628996968269348145e-01,1.000000000000000000e+00,1.000000000000000000e+00,1.142415404319763184e-01,1.356441974639892578e-01,2.366264015436172485e-01
7.903633713722229004e-01,1.000000000000000000e+00,1.000000000000000000e+00,6.156134605407714844e-02,4.153323173522949219e-02,2.020411044359207153e-01
7.150013446807861328e-01,1.000000000000000000e+00,1.000000000000000000e+00,5.270838737487792969e-03,0.000000000000000000e+00,1.283724308013916016e-01
7.010697126388549805e-01,1.000000000000000000e+00,1.000000000000000000e+00,3.763926029205322266e-02,0.000000000000000000e+00,1.267814636230468750e-01
1.000000000000000000e+00,1.000000000000000000e+00,9.096888303756713867e-01,0.000000000000000000e+00,0.000000000000000000e+00,2.447915077209472656e-02
7.015013098716735840e-01,7.048059701919555664e-01,8.345493078231811523e-01,0.000000000000000000e+00,0.000000000000000000e+00,0.000000000000000000e+00
9.206808805465698242e-01,7.442731261253356934e-01,7.024503946304321289e-01,0.000000000000000000e+00,0.000000000000000000e+00,0.000000000000000000e+00
