# CPU,RAM,NetworkR,NetworkW,DiskW,DiskR
7.391741871833801270e-01,7.401213049888610840e-01,1.000000000000000000e+00,2.937812805175781250e-01,2.965790629386901855e-01,2.978433370590209961e-01
7.001531720161437988e-01,1.000000000000000000e+00,1.000000000000000000e+00,2.493236064910888672e-01,2.798033952713012695e-01,7.103127241134643555e-02
7.003291845321655273e-01,1.000000000000000000e+00,1.000000000000000000e+00,2.039944529533386230e-01,2.095577120780944824e-01,9.190356731414794922e-02
7.001444101333618164e-01,1.000000000000000000e+00,1.000000000000000000e+00,1.952173709869384766e-01,5.604285001754760742e-02,5.970305204391479492e-02
7.001621723175048828e-01,1.000000000000000000e+00,1.000000000000000000e+00,1.427689790725708008e-01,0.000000000000000000e+00,0.000000000000000000e+00
7.010890841484069824e-01,9.477401971817016602e-01,1.000000000000000000e+00,4.614692926406860352e-02,0.000000000000000000e+00,0.000000000000000000e+00
7.015445232391357422e-01,8.960271477699279785e-01,1.000000000000000000e+00,0.000000000000000000e+00,0.000000000000000000e+00,3.358167409896850586e-02
7.111110687255859375e-01,8.793504238128662109e-01,1.000000000000000000e+00,0.000000000000000000e+00,0.000000000000000000e+00,1.426054984331130981e-01
1.000000000000000000e+00,1.000000000000000000e+00,9.032468795776367188e-01,0.000000000000000000e+00,0.000000000000000000e+00,1.979088783264160156e-01
1.000000000000000000e+00,1.000000000000000000e+00,7.068664431571960449e-01,0.000000000000000000e+00,0.000000000000000000e+00,0.000000000000000000e+00
