# CPU,RAM,NetworkR,NetworkW,DiskW,DiskR
7.390444278717041016e-01,7.406624555587768555e-01,1.000000000000000000e+00,2.937939167022705078e-01,2.965680956840515137e-01,2.978543043136596680e-01
7.003560662269592285e-01,1.000000000000000000e+00,1.000000000000000000e+00,2.532947063446044922e-01,2.891486287117004395e-01,2.420502305030822754e-01
7.050157189369201660e-01,7.435231208801269531e-01,1.000000000000000000e+00,2.588044404983520508e-01,2.925617098808288574e-01,2.891815304756164551e-01
7.012064456939697266e-01,8.156976103782653809e-01,1.000000000000000000e+00,2.326274514198303223e-01,2.560734748840332031e-01,2.736575603485107422e-01
7.004095911979675293e-01,7.872178554534912109e-01,1.000000000000000000e+00,1.996863484382629395e-01,1.746445894241333008e-02,1.987909674644470215e-01
7.052357792854309082e-01,8.253195285797119141e-01,1.000000000000000000e+00,3.932011127471923828e-02,0.000000000000000000e+00,1.416161656379699707e-01
7.045562267303466797e-01,8.553086519241333008e-01,1.000000000000000000e+00,0.000000000000000000e+00,0.000000000000000000e+00,1.251431107521057129e-01
7.023563981056213379e-01,8.256303071975708008e-01,1.000000000000000000e+00,0.000000000000000000e+00,0.000000000000000000e+00,1.211793422698974609e-01
7.253134250640869141e-01,9.128106832504272461e-01,9.499409794807434082e-01,0.000000000000000000e+00,0.000000000000000000e+00,5.611890554428100586e-02
1.000000000000000000e+00,1.000000000000000000e+00,7.067674994468688965e-01,0.000000000000000000e+00,0.000000000000000000e+00,0.000000000000000000e+00
