# CPU,RAM,NetworkR,NetworkW,DiskW,DiskR
7.391811013221740723e-01,7.407667040824890137e-01,1.000000000000000000e+00,2.937931120395660400e-01,2.965655922889709473e-01,2.978555560111999512e-01
7.005900144577026367e-01,9.455076456069946289e-01,1.000000000000000000e+00,2.587040662765502930e-01,2.938050627708435059e-01,2.774187922477722168e-01
7.040092349052429199e-01,7.428371310234069824e-01,1.000000000000000000e+00,2.617719173431396484e-01,2.932109236717224121e-01,2.917962074279785156e-01
7.017396688461303711e-01,8.225744962692260742e-01,1.000000000000000000e+00,2.276426553726196289e-01,2.574744224548339844e-01,2.750071287155151367e-01
7.006534337997436523e-01,7.943537831306457520e-01,1.000000000000000000e+00,1.887957006692886353e-01,2.480310201644897461e-02,2.047993540763854980e-01
7.062919735908508301e-01,8.392257690429687500e-01,1.000000000000000000e+00,2.683246135711669922e-02,0.000000000000000000e+00,1.418868303298950195e-01
7.072135806083679199e-01,8.289585113525390625e-01,1.000000000000000000e+00,0.000000000000000000e+00,0.000000000000000000e+00,1.385199427604675293e-01
7.050800323486328125e-01,8.269940018653869629e-01,1.000000000000000000e+00,0.000000000000000000e+00,0.000000000000000000e+00,1.442707180976867676e-01
7.292911410331726074e-01,8.396645784378051758e-01,9.831821918487548828e-01,0.000000000000000000e+00,0.000000000000000000e+00,1.004378795623779297e-01
1.000000000000000000e+00,1.000000000000000000e+00,7.059298157691955566e-01,0.000000000000000000e+00,0.000000000000000000e+00,0.000000000000000000e+00
