# CPU,RAM,NetworkR,NetworkW,DiskW,DiskR
7.390440106391906738e-01,7.402088642120361328e-01,1.000000000000000000e+00,2.937870025634765625e-01,2.965782284736633301e-01,2.978462576866149902e-01
7.006167173385620117e-01,8.257478475570678711e-01,1.000000000000000000e+00,2.639096379280090332e-01,2.950947880744934082e-01,2.833931446075439453e-01
7.021445631980895996e-01,7.918046712875366211e-01,1.000000000000000000e+00,2.517564296722412109e-01,2.897261977195739746e-01,2.877928614616394043e-01
7.011427283287048340e-01,8.620635271072387695e-01,1.000000000000000000e+00,2.217158675193786621e-01,2.332152128219604492e-01,2.659739255905151367e-01
7.005017399787902832e-01,8.139992952346801758e-01,1.000000000000000000e+00,1.817592978477478027e-01,0.000000000000000000e+00,1.784050017595291138e-01
7.062170505523681641e-01,8.716444969177246094e-01,1.000000000000000000e+00,2.631103992462158203e-02,0.000000000000000000e+00,1.434363722801208496e-01
7.047851085662841797e-01,8.100141882896423340e-01,1.000000000000000000e+00,0.000000000000000000e+00,0.000000000000000000e+00,1.637830138206481934e-01
7.047377228736877441e-01,8.531198501586914062e-01,1.000000000000000000e+00,0.000000000000000000e+00,0.000000000000000000e+00,1.528098583221435547e-01
7.698730826377868652e-01,9.761488437652587891e-01,9.498015046119689941e-01,0.000000000000000000e+00,0.000000000000000000e+00,1.314516067504882812e-01
1.000000000000000000e+00,1.000000000000000000e+00,7.050198316574096680e-01,0.000000000000000000e+00,0.000000000000000000e+00,0.000000000000000000e+00
