# CPU,RAM,NetworkR,NetworkW,DiskW,DiskR
7.390891313552856445e-01,7.408444881439208984e-01,1.000000000000000000e+00,2.937946915626525879e-01,2.965635061264038086e-01,2.978568673133850098e-01
7.012892961502075195e-01,7.405710220336914062e-01,1.000000000000000000e+00,2.709528207778930664e-01,2.966210246086120605e-01,2.918952703475952148e-01
7.096862196922302246e-01,9.708812236785888672e-01,1.000000000000000000e+00,2.170659303665161133e-01,2.835947871208190918e-01,2.823240160942077637e-01
7.400617599487304688e-01,1.000000000000000000e+00,1.000000000000000000e+00,1.508837342262268066e-01,2.110601663589477539e-01,2.574717998504638672e-01
7.435571551322937012e-01,1.000000000000000000e+00,1.000000000000000000e+00,1.015080809593200684e-01,1.137860417366027832e-01,2.260324358940124512e-01
7.257966995239257812e-01,1.000000000000000000e+00,1.000000000000000000e+00,2.481842041015625000e-02,0.000000000000000000e+00,1.770115494728088379e-01
7.030081152915954590e-01,1.000000000000000000e+00,1.000000000000000000e+00,4.000949859619140625e-02,0.000000000000000000e+00,1.854631304740905762e-01
1.000000000000000000e+00,1.000000000000000000e+00,9.076821208000183105e-01,0.000000000000000000e+00,0.000000000000000000e+00,2.764892578125000000e-02
7.019264698028564453e-01,7.042802572250366211e-01,8.021979331970214844e-01,0.000000000000000000e+00,0.000000000000000000e+00,0.000000000000000000e+00
7.923935651779174805e-01,7.128263115882873535e-01,7.059150338172912598e-01,0.000000000000000000e+00,0.000000000000000000e+00,0.000000000000000000e+00
