# CPU,RAM,NetworkR,NetworkW,DiskW,DiskR
7.391500473022460938e-01,7.406690120697021484e-01,1.000000000000000000e+00,2.937923669815063477e-01,2.965679168701171875e-01,2.978540658950805664e-01
7.002620100975036621e-01,9.789022207260131836e-01,1.000000000000000000e+00,2.568593025207519531e-01,2.899550199508666992e-01,2.267475724220275879e-01
7.012657523155212402e-01,9.720600843429565430e-01,1.000000000000000000e+00,2.231694012880325317e-01,2.680282592773437500e-01,2.530114054679870605e-01
7.006747722625732422e-01,9.403011798858642578e-01,1.000000000000000000e+00,2.076414972543716431e-01,1.680166125297546387e-01,2.328359484672546387e-01
7.002329826354980469e-01,8.939465284347534180e-01,1.000000000000000000e+00,1.724977046251296997e-01,0.000000000000000000e+00,8.669853210449218750e-02
7.026146650314331055e-01,9.149006605148315430e-01,1.000000000000000000e+00,3.391921520233154297e-02,0.000000000000000000e+00,5.811947584152221680e-02
7.020414471626281738e-01,9.181215167045593262e-01,1.000000000000000000e+00,0.000000000000000000e+00,0.000000000000000000e+00,5.639392137527465820e-02
7.036373019218444824e-01,8.786891698837280273e-01,1.000000000000000000e+00,0.000000000000000000e+00,0.000000000000000000e+00,1.007769703865051270e-01
7.602289915084838867e-01,1.000000000000000000e+00,8.951164484024047852e-01,0.000000000000000000e+00,0.000000000000000000e+00,4.398608207702636719e-02
1.000000000000000000e+00,1.000000000000000000e+00,7.062896490097045898e-01,0.000000000000000000e+00,0.000000000000000000e+00,0.000000000000000000e+00
