# CPU,RAM,NetworkR,NetworkW,DiskW,DiskR
7.390538454055786133e-01,7.405210137367248535e-01,1.000000000000000000e+00,2.937926650047302246e-01,2.965716719627380371e-01,2.978521585464477539e-01
7.001563310623168945e-01,1.000000000000000000e+00,1.000000000000000000e+00,2.507971525192260742e-01,2.814359664916992188e-01,8.840610086917877197e-02
7.008568644523620605e-01,1.000000000000000000e+00,1.000000000000000000e+00,2.147717028856277466e-01,2.519187927246093750e-01,2.008657008409500122e-01
7.003197073936462402e-01,9.774768352508544922e-01,1.000000000000000000e+00,2.027326226234436035e-01,1.139580011367797852e-01,1.784595996141433716e-01
7.002300620079040527e-01,9.591664075851440430e-01,1.000000000000000000e+00,1.562741994857788086e-01,0.000000000000000000e+00,3.051912784576416016e-02
7.022873163223266602e-01,9.152649641036987305e-01,1.000000000000000000e+00,3.623909875750541687e-02,0.000000000000000000e+00,1.224679965525865555e-02
7.018120884895324707e-01,9.015420079231262207e-01,1.000000000000000000e+00,0.000000000000000000e+00,0.000000000000000000e+00,2.257020026445388794e-02
7.083526253700256348e-01,9.070992469787597656e-01,1.000000000000000000e+00,0.000000000000000000e+00,0.000000000000000000e+00,1.045969128608703613e-01
8.664849996566772461e-01,1.000000000000000000e+00,8.487976789474487305e-01,0.000000000000000000e+00,0.000000000000000000e+00,5.109000205993652344e-02
1.000000000000000000e+00,1.000000000000000000e+00,7.059046626091003418e-01,0.000000000000000000e+00,0.000000000000000000e+00,0.000000000000000000e+00
