# CPU,RAM,NetworkR,NetworkW,DiskW,DiskR
5.391061305999755859e-01,5.406729578971862793e-01,1.000000000000000000e+00,4.937933087348937988e-01,4.965679049491882324e-01,4.978543519973754883e-01
5.013433098793029785e-01,5.231528878211975098e-01,1.000000000000000000e+00,4.755275249481201172e-01,4.969085454940795898e-01,4.932779669761657715e-01
5.039014816284179688e-01,6.695281267166137695e-01,1.000000000000000000e+00,4.284518957138061523e-01,4.838570058345794678e-01,4.817910194396972656e-01
5.037332773208618164e-01,5.890036821365356445e-01,1.000000000000000000e+00,4.331604242324829102e-01,4.635235667228698730e-01,4.804273247718811035e-01
5.063857436180114746e-01,6.336109638214111328e-01,1.000000000000000000e+00,3.391996622085571289e-01,2.571029663085937500e-01,4.085165858268737793e-01
5.570593476295471191e-01,6.773084998130798340e-01,9.740976095199584961e-01,2.078404426574707031e-01,2.237491011619567871e-01,3.861792683601379395e-01
8.152419924736022949e-01,1.000000000000000000e+00,7.392652034759521484e-01,9.707671403884887695e-02,0.000000000000000000e+00,3.956314325332641602e-01
1.000000000000000000e+00,1.000000000000000000e+00,6.006041169166564941e-01,0.000000000000000000e+00,0.000000000000000000e+00,3.003800055012106895e-03
5.042737126350402832e-01,5.018145442008972168e-01,5.592237710952758789e-01,0.000000000000000000e+00,0.000000000000000000e+00,0.000000000000000000e+00
7.687782049179077148e-01,5.183654427528381348e-01,5.025115609169006348e-01,0.000000000000000000e+00,0.000000000000000000e+00,0.000000000000000000e+00
