# CPU,RAM,NetworkR,NetworkW,DiskW,DiskR
5.391643643379211426e-01,5.408042073249816895e-01,1.000000000000000000e+00,4.937933087348937988e-01,4.965645074844360352e-01,4.978561103343963623e-01
5.012565255165100098e-01,5.420840382575988770e-01,1.000000000000000000e+00,4.707681536674499512e-01,4.966066479682922363e-01,4.918133020401000977e-01
5.088801383972167969e-01,6.613330841064453125e-01,1.000000000000000000e+00,4.297918081283569336e-01,4.886620044708251953e-01,4.861623048782348633e-01
5.293487906455993652e-01,8.209584951400756836e-01,1.000000000000000000e+00,3.822601437568664551e-01,4.536282420158386230e-01,4.721028208732604980e-01
5.447689294815063477e-01,9.208069443702697754e-01,1.000000000000000000e+00,2.981930375099182129e-01,3.197914063930511475e-01,4.276015162467956543e-01
5.711032152175903320e-01,9.980404376983642578e-01,8.907465934753417969e-01,2.047104984521865845e-01,1.991253495216369629e-01,3.903325200080871582e-01
5.077652335166931152e-01,1.000000000000000000e+00,8.120381236076354980e-01,2.157438397407531738e-01,0.000000000000000000e+00,3.772674202919006348e-01
1.000000000000000000e+00,1.000000000000000000e+00,6.652153134346008301e-01,1.967990398406982422e-02,0.000000000000000000e+00,3.105223178863525391e-02
5.065609216690063477e-01,5.036695003509521484e-01,5.878095626831054688e-01,0.000000000000000000e+00,0.000000000000000000e+00,0.000000000000000000e+00
6.257113218307495117e-01,5.097575783729553223e-01,5.058881044387817383e-01,0.000000000000000000e+00,0.000000000000000000e+00,0.000000000000000000e+00
