# CPU,RAM,NetworkR,NetworkW,DiskW,DiskR
5.390272736549377441e-01,5.406914353370666504e-01,1.000000000000000000e+00,4.937944114208221436e-01,4.965673685073852539e-01,4.978547692298889160e-01
5.004241466522216797e-01,7.874885797500610352e-01,1.000000000000000000e+00,4.570057094097137451e-01,4.920350015163421631e-01,4.626793861389160156e-01
5.029646754264831543e-01,5.701919198036193848e-01,1.000000000000000000e+00,4.533602595329284668e-01,4.901056885719299316e-01,4.868991076946258545e-01
5.009428858757019043e-01,6.282066106796264648e-01,1.000000000000000000e+00,4.307940006256103516e-01,4.431860446929931641e-01,4.694589972496032715e-01
5.003373622894287109e-01,5.931738018989562988e-01,1.000000000000000000e+00,3.955439031124114990e-01,1.779104471206665039e-01,3.786527514457702637e-01
5.049673318862915039e-01,6.221013665199279785e-01,1.000000000000000000e+00,2.360814958810806274e-01,1.065047010779380798e-01,3.318899273872375488e-01
5.049483180046081543e-01,6.436393857002258301e-01,9.563353657722473145e-01,1.510900259017944336e-01,1.056087017059326172e-01,3.339512944221496582e-01
5.036348104476928711e-01,6.367480754852294922e-01,9.346601963043212891e-01,6.804209947586059570e-02,9.114801883697509766e-02,3.376845121383666992e-01
5.342542529106140137e-01,6.757333874702453613e-01,7.678105831146240234e-01,0.000000000000000000e+00,1.457280013710260391e-02,2.940481305122375488e-01
1.000000000000000000e+00,1.000000000000000000e+00,5.060011744499206543e-01,0.000000000000000000e+00,0.000000000000000000e+00,0.000000000000000000e+00
