# CPU,RAM,NetworkR,NetworkW,DiskW,DiskR
5.390330553054809570e-01,5.405285954475402832e-01,1.000000000000000000e+00,4.937924146652221680e-01,4.965712428092956543e-01,4.978520870208740234e-01
5.001326203346252441e-01,9.388453960418701172e-01,1.000000000000000000e+00,4.483287334442138672e-01,4.766237139701843262e-01,2.124574929475784302e-01
5.002471208572387695e-01,1.000000000000000000e+00,1.000000000000000000e+00,3.957272171974182129e-01,3.844031095504760742e-01,1.882105022668838501e-01
5.001361966133117676e-01,9.104748964309692383e-01,1.000000000000000000e+00,3.836678862571716309e-01,2.292593121528625488e-01,1.779942065477371216e-01
5.001358985900878906e-01,9.327136874198913574e-01,1.000000000000000000e+00,3.300609588623046875e-01,7.123050093650817871e-02,4.715192317962646484e-02
5.007837414741516113e-01,8.168022632598876953e-01,9.183400869369506836e-01,2.138617634773254395e-01,0.000000000000000000e+00,0.000000000000000000e+00
5.009103417396545410e-01,8.175334334373474121e-01,8.099222183227539062e-01,1.140894964337348938e-01,0.000000000000000000e+00,0.000000000000000000e+00
5.077544450759887695e-01,7.342355847358703613e-01,8.356624841690063477e-01,4.014092683792114258e-02,2.803399972617626190e-02,2.550439238548278809e-01
7.959330677986145020e-01,1.000000000000000000e+00,7.171332836151123047e-01,0.000000000000000000e+00,1.125594004988670349e-01,3.889132142066955566e-01
1.000000000000000000e+00,1.000000000000000000e+00,5.069636106491088867e-01,0.000000000000000000e+00,0.000000000000000000e+00,0.000000000000000000e+00
