# CPU,RAM,NetworkR,NetworkW,DiskW,DiskR
5.391333103179931641e-01,5.408172607421875000e-01,1.000000000000000000e+00,4.937940239906311035e-01,4.965642690658569336e-01,4.978564083576202393e-01
5.012145042419433594e-01,5.570101737976074219e-01,1.000000000000000000e+00,4.683056473731994629e-01,4.964106678962707520e-01,4.909370541572570801e-01
5.126940608024597168e-01,6.540411710739135742e-01,1.000000000000000000e+00,4.314127564430236816e-01,4.904977083206176758e-01,4.878689050674438477e-01
5.321912765502929688e-01,1.000000000000000000e+00,1.000000000000000000e+00,3.464153110980987549e-01,3.992668092250823975e-01,4.554333686828613281e-01
5.367332696914672852e-01,8.430500030517578125e-01,1.000000000000000000e+00,3.110646009445190430e-01,3.263336122035980225e-01,4.302423000335693359e-01
5.175240039825439453e-01,9.144934415817260742e-01,8.995838165283203125e-01,2.152253389358520508e-01,1.152910590171813965e-01,3.494400978088378906e-01
5.044728517532348633e-01,1.000000000000000000e+00,8.191249966621398926e-01,2.003485560417175293e-01,0.000000000000000000e+00,3.775457143783569336e-01
1.000000000000000000e+00,1.000000000000000000e+00,6.796580553054809570e-01,0.000000000000000000e+00,0.000000000000000000e+00,1.029842495918273926e-01
5.041404962539672852e-01,5.056623816490173340e-01,6.413223743438720703e-01,0.000000000000000000e+00,0.000000000000000000e+00,0.000000000000000000e+00
6.405163407325744629e-01,5.191389322280883789e-01,5.050274133682250977e-01,0.000000000000000000e+00,0.000000000000000000e+00,0.000000000000000000e+00
