# CPU,RAM,NetworkR,NetworkW,DiskW,DiskR
5.391897559165954590e-01,5.407666563987731934e-01,1.000000000000000000e+00,4.937932491302490234e-01,4.965656995773315430e-01,4.978556632995605469e-01
5.009865164756774902e-01,6.209355592727661133e-01,1.000000000000000000e+00,4.629017114639282227e-01,4.956638216972351074e-01,4.877817034721374512e-01
5.046021342277526855e-01,5.698765516281127930e-01,1.000000000000000000e+00,4.532656669616699219e-01,4.920725226402282715e-01,4.908838272094726562e-01
5.044914484024047852e-01,6.029660701751708984e-01,1.000000000000000000e+00,4.302965998649597168e-01,4.716653227806091309e-01,4.820967912673950195e-01
5.171171426773071289e-01,6.673147082328796387e-01,1.000000000000000000e+00,3.320321440696716309e-01,3.439133167266845703e-01,4.334468245506286621e-01
5.841861367225646973e-01,7.620282769203186035e-01,9.651365876197814941e-01,2.049147039651870728e-01,2.592898607254028320e-01,4.030625224113464355e-01
5.464252233505249023e-01,1.000000000000000000e+00,8.286129832267761230e-01,1.815833449363708496e-01,0.000000000000000000e+00,4.335902333259582520e-01
1.000000000000000000e+00,1.000000000000000000e+00,6.396561861038208008e-01,0.000000000000000000e+00,0.000000000000000000e+00,1.237470507621765137e-01
5.039590597152709961e-01,5.025199651718139648e-01,5.719736218452453613e-01,0.000000000000000000e+00,0.000000000000000000e+00,0.000000000000000000e+00
6.063930988311767578e-01,5.067063570022583008e-01,5.067383646965026855e-01,0.000000000000000000e+00,0.000000000000000000e+00,0.000000000000000000e+00
