# CPU,RAM,NetworkR,NetworkW,DiskW,DiskR
5.390461087226867676e-01,5.407610535621643066e-01,1.000000000000000000e+00,4.937936067581176758e-01,4.965651631355285645e-01,4.978553652763366699e-01
5.007392764091491699e-01,6.534047722816467285e-01,1.000000000000000000e+00,4.617694020271301270e-01,4.949998259544372559e-01,4.841492176055908203e-01
5.025042891502380371e-01,5.627897381782531738e-01,1.000000000000000000e+00,4.578257203102111816e-01,4.913712143898010254e-01,4.903631210327148438e-01
5.014460682868957520e-01,6.248501539230346680e-01,1.000000000000000000e+00,4.280374646186828613e-01,4.501391053199768066e-01,4.731061458587646484e-01
5.005423426628112793e-01,6.000698804855346680e-01,1.000000000000000000e+00,3.849882483482360840e-01,1.883611679077148438e-01,3.881117105484008789e-01
5.058869123458862305e-01,6.404232978820800781e-01,1.000000000000000000e+00,2.214889526367187500e-01,1.001171022653579712e-01,3.294508457183837891e-01
5.056286454200744629e-01,6.481530666351318359e-01,9.372367262840270996e-01,1.348787546157836914e-01,8.263940364122390747e-02,3.204982280731201172e-01
5.033560991287231445e-01,6.258694529533386230e-01,9.357362985610961914e-01,6.239337101578712463e-02,8.222939819097518921e-02,3.320069015026092529e-01
5.300018191337585449e-01,6.887925863265991211e-01,7.547546625137329102e-01,0.000000000000000000e+00,0.000000000000000000e+00,2.756128311157226562e-01
1.000000000000000000e+00,1.000000000000000000e+00,5.057818293571472168e-01,0.000000000000000000e+00,0.000000000000000000e+00,0.000000000000000000e+00
