# CPU,RAM,NetworkR,NetworkW,DiskW,DiskR
5.390750765800476074e-01,5.406042933464050293e-01,1.000000000000000000e+00,4.937926530838012695e-01,4.965693950653076172e-01,4.978532195091247559e-01
5.002818107604980469e-01,8.155981302261352539e-01,1.000000000000000000e+00,4.555787444114685059e-01,4.895719885826110840e-01,4.292508363723754883e-01
5.023965835571289062e-01,6.328904032707214355e-01,1.000000000000000000e+00,4.388070106506347656e-01,4.838548004627227783e-01,4.746258258819580078e-01
5.007607936859130859e-01,6.782354712486267090e-01,1.000000000000000000e+00,4.211079478263854980e-01,4.142811000347137451e-01,4.548757076263427734e-01
5.002983808517456055e-01,6.250429749488830566e-01,1.000000000000000000e+00,3.877209424972534180e-01,1.488631069660186768e-01,3.470419645309448242e-01
5.035808682441711426e-01,6.627424955368041992e-01,1.000000000000000000e+00,2.453991174697875977e-01,9.886539727449417114e-02,3.202925324440002441e-01
5.042921304702758789e-01,6.144662499427795410e-01,1.000000000000000000e+00,2.078207135200500488e-01,1.675572395324707031e-01,3.705109357833862305e-01
5.292880535125732422e-01,6.542951464653015137e-01,9.733269214630126953e-01,1.012288033962249756e-01,2.892062664031982422e-01,4.237242937088012695e-01
1.000000000000000000e+00,1.000000000000000000e+00,7.786319851875305176e-01,0.000000000000000000e+00,2.396890521049499512e-01,4.627526402473449707e-01
1.000000000000000000e+00,1.000000000000000000e+00,5.080265402793884277e-01,0.000000000000000000e+00,0.000000000000000000e+00,0.000000000000000000e+00
