# CPU,RAM,NetworkR,NetworkW,DiskW,DiskR
5.391724109649658203e-01,5.408222079277038574e-01,1.000000000000000000e+00,4.937934875488281250e-01,4.965640902519226074e-01,4.978563189506530762e-01
5.012931227684020996e-01,5.383887290954589844e-01,1.000000000000000000e+00,4.714145064353942871e-01,4.966517090797424316e-01,4.920383095741271973e-01
5.091773271560668945e-01,7.711890935897827148e-01,1.000000000000000000e+00,4.165123105049133301e-01,4.829195141792297363e-01,4.817461371421813965e-01
5.465227961540222168e-01,9.513253569602966309e-01,1.000000000000000000e+00,3.590720891952514648e-01,4.289336204528808594e-01,4.630096554756164551e-01
5.588811039924621582e-01,9.879571199417114258e-01,9.920998215675354004e-01,2.876378893852233887e-01,2.989244461059570312e-01,4.222339391708374023e-01
6.044905781745910645e-01,1.000000000000000000e+00,9.170021414756774902e-01,2.312979102134704590e-01,2.796429395675659180e-01,4.220977127552032471e-01
5.040221810340881348e-01,1.000000000000000000e+00,8.176931738853454590e-01,2.463348060846328735e-01,0.000000000000000000e+00,2.655528187751770020e-01
1.000000000000000000e+00,1.000000000000000000e+00,6.723573803901672363e-01,5.323280021548271179e-02,0.000000000000000000e+00,1.380509976297616959e-02
5.081200599670410156e-01,5.074763298034667969e-01,5.973793864250183105e-01,0.000000000000000000e+00,0.000000000000000000e+00,0.000000000000000000e+00
6.078211069107055664e-01,5.133303999900817871e-01,5.057944655418395996e-01,0.000000000000000000e+00,0.000000000000000000e+00,0.000000000000000000e+00
