# CPU,RAM,NetworkR,NetworkW,DiskW,DiskR
5.391225218772888184e-01,5.408186316490173340e-01,1.000000000000000000e+00,4.937937259674072266e-01,4.965640306472778320e-01,4.978562593460083008e-01
5.008308887481689453e-01,6.534780859947204590e-01,1.000000000000000000e+00,4.614743590354919434e-01,4.951525032520294189e-01,4.853382110595703125e-01
5.029405951499938965e-01,5.513815283775329590e-01,1.000000000000000000e+00,4.602780044078826904e-01,4.922198057174682617e-01,4.915038943290710449e-01
5.021063089370727539e-01,5.948498845100402832e-01,1.000000000000000000e+00,4.333702921867370605e-01,4.633151888847351074e-01,4.788551926612854004e-01
5.044168233871459961e-01,5.937777757644653320e-01,1.000000000000000000e+00,3.605684638023376465e-01,2.914283275604248047e-01,4.248845577239990234e-01
5.478762388229370117e-01,6.499566435813903809e-01,1.000000000000000000e+00,2.074780464172363281e-01,2.378599643707275391e-01,3.921045660972595215e-01
6.076660156250000000e-01,1.000000000000000000e+00,7.620508074760437012e-01,9.995561838150024414e-02,0.000000000000000000e+00,4.009144902229309082e-01
1.000000000000000000e+00,1.000000000000000000e+00,5.752843022346496582e-01,0.000000000000000000e+00,0.000000000000000000e+00,0.000000000000000000e+00
5.052029490470886230e-01,5.015341043472290039e-01,5.727642774581909180e-01,0.000000000000000000e+00,0.000000000000000000e+00,0.000000000000000000e+00
7.604805827140808105e-01,5.131577849388122559e-01,5.040970444679260254e-01,0.000000000000000000e+00,0.000000000000000000e+00,0.000000000000000000e+00
