# CPU,RAM,NetworkR,NetworkW,DiskW,DiskR
5.391711592674255371e-01,5.408592224121093750e-01,1.000000000000000000e+00,4.937936067581176758e-01,4.965631067752838135e-01,4.978567957878112793e-01
5.013286471366882324e-01,5.338643193244934082e-01,1.000000000000000000e+00,4.723721146583557129e-01,4.967188239097595215e-01,4.923610687255859375e-01
5.111953616142272949e-01,8.376175165176391602e-01,1.000000000000000000e+00,4.090758562088012695e-01,4.797163009643554688e-01,4.796276688575744629e-01
5.357884168624877930e-01,1.000000000000000000e+00,9.662798643112182617e-01,3.058739304542541504e-01,2.701445221900939941e-01,4.202322065830230713e-01
5.563231706619262695e-01,7.538179159164428711e-01,1.000000000000000000e+00,3.250393867492675781e-01,3.579314947128295898e-01,4.406529664993286133e-01
5.216961503028869629e-01,1.000000000000000000e+00,8.838810920715332031e-01,2.243145108222961426e-01,1.553742289543151855e-01,3.780876100063323975e-01
5.009301304817199707e-01,1.000000000000000000e+00,8.419882059097290039e-01,2.451669573783874512e-01,0.000000000000000000e+00,3.212158083915710449e-01
1.000000000000000000e+00,1.000000000000000000e+00,7.259848713874816895e-01,4.579544067382812500e-02,0.000000000000000000e+00,2.281989455223083496e-01
5.021250844001770020e-01,5.049458146095275879e-01,6.545552015304565430e-01,0.000000000000000000e+00,0.000000000000000000e+00,0.000000000000000000e+00
6.332784891128540039e-01,5.211309194564819336e-01,5.045356154441833496e-01,0.000000000000000000e+00,0.000000000000000000e+00,0.000000000000000000e+00
