# CPU,RAM,NetworkR,NetworkW,DiskW,DiskR
5.391320586204528809e-01,5.407339334487915039e-01,1.000000000000000000e+00,4.937931001186370850e-01,4.965662360191345215e-01,4.978550672531127930e-01
5.009850263595581055e-01,5.727210044860839844e-01,1.000000000000000000e+00,4.670630097389221191e-01,4.961329698562622070e-01,4.896389245986938477e-01
5.021901130676269531e-01,5.548112988471984863e-01,1.000000000000000000e+00,4.597364664077758789e-01,4.917154908180236816e-01,4.910317063331604004e-01
5.015032887458801270e-01,6.053391695022583008e-01,1.000000000000000000e+00,4.304516315460205078e-01,4.517073631286621094e-01,4.744078516960144043e-01
5.008836388587951660e-01,5.920606851577758789e-01,1.000000000000000000e+00,3.747020065784454346e-01,1.836167573928833008e-01,3.897977471351623535e-01
5.115193724632263184e-01,6.427752971649169922e-01,9.795826673507690430e-01,1.962801963090896606e-01,1.045484021306037903e-01,3.307158350944519043e-01
5.114392638206481934e-01,6.259512305259704590e-01,9.090896844863891602e-01,1.121681034564971924e-01,8.574956655502319336e-02,3.223004043102264404e-01
5.077653527259826660e-01,6.215021610260009766e-01,8.932169675827026367e-01,3.289401531219482422e-02,1.096156239509582520e-01,3.481109142303466797e-01
5.399130582809448242e-01,6.367231607437133789e-01,7.781772613525390625e-01,0.000000000000000000e+00,5.206739902496337891e-02,3.244493007659912109e-01
1.000000000000000000e+00,1.000000000000000000e+00,5.048012137413024902e-01,0.000000000000000000e+00,0.000000000000000000e+00,0.000000000000000000e+00
