# CPU,RAM,NetworkR,NetworkW,DiskW,DiskR
5.391209721565246582e-01,5.408442616462707520e-01,1.000000000000000000e+00,4.937938451766967773e-01,4.965633153915405273e-01,4.978566169738769531e-01
5.012881159782409668e-01,5.416300892829895020e-01,1.000000000000000000e+00,4.707348048686981201e-01,4.966057538986206055e-01,4.918261170387268066e-01
5.087829232215881348e-01,7.369555234909057617e-01,1.000000000000000000e+00,4.207755923271179199e-01,4.848726093769073486e-01,4.832300543785095215e-01
5.377111434936523438e-01,8.432685136795043945e-01,1.000000000000000000e+00,3.775163888931274414e-01,4.500503540039062500e-01,4.708133935928344727e-01
5.781118273735046387e-01,1.000000000000000000e+00,1.000000000000000000e+00,2.887413501739501953e-01,3.219318091869354248e-01,4.304121136665344238e-01
5.431865453720092773e-01,9.903417229652404785e-01,8.897995948791503906e-01,2.130810022354125977e-01,1.725912690162658691e-01,3.805115222930908203e-01
5.048379898071289062e-01,1.000000000000000000e+00,8.604900240898132324e-01,2.470639944076538086e-01,0.000000000000000000e+00,4.200743436813354492e-01
1.000000000000000000e+00,1.000000000000000000e+00,7.048288583755493164e-01,6.873726844787597656e-02,0.000000000000000000e+00,2.812916040420532227e-01
5.017319321632385254e-01,5.068107843399047852e-01,5.775386095046997070e-01,0.000000000000000000e+00,0.000000000000000000e+00,0.000000000000000000e+00
6.174404025077819824e-01,5.257864594459533691e-01,5.032560825347900391e-01,0.000000000000000000e+00,0.000000000000000000e+00,0.000000000000000000e+00
