# CPU,RAM,NetworkR,NetworkW,DiskW,DiskR
5.389455556869506836e-01,5.407180190086364746e-01,1.000000000000000000e+00,4.937953352928161621e-01,4.965665042400360107e-01,4.978552460670471191e-01
5.013418793678283691e-01,5.189061164855957031e-01,1.000000000000000000e+00,4.771153330802917480e-01,4.969595670700073242e-01,4.936403036117553711e-01
5.039641261100769043e-01,7.489898204803466797e-01,1.000000000000000000e+00,4.153233170509338379e-01,4.755740165710449219e-01,4.749582111835479736e-01
5.047808885574340820e-01,5.868384838104248047e-01,1.000000000000000000e+00,4.311542510986328125e-01,4.621446132659912109e-01,4.800519347190856934e-01
5.272681713104248047e-01,7.460176944732666016e-01,1.000000000000000000e+00,2.885976135730743408e-01,2.571746110916137695e-01,3.980655670166015625e-01
6.410034894943237305e-01,9.770473837852478027e-01,9.030366539955139160e-01,1.988208293914794922e-01,2.684223055839538574e-01,4.128502607345581055e-01
5.783084034919738770e-01,1.000000000000000000e+00,7.906157970428466797e-01,1.960272192955017090e-01,0.000000000000000000e+00,3.639761209487915039e-01
1.000000000000000000e+00,1.000000000000000000e+00,6.207784414291381836e-01,0.000000000000000000e+00,0.000000000000000000e+00,0.000000000000000000e+00
5.053112506866455078e-01,5.020536184310913086e-01,5.820773839950561523e-01,0.000000000000000000e+00,0.000000000000000000e+00,0.000000000000000000e+00
6.278094649314880371e-01,5.079501271247863770e-01,5.064796209335327148e-01,0.000000000000000000e+00,0.000000000000000000e+00,0.000000000000000000e+00
