# CPU,RAM,NetworkR,NetworkW,DiskW,DiskR
5.389855504035949707e-01,5.407790541648864746e-01,1.000000000000000000e+00,4.937944412231445312e-01,4.965646266937255859e-01,4.978558123111724854e-01
5.009910464286804199e-01,5.604965090751647949e-01,1.000000000000000000e+00,4.684537649154663086e-01,4.962045550346374512e-01,4.900401234626770020e-01
5.020548105239868164e-01,5.707661509513854980e-01,1.000000000000000000e+00,4.548722505569458008e-01,4.901276230812072754e-01,4.892284870147705078e-01
5.016945004463195801e-01,6.335182189941406250e-01,1.000000000000000000e+00,4.214818477630615234e-01,4.404198527336120605e-01,4.693197011947631836e-01
5.009182095527648926e-01,6.059118509292602539e-01,1.000000000000000000e+00,3.684415221214294434e-01,1.655278205871582031e-01,3.785969614982604980e-01
5.096593499183654785e-01,6.739593744277954102e-01,9.649760723114013672e-01,1.976641416549682617e-01,9.690093994140625000e-02,3.247739672660827637e-01
5.075218081474304199e-01,6.256195306777954102e-01,9.413794875144958496e-01,1.385413408279418945e-01,9.064340591430664062e-02,3.273334503173828125e-01
5.060275197029113770e-01,6.173129081726074219e-01,9.358198046684265137e-01,6.389862298965454102e-02,1.360026001930236816e-01,3.643237948417663574e-01
5.587421059608459473e-01,6.721428632736206055e-01,7.963305115699768066e-01,0.000000000000000000e+00,1.125827431678771973e-01,3.623490929603576660e-01
1.000000000000000000e+00,1.000000000000000000e+00,5.051370859146118164e-01,0.000000000000000000e+00,0.000000000000000000e+00,0.000000000000000000e+00
