# CPU,RAM,NetworkR,NetworkW,DiskW,DiskR
5.390057563781738281e-01,5.408170819282531738e-01,1.000000000000000000e+00,4.937956035137176514e-01,4.965641498565673828e-01,4.978567063808441162e-01
5.013040304183959961e-01,5.339548587799072266e-01,1.000000000000000000e+00,4.724004268646240234e-01,4.967038631439208984e-01,4.923117160797119141e-01
5.053662061691284180e-01,6.894588470458984375e-01,1.000000000000000000e+00,4.263375997543334961e-01,4.845128059387207031e-01,4.827756881713867188e-01
5.275779366493225098e-01,7.125582695007324219e-01,1.000000000000000000e+00,3.973104953765869141e-01,4.648107886314392090e-01,4.767774343490600586e-01
6.689751148223876953e-01,1.000000000000000000e+00,9.640029072761535645e-01,2.692986130714416504e-01,3.123798370361328125e-01,4.324350357055664062e-01
6.042895317077636719e-01,1.000000000000000000e+00,8.574953675270080566e-01,1.943481564521789551e-01,1.740927100181579590e-01,3.905189633369445801e-01
5.027721524238586426e-01,1.000000000000000000e+00,7.946016788482666016e-01,2.300465106964111328e-01,0.000000000000000000e+00,2.432054281234741211e-01
1.000000000000000000e+00,1.000000000000000000e+00,6.699870824813842773e-01,1.514524221420288086e-02,0.000000000000000000e+00,9.792816638946533203e-02
5.053455233573913574e-01,5.053693652153015137e-01,5.912325382232666016e-01,0.000000000000000000e+00,0.000000000000000000e+00,0.000000000000000000e+00
6.067883372306823730e-01,5.104992389678955078e-01,5.059140324592590332e-01,0.000000000000000000e+00,0.000000000000000000e+00,0.000000000000000000e+00
