# CPU,RAM,NetworkR,NetworkW,DiskW,DiskR
5.390134453773498535e-01,5.407783389091491699e-01,1.000000000000000000e+00,4.937946200370788574e-01,4.965648651123046875e-01,4.978559017181396484e-01
5.013061761856079102e-01,5.284977555274963379e-01,1.000000000000000000e+00,4.738793373107910156e-01,4.967916011810302734e-01,4.927443861961364746e-01
5.064113140106201172e-01,6.583612561225891113e-01,1.000000000000000000e+00,4.285461008548736572e-01,4.866576194763183594e-01,4.841152429580688477e-01
5.189483761787414551e-01,6.846108436584472656e-01,1.000000000000000000e+00,4.031789898872375488e-01,4.648250043392181396e-01,4.772272109985351562e-01
5.660712122917175293e-01,9.018886089324951172e-01,1.000000000000000000e+00,2.897506952285766602e-01,3.256183862686157227e-01,4.275349080562591553e-01
6.247692704200744629e-01,1.000000000000000000e+00,8.663704395294189453e-01,1.909640431404113770e-01,2.005618214607238770e-01,3.985776007175445557e-01
5.162655115127563477e-01,1.000000000000000000e+00,7.755129933357238770e-01,2.049988508224487305e-01,0.000000000000000000e+00,2.766575217247009277e-01
1.000000000000000000e+00,1.000000000000000000e+00,6.515195369720458984e-01,0.000000000000000000e+00,0.000000000000000000e+00,8.515480160713195801e-02
5.065032839775085449e-01,5.035949349403381348e-01,5.810627937316894531e-01,0.000000000000000000e+00,0.000000000000000000e+00,0.000000000000000000e+00
6.415508389472961426e-01,5.104392170906066895e-01,5.050640702247619629e-01,0.000000000000000000e+00,0.000000000000000000e+00,0.000000000000000000e+00
