# CPU,RAM,NetworkR,NetworkW,DiskW,DiskR
5.391262769699096680e-01,5.406453609466552734e-01,1.000000000000000000e+00,4.937933087348937988e-01,4.965688586235046387e-01,4.978540539741516113e-01
5.005720853805541992e-01,7.573034763336181641e-01,1.000000000000000000e+00,4.583945274353027344e-01,4.936364889144897461e-01,4.762983024120330811e-01
5.030099153518676758e-01,5.627519488334655762e-01,1.000000000000000000e+00,4.571077227592468262e-01,4.915029108524322510e-01,4.898577332496643066e-01
5.011982321739196777e-01,6.103324294090270996e-01,1.000000000000000000e+00,4.350933432579040527e-01,4.564456343650817871e-01,4.759439229965209961e-01
5.004180073738098145e-01,5.824751257896423340e-01,1.000000000000000000e+00,4.001100063323974609e-01,2.185829281806945801e-01,4.036286473274230957e-01
5.052201747894287109e-01,6.094956994056701660e-01,1.000000000000000000e+00,2.433287054300308228e-01,1.307839155197143555e-01,3.505167961120605469e-01
5.059842467308044434e-01,6.245269775390625000e-01,9.737267494201660156e-01,1.500318646430969238e-01,1.229147315025329590e-01,3.462037146091461182e-01
5.041714310646057129e-01,6.295423507690429688e-01,9.343688488006591797e-01,5.814760923385620117e-02,9.904970228672027588e-02,3.430819511413574219e-01
5.319563746452331543e-01,6.632938385009765625e-01,7.712277173995971680e-01,0.000000000000000000e+00,1.460123062133789062e-02,2.942892014980316162e-01
1.000000000000000000e+00,1.000000000000000000e+00,5.058157444000244141e-01,0.000000000000000000e+00,0.000000000000000000e+00,0.000000000000000000e+00
