# CPU,RAM,NetworkR,NetworkW,DiskW,DiskR
5.390753746032714844e-01,5.406938791275024414e-01,1.000000000000000000e+00,4.937937855720520020e-01,4.965673089027404785e-01,4.978547096252441406e-01
5.001589655876159668e-01,9.122425317764282227e-01,1.000000000000000000e+00,4.500577449798583984e-01,4.806722104549407959e-01,2.871183156967163086e-01
5.006366968154907227e-01,8.789858222007751465e-01,1.000000000000000000e+00,4.093618094921112061e-01,4.368861019611358643e-01,3.748155236244201660e-01
5.002866983413696289e-01,7.794699668884277344e-01,1.000000000000000000e+00,4.031256139278411865e-01,3.045726418495178223e-01,3.695273995399475098e-01
5.001844763755798340e-01,7.327839732170104980e-01,1.000000000000000000e+00,3.648899197578430176e-01,9.158620238304138184e-02,2.180529236793518066e-01
5.018483400344848633e-01,7.207264304161071777e-01,9.752324819564819336e-01,2.350335121154785156e-01,0.000000000000000000e+00,1.874699592590332031e-01
5.019803643226623535e-01,7.690530419349670410e-01,8.588107228279113770e-01,1.445680260658264160e-01,0.000000000000000000e+00,1.727116107940673828e-01
5.056180953979492188e-01,6.686776876449584961e-01,8.845249414443969727e-01,7.992595434188842773e-02,5.285781621932983398e-02,2.957805395126342773e-01
6.154607534408569336e-01,1.000000000000000000e+00,6.907449960708618164e-01,0.000000000000000000e+00,0.000000000000000000e+00,2.948231697082519531e-01
1.000000000000000000e+00,1.000000000000000000e+00,5.066279768943786621e-01,0.000000000000000000e+00,0.000000000000000000e+00,0.000000000000000000e+00
