# CPU,RAM,NetworkR,NetworkW,DiskW,DiskR
5.000000000000000000e-01,5.000000000000000000e-01,1.000000000000000000e+00,5.000000000000000000e-01,5.000000000000000000e-01,5.000000000000000000e-01
5.000000000000000000e-01,5.833333134651184082e-01,1.000000000000000000e+00,4.622580409049987793e-01,4.971631169319152832e-01,4.609518051147460938e-01
5.000000000000000000e-01,6.666666865348815918e-01,1.000000000000000000e+00,4.475120306015014648e-01,4.890071153640747070e-01,4.609518051147460938e-01
5.000000000000000000e-01,6.666666865348815918e-01,1.000000000000000000e+00,3.932051658630371094e-01,4.528368711471557617e-01,4.609518051147460938e-01
5.000000000000000000e-01,6.666666865348815918e-01,1.000000000000000000e+00,3.400675654411315918e-01,1.113475188612937927e-01,3.633313179016113281e-01
5.000000000000000000e-01,6.666666865348815918e-01,9.855735301971435547e-01,1.634403020143508911e-01,5.150711536407470703e-02,3.316046595573425293e-01
5.000000000000000000e-01,6.666666865348815918e-01,9.469689130783081055e-01,1.301156282424926758e-01,3.014184348285198212e-02,3.316046595573425293e-01
5.000000000000000000e-01,6.666666865348815918e-01,8.858449459075927734e-01,0.000000000000000000e+00,3.457446815446019173e-03,3.316046595573425293e-01
6.000000238418579102e-01,7.500000000000000000e-01,7.639992237091064453e-01,0.000000000000000000e+00,0.000000000000000000e+00,3.218426108360290527e-01
1.000000000000000000e+00,1.000000000000000000e+00,5.000000000000000000e-01,0.000000000000000000e+00,0.000000000000000000e+00,0.000000000000000000e+00
