# CPU,RAM,NetworkR,NetworkW,DiskW,DiskR
5.390473604202270508e-01,5.407705307006835938e-01,1.000000000000000000e+00,4.937945604324340820e-01,4.965653121471405029e-01,4.978558421134948730e-01
5.012798905372619629e-01,5.325406193733215332e-01,1.000000000000000000e+00,4.728578329086303711e-01,4.967328011989593506e-01,4.924381077289581299e-01
5.022962689399719238e-01,5.882669091224670410e-01,1.000000000000000000e+00,4.480879008769989014e-01,4.886138439178466797e-01,4.872730374336242676e-01
5.026685595512390137e-01,6.012086272239685059e-01,1.000000000000000000e+00,4.281943142414093018e-01,4.553457498550415039e-01,4.760670065879821777e-01
5.016312599182128906e-01,6.118230223655700684e-01,1.000000000000000000e+00,3.585495948791503906e-01,1.883579045534133911e-01,3.880280256271362305e-01
5.151118636131286621e-01,6.869063377380371094e-01,9.403592944145202637e-01,1.865736246109008789e-01,9.904360771179199219e-02,3.259297609329223633e-01
5.180926322937011719e-01,6.634790897369384766e-01,8.465682268142700195e-01,8.446884155273437500e-02,3.045680001378059387e-02,2.845725119113922119e-01
5.100609064102172852e-01,6.231005787849426270e-01,8.549822568893432617e-01,2.203829959034919739e-02,7.650150358676910400e-02,3.249924182891845703e-01
5.370233058929443359e-01,6.221351027488708496e-01,7.667983174324035645e-01,0.000000000000000000e+00,2.884101867675781250e-02,3.073015213012695312e-01
1.000000000000000000e+00,1.000000000000000000e+00,5.049173831939697266e-01,0.000000000000000000e+00,0.000000000000000000e+00,0.000000000000000000e+00
