# CPU,RAM,NetworkR,NetworkW,DiskW,DiskR
5.391987562179565430e-01,5.407818555831909180e-01,1.000000000000000000e+00,4.937930107116699219e-01,4.965652227401733398e-01,4.978557229042053223e-01
5.002803802490234375e-01,9.785113930702209473e-01,1.000000000000000000e+00,4.515021443367004395e-01,4.863393008708953857e-01,4.104757010936737061e-01
5.022255778312683105e-01,6.380409598350524902e-01,1.000000000000000000e+00,4.385114014148712158e-01,4.813756048679351807e-01,4.728458523750305176e-01
5.004213452339172363e-01,6.932377219200134277e-01,1.000000000000000000e+00,4.259020686149597168e-01,4.051677584648132324e-01,4.492387175559997559e-01
5.001646876335144043e-01,6.371283531188964844e-01,1.000000000000000000e+00,3.981521129608154297e-01,1.551308035850524902e-01,3.331781029701232910e-01
5.015888810157775879e-01,6.583653688430786133e-01,1.000000000000000000e+00,2.562870383262634277e-01,4.176431894302368164e-02,2.696855664253234863e-01
5.025357007980346680e-01,7.472004890441894531e-01,8.774188756942749023e-01,1.299021244049072266e-01,0.000000000000000000e+00,2.201679050922393799e-01
5.036324262619018555e-01,6.747829318046569824e-01,8.861199021339416504e-01,6.197020038962364197e-02,3.609675168991088867e-02,2.874918580055236816e-01
5.521821379661560059e-01,7.985817193984985352e-01,7.153528928756713867e-01,0.000000000000000000e+00,0.000000000000000000e+00,2.596760988235473633e-01
1.000000000000000000e+00,1.000000000000000000e+00,5.071241259574890137e-01,0.000000000000000000e+00,0.000000000000000000e+00,0.000000000000000000e+00
