# CPU,RAM,NetworkR,NetworkW,DiskW,DiskR
5.391334891319274902e-01,5.407378077507019043e-01,1.000000000000000000e+00,4.937939047813415527e-01,4.965665042400360107e-01,4.978554248809814453e-01
5.002927184104919434e-01,8.874167203903198242e-01,1.000000000000000000e+00,4.538093209266662598e-01,4.886244535446166992e-01,4.263219237327575684e-01
5.019434690475463867e-01,6.591489911079406738e-01,1.000000000000000000e+00,4.365182518959045410e-01,4.804756045341491699e-01,4.717367291450500488e-01
5.005707740783691406e-01,6.934902667999267578e-01,1.000000000000000000e+00,4.224238991737365723e-01,4.064271450042724609e-01,4.513518214225769043e-01
5.001976490020751953e-01,6.392484903335571289e-01,1.000000000000000000e+00,3.931177258491516113e-01,1.466542035341262817e-01,3.329418897628784180e-01
5.021705031394958496e-01,6.707843542098999023e-01,1.000000000000000000e+00,2.476285099983215332e-01,5.420911312103271484e-02,2.822889685630798340e-01
5.021988749504089355e-01,7.507045269012451172e-01,9.041172266006469727e-01,1.478861570358276367e-01,1.025766134262084961e-02,2.536621093750000000e-01
5.025718212127685547e-01,6.475628018379211426e-01,9.384362697601318359e-01,9.056849777698516846e-02,5.139231681823730469e-02,3.034794032573699951e-01
5.460663437843322754e-01,8.305680751800537109e-01,7.175395488739013672e-01,0.000000000000000000e+00,0.000000000000000000e+00,2.586266994476318359e-01
1.000000000000000000e+00,1.000000000000000000e+00,5.068909525871276855e-01,0.000000000000000000e+00,0.000000000000000000e+00,0.000000000000000000e+00
