# CPU,RAM,NetworkR,NetworkW,DiskW,DiskR
5.389457345008850098e-01,5.406247377395629883e-01,1.000000000000000000e+00,4.937941133975982666e-01,4.965686202049255371e-01,4.978536963462829590e-01
5.013071298599243164e-01,5.298648476600646973e-01,1.000000000000000000e+00,4.734788537025451660e-01,4.967722892761230469e-01,4.926302134990692139e-01
5.020726919174194336e-01,6.127384305000305176e-01,1.000000000000000000e+00,4.433734118938446045e-01,4.865926504135131836e-01,4.851946234703063965e-01
5.028752684593200684e-01,6.128627061843872070e-01,1.000000000000000000e+00,4.247375130653381348e-01,4.515483379364013672e-01,4.743927121162414551e-01
5.014653205871582031e-01,6.264088153839111328e-01,1.000000000000000000e+00,3.552040457725524902e-01,1.706720590591430664e-01,3.773912191390991211e-01
5.119289755821228027e-01,7.038706541061401367e-01,9.403970837593078613e-01,1.918800473213195801e-01,9.089535474777221680e-02,3.205425143241882324e-01
5.133460164070129395e-01,6.482809185981750488e-01,8.829119205474853516e-01,1.095616966485977173e-01,4.841244220733642578e-02,2.980327010154724121e-01
5.079608559608459473e-01,6.303641200065612793e-01,8.769996166229248047e-01,3.954011201858520508e-02,8.971905708312988281e-02,3.353278636932373047e-01
5.430985093116760254e-01,6.505117416381835938e-01,7.614651322364807129e-01,0.000000000000000000e+00,2.920380048453807831e-02,3.103559613227844238e-01
1.000000000000000000e+00,1.000000000000000000e+00,5.051387548446655273e-01,0.000000000000000000e+00,0.000000000000000000e+00,0.000000000000000000e+00
