# CPU,RAM,NetworkR,NetworkW,DiskW,DiskR
5.391026735305786133e-01,5.404312610626220703e-01,1.000000000000000000e+00,4.937929511070251465e-01,4.965746998786926270e-01,4.978513121604919434e-01
5.002551674842834473e-01,8.355231285095214844e-01,1.000000000000000000e+00,4.552037119865417480e-01,4.890117645263671875e-01,4.172936677932739258e-01
5.029901266098022461e-01,5.992845296859741211e-01,1.000000000000000000e+00,4.444718956947326660e-01,4.879507422447204590e-01,4.784675240516662598e-01
5.008735060691833496e-01,6.700926423072814941e-01,1.000000000000000000e+00,4.226375222206115723e-01,4.283688664436340332e-01,4.594408869743347168e-01
5.003235340118408203e-01,6.335468888282775879e-01,1.000000000000000000e+00,3.867251873016357422e-01,1.698241233825683594e-01,3.583326935768127441e-01
5.044275522232055664e-01,6.680175662040710449e-01,1.000000000000000000e+00,2.386347651481628418e-01,1.018004417419433594e-01,3.204684853553771973e-01
5.024564862251281738e-01,6.622033119201660156e-01,9.860259890556335449e-01,1.832419633865356445e-01,8.724820613861083984e-02,3.199900388717651367e-01
5.025479197502136230e-01,6.655996441841125488e-01,9.328426718711853027e-01,8.169449865818023682e-02,5.189532041549682617e-02,3.085512518882751465e-01
5.409732460975646973e-01,8.379275202751159668e-01,7.155782580375671387e-01,0.000000000000000000e+00,0.000000000000000000e+00,2.472966313362121582e-01
1.000000000000000000e+00,1.000000000000000000e+00,5.063839554786682129e-01,0.000000000000000000e+00,0.000000000000000000e+00,0.000000000000000000e+00
