# CPU,RAM,NetworkR,NetworkW,DiskW,DiskR
5.390434861183166504e-01,5.405039191246032715e-01,1.000000000000000000e+00,4.937897920608520508e-01,4.965708851814270020e-01,4.978508353233337402e-01
5.010235905647277832e-01,5.395408868789672852e-01,1.000000000000000000e+00,4.719896316528320312e-01,4.965159296989440918e-01,4.915112853050231934e-01
5.017852783203125000e-01,6.480777263641357422e-01,1.000000000000000000e+00,4.396589994430541992e-01,4.843582510948181152e-01,4.830903112888336182e-01
5.027093887329101562e-01,6.625514626502990723e-01,1.000000000000000000e+00,4.125348329544067383e-01,4.333271980285644531e-01,4.664419889450073242e-01
5.012211203575134277e-01,6.248964071273803711e-01,1.000000000000000000e+00,3.649247884750366211e-01,1.862917542457580566e-01,3.856903314590454102e-01
5.092962384223937988e-01,7.749918103218078613e-01,9.627255797386169434e-01,2.146390080451965332e-01,1.516423970460891724e-01,3.555921018123626709e-01
5.092462897300720215e-01,6.015110015869140625e-01,1.000000000000000000e+00,1.836650371551513672e-01,1.382183432579040527e-01,3.597755134105682373e-01
5.061439275741577148e-01,6.636245250701904297e-01,8.950721025466918945e-01,5.616343021392822266e-02,9.232342243194580078e-02,3.412608504295349121e-01
5.626658201217651367e-01,7.398081421852111816e-01,7.464374899864196777e-01,0.000000000000000000e+00,3.896410018205642700e-02,3.203829526901245117e-01
1.000000000000000000e+00,1.000000000000000000e+00,5.051167011260986328e-01,0.000000000000000000e+00,0.000000000000000000e+00,0.000000000000000000e+00
