# CPU,RAM,NetworkR,NetworkW,DiskW,DiskR
5.390143990516662598e-01,5.407049059867858887e-01,1.000000000000000000e+00,4.937942028045654297e-01,4.965668320655822754e-01,4.978548288345336914e-01
5.002549290657043457e-01,8.917839527130126953e-01,1.000000000000000000e+00,4.525820612907409668e-01,4.867536425590515137e-01,4.029867649078369141e-01
5.021060705184936523e-01,6.619098186492919922e-01,1.000000000000000000e+00,4.327563047409057617e-01,4.780386090278625488e-01,4.661385416984558105e-01
5.005187392234802246e-01,7.191843390464782715e-01,1.000000000000000000e+00,4.152565002441406250e-01,3.816727995872497559e-01,4.376223683357238770e-01
5.002159476280212402e-01,6.579778194427490234e-01,1.000000000000000000e+00,3.823338150978088379e-01,1.179593205451965332e-01,3.019115328788757324e-01
5.026212930679321289e-01,6.768079996109008789e-01,1.000000000000000000e+00,2.360986024141311646e-01,3.062462806701660156e-02,2.579094171524047852e-01
5.022684931755065918e-01,7.358504533767700195e-01,8.944658637046813965e-01,1.478810012340545654e-01,1.528859953396022320e-03,2.425271272659301758e-01
5.032792687416076660e-01,6.672646403312683105e-01,9.064025878906250000e-01,7.825702428817749023e-02,4.569995403289794922e-02,2.986330091953277588e-01
5.547906756401062012e-01,8.380900025367736816e-01,7.117804884910583496e-01,0.000000000000000000e+00,0.000000000000000000e+00,2.629365921020507812e-01
1.000000000000000000e+00,1.000000000000000000e+00,5.065097212791442871e-01,0.000000000000000000e+00,0.000000000000000000e+00,0.000000000000000000e+00
