# CPU,RAM,NetworkR,NetworkW,DiskW,DiskR
5.391780734062194824e-01,5.406174659729003906e-01,1.000000000000000000e+00,4.937928318977355957e-01,4.965697526931762695e-01,4.978536963462829590e-01
5.012261867523193359e-01,5.522454977035522461e-01,1.000000000000000000e+00,4.690490067005157471e-01,4.964914917945861816e-01,4.912500381469726562e-01
5.040467977523803711e-01,5.728754997253417969e-01,1.000000000000000000e+00,4.510394036769866943e-01,4.915601611137390137e-01,4.901081323623657227e-01
5.084351897239685059e-01,6.538822650909423828e-01,1.000000000000000000e+00,4.110150933265686035e-01,4.636991024017333984e-01,4.767147898674011230e-01
5.456836223602294922e-01,8.167660236358642578e-01,1.000000000000000000e+00,2.882769107818603516e-01,3.102833032608032227e-01,4.193004071712493896e-01
6.742827892303466797e-01,1.000000000000000000e+00,8.414618968963623047e-01,1.643153429031372070e-01,1.699722409248352051e-01,3.933917284011840820e-01
5.349751710891723633e-01,1.000000000000000000e+00,7.776273488998413086e-01,1.758338958024978638e-01,0.000000000000000000e+00,3.871657252311706543e-01
1.000000000000000000e+00,1.000000000000000000e+00,6.447399258613586426e-01,0.000000000000000000e+00,0.000000000000000000e+00,2.265505194664001465e-01
5.033572316169738770e-01,5.055263638496398926e-01,5.557309389114379883e-01,0.000000000000000000e+00,0.000000000000000000e+00,0.000000000000000000e+00
6.239774823188781738e-01,5.098429918289184570e-01,5.047764778137207031e-01,0.000000000000000000e+00,0.000000000000000000e+00,0.000000000000000000e+00
