# CPU,RAM,NetworkR,NetworkW,DiskW,DiskR
5.000000000000000000e-01,6.999999880790710449e-01,1.000000000000000000e+00,5.000000000000000000e-01,5.000000000000000000e-01,5.000000000000000000e-01
5.000000000000000000e-01,8.000000119209289551e-01,1.000000000000000000e+00,4.478694498538970947e-01,4.889865517616271973e-01,4.853147864341735840e-01
5.000000000000000000e-01,8.000000119209289551e-01,1.000000000000000000e+00,4.052583873271942139e-01,4.465143680572509766e-01,4.853147864341735840e-01
5.000000000000000000e-01,8.999999761581420898e-01,1.000000000000000000e+00,3.325022757053375244e-01,4.170474410057067871e-01,4.853147864341735840e-01
5.000000000000000000e-01,8.999999761581420898e-01,1.000000000000000000e+00,2.917044460773468018e-01,2.298184037208557129e-01,3.656732439994812012e-01
5.849314928054809570e-01,1.000000000000000000e+00,9.081632494926452637e-01,2.427470684051513672e-01,1.714118272066116333e-01,3.483965098857879639e-01
5.000000000000000000e-01,1.000000000000000000e+00,7.857142686843872070e-01,1.771683245897293091e-01,0.000000000000000000e+00,3.118993639945983887e-01
1.000000000000000000e+00,1.000000000000000000e+00,7.040816545486450195e-01,1.994562149047851562e-02,0.000000000000000000e+00,2.139617800712585449e-01
5.000000000000000000e-01,5.000000000000000000e-01,5.816326737403869629e-01,0.000000000000000000e+00,0.000000000000000000e+00,0.000000000000000000e+00
5.739725828170776367e-01,5.000000000000000000e-01,5.000000000000000000e-01,0.000000000000000000e+00,0.000000000000000000e+00,0.000000000000000000e+00
