# CPU,RAM,NetworkR,NetworkW,DiskW,DiskR
5.391187071800231934e-01,5.407835245132446289e-01,1.000000000000000000e+00,4.937938451766967773e-01,4.965650439262390137e-01,4.978559017181396484e-01
5.010523200035095215e-01,5.902499556541442871e-01,1.000000000000000000e+00,4.650131464004516602e-01,4.959901571273803711e-01,4.891251325607299805e-01
5.029230117797851562e-01,5.603395104408264160e-01,1.000000000000000000e+00,4.572465419769287109e-01,4.917987585067749023e-01,4.910353124141693115e-01
5.017582774162292480e-01,5.933035016059875488e-01,1.000000000000000000e+00,4.351410269737243652e-01,4.604828357696533203e-01,4.785302281379699707e-01
5.008969306945800781e-01,5.867398977279663086e-01,1.000000000000000000e+00,3.818151056766510010e-01,2.129576951265335083e-01,4.034430086612701416e-01
5.110315084457397461e-01,6.230728030204772949e-01,1.000000000000000000e+00,2.075731158256530762e-01,1.096222996711730957e-01,3.369436264038085938e-01
5.138400197029113770e-01,6.179146766662597656e-01,9.054386019706726074e-01,1.065887212753295898e-01,8.377081155776977539e-02,3.212703466415405273e-01
5.109504461288452148e-01,6.386029124259948730e-01,8.494816422462463379e-01,4.901470150798559189e-03,8.262830972671508789e-02,3.305212855339050293e-01
5.394726991653442383e-01,6.139322519302368164e-01,7.788590192794799805e-01,0.000000000000000000e+00,5.379742383956909180e-02,3.207702040672302246e-01
1.000000000000000000e+00,1.000000000000000000e+00,5.047088861465454102e-01,0.000000000000000000e+00,0.000000000000000000e+00,0.000000000000000000e+00
