# CPU,RAM,NetworkR,NetworkW,DiskW,DiskR
5.391090512275695801e-01,5.407350659370422363e-01,1.000000000000000000e+00,4.937933683395385742e-01,4.965662062168121338e-01,4.978551268577575684e-01
5.010938048362731934e-01,5.719461441040039062e-01,1.000000000000000000e+00,4.667581021785736084e-01,4.962039589881896973e-01,4.900165200233459473e-01
5.026357769966125488e-01,5.587638020515441895e-01,1.000000000000000000e+00,4.576919674873352051e-01,4.916918277740478516e-01,4.909363090991973877e-01
5.017639994621276855e-01,5.973988175392150879e-01,1.000000000000000000e+00,4.328179061412811279e-01,4.573861956596374512e-01,4.770616888999938965e-01
5.009962916374206543e-01,5.902000069618225098e-01,1.000000000000000000e+00,3.763504624366760254e-01,2.011373639106750488e-01,3.979930281639099121e-01
5.126414299011230469e-01,6.430787444114685059e-01,9.786574840545654297e-01,1.957073211669921875e-01,1.059468388557434082e-01,3.320852518081665039e-01
5.133591890335083008e-01,6.326629519462585449e-01,8.856244683265686035e-01,9.868866205215454102e-02,6.267195940017700195e-02,3.067910671234130859e-01
5.064782500267028809e-01,6.253468394279479980e-01,8.700702190399169922e-01,2.277702093124389648e-02,6.813070178031921387e-02,3.210951685905456543e-01
5.241640806198120117e-01,6.154295206069946289e-01,7.751318812370300293e-01,0.000000000000000000e+00,3.778700018301606178e-03,2.851302623748779297e-01
1.000000000000000000e+00,1.000000000000000000e+00,5.053976774215698242e-01,0.000000000000000000e+00,0.000000000000000000e+00,0.000000000000000000e+00
