# CPU,RAM,NetworkR,NetworkW,DiskW,DiskR
5.391578674316406250e-01,5.407726168632507324e-01,1.000000000000000000e+00,4.937933087348937988e-01,4.965653419494628906e-01,4.978556632995605469e-01
5.012559890747070312e-01,5.424244403839111328e-01,1.000000000000000000e+00,4.706876873970031738e-01,4.965966045856475830e-01,4.917722046375274658e-01
5.071246027946472168e-01,6.455098390579223633e-01,1.000000000000000000e+00,4.328669905662536621e-01,4.886283874511718750e-01,4.863148033618927002e-01
5.221992135047912598e-01,7.331395149230957031e-01,1.000000000000000000e+00,3.961400091648101807e-01,4.627493023872375488e-01,4.760206341743469238e-01
6.314279437065124512e-01,1.000000000000000000e+00,9.723187685012817383e-01,2.707824110984802246e-01,3.094587326049804688e-01,4.291819036006927490e-01
5.663772821426391602e-01,1.000000000000000000e+00,8.428465127944946289e-01,1.836272478103637695e-01,1.213536262512207031e-01,3.649441599845886230e-01
5.032649636268615723e-01,1.000000000000000000e+00,8.123242855072021484e-01,2.230319976806640625e-01,0.000000000000000000e+00,3.630726039409637451e-01
1.000000000000000000e+00,1.000000000000000000e+00,6.771460771560668945e-01,2.322000265121459961e-02,0.000000000000000000e+00,1.250520944595336914e-01
5.050086379051208496e-01,5.043978691101074219e-01,5.889278054237365723e-01,0.000000000000000000e+00,0.000000000000000000e+00,0.000000000000000000e+00
6.460874080657958984e-01,5.143940448760986328e-01,5.043796896934509277e-01,0.000000000000000000e+00,0.000000000000000000e+00,0.000000000000000000e+00
