# CPU,RAM,NetworkR,NetworkW,DiskW,DiskR
5.390493869781494141e-01,5.406860113143920898e-01,1.000000000000000000e+00,4.937947392463684082e-01,4.965677857398986816e-01,4.978548884391784668e-01
5.009483098983764648e-01,6.007941365242004395e-01,1.000000000000000000e+00,4.644881486892700195e-01,4.958184063434600830e-01,4.882695674896240234e-01
5.031424760818481445e-01,5.432661175727844238e-01,1.000000000000000000e+00,4.623449146747589111e-01,4.930849671363830566e-01,4.923907518386840820e-01
5.020541548728942871e-01,6.064713001251220703e-01,1.000000000000000000e+00,4.285553693771362305e-01,4.586113095283508301e-01,4.764249324798583984e-01
5.032665729522705078e-01,5.803830027580261230e-01,1.000000000000000000e+00,3.698539137840270996e-01,2.825643420219421387e-01,4.258950948715209961e-01
6.324157714843750000e-01,7.637454867362976074e-01,8.988665342330932617e-01,1.517055630683898926e-01,2.063415050506591797e-01,3.791618347167968750e-01
7.345776557922363281e-01,1.000000000000000000e+00,7.439599037170410156e-01,1.070916056632995605e-01,0.000000000000000000e+00,3.912138044834136963e-01
1.000000000000000000e+00,9.150828719139099121e-01,5.634527802467346191e-01,0.000000000000000000e+00,0.000000000000000000e+00,0.000000000000000000e+00
5.091706514358520508e-01,5.011357665061950684e-01,5.651586651802062988e-01,0.000000000000000000e+00,0.000000000000000000e+00,0.000000000000000000e+00
6.705127954483032227e-01,5.054938793182373047e-01,5.076472759246826172e-01,0.000000000000000000e+00,0.000000000000000000e+00,0.000000000000000000e+00
