# CPU,RAM,NetworkR,NetworkW,DiskW,DiskR
5.390914082527160645e-01,5.408393144607543945e-01,1.000000000000000000e+00,4.937942624092102051e-01,4.965634346008300781e-01,4.978566169738769531e-01
5.009770393371582031e-01,6.118386387825012207e-01,1.000000000000000000e+00,4.635203480720520020e-01,4.957212209701538086e-01,4.879795312881469727e-01
5.026226043701171875e-01,5.557594299316406250e-01,1.000000000000000000e+00,4.593538641929626465e-01,4.918715953826904297e-01,4.913009405136108398e-01
5.013127326965332031e-01,5.856342315673828125e-01,1.000000000000000000e+00,4.388733506202697754e-01,4.592251181602478027e-01,4.784957170486450195e-01
5.007714629173278809e-01,5.762737989425659180e-01,1.000000000000000000e+00,3.868970870971679688e-01,2.098011374473571777e-01,4.043908119201660156e-01
5.113920569419860840e-01,6.034206151962280273e-01,1.000000000000000000e+00,2.139218449592590332e-01,1.254217624664306641e-01,3.470657467842102051e-01
5.153250694274902344e-01,6.208168864250183105e-01,8.976259231567382812e-01,9.906610101461410522e-02,9.230095148086547852e-02,3.260306119918823242e-01
5.079911351203918457e-01,6.348248720169067383e-01,8.479129672050476074e-01,3.719508647918701172e-03,5.785049870610237122e-02,3.143889307975769043e-01
5.244197845458984375e-01,6.074131727218627930e-01,7.665393948554992676e-01,0.000000000000000000e+00,0.000000000000000000e+00,2.731546163558959961e-01
1.000000000000000000e+00,1.000000000000000000e+00,5.049925446510314941e-01,0.000000000000000000e+00,0.000000000000000000e+00,0.000000000000000000e+00
