# CPU,RAM,NetworkR,NetworkW,DiskW,DiskR
5.000000000000000000e-01,5.000000000000000000e-01,1.000000000000000000e+00,5.000000000000000000e-01,5.000000000000000000e-01,5.000000000000000000e-01
5.000000000000000000e-01,5.000000000000000000e-01,1.000000000000000000e+00,4.807140827178955078e-01,4.975781440734863281e-01,4.627690613269805908e-01
5.000000000000000000e-01,5.833333134651184082e-01,1.000000000000000000e+00,4.536851048469543457e-01,4.969726800918579102e-01,4.627690613269805908e-01
5.000000000000000000e-01,5.833333134651184082e-01,1.000000000000000000e+00,4.161170125007629395e-01,4.884961843490600586e-01,4.627690613269805908e-01
5.000000000000000000e-01,5.833333134651184082e-01,1.000000000000000000e+00,3.998422622680664062e-01,3.717929422855377197e-01,3.789994120597839355e-01
5.000000000000000000e-01,5.833333134651184082e-01,9.886888265609741211e-01,1.866217404603958130e-01,1.502686738967895508e-01,3.487492799758911133e-01
5.000000000000000000e-01,5.833333134651184082e-01,9.507876634597778320e-01,1.528534591197967529e-01,1.356618553400039673e-01,3.487492799758911133e-01
5.000000000000000000e-01,5.833333134651184082e-01,9.128863811492919922e-01,2.437627315521240234e-02,1.122757866978645325e-01,3.487492799758911133e-01
5.000000000000000000e-01,6.666666865348815918e-01,7.359350919723510742e-01,0.000000000000000000e+00,8.109438419342041016e-02,3.394415378570556641e-01
1.000000000000000000e+00,1.000000000000000000e+00,5.000000000000000000e-01,0.000000000000000000e+00,0.000000000000000000e+00,0.000000000000000000e+00
