# CPU,RAM,NetworkR,NetworkW,DiskW,DiskR
5.391910672187805176e-01,5.398869514465332031e-01,1.000000000000000000e+00,4.937762022018432617e-01,4.965837597846984863e-01,4.978385567665100098e-01
5.013152360916137695e-01,5.247045755386352539e-01,1.000000000000000000e+00,4.749929308891296387e-01,4.968532323837280273e-01,4.930268526077270508e-01
5.016602873802185059e-01,6.445683240890502930e-01,1.000000000000000000e+00,4.386098384857177734e-01,4.835731983184814453e-01,4.821116924285888672e-01
5.026023983955383301e-01,6.380750536918640137e-01,1.000000000000000000e+00,4.170790016651153564e-01,4.357790350914001465e-01,4.680039286613464355e-01
5.014278292655944824e-01,6.329316496849060059e-01,1.000000000000000000e+00,3.535474538803100586e-01,1.601949334144592285e-01,3.712720274925231934e-01
5.124823451042175293e-01,7.566775083541870117e-01,9.219142794609069824e-01,1.894764006137847900e-01,9.842920303344726562e-02,3.240258097648620605e-01
5.094446539878845215e-01,6.136204600334167480e-01,9.505022764205932617e-01,1.507955938577651978e-01,8.083190023899078369e-02,3.227211236953735352e-01
5.052663683891296387e-01,6.496345400810241699e-01,8.845289349555969238e-01,5.051094293594360352e-02,7.256114482879638672e-02,3.274812102317810059e-01
5.610182881355285645e-01,7.386098504066467285e-01,7.491390109062194824e-01,0.000000000000000000e+00,5.383354425430297852e-02,3.292007148265838623e-01
1.000000000000000000e+00,1.000000000000000000e+00,5.051125288009643555e-01,0.000000000000000000e+00,0.000000000000000000e+00,0.000000000000000000e+00
