# CPU,RAM,NetworkR,NetworkW,DiskW,DiskR
0.000000000000000000e+00,0.000000000000000000e+00,4.969682693481445312e-01,1.000000000000000000e+00,1.000000000000000000e+00,1.000000000000000000e+00
0.000000000000000000e+00,0.000000000000000000e+00,4.094521403312683105e-01,1.000000000000000000e+00,1.000000000000000000e+00,9.887225627899169922e-01
0.000000000000000000e+00,2.120352983474731445e-01,2.327512502670288086e-01,1.000000000000000000e+00,1.000000000000000000e+00,7.836427092552185059e-01
5.000811219215393066e-01,1.000000000000000000e+00,1.000000000000000000e+00,3.438887000083923340e-01,1.823613047599792480e-01,0.000000000000000000e+00
5.000993609428405762e-01,1.000000000000000000e+00,9.767492413520812988e-01,2.821122407913208008e-01,2.876660041511058807e-02,0.000000000000000000e+00
5.002706646919250488e-01,1.000000000000000000e+00,7.881748676300048828e-01,1.579425930976867676e-01,0.000000000000000000e+00,0.000000000000000000e+00
5.007188916206359863e-01,9.337136149406433105e-01,7.088070511817932129e-01,1.970430091023445129e-02,0.000000000000000000e+00,0.000000000000000000e+00
5.266072154045104980e-01,9.631142020225524902e-01,7.620266675949096680e-01,0.000000000000000000e+00,0.000000000000000000e+00,1.787827014923095703e-01
1.000000000000000000e+00,1.000000000000000000e+00,7.952491641044616699e-01,0.000000000000000000e+00,2.697539031505584717e-01,4.424722194671630859e-01
1.000000000000000000e+00,1.000000000000000000e+00,5.117318034172058105e-01,0.000000000000000000e+00,0.000000000000000000e+00,0.000000000000000000e+00
