# CPU,RAM,NetworkR,NetworkW,DiskW,DiskR
5.391165614128112793e-01,5.406780838966369629e-01,1.000000000000000000e+00,4.937927126884460449e-01,4.965675473213195801e-01,4.978542029857635498e-01
5.002785325050354004e-01,7.751359939575195312e-01,1.000000000000000000e+00,4.571361541748046875e-01,4.904144108295440674e-01,4.342579245567321777e-01
5.015777945518493652e-01,6.801264286041259766e-01,1.000000000000000000e+00,4.345621466636657715e-01,4.794371128082275391e-01,4.685035347938537598e-01
5.006609559059143066e-01,6.929077506065368652e-01,1.000000000000000000e+00,4.190149307250976562e-01,4.011534452438354492e-01,4.489012062549591064e-01
5.002564191818237305e-01,6.348248124122619629e-01,1.000000000000000000e+00,3.869543075561523438e-01,1.390706300735473633e-01,3.344024121761322021e-01
5.033391118049621582e-01,6.700612306594848633e-01,1.000000000000000000e+00,2.416772246360778809e-01,7.900390028953552246e-02,3.040843009948730469e-01
5.028846263885498047e-01,6.896271109580993652e-01,9.527884125709533691e-01,1.712091565132141113e-01,7.312583923339843750e-02,3.092128634452819824e-01
5.026745796203613281e-01,6.474088430404663086e-01,9.430094957351684570e-01,9.319251775741577148e-02,5.960512161254882812e-02,3.142747879028320312e-01
5.356429219245910645e-01,8.047891855239868164e-01,7.153273820877075195e-01,0.000000000000000000e+00,0.000000000000000000e+00,2.324697375297546387e-01
1.000000000000000000e+00,1.000000000000000000e+00,5.068235397338867188e-01,0.000000000000000000e+00,0.000000000000000000e+00,0.000000000000000000e+00
