# CPU,RAM,NetworkR,NetworkW,DiskW,DiskR
5.391599535942077637e-01,5.407699942588806152e-01,1.000000000000000000e+00,4.937933683395385742e-01,4.965654611587524414e-01,4.978556632995605469e-01
5.011354684829711914e-01,5.795301795005798340e-01,1.000000000000000000e+00,4.657731056213378906e-01,4.961434006690979004e-01,4.898001551628112793e-01
5.052344799041748047e-01,6.296594142913818359e-01,1.000000000000000000e+00,4.399885535240173340e-01,4.893374145030975342e-01,4.877949357032775879e-01
5.030661821365356445e-01,5.922540426254272461e-01,1.000000000000000000e+00,4.375644326210021973e-01,4.700199961662292480e-01,4.830892086029052734e-01
5.023607015609741211e-01,5.998166203498840332e-01,1.000000000000000000e+00,3.755627274513244629e-01,2.895757555961608887e-01,4.269311130046844482e-01
5.413429737091064453e-01,5.888065695762634277e-01,1.000000000000000000e+00,2.338329553604125977e-01,2.170833051204681396e-01,3.889873623847961426e-01
6.323614716529846191e-01,1.000000000000000000e+00,7.722384929656982422e-01,9.673219919204711914e-02,2.026933431625366211e-02,4.156386852264404297e-01
1.000000000000000000e+00,1.000000000000000000e+00,5.977242588996887207e-01,0.000000000000000000e+00,0.000000000000000000e+00,0.000000000000000000e+00
5.069192051887512207e-01,5.014846920967102051e-01,5.623440742492675781e-01,0.000000000000000000e+00,0.000000000000000000e+00,0.000000000000000000e+00
6.477321982383728027e-01,5.062867403030395508e-01,5.067652463912963867e-01,0.000000000000000000e+00,0.000000000000000000e+00,0.000000000000000000e+00
