# CPU,RAM,NetworkR,NetworkW,DiskW,DiskR
5.390167236328125000e-01,5.405685901641845703e-01,1.000000000000000000e+00,4.937928020954132080e-01,4.965701699256896973e-01,4.978527128696441650e-01
5.002754926681518555e-01,7.294309735298156738e-01,1.000000000000000000e+00,4.591675996780395508e-01,4.913765192031860352e-01,4.406876564025878906e-01
5.005294084548950195e-01,8.755414485931396484e-01,1.000000000000000000e+00,4.203303456306457520e-01,4.526442289352416992e-01,4.315246045589447021e-01
5.002876520156860352e-01,7.787967920303344727e-01,1.000000000000000000e+00,4.070131182670593262e-01,3.161042034626007080e-01,3.959687352180480957e-01
5.001661181449890137e-01,7.210259437561035156e-01,1.000000000000000000e+00,3.671908080577850342e-01,8.942610025405883789e-02,2.364854216575622559e-01
5.017663836479187012e-01,7.036187052726745605e-01,1.000000000000000000e+00,2.360426187515258789e-01,6.927728652954101562e-03,2.185411006212234497e-01
5.017911791801452637e-01,7.174038290977478027e-01,9.188821315765380859e-01,1.599474549293518066e-01,2.041759900748729706e-03,2.372267991304397583e-01
5.054733753204345703e-01,6.638687252998352051e-01,9.174328446388244629e-01,8.056664466857910156e-02,9.832180291414260864e-02,3.321537077426910400e-01
6.205797195434570312e-01,9.642450809478759766e-01,7.168845534324645996e-01,0.000000000000000000e+00,4.453665018081665039e-02,3.335202038288116455e-01
1.000000000000000000e+00,1.000000000000000000e+00,5.056679248809814453e-01,0.000000000000000000e+00,0.000000000000000000e+00,0.000000000000000000e+00
