# CPU,RAM,NetworkR,NetworkW,DiskW,DiskR
5.390918850898742676e-01,5.403631329536437988e-01,1.000000000000000000e+00,4.937857389450073242e-01,4.965735077857971191e-01,4.978477358818054199e-01
5.003784894943237305e-01,6.327801346778869629e-01,1.000000000000000000e+00,4.644539058208465576e-01,4.941434860229492188e-01,4.724160432815551758e-01
5.008777379989624023e-01,7.774904966354370117e-01,1.000000000000000000e+00,4.292766451835632324e-01,4.714507460594177246e-01,4.648788571357727051e-01
5.008221268653869629e-01,6.971068978309631348e-01,1.000000000000000000e+00,4.140399098396301270e-01,3.889789581298828125e-01,4.472883045673370361e-01
5.003619194030761719e-01,6.709778308868408203e-01,1.000000000000000000e+00,3.723376393318176270e-01,1.447528004646301270e-01,3.411450386047363281e-01
5.040467977523803711e-01,6.887872219085693359e-01,1.000000000000000000e+00,2.482698559761047363e-01,1.197176575660705566e-01,3.333539068698883057e-01
5.028032660484313965e-01,6.128838658332824707e-01,1.000000000000000000e+00,2.157496213912963867e-01,1.292335391044616699e-01,3.527374267578125000e-01
5.057662129402160645e-01,7.115681171417236328e-01,8.764781951904296875e-01,4.883509874343872070e-02,5.274320021271705627e-02,3.131143450736999512e-01
6.223441362380981445e-01,1.000000000000000000e+00,6.699614524841308594e-01,0.000000000000000000e+00,0.000000000000000000e+00,2.737797498703002930e-01
1.000000000000000000e+00,1.000000000000000000e+00,5.050813555717468262e-01,0.000000000000000000e+00,0.000000000000000000e+00,0.000000000000000000e+00
