# CPU,RAM,NetworkR,NetworkW,DiskW,DiskR
5.390574336051940918e-01,5.403487086296081543e-01,1.000000000000000000e+00,4.937877058982849121e-01,4.965746104717254639e-01,4.978482127189636230e-01
5.007700920104980469e-01,5.592896938323974609e-01,1.000000000000000000e+00,4.695985317230224609e-01,4.960961043834686279e-01,4.892319440841674805e-01
5.018978118896484375e-01,5.850181579589843750e-01,1.000000000000000000e+00,4.523568153381347656e-01,4.897446632385253906e-01,4.881069064140319824e-01
5.016031861305236816e-01,6.609117984771728516e-01,1.000000000000000000e+00,4.164774417877197266e-01,4.323906302452087402e-01,4.654577374458312988e-01
5.007988214492797852e-01,6.224549412727355957e-01,1.000000000000000000e+00,3.662345409393310547e-01,1.594358086585998535e-01,3.710676431655883789e-01
5.088491439819335938e-01,7.029423117637634277e-01,9.591776132583618164e-01,1.981170177459716797e-01,9.657829999923706055e-02,3.222640156745910645e-01
5.050698518753051758e-01,6.197168827056884766e-01,9.791990518569946289e-01,1.624277979135513306e-01,1.008411645889282227e-01,3.344421088695526123e-01
5.042239427566528320e-01,6.433305144309997559e-01,9.261286854743957520e-01,6.193609908223152161e-02,9.949976205825805664e-02,3.447515070438385010e-01
5.722258090972900391e-01,7.436244487762451172e-01,7.765630483627319336e-01,0.000000000000000000e+00,1.110664010047912598e-01,3.604335188865661621e-01
1.000000000000000000e+00,1.000000000000000000e+00,5.050357580184936523e-01,0.000000000000000000e+00,0.000000000000000000e+00,0.000000000000000000e+00
