# CPU,RAM,NetworkR,NetworkW,DiskW,DiskR
5.391020774841308594e-01,5.406993031501770020e-01,1.000000000000000000e+00,4.937930107116699219e-01,4.965670108795166016e-01,4.978545308113098145e-01
5.012870430946350098e-01,5.245232582092285156e-01,1.000000000000000000e+00,4.752015471458435059e-01,4.968672096729278564e-01,4.931158125400543213e-01
5.028922557830810547e-01,5.853997468948364258e-01,1.000000000000000000e+00,4.458674192428588867e-01,4.888406991958618164e-01,4.869494140148162842e-01
5.024631619453430176e-01,5.878828763961791992e-01,1.000000000000000000e+00,4.322337508201599121e-01,4.567658305168151855e-01,4.773699641227722168e-01
5.024712085723876953e-01,5.839416980743408203e-01,1.000000000000000000e+00,3.647379279136657715e-01,2.224332690238952637e-01,4.065642952919006348e-01
5.346627235412597656e-01,6.839894056320190430e-01,9.391841292381286621e-01,1.835339069366455078e-01,1.724944114685058594e-01,3.626763224601745605e-01
5.629574060440063477e-01,7.537401318550109863e-01,8.055829405784606934e-01,5.842680111527442932e-02,8.702743053436279297e-02,3.306427001953125000e-01
5.818011164665222168e-01,8.179779052734375000e-01,7.160960435867309570e-01,0.000000000000000000e+00,1.542020030319690704e-02,3.042832612991333008e-01
5.527379512786865234e-01,5.496476292610168457e-01,7.736038565635681152e-01,0.000000000000000000e+00,3.997666016221046448e-02,3.020312190055847168e-01
1.000000000000000000e+00,1.000000000000000000e+00,5.028374195098876953e-01,0.000000000000000000e+00,0.000000000000000000e+00,0.000000000000000000e+00
