# CPU,RAM,NetworkR,NetworkW,DiskW,DiskR
5.389645099639892578e-01,5.403023958206176758e-01,1.000000000000000000e+00,4.937864542007446289e-01,4.965747594833374023e-01,4.978469610214233398e-01
5.008092522621154785e-01,6.115232110023498535e-01,1.000000000000000000e+00,4.641089439392089844e-01,4.955489039421081543e-01,4.867357015609741211e-01
5.020167827606201172e-01,6.113531589508056641e-01,1.000000000000000000e+00,4.489024281501770020e-01,4.884794056415557861e-01,4.873437285423278809e-01
5.015069842338562012e-01,6.749505996704101562e-01,1.000000000000000000e+00,4.179586172103881836e-01,4.337731003761291504e-01,4.665366113185882568e-01
5.005934238433837891e-01,6.202337741851806641e-01,1.000000000000000000e+00,3.802833557128906250e-01,1.865050941705703735e-01,3.844176530838012695e-01
5.060836672782897949e-01,7.068904638290405273e-01,1.000000000000000000e+00,2.301674485206604004e-01,1.484855413436889648e-01,3.531529009342193604e-01
5.053214430809020996e-01,6.128226518630981445e-01,1.000000000000000000e+00,1.920148134231567383e-01,1.531217098236083984e-01,3.662452101707458496e-01
5.039035081863403320e-01,6.609287261962890625e-01,9.289689064025878906e-01,6.687545776367187500e-02,8.626235276460647583e-02,3.375642299652099609e-01
5.535336136817932129e-01,7.567009925842285156e-01,7.471886873245239258e-01,0.000000000000000000e+00,2.394920587539672852e-02,3.068433403968811035e-01
1.000000000000000000e+00,1.000000000000000000e+00,5.054056048393249512e-01,0.000000000000000000e+00,0.000000000000000000e+00,0.000000000000000000e+00
