# CPU,RAM,NetworkR,NetworkW,DiskW,DiskR
5.391974449157714844e-01,5.408332347869873047e-01,1.000000000000000000e+00,4.937931895256042480e-01,4.965637922286987305e-01,4.978564381599426270e-01
5.004191994667053223e-01,9.393618702888488770e-01,1.000000000000000000e+00,4.538490176200866699e-01,4.902083277702331543e-01,4.545294046401977539e-01
5.053312182426452637e-01,5.436584353446960449e-01,1.000000000000000000e+00,4.589751064777374268e-01,4.926446676254272461e-01,4.900609254837036133e-01
5.014472603797912598e-01,5.966368317604064941e-01,1.000000000000000000e+00,4.370322227478027344e-01,4.634373188018798828e-01,4.780688285827636719e-01
5.004585385322570801e-01,5.798239707946777344e-01,1.000000000000000000e+00,4.023306071758270264e-01,2.377353310585021973e-01,4.102756083011627197e-01
5.053226351737976074e-01,5.981363058090209961e-01,1.000000000000000000e+00,2.503694891929626465e-01,1.321854591369628906e-01,3.526995182037353516e-01
5.074199438095092773e-01,6.155919432640075684e-01,9.670639038085937500e-01,1.458939313888549805e-01,1.217990517616271973e-01,3.448165655136108398e-01
5.055156350135803223e-01,6.257296800613403320e-01,9.188086390495300293e-01,5.071520805358886719e-02,1.035258173942565918e-01,3.441998958587646484e-01
5.346015691757202148e-01,6.548975110054016113e-01,7.718852162361145020e-01,0.000000000000000000e+00,2.735335007309913635e-02,3.033696115016937256e-01
1.000000000000000000e+00,1.000000000000000000e+00,5.060358643531799316e-01,0.000000000000000000e+00,0.000000000000000000e+00,0.000000000000000000e+00
