# CPU,RAM,NetworkR,NetworkW,DiskW,DiskR
5.391511917114257812e-01,5.407417416572570801e-01,1.000000000000000000e+00,4.937935471534729004e-01,4.965662956237792969e-01,4.978553652763366699e-01
5.013702511787414551e-01,5.241847634315490723e-01,1.000000000000000000e+00,4.750724434852600098e-01,4.968785047531127930e-01,4.931486248970031738e-01
5.041025876998901367e-01,8.784145712852478027e-01,1.000000000000000000e+00,4.065741300582885742e-01,4.671722054481506348e-01,4.711624979972839355e-01
5.167384147644042969e-01,6.093572378158569336e-01,1.000000000000000000e+00,4.195040464401245117e-01,4.693989157676696777e-01,4.811191558837890625e-01
5.267488956451416016e-01,7.862135171890258789e-01,1.000000000000000000e+00,3.099009096622467041e-01,3.201040029525756836e-01,4.242106080055236816e-01
5.752975344657897949e-01,8.925657272338867188e-01,9.265771508216857910e-01,2.140994668006896973e-01,2.416055202484130859e-01,4.007252454757690430e-01
5.256472229957580566e-01,1.000000000000000000e+00,8.059911727905273438e-01,2.002380043268203735e-01,0.000000000000000000e+00,3.948915600776672363e-01
1.000000000000000000e+00,1.000000000000000000e+00,6.584805846214294434e-01,1.090824604034423828e-03,0.000000000000000000e+00,1.248677000403404236e-01
5.060212612152099609e-01,5.025373697280883789e-01,5.802350640296936035e-01,0.000000000000000000e+00,0.000000000000000000e+00,0.000000000000000000e+00
6.193274855613708496e-01,5.080023407936096191e-01,5.062131285667419434e-01,0.000000000000000000e+00,0.000000000000000000e+00,0.000000000000000000e+00
