# CPU,RAM,NetworkR,NetworkW,DiskW,DiskR
5.391296148300170898e-01,5.407667160034179688e-01,1.000000000000000000e+00,4.937941133975982666e-01,4.965656995773315430e-01,4.978558123111724854e-01
5.011476278305053711e-01,5.761150717735290527e-01,1.000000000000000000e+00,4.660890102386474609e-01,4.961799085140228271e-01,4.899533390998840332e-01
5.069732666015625000e-01,5.970775485038757324e-01,1.000000000000000000e+00,4.442612528800964355e-01,4.914955496788024902e-01,4.896254539489746094e-01
5.044525265693664551e-01,6.134564280509948730e-01,1.000000000000000000e+00,4.293635487556457520e-01,4.698840081691741943e-01,4.818416237831115723e-01
5.120221972465515137e-01,6.518877744674682617e-01,1.000000000000000000e+00,3.415946066379547119e-01,3.345588147640228271e-01,4.325991272926330566e-01
5.817614197731018066e-01,7.337599992752075195e-01,9.599391818046569824e-01,2.003372311592102051e-01,2.341264039278030396e-01,3.924637436866760254e-01
5.851026773452758789e-01,1.000000000000000000e+00,7.925902605056762695e-01,1.483532190322875977e-01,0.000000000000000000e+00,4.213964939117431641e-01
1.000000000000000000e+00,1.000000000000000000e+00,5.977596640586853027e-01,0.000000000000000000e+00,0.000000000000000000e+00,0.000000000000000000e+00
5.126757621765136719e-01,5.019929409027099609e-01,5.756039619445800781e-01,0.000000000000000000e+00,0.000000000000000000e+00,0.000000000000000000e+00
7.044785022735595703e-01,5.089645981788635254e-01,5.051821470260620117e-01,0.000000000000000000e+00,0.000000000000000000e+00,0.000000000000000000e+00
