# CPU,RAM,NetworkR,NetworkW,DiskW,DiskR
5.391358137130737305e-01,5.405804514884948730e-01,1.000000000000000000e+00,4.937931001186370850e-01,4.965706467628479004e-01,4.978532195091247559e-01
5.013672113418579102e-01,5.212857127189636230e-01,1.000000000000000000e+00,4.761476516723632812e-01,4.969487190246582031e-01,4.934651255607604980e-01
5.016940236091613770e-01,6.724700331687927246e-01,1.000000000000000000e+00,4.331431984901428223e-01,4.806601405143737793e-01,4.793481230735778809e-01
5.040102601051330566e-01,6.157787442207336426e-01,1.000000000000000000e+00,4.219743013381958008e-01,4.519483447074890137e-01,4.742769002914428711e-01
5.019118189811706543e-01,6.429247856140136719e-01,1.000000000000000000e+00,3.495203256607055664e-01,1.818346977233886719e-01,3.800587058067321777e-01
5.097696781158447266e-01,7.107831835746765137e-01,9.469279050827026367e-01,2.019754052162170410e-01,8.187550306320190430e-02,3.164295554161071777e-01
5.132890939712524414e-01,6.697465181350708008e-01,8.623349666595458984e-01,1.042663007974624634e-01,1.949816942214965820e-02,2.772172093391418457e-01
5.080791115760803223e-01,6.277214288711547852e-01,8.694881200790405273e-01,4.156770184636116028e-02,7.075226306915283203e-02,3.219430148601531982e-01
5.466286540031433105e-01,6.744722127914428711e-01,7.428619861602783203e-01,0.000000000000000000e+00,1.091070007532835007e-02,2.978600263595581055e-01
1.000000000000000000e+00,1.000000000000000000e+00,5.055662393569946289e-01,0.000000000000000000e+00,0.000000000000000000e+00,0.000000000000000000e+00
