# CPU,RAM,NetworkR,NetworkW,DiskW,DiskR
5.391778945922851562e-01,5.408014655113220215e-01,1.000000000000000000e+00,4.937928915023803711e-01,4.965645074844360352e-01,4.978559017181396484e-01
5.011093616485595703e-01,5.735475420951843262e-01,1.000000000000000000e+00,4.665476083755493164e-01,4.962060451507568359e-01,4.900327026844024658e-01
5.026140809059143066e-01,5.727223753929138184e-01,1.000000000000000000e+00,4.542191028594970703e-01,4.908155202865600586e-01,4.899853467941284180e-01
5.018845796585083008e-01,5.849019885063171387e-01,1.000000000000000000e+00,4.379897117614746094e-01,4.633735418319702148e-01,4.801431298255920410e-01
5.087871551513671875e-01,6.110714673995971680e-01,1.000000000000000000e+00,3.385325670242309570e-01,2.854719161987304688e-01,4.179731607437133789e-01
6.224712729454040527e-01,7.234565615653991699e-01,9.600722789764404297e-01,1.930252313613891602e-01,2.797551155090332031e-01,4.080390930175781250e-01
6.016162037849426270e-01,1.000000000000000000e+00,8.032438755035400391e-01,1.620830297470092773e-01,0.000000000000000000e+00,4.245919585227966309e-01
1.000000000000000000e+00,1.000000000000000000e+00,5.955075025558471680e-01,0.000000000000000000e+00,0.000000000000000000e+00,0.000000000000000000e+00
5.052155852317810059e-01,5.017590522766113281e-01,5.713173747062683105e-01,0.000000000000000000e+00,0.000000000000000000e+00,0.000000000000000000e+00
6.230015158653259277e-01,5.066969394683837891e-01,5.069802403450012207e-01,0.000000000000000000e+00,0.000000000000000000e+00,0.000000000000000000e+00
