# CPU,RAM,NetworkR,NetworkW,DiskW,DiskR
5.391092300415039062e-01,5.406210422515869141e-01,1.000000000000000000e+00,4.937919378280639648e-01,4.965688586235046387e-01,4.978532195091247559e-01
5.003642439842224121e-01,7.230674624443054199e-01,1.000000000000000000e+00,4.595635533332824707e-01,4.926161170005798340e-01,4.612708687782287598e-01
5.010835528373718262e-01,7.515276074409484863e-01,1.000000000000000000e+00,4.309625029563903809e-01,4.736244678497314453e-01,4.669793248176574707e-01
5.005242228507995605e-01,7.228843569755554199e-01,1.000000000000000000e+00,4.163343310356140137e-01,3.813661932945251465e-01,4.421689510345458984e-01
5.001881122589111328e-01,6.609033346176147461e-01,1.000000000000000000e+00,3.846785426139831543e-01,1.213725209236145020e-01,3.077987432479858398e-01
5.021939277648925781e-01,6.809116601943969727e-01,1.000000000000000000e+00,2.440011501312255859e-01,5.085945129394531250e-02,2.777703404426574707e-01
5.020509958267211914e-01,7.070165276527404785e-01,9.504044651985168457e-01,1.695986390113830566e-01,4.790014028549194336e-02,2.873305082321166992e-01
5.031392574310302734e-01,6.549299359321594238e-01,9.496181607246398926e-01,9.371846914291381836e-02,8.688825368881225586e-02,3.308739066123962402e-01
5.562545657157897949e-01,8.126767277717590332e-01,7.359677553176879883e-01,0.000000000000000000e+00,7.039249874651432037e-03,2.956247925758361816e-01
1.000000000000000000e+00,1.000000000000000000e+00,5.062793493270874023e-01,0.000000000000000000e+00,0.000000000000000000e+00,0.000000000000000000e+00
