# CPU,RAM,NetworkR,NetworkW,DiskW,DiskR
5.391576886177062988e-01,5.408031344413757324e-01,1.000000000000000000e+00,4.937931001186370850e-01,4.965643882751464844e-01,4.978559613227844238e-01
5.013371706008911133e-01,5.210070610046386719e-01,1.000000000000000000e+00,4.763195514678955078e-01,4.969346523284912109e-01,4.934641122817993164e-01
5.036779642105102539e-01,6.525563597679138184e-01,1.000000000000000000e+00,4.300445914268493652e-01,4.840297698974609375e-01,4.817925691604614258e-01
5.037255883216857910e-01,5.828179717063903809e-01,1.000000000000000000e+00,4.339289665222167969e-01,4.635158181190490723e-01,4.804511666297912598e-01
5.116358995437622070e-01,6.483083367347717285e-01,1.000000000000000000e+00,3.218970000743865967e-01,2.620193958282470703e-01,4.062781929969787598e-01
5.432736277580261230e-01,6.819157004356384277e-01,9.806197881698608398e-01,2.162109613418579102e-01,2.292191982269287109e-01,3.897620141506195068e-01
5.990266799926757812e-01,1.000000000000000000e+00,7.580388188362121582e-01,7.597769796848297119e-02,4.547482728958129883e-02,3.785291314125061035e-01
7.750521898269653320e-01,1.000000000000000000e+00,6.122808456420898438e-01,0.000000000000000000e+00,0.000000000000000000e+00,3.714510053396224976e-02
5.198053717613220215e-01,5.179765224456787109e-01,5.633714795112609863e-01,0.000000000000000000e+00,0.000000000000000000e+00,0.000000000000000000e+00
1.000000000000000000e+00,6.008669137954711914e-01,5.024479031562805176e-01,0.000000000000000000e+00,0.000000000000000000e+00,0.000000000000000000e+00
