# CPU,RAM,NetworkR,NetworkW,DiskW,DiskR
5.390850901603698730e-01,5.405504107475280762e-01,1.000000000000000000e+00,4.937900006771087646e-01,4.965699017047882080e-01,4.978515505790710449e-01
5.008908510208129883e-01,5.555474758148193359e-01,1.000000000000000000e+00,4.695219397544860840e-01,4.961768984794616699e-01,4.898724555969238281e-01
5.017935037612915039e-01,6.297578215599060059e-01,1.000000000000000000e+00,4.432470202445983887e-01,4.855667352676391602e-01,4.843300580978393555e-01
5.016780495643615723e-01,6.786454319953918457e-01,1.000000000000000000e+00,4.120473861694335938e-01,4.201769232749938965e-01,4.615243673324584961e-01
5.006553530693054199e-01,6.371911764144897461e-01,1.000000000000000000e+00,3.648672699928283691e-01,1.347890049219131470e-01,3.536404371261596680e-01
5.067462921142578125e-01,7.044299840927124023e-01,9.593485593795776367e-01,2.040141224861145020e-01,7.113099843263626099e-02,3.052920699119567871e-01
5.043793320655822754e-01,6.318886280059814453e-01,9.686241745948791504e-01,1.639048010110855103e-01,8.270835876464843750e-02,3.221594095230102539e-01
5.034353733062744141e-01,6.590623855590820312e-01,9.156410694122314453e-01,6.465840339660644531e-02,7.222729921340942383e-02,3.274177908897399902e-01
5.435950756072998047e-01,7.193642258644104004e-01,7.589822411537170410e-01,0.000000000000000000e+00,2.820861339569091797e-02,3.078058958053588867e-01
1.000000000000000000e+00,1.000000000000000000e+00,5.056514143943786621e-01,0.000000000000000000e+00,0.000000000000000000e+00,0.000000000000000000e+00
