# CPU,RAM,NetworkR,NetworkW,DiskW,DiskR
5.391088724136352539e-01,5.406584739685058594e-01,1.000000000000000000e+00,4.937938451766967773e-01,4.965685606002807617e-01,4.978543519973754883e-01
5.008558034896850586e-01,6.328381299972534180e-01,1.000000000000000000e+00,4.625467061996459961e-01,4.953928589820861816e-01,4.863329529762268066e-01
5.033874511718750000e-01,5.434203147888183594e-01,1.000000000000000000e+00,4.621776938438415527e-01,4.930906295776367188e-01,4.923230111598968506e-01
5.083073377609252930e-01,6.553207635879516602e-01,1.000000000000000000e+00,4.074928164482116699e-01,4.634427428245544434e-01,4.752834439277648926e-01
5.696195363998413086e-01,8.815639615058898926e-01,1.000000000000000000e+00,2.759186029434204102e-01,3.164171576499938965e-01,4.215624332427978516e-01
6.690211296081542969e-01,1.000000000000000000e+00,8.369402885437011719e-01,1.662025451660156250e-01,1.644523143768310547e-01,3.988069891929626465e-01
5.080658197402954102e-01,1.000000000000000000e+00,7.736166715621948242e-01,1.906921267509460449e-01,0.000000000000000000e+00,3.012012243270874023e-01
1.000000000000000000e+00,1.000000000000000000e+00,6.396881341934204102e-01,0.000000000000000000e+00,0.000000000000000000e+00,7.626980543136596680e-02
5.058524608612060547e-01,5.048721432685852051e-01,5.781279802322387695e-01,0.000000000000000000e+00,0.000000000000000000e+00,0.000000000000000000e+00
6.140331625938415527e-01,5.103203058242797852e-01,5.053322911262512207e-01,0.000000000000000000e+00,0.000000000000000000e+00,0.000000000000000000e+00
