# CPU,RAM,NetworkR,NetworkW,DiskW,DiskR
5.390424728393554688e-01,5.407590866088867188e-01,1.000000000000000000e+00,4.937949180603027344e-01,4.965657591819763184e-01,4.978558421134948730e-01
5.014290809631347656e-01,5.163875818252563477e-01,1.000000000000000000e+00,4.780197143554687500e-01,4.970214068889617920e-01,4.939337372779846191e-01
5.103451609611511230e-01,8.326401114463806152e-01,1.000000000000000000e+00,4.016339182853698730e-01,4.743858575820922852e-01,4.742887020111083984e-01
6.005584597587585449e-01,1.000000000000000000e+00,1.000000000000000000e+00,3.332671523094177246e-01,4.018157124519348145e-01,4.533440470695495605e-01
6.367702484130859375e-01,1.000000000000000000e+00,9.154436588287353516e-01,2.583346366882324219e-01,2.499821931123733521e-01,4.110603332519531250e-01
5.390622615814208984e-01,1.000000000000000000e+00,8.498194217681884766e-01,2.100410014390945435e-01,1.412872672080993652e-01,3.744762539863586426e-01
5.019102096557617188e-01,1.000000000000000000e+00,8.077011704444885254e-01,2.512419223785400391e-01,0.000000000000000000e+00,1.988375186920166016e-01
1.000000000000000000e+00,1.000000000000000000e+00,6.994644403457641602e-01,2.554875984787940979e-02,0.000000000000000000e+00,3.113526701927185059e-01
5.007889270782470703e-01,5.117878913879394531e-01,5.606426596641540527e-01,0.000000000000000000e+00,0.000000000000000000e+00,0.000000000000000000e+00
5.869092345237731934e-01,5.341386795043945312e-01,5.036715269088745117e-01,0.000000000000000000e+00,0.000000000000000000e+00,0.000000000000000000e+00
