# CPU,RAM,NetworkR,NetworkW,DiskW,DiskR
5.390138030052185059e-01,5.405718684196472168e-01,1.000000000000000000e+00,4.937939643859863281e-01,4.965705275535583496e-01,4.978531599044799805e-01
5.014652609825134277e-01,5.251709818840026855e-01,1.000000000000000000e+00,4.744935631752014160e-01,4.968843460083007812e-01,4.930901527404785156e-01
5.066478252410888672e-01,8.055081367492675781e-01,1.000000000000000000e+00,4.124245047569274902e-01,4.782677888870239258e-01,4.781893491744995117e-01
5.051198005676269531e-01,5.779555439949035645e-01,1.000000000000000000e+00,4.368557333946228027e-01,4.688150882720947266e-01,4.833832383155822754e-01
5.014961957931518555e-01,6.027653813362121582e-01,1.000000000000000000e+00,3.797628879547119141e-01,2.511614561080932617e-01,4.146440029144287109e-01
5.098774433135986328e-01,6.045999526977539062e-01,1.000000000000000000e+00,2.476409077644348145e-01,1.281467676162719727e-01,3.541825115680694580e-01
5.413628816604614258e-01,6.562748551368713379e-01,8.619407415390014648e-01,9.244155883789062500e-02,9.664434194564819336e-02,3.299573063850402832e-01
5.649215579032897949e-01,7.146317958831787109e-01,7.490247488021850586e-01,0.000000000000000000e+00,3.635162115097045898e-02,3.064817190170288086e-01
5.602216124534606934e-01,5.657429099082946777e-01,8.121292591094970703e-01,0.000000000000000000e+00,1.315531134605407715e-01,3.603889942169189453e-01
1.000000000000000000e+00,1.000000000000000000e+00,5.040212273597717285e-01,0.000000000000000000e+00,0.000000000000000000e+00,0.000000000000000000e+00
