# CPU,RAM,NetworkR,NetworkW,DiskW,DiskR
5.390863418579101562e-01,5.405343174934387207e-01,1.000000000000000000e+00,4.937925934791564941e-01,4.965715110301971436e-01,4.978524148464202881e-01
5.004935860633850098e-01,6.997608542442321777e-01,1.000000000000000000e+00,4.602556228637695312e-01,4.937255382537841797e-01,4.743488430976867676e-01
5.022395849227905273e-01,6.236549019813537598e-01,1.000000000000000000e+00,4.447726011276245117e-01,4.867422580718994141e-01,4.837602078914642334e-01
5.010495185852050781e-01,6.758401989936828613e-01,1.000000000000000000e+00,4.208283424377441406e-01,4.269421100616455078e-01,4.632503390312194824e-01
5.003232955932617188e-01,6.246740221977233887e-01,1.000000000000000000e+00,3.873018026351928711e-01,1.592047959566116333e-01,3.613674044609069824e-01
5.038530826568603516e-01,6.689543128013610840e-01,1.000000000000000000e+00,2.360202074050903320e-01,9.657850116491317749e-02,3.214181661605834961e-01
5.033200383186340332e-01,6.606554388999938965e-01,9.817046523094177246e-01,1.723420023918151855e-01,1.008147001266479492e-01,3.315700888633728027e-01
5.030182600021362305e-01,6.470086574554443359e-01,9.520328044891357422e-01,8.357155323028564453e-02,8.626110106706619263e-02,3.348776698112487793e-01
5.394104123115539551e-01,7.403005361557006836e-01,7.477244138717651367e-01,0.000000000000000000e+00,0.000000000000000000e+00,2.812626957893371582e-01
1.000000000000000000e+00,1.000000000000000000e+00,5.061147809028625488e-01,0.000000000000000000e+00,0.000000000000000000e+00,0.000000000000000000e+00
