# CPU,RAM,NetworkR,NetworkW,DiskW,DiskR
5.395383238792419434e-01,5.406770110130310059e-01,1.000000000000000000e+00,4.937643110752105713e-01,4.965580701828002930e-01,4.978444576263427734e-01
5.002859830856323242e-01,6.381782293319702148e-01,1.000000000000000000e+00,4.640455245971679688e-01,4.929787516593933105e-01,4.572231173515319824e-01
5.004621148109436035e-01,7.974827289581298828e-01,1.000000000000000000e+00,4.270632863044738770e-01,4.598677158355712891e-01,4.402959048748016357e-01
5.003017783164978027e-01,7.319278717041015625e-01,1.000000000000000000e+00,4.082909226417541504e-01,3.101048469543457031e-01,3.958769440650939941e-01
5.004433989524841309e-01,7.508812546730041504e-01,1.000000000000000000e+00,3.390373587608337402e-01,1.084720492362976074e-01,2.889868021011352539e-01
5.024208426475524902e-01,6.768183112144470215e-01,1.000000000000000000e+00,2.547405362129211426e-01,7.547342777252197266e-02,2.998515963554382324e-01
5.018356442451477051e-01,6.097038388252258301e-01,1.000000000000000000e+00,2.280040979385375977e-01,1.252620965242385864e-01,3.496688604354858398e-01
5.108244419097900391e-01,7.354042530059814453e-01,8.445553779602050781e-01,2.724779956042766571e-02,5.327272415161132812e-02,3.122048079967498779e-01
1.000000000000000000e+00,1.000000000000000000e+00,6.058301329612731934e-01,0.000000000000000000e+00,0.000000000000000000e+00,1.552080065011978149e-01
1.000000000000000000e+00,1.000000000000000000e+00,5.052181482315063477e-01,0.000000000000000000e+00,0.000000000000000000e+00,0.000000000000000000e+00
