# CPU,RAM,NetworkR,NetworkW,DiskW,DiskR
5.389765501022338867e-01,5.406773686408996582e-01,1.000000000000000000e+00,4.937934875488281250e-01,4.965671002864837646e-01,4.978542029857635498e-01
5.011411309242248535e-01,5.476350784301757812e-01,1.000000000000000000e+00,4.700448513031005859e-01,4.964816570281982422e-01,4.912742078304290771e-01
5.023147463798522949e-01,5.695236325263977051e-01,1.000000000000000000e+00,4.542220234870910645e-01,4.905332326889038086e-01,4.895098209381103516e-01
5.021267533302307129e-01,6.181144118309020996e-01,1.000000000000000000e+00,4.245670139789581299e-01,4.496733546257019043e-01,4.732141494750976562e-01
5.011481046676635742e-01,6.054562330245971680e-01,1.000000000000000000e+00,3.662425875663757324e-01,1.799964308738708496e-01,3.858694136142730713e-01
5.149652361869812012e-01,6.811792254447937012e-01,9.484822154045104980e-01,1.873331665992736816e-01,1.086274981498718262e-01,3.306066393852233887e-01
5.148873925209045410e-01,6.335828304290771484e-01,8.960424661636352539e-01,1.098383665084838867e-01,7.818437367677688599e-02,3.175636529922485352e-01
5.072090625762939453e-01,6.232818961143493652e-01,8.789904117584228516e-01,3.319180011749267578e-02,8.251386880874633789e-02,3.320200443267822266e-01
5.330453515052795410e-01,6.340027451515197754e-01,7.699921131134033203e-01,0.000000000000000000e+00,2.527059987187385559e-02,3.050948083400726318e-01
1.000000000000000000e+00,1.000000000000000000e+00,5.050863623619079590e-01,0.000000000000000000e+00,0.000000000000000000e+00,0.000000000000000000e+00
