# CPU,RAM,NetworkR,NetworkW,DiskW,DiskR
5.391775369644165039e-01,5.407999157905578613e-01,1.000000000000000000e+00,4.937934279441833496e-01,4.965647459030151367e-01,4.978561103343963623e-01
5.010398030281066895e-01,6.042850017547607422e-01,1.000000000000000000e+00,4.639006257057189941e-01,4.958562254905700684e-01,4.885973930358886719e-01
5.091255307197570801e-01,5.730099081993103027e-01,1.000000000000000000e+00,4.494684338569641113e-01,4.931592941284179688e-01,4.913130402565002441e-01
5.282680988311767578e-01,7.856366038322448730e-01,1.000000000000000000e+00,3.884997963905334473e-01,4.641599655151367188e-01,4.758161306381225586e-01
5.900799632072448730e-01,9.915488958358764648e-01,1.000000000000000000e+00,2.963871061801910400e-01,3.584456443786621094e-01,4.418182075023651123e-01
6.144644021987915039e-01,1.000000000000000000e+00,8.706757426261901855e-01,1.918683648109436035e-01,1.895678043365478516e-01,3.944194018840789795e-01
5.076552033424377441e-01,1.000000000000000000e+00,8.070845603942871094e-01,2.097296118736267090e-01,0.000000000000000000e+00,3.850666880607604980e-01
1.000000000000000000e+00,1.000000000000000000e+00,6.613733768463134766e-01,3.969985246658325195e-02,0.000000000000000000e+00,0.000000000000000000e+00
5.107331871986389160e-01,5.070370435714721680e-01,6.091154217720031738e-01,0.000000000000000000e+00,0.000000000000000000e+00,0.000000000000000000e+00
5.812002420425415039e-01,5.082512497901916504e-01,5.076245665550231934e-01,0.000000000000000000e+00,0.000000000000000000e+00,0.000000000000000000e+00
