# CPU,RAM,NetworkR,NetworkW,DiskW,DiskR
5.391392707824707031e-01,5.408072471618652344e-01,1.000000000000000000e+00,4.937940239906311035e-01,4.965645670890808105e-01,4.978563189506530762e-01
5.011181831359863281e-01,5.823832750320434570e-01,1.000000000000000000e+00,4.655260145664215088e-01,4.960989356040954590e-01,4.896188080310821533e-01
5.031694173812866211e-01,5.878723859786987305e-01,1.000000000000000000e+00,4.500685036182403564e-01,4.902826547622680664e-01,4.892868399620056152e-01
5.020333528518676758e-01,5.891664028167724609e-01,1.000000000000000000e+00,4.376284480094909668e-01,4.640966653823852539e-01,4.805753231048583984e-01
5.008318424224853516e-01,5.943744778633117676e-01,1.000000000000000000e+00,3.824169635772705078e-01,2.139773964881896973e-01,4.021558165550231934e-01
5.086294412612915039e-01,6.138199567794799805e-01,1.000000000000000000e+00,2.219070941209793091e-01,1.043750643730163574e-01,3.366946578025817871e-01
5.142213702201843262e-01,6.218069791793823242e-01,8.993579745292663574e-01,1.045113205909729004e-01,7.319819927215576172e-02,3.145959079265594482e-01
5.118365883827209473e-01,6.300990581512451172e-01,8.550940752029418945e-01,1.006110012531280518e-02,9.059995412826538086e-02,3.340399265289306641e-01
5.422791242599487305e-01,6.239358782768249512e-01,7.697719335556030273e-01,0.000000000000000000e+00,4.803806915879249573e-02,3.182477951049804688e-01
1.000000000000000000e+00,1.000000000000000000e+00,5.048629045486450195e-01,0.000000000000000000e+00,0.000000000000000000e+00,0.000000000000000000e+00
