# CPU,RAM,NetworkR,NetworkW,DiskW,DiskR
5.391021370887756348e-01,5.407668352127075195e-01,1.000000000000000000e+00,4.937937259674072266e-01,4.965654015541076660e-01,4.978556036949157715e-01
5.005931854248046875e-01,7.267863154411315918e-01,1.000000000000000000e+00,4.591695070266723633e-01,4.939262270927429199e-01,4.779316186904907227e-01
5.027850270271301270e-01,5.510519742965698242e-01,1.000000000000000000e+00,4.605557024478912354e-01,4.921035170555114746e-01,4.907838106155395508e-01
5.010606646537780762e-01,5.918796062469482422e-01,1.000000000000000000e+00,4.390375614166259766e-01,4.576978683471679688e-01,4.769556522369384766e-01
5.004608631134033203e-01,5.746868252754211426e-01,1.000000000000000000e+00,3.971980214118957520e-01,2.069817185401916504e-01,4.009777903556823730e-01
5.069987177848815918e-01,5.988254547119140625e-01,1.000000000000000000e+00,2.288492023944854736e-01,1.191774606704711914e-01,3.442475199699401855e-01
5.075845718383789062e-01,6.213368177413940430e-01,9.366431832313537598e-01,1.256545931100845337e-01,1.012476086616516113e-01,3.318696618080139160e-01
5.045441389083862305e-01,6.325783729553222656e-01,8.994616270065307617e-01,3.548384085297584534e-02,7.583779841661453247e-02,3.271927237510681152e-01
5.262609124183654785e-01,6.505613327026367188e-01,7.579445838928222656e-01,0.000000000000000000e+00,0.000000000000000000e+00,2.672449052333831787e-01
1.000000000000000000e+00,1.000000000000000000e+00,5.054998993873596191e-01,0.000000000000000000e+00,0.000000000000000000e+00,0.000000000000000000e+00
