# CPU,RAM,NetworkR,NetworkW,DiskW,DiskR
5.000000000000000000e-01,6.000000238418579102e-01,1.000000000000000000e+00,5.000000000000000000e-01,5.000000000000000000e-01,5.000000000000000000e-01
5.000000000000000000e-01,8.000000119209289551e-01,1.000000000000000000e+00,4.541650116443634033e-01,4.886301755905151367e-01,4.854155778884887695e-01
5.000000000000000000e-01,8.000000119209289551e-01,1.000000000000000000e+00,4.360701441764831543e-01,4.452676177024841309e-01,4.854155778884887695e-01
5.000000000000000000e-01,8.999999761581420898e-01,1.000000000000000000e+00,3.708648979663848877e-01,4.154520630836486816e-01,4.854155778884887695e-01
5.000000000000000000e-01,8.999999761581420898e-01,1.000000000000000000e+00,3.293344080448150635e-01,2.105533778667449951e-01,3.563002943992614746e-01
5.493826866149902344e-01,1.000000000000000000e+00,1.000000000000000000e+00,2.868473529815673828e-01,1.595101356506347656e-01,3.494369983673095703e-01
5.000000000000000000e-01,1.000000000000000000e+00,8.414633870124816895e-01,2.133519351482391357e-01,0.000000000000000000e+00,3.131903409957885742e-01
1.000000000000000000e+00,1.000000000000000000e+00,7.439024448394775391e-01,4.802710190415382385e-02,0.000000000000000000e+00,2.090616822242736816e-01
5.000000000000000000e-01,5.000000000000000000e-01,5.975610017776489258e-01,0.000000000000000000e+00,0.000000000000000000e+00,0.000000000000000000e+00
5.864197611808776855e-01,5.000000000000000000e-01,5.000000000000000000e-01,0.000000000000000000e+00,0.000000000000000000e+00,0.000000000000000000e+00
