# CPU,RAM,NetworkR,NetworkW,DiskW,DiskR
5.391484498977661133e-01,5.407151579856872559e-01,1.000000000000000000e+00,4.937931299209594727e-01,4.965668916702270508e-01,4.978548884391784668e-01
5.013151168823242188e-01,5.264500379562377930e-01,1.000000000000000000e+00,4.745132923126220703e-01,4.968484044075012207e-01,4.929774999618530273e-01
5.076410770416259766e-01,7.020501494407653809e-01,1.000000000000000000e+00,4.217961132526397705e-01,4.849145114421844482e-01,4.824846982955932617e-01
5.288478732109069824e-01,7.689803242683410645e-01,1.000000000000000000e+00,3.868435621261596680e-01,4.556770920753479004e-01,4.728303551673889160e-01
5.477817654609680176e-01,9.253952503204345703e-01,1.000000000000000000e+00,2.930405139923095703e-01,3.097707629203796387e-01,4.237506389617919922e-01
6.200746297836303711e-01,1.000000000000000000e+00,8.884305953979492188e-01,2.066817283630371094e-01,2.354066967964172363e-01,4.076865911483764648e-01
5.118601322174072266e-01,1.000000000000000000e+00,8.002685904502868652e-01,2.169982194900512695e-01,0.000000000000000000e+00,3.577504158020019531e-01
1.000000000000000000e+00,1.000000000000000000e+00,6.735966801643371582e-01,5.183520168066024780e-02,0.000000000000000000e+00,1.792325377464294434e-01
5.063941478729248047e-01,5.056014657020568848e-01,5.799479484558105469e-01,0.000000000000000000e+00,0.000000000000000000e+00,0.000000000000000000e+00
5.994002819061279297e-01,5.085602402687072754e-01,5.062828063964843750e-01,0.000000000000000000e+00,0.000000000000000000e+00,0.000000000000000000e+00
