# CPU,RAM,NetworkR,NetworkW,DiskW,DiskR
5.000000000000000000e-01,5.000000000000000000e-01,1.000000000000000000e+00,5.000000000000000000e-01,5.000000000000000000e-01,5.000000000000000000e-01
5.000000000000000000e-01,5.833333134651184082e-01,1.000000000000000000e+00,4.767525792121887207e-01,4.981561303138732910e-01,5.000000000000000000e-01
5.000000000000000000e-01,5.833333134651184082e-01,1.000000000000000000e+00,4.526414275169372559e-01,4.975414872169494629e-01,5.000000000000000000e-01
5.000000000000000000e-01,6.666666865348815918e-01,1.000000000000000000e+00,4.188138842582702637e-01,4.723417460918426514e-01,5.000000000000000000e-01
5.000000000000000000e-01,6.666666865348815918e-01,1.000000000000000000e+00,3.916798830032348633e-01,1.760909706354141235e-01,3.956727981567382812e-01
5.000000000000000000e-01,6.666666865348815918e-01,9.750418663024902344e-01,1.892903447151184082e-01,1.260756254196166992e-01,3.648488521575927734e-01
5.000000000000000000e-01,6.666666865348815918e-01,9.321607947349548340e-01,1.553908139467239380e-01,1.114013791084289551e-01,3.648488521575927734e-01
5.000000000000000000e-01,6.666666865348815918e-01,8.964265584945678711e-01,3.030085563659667969e-02,8.827596902847290039e-02,3.648488521575927734e-01
5.000000000000000000e-01,7.500000000000000000e-01,7.610831856727600098e-01,0.000000000000000000e+00,5.662262439727783203e-02,3.553645610809326172e-01
1.000000000000000000e+00,1.000000000000000000e+00,5.000000000000000000e-01,0.000000000000000000e+00,0.000000000000000000e+00,0.000000000000000000e+00
