# CPU,RAM,NetworkR,NetworkW,DiskW,DiskR
5.389323234558105469e-01,5.406999588012695312e-01,1.000000000000000000e+00,4.937956035137176514e-01,4.965671002864837646e-01,4.978551268577575684e-01
5.012497901916503906e-01,5.546786785125732422e-01,1.000000000000000000e+00,4.685054421424865723e-01,4.964343905448913574e-01,4.910445213317871094e-01
5.098716020584106445e-01,7.603259086608886719e-01,1.000000000000000000e+00,4.200660586357116699e-01,4.849933087825775146e-01,4.837031066417694092e-01
5.504799485206604004e-01,9.394692778587341309e-01,1.000000000000000000e+00,3.647482097148895264e-01,4.394057989120483398e-01,4.671218395233154297e-01
5.797675251960754395e-01,1.000000000000000000e+00,9.852395057678222656e-01,2.850169539451599121e-01,3.090818524360656738e-01,4.272787570953369141e-01
5.620454549789428711e-01,1.000000000000000000e+00,8.972885012626647949e-01,2.226025015115737915e-01,2.224276065826416016e-01,4.028713107109069824e-01
5.018802881240844727e-01,1.000000000000000000e+00,8.704010844230651855e-01,2.650673091411590576e-01,0.000000000000000000e+00,3.950570225715637207e-01
1.000000000000000000e+00,1.000000000000000000e+00,7.197436690330505371e-01,1.030386090278625488e-01,0.000000000000000000e+00,2.670797109603881836e-01
5.027583241462707520e-01,5.093924999237060547e-01,5.815212130546569824e-01,0.000000000000000000e+00,0.000000000000000000e+00,0.000000000000000000e+00
5.996844172477722168e-01,5.205039381980895996e-01,5.041824579238891602e-01,0.000000000000000000e+00,0.000000000000000000e+00,0.000000000000000000e+00
