# CPU,RAM,NetworkR,NetworkW,DiskW,DiskR
5.391099452972412109e-01,5.408114790916442871e-01,1.000000000000000000e+00,4.937941133975982666e-01,4.965642690658569336e-01,4.978563189506530762e-01
5.004018545150756836e-01,8.536371588706970215e-01,1.000000000000000000e+00,4.552094042301177979e-01,4.909155964851379395e-01,4.556072354316711426e-01
5.034798979759216309e-01,5.622025728225708008e-01,1.000000000000000000e+00,4.545046687126159668e-01,4.906362295150756836e-01,4.873529076576232910e-01
5.010024905204772949e-01,6.209518313407897949e-01,1.000000000000000000e+00,4.324421286582946777e-01,4.480653107166290283e-01,4.713087081909179688e-01
5.003345608711242676e-01,5.896038413047790527e-01,1.000000000000000000e+00,3.991974592208862305e-01,1.929571032524108887e-01,3.866872191429138184e-01
5.043461918830871582e-01,6.163659095764160156e-01,1.000000000000000000e+00,2.424504160881042480e-01,1.047379374504089355e-01,3.325681686401367188e-01
5.047423243522644043e-01,6.551085114479064941e-01,9.396458864212036133e-01,1.423236131668090820e-01,8.468633890151977539e-02,3.200967907905578613e-01
5.028105378150939941e-01,6.331483721733093262e-01,9.357047080993652344e-01,7.008421421051025391e-02,6.898146867752075195e-02,3.216013014316558838e-01
5.231990218162536621e-01,6.838980913162231445e-01,7.536308765411376953e-01,0.000000000000000000e+00,0.000000000000000000e+00,2.485774159431457520e-01
1.000000000000000000e+00,1.000000000000000000e+00,5.066683888435363770e-01,0.000000000000000000e+00,0.000000000000000000e+00,0.000000000000000000e+00
