# CPU,RAM,NetworkR,NetworkW,DiskW,DiskR
5.390357375144958496e-01,5.405765175819396973e-01,1.000000000000000000e+00,4.937943220138549805e-01,4.965707063674926758e-01,4.978533983230590820e-01
5.003380179405212402e-01,8.907287120819091797e-01,1.000000000000000000e+00,4.543302059173583984e-01,4.897274374961853027e-01,4.417106509208679199e-01
5.016011595726013184e-01,6.825344562530517578e-01,1.000000000000000000e+00,4.358730912208557129e-01,4.783893227577209473e-01,4.716725051403045654e-01
5.003495216369628906e-01,7.377987504005432129e-01,1.000000000000000000e+00,4.202458858489990234e-01,3.828029036521911621e-01,4.386975169181823730e-01
5.001411437988281250e-01,6.706947088241577148e-01,1.000000000000000000e+00,3.906351029872894287e-01,1.334251165390014648e-01,3.015767931938171387e-01
5.014327764511108398e-01,6.863770484924316406e-01,1.000000000000000000e+00,2.481386065483093262e-01,2.645809948444366455e-02,2.458588033914566040e-01
5.016038417816162109e-01,7.777388691902160645e-01,8.873579502105712891e-01,1.381189227104187012e-01,0.000000000000000000e+00,2.032591104507446289e-01
5.029736757278442383e-01,6.787157058715820312e-01,9.109631776809692383e-01,7.322376966476440430e-02,4.687859863042831421e-02,2.950285673141479492e-01
5.653576850891113281e-01,8.471198678016662598e-01,7.311490178108215332e-01,0.000000000000000000e+00,1.920562982559204102e-02,3.009586334228515625e-01
1.000000000000000000e+00,1.000000000000000000e+00,5.065346956253051758e-01,0.000000000000000000e+00,0.000000000000000000e+00,0.000000000000000000e+00
