# CPU,RAM,NetworkR,NetworkW,DiskW,DiskR
5.389749407768249512e-01,5.406888723373413086e-01,1.000000000000000000e+00,4.937950074672698975e-01,4.965673685073852539e-01,4.978548884391784668e-01
5.008493065834045410e-01,6.595333814620971680e-01,1.000000000000000000e+00,4.611629247665405273e-01,4.951534867286682129e-01,4.854311347007751465e-01
5.030158162117004395e-01,5.628023147583007812e-01,1.000000000000000000e+00,4.573775529861450195e-01,4.917730689048767090e-01,4.909287095069885254e-01
5.016511082649230957e-01,6.007609963417053223e-01,1.000000000000000000e+00,4.350199699401855469e-01,4.610691070556640625e-01,4.784454107284545898e-01
5.006026029586791992e-01,5.938075184822082520e-01,1.000000000000000000e+00,3.878064155578613281e-01,2.103251218795776367e-01,3.996447324752807617e-01
5.068352222442626953e-01,6.209088563919067383e-01,1.000000000000000000e+00,2.239253520965576172e-01,1.055021286010742188e-01,3.354800343513488770e-01
5.088722705841064453e-01,6.273540258407592773e-01,9.251254200935363770e-01,1.203090026974678040e-01,8.288705348968505859e-02,3.206151127815246582e-01
5.062726736068725586e-01,6.279791593551635742e-01,8.946273326873779297e-01,3.368121385574340820e-02,9.036010503768920898e-02,3.354042172431945801e-01
5.410278439521789551e-01,6.515544652938842773e-01,7.684510946273803711e-01,0.000000000000000000e+00,3.901270031929016113e-02,3.125190138816833496e-01
1.000000000000000000e+00,1.000000000000000000e+00,5.053410530090332031e-01,0.000000000000000000e+00,0.000000000000000000e+00,0.000000000000000000e+00
