# CPU,RAM,NetworkR,NetworkW,DiskW,DiskR
5.391501784324645996e-01,5.406035780906677246e-01,1.000000000000000000e+00,4.937925040721893311e-01,4.965698122978210449e-01,4.978533089160919189e-01
5.004222989082336426e-01,6.725509166717529297e-01,1.000000000000000000e+00,4.618605375289916992e-01,4.937838912010192871e-01,4.720217585563659668e-01
5.018053054809570312e-01,6.590332984924316406e-01,1.000000000000000000e+00,4.403111040592193604e-01,4.844599366188049316e-01,4.800144135951995850e-01
5.011764168739318848e-01,6.805822253227233887e-01,1.000000000000000000e+00,4.190508127212524414e-01,4.252890944480895996e-01,4.622052311897277832e-01
5.003638267517089844e-01,6.312164068222045898e-01,1.000000000000000000e+00,3.848229646682739258e-01,1.646610051393508911e-01,3.638972640037536621e-01
5.038582682609558105e-01,6.983401775360107422e-01,1.000000000000000000e+00,2.395178079605102539e-01,1.177265644073486328e-01,3.335035145282745361e-01
5.034425258636474609e-01,6.569438576698303223e-01,1.000000000000000000e+00,1.882700324058532715e-01,1.238756179809570312e-01,3.470131158828735352e-01
5.031622052192687988e-01,6.503009796142578125e-01,9.532184004783630371e-01,8.756936341524124146e-02,8.234579861164093018e-02,3.333272933959960938e-01
5.373845100402832031e-01,7.655681371688842773e-01,7.310396432876586914e-01,0.000000000000000000e+00,0.000000000000000000e+00,2.537054121494293213e-01
1.000000000000000000e+00,1.000000000000000000e+00,5.062235593795776367e-01,0.000000000000000000e+00,0.000000000000000000e+00,0.000000000000000000e+00
