# CPU,RAM,NetworkR,NetworkW,DiskW,DiskR
5.390599966049194336e-01,5.408442020416259766e-01,1.000000000000000000e+00,4.937950968742370605e-01,4.965634942054748535e-01,4.978570044040679932e-01
5.014164447784423828e-01,5.149037241935729980e-01,1.000000000000000000e+00,4.787684679031372070e-01,4.970422983169555664e-01,4.940998554229736328e-01
5.063811540603637695e-01,9.887903928756713867e-01,1.000000000000000000e+00,3.889378309249877930e-01,4.506304264068603516e-01,4.614880681037902832e-01
5.512043237686157227e-01,8.275331258773803711e-01,1.000000000000000000e+00,3.585291504859924316e-01,4.214774370193481445e-01,4.583317637443542480e-01
5.756611227989196777e-01,1.000000000000000000e+00,9.483438134193420410e-01,2.727868556976318359e-01,2.703951001167297363e-01,4.127219915390014648e-01
5.250815749168395996e-01,9.986828565597534180e-01,8.722152113914489746e-01,2.170961499214172363e-01,1.330779939889907837e-01,3.642797470092773438e-01
5.026760697364807129e-01,1.000000000000000000e+00,7.810764312744140625e-01,2.182240039110183716e-01,0.000000000000000000e+00,2.273629009723663330e-01
1.000000000000000000e+00,1.000000000000000000e+00,6.988551020622253418e-01,7.598340511322021484e-03,0.000000000000000000e+00,2.036387324333190918e-01
5.023069977760314941e-01,5.050417184829711914e-01,6.038157939910888672e-01,0.000000000000000000e+00,0.000000000000000000e+00,0.000000000000000000e+00
7.674738168716430664e-01,5.483973622322082520e-01,5.021054744720458984e-01,0.000000000000000000e+00,0.000000000000000000e+00,0.000000000000000000e+00
