# CPU,RAM,NetworkR,NetworkW,DiskW,DiskR
5.390238165855407715e-01,5.408001542091369629e-01,1.000000000000000000e+00,4.937950074672698975e-01,4.965644478797912598e-01,4.978562593460083008e-01
5.014483332633972168e-01,5.171353220939636230e-01,1.000000000000000000e+00,4.776177108287811279e-01,4.970022141933441162e-01,4.938340187072753906e-01
5.043924450874328613e-01,1.000000000000000000e+00,1.000000000000000000e+00,3.847865462303161621e-01,4.304289221763610840e-01,4.536648988723754883e-01
5.652183294296264648e-01,7.182315587997436523e-01,1.000000000000000000e+00,3.795586228370666504e-01,4.494820237159729004e-01,4.697782993316650391e-01
6.051532626152038574e-01,1.000000000000000000e+00,9.244976043701171875e-01,2.637070119380950928e-01,2.648851275444030762e-01,4.157438278198242188e-01
5.502493381500244141e-01,1.000000000000000000e+00,8.960328102111816406e-01,2.278079390525817871e-01,2.141658067703247070e-01,3.988762497901916504e-01
5.040355920791625977e-01,1.000000000000000000e+00,8.435738682746887207e-01,2.536951899528503418e-01,0.000000000000000000e+00,3.907591104507446289e-01
1.000000000000000000e+00,1.000000000000000000e+00,7.191559672355651855e-01,9.788907319307327271e-02,0.000000000000000000e+00,3.794834613800048828e-01
5.011602640151977539e-01,5.119690895080566406e-01,5.625631213188171387e-01,0.000000000000000000e+00,0.000000000000000000e+00,0.000000000000000000e+00
5.636929273605346680e-01,5.187160968780517578e-01,5.049646496772766113e-01,0.000000000000000000e+00,0.000000000000000000e+00,0.000000000000000000e+00
