# CPU,RAM,NetworkR,NetworkW,DiskW,DiskR
5.390421748161315918e-01,5.405937433242797852e-01,1.000000000000000000e+00,4.937928318977355957e-01,4.965696036815643311e-01,4.978530406951904297e-01
5.008686184883117676e-01,5.894643068313598633e-01,1.000000000000000000e+00,4.656969308853149414e-01,4.958280026912689209e-01,4.881449341773986816e-01
5.020956397056579590e-01,5.997974872589111328e-01,1.000000000000000000e+00,4.500148892402648926e-01,4.889532029628753662e-01,4.878529012203216553e-01
5.018497705459594727e-01,6.503840684890747070e-01,1.000000000000000000e+00,4.210702180862426758e-01,4.432837069034576416e-01,4.704453945159912109e-01
5.006698369979858398e-01,6.172857284545898438e-01,1.000000000000000000e+00,3.770092129707336426e-01,1.812295317649841309e-01,3.829115033149719238e-01
5.059357285499572754e-01,6.903606057167053223e-01,9.979881644248962402e-01,2.188309431076049805e-01,1.076242327690124512e-01,3.314202427864074707e-01
5.047134160995483398e-01,6.478684544563293457e-01,9.692364931106567383e-01,1.591225266456604004e-01,9.479994326829910278e-02,3.304480910301208496e-01
5.026990771293640137e-01,6.344408988952636719e-01,9.506524205207824707e-01,7.839109748601913452e-02,7.592520117759704590e-02,3.296411037445068359e-01
5.301892757415771484e-01,7.016833424568176270e-01,7.625923752784729004e-01,0.000000000000000000e+00,0.000000000000000000e+00,2.833400368690490723e-01
1.000000000000000000e+00,1.000000000000000000e+00,5.062838792800903320e-01,0.000000000000000000e+00,0.000000000000000000e+00,0.000000000000000000e+00
