# CPU,RAM,NetworkR,NetworkW,DiskW,DiskR
5.390101075172424316e-01,5.408711433410644531e-01,1.000000000000000000e+00,4.937961697578430176e-01,4.965628385543823242e-01,4.978576004505157471e-01
5.013703703880310059e-01,5.232479572296142578e-01,1.000000000000000000e+00,4.753664135932922363e-01,4.968749284744262695e-01,4.931895136833190918e-01
5.112615227699279785e-01,7.819470167160034180e-01,1.000000000000000000e+00,4.099135100841522217e-01,4.810051321983337402e-01,4.793711304664611816e-01
5.628997087478637695e-01,1.000000000000000000e+00,9.968818426132202148e-01,3.142415285110473633e-01,3.356441855430603027e-01,4.366264045238494873e-01
5.903633832931518555e-01,1.000000000000000000e+00,9.294838309288024902e-01,2.615613341331481934e-01,2.415332198143005371e-01,4.020411074161529541e-01
5.150013566017150879e-01,1.000000000000000000e+00,8.415366411209106445e-01,2.052708268165588379e-01,6.416726112365722656e-02,3.283724188804626465e-01
5.010697245597839355e-01,1.000000000000000000e+00,8.258945941925048828e-01,2.376392483711242676e-01,0.000000000000000000e+00,3.267814517021179199e-01
1.000000000000000000e+00,1.000000000000000000e+00,7.096888422966003418e-01,2.534849941730499268e-02,0.000000000000000000e+00,2.244791388511657715e-01
5.015013217926025391e-01,5.048059821128845215e-01,6.345493197441101074e-01,0.000000000000000000e+00,0.000000000000000000e+00,0.000000000000000000e+00
7.206808924674987793e-01,5.442731380462646484e-01,5.024504065513610840e-01,0.000000000000000000e+00,0.000000000000000000e+00,0.000000000000000000e+00
