# CPU,RAM,NetworkR,NetworkW,DiskW,DiskR
5.391741991043090820e-01,5.401213169097900391e-01,1.000000000000000000e+00,4.937812685966491699e-01,4.965790510177612305e-01,4.978433251380920410e-01
5.001531839370727539e-01,9.480044841766357422e-01,1.000000000000000000e+00,4.493235945701599121e-01,4.798034131526947021e-01,2.710312604904174805e-01
5.003291964530944824e-01,9.888243079185485840e-01,1.000000000000000000e+00,4.039944410324096680e-01,4.095577001571655273e-01,2.919035553932189941e-01
5.001444220542907715e-01,8.615355491638183594e-01,1.000000000000000000e+00,3.952173590660095215e-01,2.560428380966186523e-01,2.597030401229858398e-01
5.001621842384338379e-01,8.722381591796875000e-01,1.000000000000000000e+00,3.427689671516418457e-01,9.482353925704956055e-02,1.465951204299926758e-01
5.010890960693359375e-01,7.477402091026306152e-01,1.000000000000000000e+00,2.461469173431396484e-01,0.000000000000000000e+00,1.500611305236816406e-01
5.015445351600646973e-01,6.960271596908569336e-01,9.536440372467041016e-01,1.870246529579162598e-01,9.927928447723388672e-03,2.335816621780395508e-01
5.111110806465148926e-01,6.793504357337951660e-01,9.042117595672607422e-01,8.465635776519775391e-02,1.274148970842361450e-01,3.426055014133453369e-01
9.037806987762451172e-01,1.000000000000000000e+00,7.032468914985656738e-01,0.000000000000000000e+00,5.410649999976158142e-02,3.979088664054870605e-01
1.000000000000000000e+00,1.000000000000000000e+00,5.068664550781250000e-01,0.000000000000000000e+00,0.000000000000000000e+00,0.000000000000000000e+00
