# CPU,RAM,NetworkR,NetworkW,DiskW,DiskR
5.390444397926330566e-01,5.406624078750610352e-01,1.000000000000000000e+00,4.937939047813415527e-01,4.965681135654449463e-01,4.978542923927307129e-01
5.003560781478881836e-01,9.485324025154113770e-01,1.000000000000000000e+00,4.532946944236755371e-01,4.891486167907714844e-01,4.420502185821533203e-01
5.050157308578491211e-01,5.435231328010559082e-01,1.000000000000000000e+00,4.588044285774230957e-01,4.925616979598999023e-01,4.891815185546875000e-01
5.012064576148986816e-01,6.156976222991943359e-01,1.000000000000000000e+00,4.326274394989013672e-01,4.560734629631042480e-01,4.736575484275817871e-01
5.004096031188964844e-01,5.872178673744201660e-01,1.000000000000000000e+00,3.996863365173339844e-01,2.174644470214843750e-01,3.987909555435180664e-01
5.052357912063598633e-01,6.253194808959960938e-01,1.000000000000000000e+00,2.393200993537902832e-01,1.230286434292793274e-01,3.416161537170410156e-01
5.045562386512756348e-01,6.553086042404174805e-01,9.507365226745605469e-01,1.481078267097473145e-01,9.220373630523681641e-02,3.251430988311767578e-01
5.023564100265502930e-01,6.256303191184997559e-01,9.547407627105712891e-01,7.948160171508789062e-02,6.816650182008743286e-02,3.211793303489685059e-01
5.253134369850158691e-01,7.128106951713562012e-01,7.499409914016723633e-01,0.000000000000000000e+00,0.000000000000000000e+00,2.561188936233520508e-01
1.000000000000000000e+00,1.000000000000000000e+00,5.067675113677978516e-01,0.000000000000000000e+00,0.000000000000000000e+00,0.000000000000000000e+00
