# CPU,RAM,NetworkR,NetworkW,DiskW,DiskR
5.391811132431030273e-01,5.407667160034179688e-01,1.000000000000000000e+00,4.937931001186370850e-01,4.965656101703643799e-01,4.978555440902709961e-01
5.005900263786315918e-01,7.455076575279235840e-01,1.000000000000000000e+00,4.587040543556213379e-01,4.938050508499145508e-01,4.774188101291656494e-01
5.040092468261718750e-01,5.428371429443359375e-01,1.000000000000000000e+00,4.617719054222106934e-01,4.932109117507934570e-01,4.917961955070495605e-01
5.017396807670593262e-01,6.225744485855102539e-01,1.000000000000000000e+00,4.276426434516906738e-01,4.574744105339050293e-01,4.750071167945861816e-01
5.006534457206726074e-01,5.943537950515747070e-01,1.000000000000000000e+00,3.887957036495208740e-01,2.248031049966812134e-01,4.047993421554565430e-01
5.062919855117797852e-01,6.392257809638977051e-01,1.000000000000000000e+00,2.268324494361877441e-01,1.201495528221130371e-01,3.418868184089660645e-01
5.072135925292968750e-01,6.289585232734680176e-01,9.592265486717224121e-01,1.421020627021789551e-01,1.101829037070274353e-01,3.385199308395385742e-01
5.050800442695617676e-01,6.269940137863159180e-01,9.248174428939819336e-01,5.292272567749023438e-02,1.018494367599487305e-01,3.442707061767578125e-01
5.292911529541015625e-01,6.396645903587341309e-01,7.831822037696838379e-01,0.000000000000000000e+00,2.243906259536743164e-02,3.004378676414489746e-01
1.000000000000000000e+00,1.000000000000000000e+00,5.059298276901245117e-01,0.000000000000000000e+00,0.000000000000000000e+00,0.000000000000000000e+00
