# CPU,RAM,NetworkR,NetworkW,DiskW,DiskR
5.390440225601196289e-01,5.402088761329650879e-01,1.000000000000000000e+00,4.937869906425476074e-01,4.965782165527343750e-01,4.978462457656860352e-01
5.006167292594909668e-01,6.257477998733520508e-01,1.000000000000000000e+00,4.639096260070800781e-01,4.950948059558868408e-01,4.833931326866149902e-01
5.021445751190185547e-01,5.918046832084655762e-01,1.000000000000000000e+00,4.517564177513122559e-01,4.897261857986450195e-01,4.877928495407104492e-01
5.011427402496337891e-01,6.620635986328125000e-01,1.000000000000000000e+00,4.217158555984497070e-01,4.332152009010314941e-01,4.659739136695861816e-01
5.005017518997192383e-01,6.139993071556091309e-01,1.000000000000000000e+00,3.817592859268188477e-01,1.760442256927490234e-01,3.784050047397613525e-01
5.062170624732971191e-01,6.716445684432983398e-01,1.000000000000000000e+00,2.263110280036926270e-01,1.310162544250488281e-01,3.434363603591918945e-01
5.047851204872131348e-01,6.100142002105712891e-01,1.000000000000000000e+00,1.861653327941894531e-01,1.505722999572753906e-01,3.637830018997192383e-01
5.047377347946166992e-01,6.531198620796203613e-01,9.341418147087097168e-01,6.449999660253524780e-02,1.126879528164863586e-01,3.528098464012145996e-01
5.698730945587158203e-01,7.761487960815429688e-01,7.498015165328979492e-01,0.000000000000000000e+00,5.605566874146461487e-02,3.314515948295593262e-01
1.000000000000000000e+00,1.000000000000000000e+00,5.050198435783386230e-01,0.000000000000000000e+00,0.000000000000000000e+00,0.000000000000000000e+00
