# CPU,RAM,NetworkR,NetworkW,DiskW,DiskR
5.390891432762145996e-01,5.408445000648498535e-01,1.000000000000000000e+00,4.937947094440460205e-01,4.965634942054748535e-01,4.978568553924560547e-01
5.012893080711364746e-01,5.405710339546203613e-01,1.000000000000000000e+00,4.709528088569641113e-01,4.966210126876831055e-01,4.918952584266662598e-01
5.096862316131591797e-01,7.708812355995178223e-01,1.000000000000000000e+00,4.170659184455871582e-01,4.835948050022125244e-01,4.823240041732788086e-01
5.400617718696594238e-01,1.000000000000000000e+00,1.000000000000000000e+00,3.508837223052978516e-01,4.110601544380187988e-01,4.574717879295349121e-01
5.435571670532226562e-01,9.030849337577819824e-01,1.000000000000000000e+00,3.015080690383911133e-01,3.137860298156738281e-01,4.260324239730834961e-01
5.257967114448547363e-01,9.466961026191711426e-01,9.075369834899902344e-01,2.248184084892272949e-01,1.691379547119140625e-01,3.770115375518798828e-01
5.030081272125244141e-01,1.000000000000000000e+00,8.472118377685546875e-01,2.400095015764236450e-01,0.000000000000000000e+00,3.854631185531616211e-01
1.000000000000000000e+00,1.000000000000000000e+00,7.076821327209472656e-01,4.584290087223052979e-02,0.000000000000000000e+00,2.276489138603210449e-01
5.019264817237854004e-01,5.042802691459655762e-01,6.021979451179504395e-01,0.000000000000000000e+00,0.000000000000000000e+00,0.000000000000000000e+00
5.923935770988464355e-01,5.128263235092163086e-01,5.059150457382202148e-01,0.000000000000000000e+00,0.000000000000000000e+00,0.000000000000000000e+00
