# CPU,RAM,NetworkR,NetworkW,DiskW,DiskR
5.390538573265075684e-01,5.405210256576538086e-01,1.000000000000000000e+00,4.937926530838012695e-01,4.965716600418090820e-01,4.978521466255187988e-01
5.001563429832458496e-01,8.924351930618286133e-01,1.000000000000000000e+00,4.507971405982971191e-01,4.814359545707702637e-01,2.884061038494110107e-01
5.008568763732910156e-01,8.080033063888549805e-01,1.000000000000000000e+00,4.147717058658599854e-01,4.519188106060028076e-01,4.008657038211822510e-01
5.003197193145751953e-01,7.774767875671386719e-01,1.000000000000000000e+00,4.027326107025146484e-01,3.139579892158508301e-01,3.784596025943756104e-01
5.002300739288330078e-01,7.591663599014282227e-01,1.000000000000000000e+00,3.562741875648498535e-01,9.386426210403442383e-02,2.305191159248352051e-01
5.022873282432556152e-01,7.152649760246276855e-01,9.828689694404602051e-01,2.362391054630279541e-01,5.295634269714355469e-03,2.122468054294586182e-01
5.018121004104614258e-01,7.015420198440551758e-01,9.172189235687255859e-01,1.722185611724853516e-01,0.000000000000000000e+00,2.225701957941055298e-01
5.083526372909545898e-01,7.070992588996887207e-01,8.593140244483947754e-01,6.084686890244483948e-02,6.025576964020729065e-02,3.045969009399414062e-01
6.664849519729614258e-01,1.000000000000000000e+00,6.487976908683776855e-01,0.000000000000000000e+00,0.000000000000000000e+00,2.510899901390075684e-01
1.000000000000000000e+00,1.000000000000000000e+00,5.059046745300292969e-01,0.000000000000000000e+00,0.000000000000000000e+00,0.000000000000000000e+00
