# CPU,RAM,NetworkR,NetworkW,DiskW,DiskR
4.391061663627624512e-01,4.406729638576507568e-01,1.000000000000000000e+00,5.937932729721069336e-01,5.965679287910461426e-01,5.978543758392333984e-01
4.013432860374450684e-01,4.231529235839843750e-01,1.000000000000000000e+00,5.755275487899780273e-01,5.969085693359375000e-01,5.932779908180236816e-01
4.039015173912048340e-01,5.695281028747558594e-01,1.000000000000000000e+00,5.284519195556640625e-01,5.838569998741149902e-01,5.817910432815551758e-01
4.037332534790039062e-01,4.890037178993225098e-01,1.000000000000000000e+00,5.331604480743408203e-01,5.635235905647277832e-01,5.804272890090942383e-01
4.063857197761535645e-01,5.336109399795532227e-01,1.000000000000000000e+00,4.391996562480926514e-01,3.571029603481292725e-01,5.085166096687316895e-01
4.570593535900115967e-01,5.773084759712219238e-01,8.740975856781005859e-01,3.078404366970062256e-01,3.237490952014923096e-01,4.861792623996734619e-01
7.152420282363891602e-01,1.000000000000000000e+00,6.392651796340942383e-01,1.970767080783843994e-01,0.000000000000000000e+00,4.956314265727996826e-01
1.000000000000000000e+00,1.000000000000000000e+00,5.006041526794433594e-01,0.000000000000000000e+00,0.000000000000000000e+00,1.030037999153137207e-01
4.042737185955047607e-01,4.018145501613616943e-01,4.592237770557403564e-01,0.000000000000000000e+00,0.000000000000000000e+00,0.000000000000000000e+00
6.687781810760498047e-01,4.183654487133026123e-01,4.025115370750427246e-01,0.000000000000000000e+00,0.000000000000000000e+00,0.000000000000000000e+00
