# CPU,RAM,NetworkR,NetworkW,DiskW,DiskR
4.391643702983856201e-01,4.408041834831237793e-01,1.000000000000000000e+00,5.937932729721069336e-01,5.965645313262939453e-01,5.978561043739318848e-01
4.012565016746520996e-01,4.420840740203857422e-01,1.000000000000000000e+00,5.707681775093078613e-01,5.966066718101501465e-01,5.918133258819580078e-01
4.088801145553588867e-01,5.613331198692321777e-01,1.000000000000000000e+00,5.297918319702148438e-01,5.886620283126831055e-01,5.861623287200927734e-01
4.293487966060638428e-01,7.209585309028625488e-01,1.000000000000000000e+00,4.822601377964019775e-01,5.536282658576965332e-01,5.721027851104736328e-01
4.447689056396484375e-01,8.208069801330566406e-01,9.361667633056640625e-01,3.981930315494537354e-01,4.197914004325866699e-01,5.276014804840087891e-01
4.711032211780548096e-01,8.980404138565063477e-01,7.907466292381286621e-01,3.047105073928833008e-01,2.991253435611724854e-01,4.903325140476226807e-01
4.077652096748352051e-01,1.000000000000000000e+00,7.120380997657775879e-01,3.157438337802886963e-01,0.000000000000000000e+00,4.772674143314361572e-01
1.000000000000000000e+00,1.000000000000000000e+00,5.652153491973876953e-01,1.196798980236053467e-01,0.000000000000000000e+00,1.310522258281707764e-01
4.065609276294708252e-01,4.036695063114166260e-01,4.878095686435699463e-01,0.000000000000000000e+00,0.000000000000000000e+00,0.000000000000000000e+00
5.257112979888916016e-01,4.097575545310974121e-01,4.058880805969238281e-01,0.000000000000000000e+00,0.000000000000000000e+00,0.000000000000000000e+00
