# CPU,RAM,NetworkR,NetworkW,DiskW,DiskR
4.391181468963623047e-01,4.406967461109161377e-01,1.000000000000000000e+00,5.937939286231994629e-01,5.965675711631774902e-01,5.978549122810363770e-01
4.004144966602325439e-01,7.732626199722290039e-01,1.000000000000000000e+00,5.551760196685791016e-01,5.910881757736206055e-01,5.577048659324645996e-01
4.070396721363067627e-01,4.269982874393463135e-01,1.000000000000000000e+00,5.652233958244323730e-01,5.945718288421630859e-01,5.923322439193725586e-01
4.016857147216796875e-01,5.190528035163879395e-01,1.000000000000000000e+00,5.274060964584350586e-01,5.598418116569519043e-01,5.744140744209289551e-01
4.012359678745269775e-01,4.719215333461761475e-01,1.000000000000000000e+00,4.920402467250823975e-01,3.719520866870880127e-01,5.250189900398254395e-01
4.169301390647888184e-01,5.173505544662475586e-01,9.437539577484130859e-01,3.265171051025390625e-01,2.940849065780639648e-01,4.766188561916351318e-01
4.315970242023468018e-01,5.317599177360534668e-01,8.371919989585876465e-01,2.264770567417144775e-01,2.971838414669036865e-01,4.802603423595428467e-01
4.505903720855712891e-01,5.463150739669799805e-01,7.492132186889648438e-01,9.958273917436599731e-02,2.660390138626098633e-01,4.764242470264434814e-01
4.924242198467254639e-01,5.177778601646423340e-01,7.004859447479248047e-01,0.000000000000000000e+00,2.605578601360321045e-01,4.829756915569305420e-01
1.000000000000000000e+00,1.000000000000000000e+00,4.037309885025024414e-01,0.000000000000000000e+00,0.000000000000000000e+00,0.000000000000000000e+00
