# CPU,RAM,NetworkR,NetworkW,DiskW,DiskR
4.390272498130798340e-01,4.406914114952087402e-01,1.000000000000000000e+00,5.937944054603576660e-01,5.965673923492431641e-01,5.978547930717468262e-01
4.004241228103637695e-01,6.874886155128479004e-01,1.000000000000000000e+00,5.570057034492492676e-01,5.920349955558776855e-01,5.626794099807739258e-01
4.029646515846252441e-01,4.701919257640838623e-01,1.000000000000000000e+00,5.533602833747863770e-01,5.901057124137878418e-01,5.868991017341613770e-01
4.009428918361663818e-01,5.282066464424133301e-01,1.000000000000000000e+00,5.307940244674682617e-01,5.431860685348510742e-01,5.694590210914611816e-01
4.003373384475708008e-01,4.931738078594207764e-01,1.000000000000000000e+00,4.955438971519470215e-01,2.779104411602020264e-01,4.786527454853057861e-01
4.049673676490783691e-01,5.221014022827148438e-01,9.498757123947143555e-01,3.360815048217773438e-01,2.065047025680541992e-01,4.318899214267730713e-01
4.049483239650726318e-01,5.436394214630126953e-01,8.563353419303894043e-01,2.510900199413299561e-01,2.056086957454681396e-01,4.339512884616851807e-01
4.036347866058349609e-01,5.367481112480163574e-01,8.346601724624633789e-01,1.680420935153961182e-01,1.911480128765106201e-01,4.376845061779022217e-01
4.342542588710784912e-01,5.757333636283874512e-01,6.678106188774108887e-01,0.000000000000000000e+00,1.145728006958961487e-01,3.940481245517730713e-01
1.000000000000000000e+00,1.000000000000000000e+00,4.060011804103851318e-01,0.000000000000000000e+00,0.000000000000000000e+00,0.000000000000000000e+00
