# CPU,RAM,NetworkR,NetworkW,DiskW,DiskR
4.390330910682678223e-01,4.405286312103271484e-01,1.000000000000000000e+00,5.937924385070800781e-01,5.965712666511535645e-01,5.978521108627319336e-01
4.001326262950897217e-01,8.388453722000122070e-01,1.000000000000000000e+00,5.483287572860717773e-01,5.766236782073974609e-01,3.124575018882751465e-01
4.002470970153808594e-01,9.666556119918823242e-01,1.000000000000000000e+00,4.957272112369537354e-01,4.844031035900115967e-01,2.882105112075805664e-01
4.001361727714538574e-01,8.104748725891113281e-01,1.000000000000000000e+00,4.836679100990295410e-01,3.292593061923980713e-01,2.779941856861114502e-01
4.001359045505523682e-01,8.327137231826782227e-01,1.000000000000000000e+00,4.300609529018402100e-01,1.712304949760437012e-01,1.471519172191619873e-01
4.007837474346160889e-01,7.168022394180297852e-01,8.183400630950927734e-01,3.138617575168609619e-01,2.457335963845252991e-02,7.700587064027786255e-02
4.009103477001190186e-01,7.175334095954895020e-01,7.099221944808959961e-01,2.140894979238510132e-01,0.000000000000000000e+00,4.661980271339416504e-02
4.077544808387756348e-01,6.342356204986572266e-01,7.356625199317932129e-01,1.401409208774566650e-01,1.280339956283569336e-01,3.550439178943634033e-01
6.959330439567565918e-01,1.000000000000000000e+00,6.171332597732543945e-01,0.000000000000000000e+00,2.125594019889831543e-01,4.889132082462310791e-01
1.000000000000000000e+00,1.000000000000000000e+00,4.069636464118957520e-01,0.000000000000000000e+00,0.000000000000000000e+00,0.000000000000000000e+00
