# CPU,RAM,NetworkR,NetworkW,DiskW,DiskR
4.391332864761352539e-01,4.408172369003295898e-01,1.000000000000000000e+00,5.937939882278442383e-01,5.965642929077148438e-01,5.978564023971557617e-01
4.012145102024078369e-01,4.570101797580718994e-01,1.000000000000000000e+00,5.683056712150573730e-01,5.964106917381286621e-01,5.909370779991149902e-01
4.126940369606018066e-01,5.540412068367004395e-01,1.000000000000000000e+00,5.314127802848815918e-01,5.904977321624755859e-01,5.878689289093017578e-01
4.321912825107574463e-01,1.000000000000000000e+00,9.890692234039306641e-01,4.464153051376342773e-01,4.992668032646179199e-01,5.554333925247192383e-01
4.367332458496093750e-01,7.430499792098999023e-01,9.612972140312194824e-01,4.110645949840545654e-01,4.263336062431335449e-01,5.302423238754272461e-01
4.175240099430084229e-01,8.144934177398681641e-01,7.995838522911071777e-01,3.152253329753875732e-01,2.152910530567169189e-01,4.494400918483734131e-01
4.044728875160217285e-01,1.000000000000000000e+00,7.191249728202819824e-01,3.003485500812530518e-01,2.378577925264835358e-02,4.775457084178924561e-01
1.000000000000000000e+00,1.000000000000000000e+00,5.796580314636230469e-01,9.495992213487625122e-02,0.000000000000000000e+00,2.029842436313629150e-01
4.041405022144317627e-01,4.056624174118041992e-01,5.413224101066589355e-01,0.000000000000000000e+00,0.000000000000000000e+00,0.000000000000000000e+00
5.405163764953613281e-01,4.191389381885528564e-01,4.050274491310119629e-01,0.000000000000000000e+00,0.000000000000000000e+00,0.000000000000000000e+00
