# CPU,RAM,NetworkR,NetworkW,DiskW,DiskR
4.390461146831512451e-01,4.407610297203063965e-01,1.000000000000000000e+00,5.937936305999755859e-01,5.965651869773864746e-01,5.978553891181945801e-01
4.007392823696136475e-01,5.534047484397888184e-01,1.000000000000000000e+00,5.617694258689880371e-01,5.949997901916503906e-01,5.841492414474487305e-01
4.025043249130249023e-01,4.627897441387176514e-01,1.000000000000000000e+00,5.578256845474243164e-01,5.913711786270141602e-01,5.903631448745727539e-01
4.014460742473602295e-01,5.248501300811767578e-01,1.000000000000000000e+00,5.280374884605407715e-01,5.501391291618347168e-01,5.731061697006225586e-01
4.005423188209533691e-01,5.000699162483215332e-01,1.000000000000000000e+00,4.849882423877716064e-01,2.883611619472503662e-01,4.881117045879364014e-01
4.058869183063507080e-01,5.404233336448669434e-01,9.237737655639648438e-01,3.214889466762542725e-01,2.001170963048934937e-01,4.294508397579193115e-01
4.056286513805389404e-01,5.481530427932739258e-01,8.372367024421691895e-01,2.348787486553192139e-01,1.826394051313400269e-01,4.204982221126556396e-01
4.033561050891876221e-01,5.258694291114807129e-01,8.357362747192382812e-01,1.623933762311935425e-01,1.822293996810913086e-01,4.320068955421447754e-01
4.300017952919006348e-01,5.887925624847412109e-01,6.547546386718750000e-01,0.000000000000000000e+00,8.871802687644958496e-02,3.756128251552581787e-01
1.000000000000000000e+00,1.000000000000000000e+00,4.057818353176116943e-01,0.000000000000000000e+00,0.000000000000000000e+00,0.000000000000000000e+00
