# CPU,RAM,NetworkR,NetworkW,DiskW,DiskR
4.391770064830780029e-01,4.407992660999298096e-01,1.000000000000000000e+00,5.937933921813964844e-01,5.965647697448730469e-01,5.978561043739318848e-01
4.012409150600433350e-01,4.508219957351684570e-01,1.000000000000000000e+00,5.692008733749389648e-01,5.964919328689575195e-01,5.912909507751464844e-01
4.092793166637420654e-01,5.724627971649169922e-01,1.000000000000000000e+00,5.293608903884887695e-01,5.886219143867492676e-01,5.863323807716369629e-01
4.347752928733825684e-01,7.106546759605407715e-01,1.000000000000000000e+00,4.854753911495208740e-01,5.593873858451843262e-01,5.746179223060607910e-01
4.925886094570159912e-01,9.156302809715270996e-01,9.167692661285400391e-01,3.932231962680816650e-01,4.440454542636871338e-01,5.379166007041931152e-01
5.113444328308105469e-01,9.597722291946411133e-01,7.940504550933837891e-01,3.113132119178771973e-01,3.312600553035736084e-01,5.070264339447021484e-01
4.051074087619781494e-01,1.000000000000000000e+00,7.229099273681640625e-01,3.316173255443572998e-01,0.000000000000000000e+00,4.765121638774871826e-01
1.000000000000000000e+00,1.000000000000000000e+00,5.796051025390625000e-01,1.711921542882919312e-01,0.000000000000000000e+00,9.102938324213027954e-02
4.091661274433135986e-01,4.068445563316345215e-01,4.980939328670501709e-01,0.000000000000000000e+00,0.000000000000000000e+00,0.000000000000000000e+00
5.100263357162475586e-01,4.103139936923980713e-01,4.062404930591583252e-01,0.000000000000000000e+00,0.000000000000000000e+00,0.000000000000000000e+00
