# CPU,RAM,NetworkR,NetworkW,DiskW,DiskR
4.390750527381896973e-01,4.406042695045471191e-01,1.000000000000000000e+00,5.937926769256591797e-01,5.965694189071655273e-01,5.978531837463378906e-01
4.002818167209625244e-01,7.155981063842773438e-01,1.000000000000000000e+00,5.555787682533264160e-01,5.895720124244689941e-01,5.292508602142333984e-01
4.023965597152709961e-01,5.328904390335083008e-01,1.000000000000000000e+00,5.388070344924926758e-01,5.838547945022583008e-01,5.746258497238159180e-01
4.007607698440551758e-01,5.782355070114135742e-01,1.000000000000000000e+00,5.211079716682434082e-01,5.142810940742492676e-01,5.548757314682006836e-01
4.002983570098876953e-01,5.250430107116699219e-01,1.000000000000000000e+00,4.877209365367889404e-01,2.488631010055541992e-01,4.470419585704803467e-01
4.035808444023132324e-01,5.627424716949462891e-01,9.377560615539550781e-01,3.453991115093231201e-01,1.988653987646102905e-01,4.202925264835357666e-01
4.042921066284179688e-01,5.144662857055664062e-01,9.434637427330017090e-01,3.078207075595855713e-01,2.675572335720062256e-01,4.705109298229217529e-01
4.292880296707153320e-01,5.542951226234436035e-01,8.733268976211547852e-01,2.012287974357604980e-01,3.892062604427337646e-01,5.237243175506591797e-01
1.000000000000000000e+00,1.000000000000000000e+00,6.786320209503173828e-01,1.849547959864139557e-02,3.396890461444854736e-01,5.627526640892028809e-01
1.000000000000000000e+00,1.000000000000000000e+00,4.080265462398529053e-01,0.000000000000000000e+00,0.000000000000000000e+00,0.000000000000000000e+00
