# CPU,RAM,NetworkR,NetworkW,DiskW,DiskR
4.391723871231079102e-01,4.408222436904907227e-01,1.000000000000000000e+00,5.937935113906860352e-01,5.965641140937805176e-01,5.978562831878662109e-01
4.012930989265441895e-01,4.383887350559234619e-01,1.000000000000000000e+00,5.714144706726074219e-01,5.966516733169555664e-01,5.920382738113403320e-01
4.091773033142089844e-01,6.711891293525695801e-01,1.000000000000000000e+00,5.165122747421264648e-01,5.829194784164428711e-01,5.817461609840393066e-01
4.465228021144866943e-01,8.513253331184387207e-01,1.000000000000000000e+00,4.590721130371093750e-01,5.289336442947387695e-01,5.630096793174743652e-01
4.588811099529266357e-01,8.879571557044982910e-01,8.920997977256774902e-01,3.876379132270812988e-01,3.989244401454925537e-01,5.222339630126953125e-01
5.044905543327331543e-01,9.556080102920532227e-01,8.170021772384643555e-01,3.312979042530059814e-01,3.796429336071014404e-01,5.220977067947387695e-01
4.040221571922302246e-01,1.000000000000000000e+00,7.176931500434875488e-01,3.463347852230072021e-01,0.000000000000000000e+00,3.655528128147125244e-01
1.000000000000000000e+00,1.000000000000000000e+00,5.723573565483093262e-01,1.532327979803085327e-01,0.000000000000000000e+00,1.138051003217697144e-01
4.081200361251831055e-01,4.074763357639312744e-01,4.973793923854827881e-01,0.000000000000000000e+00,0.000000000000000000e+00,0.000000000000000000e+00
5.078210830688476562e-01,4.133304059505462646e-01,4.057944416999816895e-01,0.000000000000000000e+00,0.000000000000000000e+00,0.000000000000000000e+00
