# CPU,RAM,NetworkR,NetworkW,DiskW,DiskR
4.391224980354309082e-01,4.408186376094818115e-01,1.000000000000000000e+00,5.937937498092651367e-01,5.965640544891357422e-01,5.978562831878662109e-01
4.008308947086334229e-01,5.534780621528625488e-01,1.000000000000000000e+00,5.614743828773498535e-01,5.951524972915649414e-01,5.853382349014282227e-01
4.029406011104583740e-01,4.513815045356750488e-01,1.000000000000000000e+00,5.602779984474182129e-01,5.922198295593261719e-01,5.915039181709289551e-01
4.021062850952148438e-01,4.948498606681823730e-01,1.000000000000000000e+00,5.333703160285949707e-01,5.633152127265930176e-01,5.788552165031433105e-01
4.044168293476104736e-01,4.937777519226074219e-01,1.000000000000000000e+00,4.605684578418731689e-01,3.914283215999603271e-01,5.248845815658569336e-01
4.478762447834014893e-01,5.499566197395324707e-01,9.021893143653869629e-01,3.074780404567718506e-01,3.378599584102630615e-01,4.921045601367950439e-01
5.076660513877868652e-01,1.000000000000000000e+00,6.620507836341857910e-01,1.999556124210357666e-01,1.729732938110828400e-02,5.009145140647888184e-01
1.000000000000000000e+00,1.000000000000000000e+00,4.752843379974365234e-01,0.000000000000000000e+00,0.000000000000000000e+00,0.000000000000000000e+00
4.052029252052307129e-01,4.015341103076934814e-01,4.727643132209777832e-01,0.000000000000000000e+00,0.000000000000000000e+00,0.000000000000000000e+00
6.604805588722229004e-01,4.131577610969543457e-01,4.040970802307128906e-01,0.000000000000000000e+00,0.000000000000000000e+00,0.000000000000000000e+00
