# CPU,RAM,NetworkR,NetworkW,DiskW,DiskR
4.391209781169891357e-01,4.408442378044128418e-01,1.000000000000000000e+00,5.937938690185546875e-01,5.965633392333984375e-01,5.978566408157348633e-01
4.012880921363830566e-01,4.416300654411315918e-01,1.000000000000000000e+00,5.707347989082336426e-01,5.966057777404785156e-01,5.918260812759399414e-01
4.087829291820526123e-01,6.369555592536926270e-01,1.000000000000000000e+00,5.207756161689758301e-01,5.848726034164428711e-01,5.832300782203674316e-01
4.377111792564392090e-01,7.432684898376464844e-01,1.000000000000000000e+00,4.775164127349853516e-01,5.500503778457641602e-01,5.708134174346923828e-01
4.781118333339691162e-01,9.126299619674682617e-01,9.008846879005432129e-01,3.887413442134857178e-01,4.219318032264709473e-01,5.304120779037475586e-01
4.431865811347961426e-01,8.903416991233825684e-01,7.897995710372924805e-01,3.130809962749481201e-01,2.725912630558013916e-01,4.805115163326263428e-01
4.048379659652709961e-01,1.000000000000000000e+00,7.604900598526000977e-01,3.470639884471893311e-01,3.801855817437171936e-02,5.200743675231933594e-01
1.000000000000000000e+00,1.000000000000000000e+00,6.048288345336914062e-01,1.687372773885726929e-01,0.000000000000000000e+00,3.812915980815887451e-01
4.017319083213806152e-01,4.068107604980468750e-01,4.775385856628417969e-01,0.000000000000000000e+00,0.000000000000000000e+00,0.000000000000000000e+00
5.174404382705688477e-01,4.257864952087402344e-01,4.032560586929321289e-01,0.000000000000000000e+00,0.000000000000000000e+00,0.000000000000000000e+00
