# CPU,RAM,NetworkR,NetworkW,DiskW,DiskR
4.390057623386383057e-01,4.408170878887176514e-01,1.000000000000000000e+00,5.937955975532531738e-01,5.965641736984252930e-01,5.978567004203796387e-01
4.013040661811828613e-01,4.339548349380493164e-01,1.000000000000000000e+00,5.724004507064819336e-01,5.967038869857788086e-01,5.923117399215698242e-01
4.053662121295928955e-01,5.894588232040405273e-01,1.000000000000000000e+00,5.263376235961914062e-01,5.845128297805786133e-01,5.827757120132446289e-01
4.275779128074645996e-01,6.125583052635192871e-01,1.000000000000000000e+00,4.973104894161224365e-01,5.648108124732971191e-01,5.767774581909179688e-01
5.689751505851745605e-01,1.000000000000000000e+00,8.640028834342956543e-01,3.692986071109771729e-01,4.123798310756683350e-01,5.324350595474243164e-01
5.042895078659057617e-01,1.000000000000000000e+00,7.574953436851501465e-01,2.943481504917144775e-01,2.740927040576934814e-01,4.905189573764801025e-01
4.027721583843231201e-01,1.000000000000000000e+00,6.946016550064086914e-01,3.300465047359466553e-01,0.000000000000000000e+00,3.432054221630096436e-01
1.000000000000000000e+00,1.000000000000000000e+00,5.699870586395263672e-01,1.151452437043190002e-01,0.000000000000000000e+00,1.979281753301620483e-01
4.053454995155334473e-01,4.053693413734436035e-01,4.912325441837310791e-01,0.000000000000000000e+00,0.000000000000000000e+00,0.000000000000000000e+00
5.067883133888244629e-01,4.104992747306823730e-01,4.059140682220458984e-01,0.000000000000000000e+00,0.000000000000000000e+00,0.000000000000000000e+00
