# CPU,RAM,NetworkR,NetworkW,DiskW,DiskR
4.391048550605773926e-01,4.407743811607360840e-01,1.000000000000000000e+00,5.937941074371337891e-01,5.965653657913208008e-01,5.978558659553527832e-01
4.013419747352600098e-01,4.234797954559326172e-01,1.000000000000000000e+00,5.753891468048095703e-01,5.968843102455139160e-01,5.932039022445678711e-01
4.102734029293060303e-01,6.511477231979370117e-01,1.000000000000000000e+00,5.138008594512939453e-01,5.827682018280029297e-01,5.805802345275878906e-01
4.606662392616271973e-01,9.354751706123352051e-01,9.812061786651611328e-01,4.422298967838287354e-01,5.070751905441284180e-01,5.557271838188171387e-01
5.639866590499877930e-01,9.584417939186096191e-01,8.756548762321472168e-01,3.816627562046051025e-01,4.277573525905609131e-01,5.346462130546569824e-01
5.144183635711669922e-01,9.618900418281555176e-01,7.964230179786682129e-01,3.247581422328948975e-01,3.523981273174285889e-01,5.154799818992614746e-01
4.015280008316040039e-01,1.000000000000000000e+00,7.513828277587890625e-01,3.685047328472137451e-01,0.000000000000000000e+00,4.367612004280090332e-01
1.000000000000000000e+00,1.000000000000000000e+00,6.395249366760253906e-01,2.271080017089843750e-01,0.000000000000000000e+00,4.982607066631317139e-01
4.014136493206024170e-01,4.234933853149414062e-01,4.855232834815979004e-01,3.411500074435025454e-04,0.000000000000000000e+00,0.000000000000000000e+00
4.344026148319244385e-01,4.188768863677978516e-01,4.057013392448425293e-01,0.000000000000000000e+00,0.000000000000000000e+00,0.000000000000000000e+00
