# CPU,RAM,NetworkR,NetworkW,DiskW,DiskR
4.392070472240447998e-01,4.408227801322937012e-01,1.000000000000000000e+00,5.937930345535278320e-01,5.965641140937805176e-01,5.978562831878662109e-01
4.012592136859893799e-01,4.499148726463317871e-01,1.000000000000000000e+00,5.693044662475585938e-01,5.965105891227722168e-01,5.913710594177246094e-01
4.127814173698425293e-01,6.173693537712097168e-01,1.000000000000000000e+00,5.232030749320983887e-01,5.879474878311157227e-01,5.856522321701049805e-01
4.714545607566833496e-01,1.000000000000000000e+00,9.582557082176208496e-01,4.359273016452789307e-01,4.973568022251129150e-01,5.556939244270324707e-01
4.602149724960327148e-01,8.725740313529968262e-01,8.843926787376403809e-01,3.855702579021453857e-01,3.878722488880157471e-01,5.187772512435913086e-01
4.758830070495605469e-01,9.318157434463500977e-01,7.998399138450622559e-01,3.243061006069183350e-01,3.444460332393646240e-01,5.097255110740661621e-01
4.022659361362457275e-01,1.000000000000000000e+00,7.225833535194396973e-01,3.473044037818908691e-01,0.000000000000000000e+00,3.935667574405670166e-01
1.000000000000000000e+00,1.000000000000000000e+00,5.614739060401916504e-01,1.332393586635589600e-01,0.000000000000000000e+00,2.833995968103408813e-02
4.073711931705474854e-01,4.073547124862670898e-01,5.094907879829406738e-01,0.000000000000000000e+00,0.000000000000000000e+00,0.000000000000000000e+00
4.703238904476165771e-01,4.083516597747802734e-01,4.093314707279205322e-01,0.000000000000000000e+00,0.000000000000000000e+00,0.000000000000000000e+00
