# CPU,RAM,NetworkR,NetworkW,DiskW,DiskR
4.390134513378143311e-01,4.407783150672912598e-01,1.000000000000000000e+00,5.937945842742919922e-01,5.965648889541625977e-01,5.978559255599975586e-01
4.013061821460723877e-01,4.284977912902832031e-01,1.000000000000000000e+00,5.738793611526489258e-01,5.967916250228881836e-01,5.927444100379943848e-01
4.064113497734069824e-01,5.583612322807312012e-01,1.000000000000000000e+00,5.285460948944091797e-01,5.866576433181762695e-01,5.841152667999267578e-01
4.189484119415283203e-01,5.846108198165893555e-01,1.000000000000000000e+00,5.031790137290954590e-01,5.648249983787536621e-01,5.772272348403930664e-01
4.660712182521820068e-01,8.018886446952819824e-01,9.312405586242675781e-01,3.897506892681121826e-01,4.256184101104736328e-01,5.275349020957946777e-01
5.247693061828613281e-01,1.000000000000000000e+00,7.663704752922058105e-01,2.909640371799468994e-01,3.005618155002593994e-01,4.985775947570800781e-01
4.162654876708984375e-01,1.000000000000000000e+00,6.755130290985107422e-01,3.049988448619842529e-01,0.000000000000000000e+00,3.766575157642364502e-01
1.000000000000000000e+00,1.000000000000000000e+00,5.515195131301879883e-01,8.479034900665283203e-02,0.000000000000000000e+00,1.851547956466674805e-01
4.065032601356506348e-01,4.035949707031250000e-01,4.810627996921539307e-01,0.000000000000000000e+00,0.000000000000000000e+00,0.000000000000000000e+00
5.415508151054382324e-01,4.104391932487487793e-01,4.050640761852264404e-01,0.000000000000000000e+00,0.000000000000000000e+00,0.000000000000000000e+00
