# CPU,RAM,NetworkR,NetworkW,DiskW,DiskR
4.390753507614135742e-01,4.406938850879669189e-01,1.000000000000000000e+00,5.937938094139099121e-01,5.965672731399536133e-01,5.978547334671020508e-01
4.001589715480804443e-01,8.122425079345703125e-01,1.000000000000000000e+00,5.500577688217163086e-01,5.806722044944763184e-01,3.871183097362518311e-01
4.006366729736328125e-01,7.789857983589172363e-01,1.000000000000000000e+00,5.093618035316467285e-01,5.368860960006713867e-01,4.748155176639556885e-01
4.002866744995117188e-01,6.794699430465698242e-01,1.000000000000000000e+00,5.031256079673767090e-01,4.045726358890533447e-01,4.695273935794830322e-01
4.001844525337219238e-01,6.327839493751525879e-01,1.000000000000000000e+00,4.648899137973785400e-01,1.915861964225769043e-01,3.180529177188873291e-01
4.018483161926269531e-01,6.207264065742492676e-01,8.752325177192687988e-01,3.350335061550140381e-01,9.112799912691116333e-02,2.874699532985687256e-01
4.019803404808044434e-01,6.690530180931091309e-01,7.588106989860534668e-01,2.445680201053619385e-01,5.247158184647560120e-02,2.727116048336029053e-01
4.056180715560913086e-01,5.686776638031005859e-01,7.845249176025390625e-01,1.799259483814239502e-01,1.528578102588653564e-01,3.957805335521697998e-01
5.154607892036437988e-01,9.088733196258544922e-01,5.907450318336486816e-01,0.000000000000000000e+00,8.428990840911865234e-02,3.948231637477874756e-01
1.000000000000000000e+00,1.000000000000000000e+00,4.066279828548431396e-01,0.000000000000000000e+00,0.000000000000000000e+00,0.000000000000000000e+00
