# CPU,RAM,NetworkR,NetworkW,DiskW,DiskR
4.000000059604644775e-01,4.000000059604644775e-01,1.000000000000000000e+00,6.000000238418579102e-01,6.000000238418579102e-01,6.000000238418579102e-01
4.000000059604644775e-01,4.833333194255828857e-01,1.000000000000000000e+00,5.622580051422119141e-01,5.971631407737731934e-01,5.609518289566040039e-01
4.000000059604644775e-01,5.666666626930236816e-01,1.000000000000000000e+00,5.475120544433593750e-01,5.890071392059326172e-01,5.609518289566040039e-01
4.000000059604644775e-01,5.666666626930236816e-01,1.000000000000000000e+00,4.932051599025726318e-01,5.528368949890136719e-01,5.609518289566040039e-01
4.000000059604644775e-01,5.666666626930236816e-01,1.000000000000000000e+00,4.400675594806671143e-01,2.113475203514099121e-01,4.633313119411468506e-01
4.000000059604644775e-01,5.666666626930236816e-01,8.855735063552856445e-01,2.634403109550476074e-01,1.515071094036102295e-01,4.316046535968780518e-01
4.000000059604644775e-01,5.666666626930236816e-01,8.469689488410949707e-01,2.301156222820281982e-01,1.301418393850326538e-01,4.316046535968780518e-01
4.000000059604644775e-01,5.666666626930236816e-01,7.858449816703796387e-01,9.616734087467193604e-02,1.034574434161186218e-01,4.316046535968780518e-01
5.000000000000000000e-01,6.499999761581420898e-01,6.639991998672485352e-01,0.000000000000000000e+00,6.693262606859207153e-02,4.218426048755645752e-01
1.000000000000000000e+00,1.000000000000000000e+00,4.000000059604644775e-01,0.000000000000000000e+00,0.000000000000000000e+00,0.000000000000000000e+00
