# CPU,RAM,NetworkR,NetworkW,DiskW,DiskR
4.390862882137298584e-01,4.407336115837097168e-01,1.000000000000000000e+00,5.937935113906860352e-01,5.965660810470581055e-01,5.978550910949707031e-01
4.001608192920684814e-01,9.269435405731201172e-01,1.000000000000000000e+00,5.463860034942626953e-01,5.754868984222412109e-01,3.582465350627899170e-01
4.014064669609069824e-01,6.667604446411132812e-01,1.000000000000000000e+00,5.150988698005676270e-01,5.548063516616821289e-01,5.190521478652954102e-01
4.003018736839294434e-01,6.829636096954345703e-01,1.000000000000000000e+00,5.060620307922363281e-01,4.221723079681396484e-01,4.879184067249298096e-01
4.001667499542236328e-01,6.251512765884399414e-01,1.000000000000000000e+00,4.716612100601196289e-01,1.966693997383117676e-01,3.257099986076354980e-01
4.015764594078063965e-01,6.218433976173400879e-01,8.768268227577209473e-01,3.366510570049285889e-01,8.170980215072631836e-02,2.718572318553924561e-01
4.017557799816131592e-01,7.155634760856628418e-01,7.295863032341003418e-01,2.300356328487396240e-01,1.969352923333644867e-02,2.227680981159210205e-01
4.049245119094848633e-01,5.874904394149780273e-01,7.676656842231750488e-01,1.710689961910247803e-01,1.278820037841796875e-01,3.736076056957244873e-01
5.163093805313110352e-01,8.417670726776123047e-01,6.155871152877807617e-01,0.000000000000000000e+00,1.399414986371994019e-01,4.206087887287139893e-01
1.000000000000000000e+00,1.000000000000000000e+00,4.070435166358947754e-01,0.000000000000000000e+00,0.000000000000000000e+00,0.000000000000000000e+00
