# CPU,RAM,NetworkR,NetworkW,DiskW,DiskR
4.391987621784210205e-01,4.407818913459777832e-01,1.000000000000000000e+00,5.937930345535278320e-01,5.965652465820312500e-01,5.978556871414184570e-01
4.002803564071655273e-01,8.785114288330078125e-01,1.000000000000000000e+00,5.515021681785583496e-01,5.863392949104309082e-01,5.104756951332092285e-01
4.022255539894104004e-01,5.380409955978393555e-01,1.000000000000000000e+00,5.385113954544067383e-01,5.813755989074707031e-01,5.728458762168884277e-01
4.004213511943817139e-01,5.932377576828002930e-01,1.000000000000000000e+00,5.259020924568176270e-01,5.051677823066711426e-01,5.492386817932128906e-01
4.001646637916564941e-01,5.371283292770385742e-01,1.000000000000000000e+00,4.981521070003509521e-01,2.551307976245880127e-01,4.331780970096588135e-01
4.015888571739196777e-01,5.583653450012207031e-01,9.604144096374511719e-01,3.562870323657989502e-01,1.417643129825592041e-01,3.696855604648590088e-01
4.025356769561767578e-01,6.472005248069763184e-01,7.774188518524169922e-01,2.299021184444427490e-01,7.853505760431289673e-02,3.201678991317749023e-01
4.036324024200439453e-01,5.747829675674438477e-01,7.861198782920837402e-01,1.619701981544494629e-01,1.360967457294464111e-01,3.874918520450592041e-01
4.521821141242980957e-01,6.985816955566406250e-01,6.153529286384582520e-01,0.000000000000000000e+00,7.005883008241653442e-02,3.596760928630828857e-01
1.000000000000000000e+00,1.000000000000000000e+00,4.071241319179534912e-01,0.000000000000000000e+00,0.000000000000000000e+00,0.000000000000000000e+00
