# CPU,RAM,NetworkR,NetworkW,DiskW,DiskR
4.391334652900695801e-01,4.407378137111663818e-01,1.000000000000000000e+00,5.937939286231994629e-01,5.965664982795715332e-01,5.978554487228393555e-01
4.002926945686340332e-01,7.874166965484619141e-01,1.000000000000000000e+00,5.538092851638793945e-01,5.886244773864746094e-01,5.263218879699707031e-01
4.019434750080108643e-01,5.591489672660827637e-01,1.000000000000000000e+00,5.365182757377624512e-01,5.804756283760070801e-01,5.717366933822631836e-01
4.005707800388336182e-01,5.934903025627136230e-01,1.000000000000000000e+00,5.224239230155944824e-01,5.064271688461303711e-01,5.513517856597900391e-01
4.001976251602172852e-01,5.392485260963439941e-01,1.000000000000000000e+00,4.931177198886871338e-01,2.466541975736618042e-01,4.329419136047363281e-01
4.021704792976379395e-01,5.707843899726867676e-01,9.396817684173583984e-01,3.476285040378570557e-01,1.542091071605682373e-01,3.822889626026153564e-01
4.021989107131958008e-01,6.507045626640319824e-01,8.041172027587890625e-01,2.478861659765243530e-01,1.102576628327369690e-01,3.536621034145355225e-01
4.025717973709106445e-01,5.475628376007080078e-01,8.384362459182739258e-01,1.905685067176818848e-01,1.513923108577728271e-01,4.034793972969055176e-01
4.460663497447967529e-01,7.305680513381958008e-01,6.175395250320434570e-01,0.000000000000000000e+00,6.330776959657669067e-02,3.586266934871673584e-01
1.000000000000000000e+00,1.000000000000000000e+00,4.068909287452697754e-01,0.000000000000000000e+00,0.000000000000000000e+00,0.000000000000000000e+00
