# CPU,RAM,NetworkR,NetworkW,DiskW,DiskR
4.391302466392517090e-01,4.404802620410919189e-01,1.000000000000000000e+00,5.937926173210144043e-01,5.965733528137207031e-01,5.978518724441528320e-01
4.012649953365325928e-01,4.419276416301727295e-01,1.000000000000000000e+00,5.708115696907043457e-01,5.966383814811706543e-01,5.918901562690734863e-01
4.019497632980346680e-01,5.238156318664550781e-01,1.000000000000000000e+00,5.442225933074951172e-01,5.869269967079162598e-01,5.858686566352844238e-01
4.025315344333648682e-01,4.969136714935302734e-01,1.000000000000000000e+00,5.329694747924804688e-01,5.597071647644042969e-01,5.784481167793273926e-01
4.011588394641876221e-01,4.913031756877899170e-01,1.000000000000000000e+00,4.796208441257476807e-01,3.222396075725555420e-01,5.064337253570556641e-01
4.111000895500183105e-01,5.285949707031250000e-01,9.280297160148620605e-01,3.262118995189666748e-01,2.495699226856231689e-01,4.586448073387145996e-01
4.222382903099060059e-01,5.116562843322753906e-01,8.417632579803466797e-01,2.302233278751373291e-01,2.478809952735900879e-01,4.590624868869781494e-01
4.305440783500671387e-01,5.518323779106140137e-01,7.487788796424865723e-01,1.069940030574798584e-01,2.487159073352813721e-01,4.681105017662048340e-01
4.743216335773468018e-01,5.124473571777343750e-01,7.159634232521057129e-01,0.000000000000000000e+00,2.604466080665588379e-01,4.833880066871643066e-01
1.000000000000000000e+00,1.000000000000000000e+00,4.043585360050201416e-01,0.000000000000000000e+00,0.000000000000000000e+00,0.000000000000000000e+00
