# CPU,RAM,NetworkR,NetworkW,DiskW,DiskR
4.389457702636718750e-01,4.406247735023498535e-01,1.000000000000000000e+00,5.937941074371337891e-01,5.965685844421386719e-01,5.978537201881408691e-01
4.013071358203887939e-01,4.298648834228515625e-01,1.000000000000000000e+00,5.734788775444030762e-01,5.967723131179809570e-01,5.926302075386047363e-01
4.020726978778839111e-01,5.127384662628173828e-01,1.000000000000000000e+00,5.433734059333801270e-01,5.865926742553710938e-01,5.851945877075195312e-01
4.028752446174621582e-01,5.128626823425292969e-01,1.000000000000000000e+00,5.247374773025512695e-01,5.515483617782592773e-01,5.743926763534545898e-01
4.014653563499450684e-01,5.264088511466979980e-01,1.000000000000000000e+00,4.552040398120880127e-01,2.706720530986785889e-01,4.773912131786346436e-01
4.119289815425872803e-01,6.038706302642822266e-01,8.403971195220947266e-01,2.918800413608551025e-01,1.908953487873077393e-01,4.205425083637237549e-01
4.133460223674774170e-01,5.482809543609619141e-01,7.829119563102722168e-01,2.095617055892944336e-01,1.484124362468719482e-01,3.980326950550079346e-01
4.079608619213104248e-01,5.303640961647033691e-01,7.769996523857116699e-01,1.395401060581207275e-01,1.897190660238265991e-01,4.353278577327728271e-01
4.430985152721405029e-01,5.505117774009704590e-01,6.614651083946228027e-01,0.000000000000000000e+00,1.292037963867187500e-01,4.103559553623199463e-01
1.000000000000000000e+00,1.000000000000000000e+00,4.051387310028076172e-01,0.000000000000000000e+00,0.000000000000000000e+00,0.000000000000000000e+00
