# CPU,RAM,NetworkR,NetworkW,DiskW,DiskR
4.391026794910430908e-01,4.404312670230865479e-01,1.000000000000000000e+00,5.937929749488830566e-01,5.965747237205505371e-01,5.978512763977050781e-01
4.002551436424255371e-01,7.355231046676635742e-01,1.000000000000000000e+00,5.552036762237548828e-01,5.890117883682250977e-01,5.172936916351318359e-01
4.029901325702667236e-01,4.992845058441162109e-01,1.000000000000000000e+00,5.444719195365905762e-01,5.879507660865783691e-01,5.784674882888793945e-01
4.008735418319702148e-01,5.700926184654235840e-01,1.000000000000000000e+00,5.226374864578247070e-01,5.283688902854919434e-01,5.594409108161926270e-01
4.003235697746276855e-01,5.335468649864196777e-01,1.000000000000000000e+00,4.867252111434936523e-01,2.698241174221038818e-01,4.583326876163482666e-01
4.044275283813476562e-01,5.680175423622131348e-01,9.309480190277099609e-01,3.386347591876983643e-01,2.018004357814788818e-01,4.204685091972351074e-01
4.024564623832702637e-01,5.622032880783081055e-01,8.860260248184204102e-01,2.832419574260711670e-01,1.872482001781463623e-01,4.199900329113006592e-01
4.025478959083557129e-01,5.655996203422546387e-01,8.328427076339721680e-01,1.816944926977157593e-01,1.518953144550323486e-01,4.085512459278106689e-01
4.409732520580291748e-01,7.379275560379028320e-01,6.155782938003540039e-01,0.000000000000000000e+00,5.219594016671180725e-02,3.472966253757476807e-01
1.000000000000000000e+00,1.000000000000000000e+00,4.063839316368103027e-01,0.000000000000000000e+00,0.000000000000000000e+00,0.000000000000000000e+00
