# CPU,RAM,NetworkR,NetworkW,DiskW,DiskR
4.389209151268005371e-01,4.406861364841461182e-01,1.000000000000000000e+00,5.937953591346740723e-01,5.965672731399536133e-01,5.978548526763916016e-01
4.013740420341491699e-01,4.239927530288696289e-01,1.000000000000000000e+00,5.751094818115234375e-01,5.968761444091796875e-01,5.931462049484252930e-01
4.116500318050384521e-01,6.837659478187561035e-01,1.000000000000000000e+00,5.102174282073974609e-01,5.814263820648193359e-01,5.797719955444335938e-01
4.762835800647735596e-01,1.000000000000000000e+00,9.038192033767700195e-01,4.162800610065460205e-01,4.496361911296844482e-01,5.407074689865112305e-01
5.316724777221679688e-01,8.986430168151855469e-01,8.601148724555969238e-01,3.745893537998199463e-01,3.950861394405364990e-01,5.215749740600585938e-01
4.507427215576171875e-01,9.894406795501708984e-01,7.736372947692871094e-01,3.216365873813629150e-01,3.005849421024322510e-01,4.987280070781707764e-01
4.007065296173095703e-01,1.000000000000000000e+00,7.255866527557373047e-01,3.658160865306854248e-01,0.000000000000000000e+00,2.012511193752288818e-01
1.000000000000000000e+00,1.000000000000000000e+00,6.149017214775085449e-01,1.466833055019378662e-01,0.000000000000000000e+00,3.924177587032318115e-01
4.009928405284881592e-01,4.135535657405853271e-01,4.736861884593963623e-01,0.000000000000000000e+00,0.000000000000000000e+00,0.000000000000000000e+00
4.948595166206359863e-01,4.405509531497955322e-01,4.031997621059417725e-01,0.000000000000000000e+00,0.000000000000000000e+00,0.000000000000000000e+00
