# CPU,RAM,NetworkR,NetworkW,DiskW,DiskR
4.390434622764587402e-01,4.405039250850677490e-01,1.000000000000000000e+00,5.937898159027099609e-01,5.965709090232849121e-01,5.978508591651916504e-01
4.010236263275146484e-01,4.395408630371093750e-01,1.000000000000000000e+00,5.719896554946899414e-01,5.965158939361572266e-01,5.915113091468811035e-01
4.017852544784545898e-01,5.480777621269226074e-01,1.000000000000000000e+00,5.396590232849121094e-01,5.843582749366760254e-01,5.830903053283691406e-01
4.027093648910522461e-01,5.625514388084411621e-01,1.000000000000000000e+00,5.125348567962646484e-01,5.333272218704223633e-01,5.664420127868652344e-01
4.012211561203002930e-01,5.248963832855224609e-01,1.000000000000000000e+00,4.649248123168945312e-01,2.862917482852935791e-01,4.856903254985809326e-01
4.092962443828582764e-01,6.749917864799499512e-01,8.627255558967590332e-01,3.146390020847320557e-01,2.516424059867858887e-01,4.555920958518981934e-01
4.092462956905364990e-01,5.015110373497009277e-01,9.184931516647338867e-01,2.836650311946868896e-01,2.382183372974395752e-01,4.597755074501037598e-01
4.061439335346221924e-01,5.636245608329772949e-01,7.950721383094787598e-01,1.561634242534637451e-01,1.923234164714813232e-01,4.412608444690704346e-01
4.626658260822296143e-01,6.398081779479980469e-01,6.464375257492065430e-01,0.000000000000000000e+00,1.389641016721725464e-01,4.203829467296600342e-01
1.000000000000000000e+00,1.000000000000000000e+00,4.051166772842407227e-01,0.000000000000000000e+00,0.000000000000000000e+00,0.000000000000000000e+00
