# CPU,RAM,NetworkR,NetworkW,DiskW,DiskR
4.390143752098083496e-01,4.407049119472503662e-01,1.000000000000000000e+00,5.937942266464233398e-01,5.965668559074401855e-01,5.978548526763916016e-01
4.002549350261688232e-01,7.917839288711547852e-01,1.000000000000000000e+00,5.525820851325988770e-01,5.867536664009094238e-01,5.029867887496948242e-01
4.021060466766357422e-01,5.619097948074340820e-01,1.000000000000000000e+00,5.327563285827636719e-01,5.780385732650756836e-01,5.661385655403137207e-01
4.005187451839447021e-01,6.191843748092651367e-01,1.000000000000000000e+00,5.152565240859985352e-01,4.816727936267852783e-01,5.376223921775817871e-01
4.002159535884857178e-01,5.579777956008911133e-01,1.000000000000000000e+00,4.823338091373443604e-01,2.179593145847320557e-01,4.019115269184112549e-01
4.026212692260742188e-01,5.768079757690429688e-01,9.072312116622924805e-01,3.360986113548278809e-01,1.306246221065521240e-01,3.579094111919403076e-01
4.022684991359710693e-01,6.358504295349121094e-01,7.944658398628234863e-01,2.478809952735900879e-01,1.015288606286048889e-01,3.425271213054656982e-01
4.032792448997497559e-01,5.672646164894104004e-01,8.064025640487670898e-01,1.782570183277130127e-01,1.456999480724334717e-01,3.986330032348632812e-01
4.547906517982482910e-01,7.380900382995605469e-01,6.117804646492004395e-01,0.000000000000000000e+00,6.722459942102432251e-02,3.629365861415863037e-01
1.000000000000000000e+00,1.000000000000000000e+00,4.065097570419311523e-01,0.000000000000000000e+00,0.000000000000000000e+00,0.000000000000000000e+00
