# CPU,RAM,NetworkR,NetworkW,DiskW,DiskR
4.391781091690063477e-01,4.406174719333648682e-01,1.000000000000000000e+00,5.937928557395935059e-01,5.965697765350341797e-01,5.978537201881408691e-01
4.012261629104614258e-01,4.522455036640167236e-01,1.000000000000000000e+00,5.690490007400512695e-01,5.964915156364440918e-01,5.912500619888305664e-01
4.040468037128448486e-01,4.728755056858062744e-01,1.000000000000000000e+00,5.510393977165222168e-01,5.915601849555969238e-01,5.901081562042236328e-01
4.084351956844329834e-01,5.538822412490844727e-01,1.000000000000000000e+00,5.110151171684265137e-01,5.636991262435913086e-01,5.767148137092590332e-01
4.456835985183715820e-01,7.167660593986511230e-01,9.592137932777404785e-01,3.882769048213958740e-01,4.102832973003387451e-01,5.193004012107849121e-01
5.742827653884887695e-01,1.000000000000000000e+00,7.414619326591491699e-01,2.643153369426727295e-01,2.699722349643707275e-01,4.933917224407196045e-01
4.349751770496368408e-01,1.000000000000000000e+00,6.776273250579833984e-01,2.758339047431945801e-01,0.000000000000000000e+00,4.871657192707061768e-01
1.000000000000000000e+00,1.000000000000000000e+00,5.447399616241455078e-01,7.516095787286758423e-02,0.000000000000000000e+00,3.265505135059356689e-01
4.033572673797607422e-01,4.055263698101043701e-01,4.557309448719024658e-01,0.000000000000000000e+00,0.000000000000000000e+00,0.000000000000000000e+00
5.239774584770202637e-01,4.098429977893829346e-01,4.047764837741851807e-01,0.000000000000000000e+00,0.000000000000000000e+00,0.000000000000000000e+00
