# CPU,RAM,NetworkR,NetworkW,DiskW,DiskR
4.000000059604644775e-01,6.000000238418579102e-01,1.000000000000000000e+00,6.000000238418579102e-01,6.000000238418579102e-01,6.000000238418579102e-01
4.000000059604644775e-01,6.999999880790710449e-01,1.000000000000000000e+00,5.478694438934326172e-01,5.889865159988403320e-01,5.853147506713867188e-01
4.000000059604644775e-01,6.999999880790710449e-01,1.000000000000000000e+00,5.052583813667297363e-01,5.465143918991088867e-01,5.853147506713867188e-01
4.000000059604644775e-01,8.000000119209289551e-01,1.000000000000000000e+00,4.325022697448730469e-01,5.170474648475646973e-01,5.853147506713867188e-01
4.000000059604644775e-01,8.000000119209289551e-01,9.306122064590454102e-01,3.917044401168823242e-01,3.298183977603912354e-01,4.656732678413391113e-01
4.849314987659454346e-01,8.999999761581420898e-01,8.081632852554321289e-01,3.427470624446868896e-01,2.714118361473083496e-01,4.483965039253234863e-01
4.000000059604644775e-01,1.000000000000000000e+00,6.857143044471740723e-01,2.771683335304260254e-01,0.000000000000000000e+00,4.118993580341339111e-01
1.000000000000000000e+00,1.000000000000000000e+00,6.040816307067871094e-01,1.199456155300140381e-01,0.000000000000000000e+00,3.139617741107940674e-01
4.000000059604644775e-01,4.000000059604644775e-01,4.816326498985290527e-01,0.000000000000000000e+00,0.000000000000000000e+00,0.000000000000000000e+00
4.739725887775421143e-01,4.000000059604644775e-01,4.000000059604644775e-01,0.000000000000000000e+00,0.000000000000000000e+00,0.000000000000000000e+00
