# CPU,RAM,NetworkR,NetworkW,DiskW,DiskR
4.391187131404876709e-01,4.407835006713867188e-01,1.000000000000000000e+00,5.937938690185546875e-01,5.965650677680969238e-01,5.978559255599975586e-01
4.010523259639739990e-01,4.902499616146087646e-01,1.000000000000000000e+00,5.650131702423095703e-01,5.959901809692382812e-01,5.891251564025878906e-01
4.029229879379272461e-01,4.603395164012908936e-01,1.000000000000000000e+00,5.572465658187866211e-01,5.917987823486328125e-01,5.910353064537048340e-01
4.017582833766937256e-01,4.933035075664520264e-01,1.000000000000000000e+00,5.351409912109375000e-01,5.604828596115112305e-01,5.785301923751831055e-01
4.008969366550445557e-01,4.867398738861083984e-01,1.000000000000000000e+00,4.818150997161865234e-01,3.129577040672302246e-01,5.034430027008056641e-01
4.110315144062042236e-01,5.230727791786193848e-01,9.073594808578491211e-01,3.075731098651885986e-01,2.096222937107086182e-01,4.369436204433441162e-01
4.138399958610534668e-01,5.179146528244018555e-01,8.054385781288146973e-01,2.065887153148651123e-01,1.837708055973052979e-01,4.212703406810760498e-01
4.109504520893096924e-01,5.386029481887817383e-01,7.494816184043884277e-01,1.049014702439308167e-01,1.826283037662506104e-01,4.305213093757629395e-01
4.394727051258087158e-01,5.139322876930236816e-01,6.788590550422668457e-01,0.000000000000000000e+00,1.537974178791046143e-01,4.207701981067657471e-01
1.000000000000000000e+00,1.000000000000000000e+00,4.047089219093322754e-01,0.000000000000000000e+00,0.000000000000000000e+00,0.000000000000000000e+00
