# CPU,RAM,NetworkR,NetworkW,DiskW,DiskR
4.390400648117065430e-01,4.405896365642547607e-01,1.000000000000000000e+00,5.937930941581726074e-01,5.965697765350341797e-01,5.978531241416931152e-01
4.006992876529693604e-01,5.028640627861022949e-01,1.000000000000000000e+00,5.651299953460693359e-01,5.954251885414123535e-01,5.857206583023071289e-01
4.021730720996856689e-01,4.799585640430450439e-01,1.000000000000000000e+00,5.535143613815307617e-01,5.900654792785644531e-01,5.885564684867858887e-01
4.013643860816955566e-01,5.456817150115966797e-01,1.000000000000000000e+00,5.225260257720947266e-01,5.384626388549804688e-01,5.682905912399291992e-01
4.005564153194427490e-01,5.099360346794128418e-01,1.000000000000000000e+00,4.779899120330810547e-01,2.627613246440887451e-01,4.734347164630889893e-01
4.067241251468658447e-01,5.638086199760437012e-01,8.955697417259216309e-01,3.125166594982147217e-01,1.982563436031341553e-01,4.249652326107025146e-01
4.049663543701171875e-01,5.301265716552734375e-01,8.737161755561828613e-01,2.582950294017791748e-01,2.093300670385360718e-01,4.385384023189544678e-01
4.044702351093292236e-01,5.296503305435180664e-01,8.489424586296081543e-01,1.716473549604415894e-01,2.244132459163665771e-01,4.587490260601043701e-01
4.604537189006805420e-01,6.135946512222290039e-01,6.771824955940246582e-01,0.000000000000000000e+00,1.850122660398483276e-01,4.467299878597259521e-01
1.000000000000000000e+00,1.000000000000000000e+00,4.052250683307647705e-01,0.000000000000000000e+00,0.000000000000000000e+00,0.000000000000000000e+00
