# CPU,RAM,NetworkR,NetworkW,DiskW,DiskR
4.390876293182373047e-01,4.407951533794403076e-01,1.000000000000000000e+00,5.937945842742919922e-01,5.965648293495178223e-01,5.978562831878662109e-01
4.014219045639038086e-01,4.167222380638122559e-01,1.000000000000000000e+00,5.778822898864746094e-01,5.970138311386108398e-01,5.938967466354370117e-01
4.125008881092071533e-01,6.569142937660217285e-01,1.000000000000000000e+00,5.080623030662536621e-01,5.810477733612060547e-01,5.784244537353515625e-01
5.264745354652404785e-01,1.000000000000000000e+00,9.190126657485961914e-01,4.203323423862457275e-01,4.804615974426269531e-01,5.492336153984069824e-01
5.515438318252563477e-01,9.925873875617980957e-01,8.061814308166503906e-01,3.521685004234313965e-01,3.342374861240386963e-01,5.059677958488464355e-01
4.480789005756378174e-01,9.791674613952636719e-01,7.512893080711364746e-01,3.103815019130706787e-01,2.624753117561340332e-01,4.840047955513000488e-01
4.027785658836364746e-01,1.000000000000000000e+00,7.339017391204833984e-01,3.549609482288360596e-01,0.000000000000000000e+00,4.742347002029418945e-01
1.000000000000000000e+00,1.000000000000000000e+00,5.991489291191101074e-01,1.742211282253265381e-01,0.000000000000000000e+00,4.571526348590850830e-01
4.009944796562194824e-01,4.134431779384613037e-01,4.610565304756164551e-01,0.000000000000000000e+00,0.000000000000000000e+00,0.000000000000000000e+00
4.498676657676696777e-01,4.167200028896331787e-01,4.059337973594665527e-01,0.000000000000000000e+00,0.000000000000000000e+00,0.000000000000000000e+00
