# CPU,RAM,NetworkR,NetworkW,DiskW,DiskR
4.391090273857116699e-01,4.407350718975067139e-01,1.000000000000000000e+00,5.937933921813964844e-01,5.965662002563476562e-01,5.978550910949707031e-01
4.010937809944152832e-01,4.719461798667907715e-01,1.000000000000000000e+00,5.667580962181091309e-01,5.962039828300476074e-01,5.900164842605590820e-01
4.026357829570770264e-01,4.587637782096862793e-01,1.000000000000000000e+00,5.576919913291931152e-01,5.916918516159057617e-01,5.909363031387329102e-01
4.017640054225921631e-01,4.973988234996795654e-01,1.000000000000000000e+00,5.328179001808166504e-01,5.573862195014953613e-01,5.770617127418518066e-01
4.009962975978851318e-01,4.902000129222869873e-01,1.000000000000000000e+00,4.763504564762115479e-01,3.011373579502105713e-01,4.979930222034454346e-01
4.126414358615875244e-01,5.430787801742553711e-01,8.786574602127075195e-01,2.957073152065277100e-01,2.059468328952789307e-01,4.320852458477020264e-01
4.133591949939727783e-01,5.326629877090454102e-01,7.856244444847106934e-01,1.986886560916900635e-01,1.626719534397125244e-01,4.067910611629486084e-01
4.064782559871673584e-01,5.253468155860900879e-01,7.700701951980590820e-01,1.227770149707794189e-01,1.681306958198547363e-01,4.210951626300811768e-01
4.241640865802764893e-01,5.154294967651367188e-01,6.751319169998168945e-01,0.000000000000000000e+00,1.037786975502967834e-01,3.851302564144134521e-01
1.000000000000000000e+00,1.000000000000000000e+00,4.053976833820343018e-01,0.000000000000000000e+00,0.000000000000000000e+00,0.000000000000000000e+00
