# CPU,RAM,NetworkR,NetworkW,DiskW,DiskR
4.000000059604644775e-01,4.000000059604644775e-01,1.000000000000000000e+00,6.000000238418579102e-01,6.000000238418579102e-01,6.000000238418579102e-01
4.000000059604644775e-01,4.000000059604644775e-01,1.000000000000000000e+00,5.807141065597534180e-01,5.975781679153442383e-01,5.627690553665161133e-01
4.000000059604644775e-01,4.833333194255828857e-01,1.000000000000000000e+00,5.536851286888122559e-01,5.969727039337158203e-01,5.627690553665161133e-01
4.000000059604644775e-01,4.833333194255828857e-01,1.000000000000000000e+00,5.161169767379760742e-01,5.884962081909179688e-01,5.627690553665161133e-01
4.000000059604644775e-01,4.833333194255828857e-01,1.000000000000000000e+00,4.998422861099243164e-01,4.717929363250732422e-01,4.789994060993194580e-01
4.000000059604644775e-01,4.833333194255828857e-01,8.886888623237609863e-01,2.866217494010925293e-01,2.502686679363250732e-01,4.487492740154266357e-01
4.000000059604644775e-01,4.833333194255828857e-01,8.507876396179199219e-01,2.528534531593322754e-01,2.356618493795394897e-01,4.487492740154266357e-01
4.000000059604644775e-01,4.833333194255828857e-01,8.128864169120788574e-01,1.243762671947479248e-01,2.122757881879806519e-01,4.487492740154266357e-01
4.000000059604644775e-01,5.666666626930236816e-01,6.359350681304931641e-01,0.000000000000000000e+00,1.810943782329559326e-01,4.394415318965911865e-01
1.000000000000000000e+00,1.000000000000000000e+00,4.000000059604644775e-01,0.000000000000000000e+00,0.000000000000000000e+00,0.000000000000000000e+00
