# CPU,RAM,NetworkR,NetworkW,DiskW,DiskR
4.391910731792449951e-01,4.398869872093200684e-01,1.000000000000000000e+00,5.937762260437011719e-01,5.965837836265563965e-01,5.978385806083679199e-01
4.013152420520782471e-01,4.247045516967773438e-01,1.000000000000000000e+00,5.749929547309875488e-01,5.968532562255859375e-01,5.930268764495849609e-01
4.016602933406829834e-01,5.445683598518371582e-01,1.000000000000000000e+00,5.386098623275756836e-01,5.835732221603393555e-01,5.821117162704467773e-01
4.026023745536804199e-01,5.380750894546508789e-01,1.000000000000000000e+00,5.170789957046508789e-01,5.357790589332580566e-01,5.680038928985595703e-01
4.014278650283813477e-01,5.329316258430480957e-01,1.000000000000000000e+00,4.535474479198455811e-01,2.601949274539947510e-01,4.712720215320587158e-01
4.124823510646820068e-01,6.566774845123291016e-01,8.219143152236938477e-01,2.894763946533203125e-01,1.984291970729827881e-01,4.240258038043975830e-01
4.094446897506713867e-01,5.136204361915588379e-01,8.505022525787353516e-01,2.507956027984619141e-01,1.808318942785263062e-01,4.227211177349090576e-01
4.052664041519165039e-01,5.496345758438110352e-01,7.845289111137390137e-01,1.505109369754791260e-01,1.725611388683319092e-01,4.274812042713165283e-01
4.610182940959930420e-01,6.386098265647888184e-01,6.491390466690063477e-01,0.000000000000000000e+00,1.538335382938385010e-01,4.292007088661193848e-01
1.000000000000000000e+00,1.000000000000000000e+00,4.051125347614288330e-01,0.000000000000000000e+00,0.000000000000000000e+00,0.000000000000000000e+00
