# CPU,RAM,NetworkR,NetworkW,DiskW,DiskR
0.000000000000000000e+00,0.000000000000000000e+00,5.969682931900024414e-01,1.000000000000000000e+00,1.000000000000000000e+00,1.000000000000000000e+00
0.000000000000000000e+00,5.233490467071533203e-02,5.094521641731262207e-01,1.000000000000000000e+00,1.000000000000000000e+00,8.887225389480590820e-01
0.000000000000000000e+00,3.120352923870086670e-01,3.327512443065643311e-01,1.000000000000000000e+00,1.000000000000000000e+00,6.836426854133605957e-01
4.000811576843261719e-01,1.000000000000000000e+00,1.000000000000000000e+00,4.438886940479278564e-01,2.823612987995147705e-01,0.000000000000000000e+00
4.000993967056274414e-01,1.000000000000000000e+00,8.767492771148681641e-01,3.821122348308563232e-01,1.287665963172912598e-01,0.000000000000000000e+00
4.002706408500671387e-01,9.418374896049499512e-01,6.881748437881469727e-01,2.579425871372222900e-01,0.000000000000000000e+00,0.000000000000000000e+00
4.007189273834228516e-01,8.337135910987854004e-01,6.088070273399353027e-01,1.197042986750602722e-01,0.000000000000000000e+00,0.000000000000000000e+00
4.266072213649749756e-01,8.631141781806945801e-01,6.620266437530517578e-01,6.430850178003311157e-02,6.907615810632705688e-02,2.787826955318450928e-01
9.870668649673461914e-01,1.000000000000000000e+00,6.952491402626037598e-01,3.061188012361526489e-02,3.697538971900939941e-01,5.424722433090209961e-01
1.000000000000000000e+00,1.000000000000000000e+00,4.117318391799926758e-01,0.000000000000000000e+00,0.000000000000000000e+00,0.000000000000000000e+00
