# CPU,RAM,NetworkR,NetworkW,DiskW,DiskR
4.391165673732757568e-01,4.406780600547790527e-01,1.000000000000000000e+00,5.937926769256591797e-01,5.965675711631774902e-01,5.978541970252990723e-01
4.002785384654998779e-01,6.751359701156616211e-01,1.000000000000000000e+00,5.571361780166625977e-01,5.904144048690795898e-01,5.342578887939453125e-01
4.015777707099914551e-01,5.801264643669128418e-01,1.000000000000000000e+00,5.345621705055236816e-01,5.794371366500854492e-01,5.685035586357116699e-01
4.006609618663787842e-01,5.929077863693237305e-01,1.000000000000000000e+00,5.190149545669555664e-01,5.011534690856933594e-01,5.489012002944946289e-01
4.002564251422882080e-01,5.348247885704040527e-01,1.000000000000000000e+00,4.869543015956878662e-01,2.390706241130828857e-01,4.344024062156677246e-01
4.033390879631042480e-01,5.700612664222717285e-01,9.268935322761535645e-01,3.416772186756134033e-01,1.790038943290710449e-01,4.040842950344085693e-01
4.028846025466918945e-01,5.896270871162414551e-01,8.527884483337402344e-01,2.712091505527496338e-01,1.731258332729339600e-01,4.092128574848175049e-01
4.026745557785034180e-01,5.474088191986083984e-01,8.430094718933105469e-01,1.931925117969512939e-01,1.596051156520843506e-01,4.142748117446899414e-01
4.356428980827331543e-01,7.047891616821289062e-01,6.153274178504943848e-01,0.000000000000000000e+00,3.679202124476432800e-02,3.324697315692901611e-01
1.000000000000000000e+00,1.000000000000000000e+00,4.068235456943511963e-01,0.000000000000000000e+00,0.000000000000000000e+00,0.000000000000000000e+00
