# CPU,RAM,NetworkR,NetworkW,DiskW,DiskR
4.391599297523498535e-01,4.407699704170227051e-01,1.000000000000000000e+00,5.937933921813964844e-01,5.965654850006103516e-01,5.978556871414184570e-01
4.011354446411132812e-01,4.795301556587219238e-01,1.000000000000000000e+00,5.657731294631958008e-01,5.961434245109558105e-01,5.898001790046691895e-01
4.052344560623168945e-01,5.296593904495239258e-01,1.000000000000000000e+00,5.399885773658752441e-01,5.893374085426330566e-01,5.877949595451354980e-01
4.030661582946777344e-01,4.922540783882141113e-01,1.000000000000000000e+00,5.375644564628601074e-01,5.700200200080871582e-01,5.830892324447631836e-01
4.023606777191162109e-01,4.998166263103485107e-01,1.000000000000000000e+00,4.755627214908599854e-01,3.895757496356964111e-01,5.269311070442199707e-01
4.413430094718933105e-01,4.888065457344055176e-01,9.678918123245239258e-01,3.338329493999481201e-01,3.170832991600036621e-01,4.889873564243316650e-01
5.323614478111267090e-01,1.000000000000000000e+00,6.722384691238403320e-01,1.967321932315826416e-01,1.202693283557891846e-01,5.156387090682983398e-01
1.000000000000000000e+00,1.000000000000000000e+00,4.977242350578308105e-01,0.000000000000000000e+00,0.000000000000000000e+00,4.742692038416862488e-02
4.069192111492156982e-01,4.014846682548522949e-01,4.623441100120544434e-01,0.000000000000000000e+00,0.000000000000000000e+00,0.000000000000000000e+00
5.477322340011596680e-01,4.062867164611816406e-01,4.067652523517608643e-01,0.000000000000000000e+00,0.000000000000000000e+00,0.000000000000000000e+00
