# CPU,RAM,NetworkR,NetworkW,DiskW,DiskR
4.390461146831512451e-01,4.405561685562133789e-01,1.000000000000000000e+00,5.937919020652770996e-01,5.965703129768371582e-01,5.978522896766662598e-01
4.001093804836273193e-01,9.466869831085205078e-01,1.000000000000000000e+00,5.424917936325073242e-01,5.628983974456787109e-01,1.795551031827926636e-01
4.002701938152313232e-01,9.805984497070312500e-01,1.000000000000000000e+00,4.884059131145477295e-01,4.620109498500823975e-01,2.220793068408966064e-01
4.001236259937286377e-01,8.701731562614440918e-01,1.000000000000000000e+00,4.730337560176849365e-01,3.031876385211944580e-01,1.898778975009918213e-01
4.001193344593048096e-01,9.001463055610656738e-01,9.922590255737304688e-01,4.210196137428283691e-01,1.583252996206283569e-01,6.474313884973526001e-02
4.005615115165710449e-01,7.746653556823730469e-01,7.787424325942993164e-01,3.026750981807708740e-01,5.011300090700387955e-04,0.000000000000000000e+00
4.008551836013793945e-01,8.088869452476501465e-01,6.487929224967956543e-01,1.787482202053070068e-01,0.000000000000000000e+00,0.000000000000000000e+00
4.091224372386932373e-01,6.758841276168823242e-01,6.881443262100219727e-01,1.056348010897636414e-01,6.252709776163101196e-02,2.765747606754302979e-01
7.458115816116333008e-01,1.000000000000000000e+00,6.417645215988159180e-01,0.000000000000000000e+00,2.791911065578460693e-01,5.051682591438293457e-01
1.000000000000000000e+00,1.000000000000000000e+00,4.080213606357574463e-01,0.000000000000000000e+00,0.000000000000000000e+00,0.000000000000000000e+00
