# CPU,RAM,NetworkR,NetworkW,DiskW,DiskR
4.390167295932769775e-01,4.405685663223266602e-01,1.000000000000000000e+00,5.937927961349487305e-01,5.965701937675476074e-01,5.978527069091796875e-01
4.002754688262939453e-01,6.294310092926025391e-01,1.000000000000000000e+00,5.591676235198974609e-01,5.913765430450439453e-01,5.406876802444458008e-01
4.005293846130371094e-01,7.755414843559265137e-01,1.000000000000000000e+00,5.203303694725036621e-01,5.526442527770996094e-01,5.315245985984802246e-01
4.002876281738281250e-01,6.787968277931213379e-01,1.000000000000000000e+00,5.070130825042724609e-01,4.161041975021362305e-01,4.959687292575836182e-01
4.001661241054534912e-01,6.210259199142456055e-01,1.000000000000000000e+00,4.671908020973205566e-01,1.894260942935943604e-01,3.364854156970977783e-01
4.017663896083831787e-01,6.036186814308166504e-01,9.025064110755920410e-01,3.360426127910614014e-01,1.069277226924896240e-01,3.185411095619201660e-01
4.017911553382873535e-01,6.174038648605346680e-01,8.188821077346801758e-01,2.599474489688873291e-01,1.020417585968971252e-01,3.372268080711364746e-01
4.054733812808990479e-01,5.638687610626220703e-01,8.174328207969665527e-01,1.805666387081146240e-01,1.983218044042587280e-01,4.321537017822265625e-01
5.205797553062438965e-01,8.642450571060180664e-01,6.168845295906066895e-01,0.000000000000000000e+00,1.445366442203521729e-01,4.335201978683471680e-01
1.000000000000000000e+00,1.000000000000000000e+00,4.056679010391235352e-01,0.000000000000000000e+00,0.000000000000000000e+00,0.000000000000000000e+00
