# CPU,RAM,NetworkR,NetworkW,DiskW,DiskR
4.390918612480163574e-01,4.403631389141082764e-01,1.000000000000000000e+00,5.937857627868652344e-01,5.965734720230102539e-01,5.978477597236633301e-01
4.003784954547882080e-01,5.327801108360290527e-01,1.000000000000000000e+00,5.644538998603820801e-01,5.941435098648071289e-01,5.724160671234130859e-01
4.008777439594268799e-01,6.774904727935791016e-01,1.000000000000000000e+00,5.292766690254211426e-01,5.714507699012756348e-01,5.648788809776306152e-01
4.008221328258514404e-01,5.971069335937500000e-01,1.000000000000000000e+00,5.140398740768432617e-01,4.889789521694183350e-01,5.472882986068725586e-01
4.003619551658630371e-01,5.709778070449829102e-01,1.000000000000000000e+00,4.723376333713531494e-01,2.447527945041656494e-01,4.411450326442718506e-01
4.040467739105224609e-01,5.887871980667114258e-01,9.395815134048461914e-01,3.482698500156402588e-01,2.197176665067672729e-01,4.333539009094238281e-01
4.028032720088958740e-01,5.128839015960693359e-01,9.582666158676147461e-01,3.157496154308319092e-01,2.292335331439971924e-01,4.527374207973480225e-01
4.057662189006805420e-01,6.115681529045104980e-01,7.764782309532165527e-01,1.488350927829742432e-01,1.527432054281234741e-01,4.131143391132354736e-01
5.223441720008850098e-01,1.000000000000000000e+00,5.699614882469177246e-01,0.000000000000000000e+00,3.072098083794116974e-02,3.737797439098358154e-01
1.000000000000000000e+00,1.000000000000000000e+00,4.050813317298889160e-01,0.000000000000000000e+00,0.000000000000000000e+00,0.000000000000000000e+00
