# CPU,RAM,NetworkR,NetworkW,DiskW,DiskR
4.390574693679809570e-01,4.403487145900726318e-01,1.000000000000000000e+00,5.937877297401428223e-01,5.965746045112609863e-01,5.978481769561767578e-01
4.007700681686401367e-01,4.592896699905395508e-01,1.000000000000000000e+00,5.695985555648803711e-01,5.960960984230041504e-01,5.892319679260253906e-01
4.018978476524353027e-01,4.850181639194488525e-01,1.000000000000000000e+00,5.523568391799926758e-01,5.897446870803833008e-01,5.881068706512451172e-01
4.016031920909881592e-01,5.609117746353149414e-01,1.000000000000000000e+00,5.164774656295776367e-01,5.323906540870666504e-01,5.654577612876892090e-01
4.007988274097442627e-01,5.224549174308776855e-01,1.000000000000000000e+00,4.662345349788665771e-01,2.594358026981353760e-01,4.710676372051239014e-01
4.088491201400756836e-01,6.029422879219055176e-01,8.591776490211486816e-01,2.981170117855072021e-01,1.965782940387725830e-01,4.222640097141265869e-01
4.050698280334472656e-01,5.197169184684753418e-01,8.791990280151367188e-01,2.624278068542480469e-01,2.008411586284637451e-01,4.344421029090881348e-01
4.042239487171173096e-01,5.433304905891418457e-01,8.261287212371826172e-01,1.619361042976379395e-01,1.994997560977935791e-01,4.447515010833740234e-01
4.722257852554321289e-01,6.436244249343872070e-01,6.765630245208740234e-01,0.000000000000000000e+00,2.110663950443267822e-01,4.604335129261016846e-01
1.000000000000000000e+00,1.000000000000000000e+00,4.050357937812805176e-01,0.000000000000000000e+00,0.000000000000000000e+00,0.000000000000000000e+00
