# CPU,RAM,NetworkR,NetworkW,DiskW,DiskR
4.391020834445953369e-01,4.406993091106414795e-01,1.000000000000000000e+00,5.937930345535278320e-01,5.965670347213745117e-01,5.978545546531677246e-01
4.012870192527770996e-01,4.245232343673706055e-01,1.000000000000000000e+00,5.752015709877014160e-01,5.968672037124633789e-01,5.931158065795898438e-01
4.028922319412231445e-01,4.853997528553009033e-01,1.000000000000000000e+00,5.458674430847167969e-01,5.888407230377197266e-01,5.869494080543518066e-01
4.024631381034851074e-01,4.878829121589660645e-01,1.000000000000000000e+00,5.322337746620178223e-01,5.567658543586730957e-01,5.773699879646301270e-01
4.024712145328521729e-01,4.839417040348052979e-01,1.000000000000000000e+00,4.647379219532012939e-01,3.224332630634307861e-01,5.065643191337585449e-01
4.346627295017242432e-01,5.839894413948059082e-01,8.391841053962707520e-01,2.835339009761810303e-01,2.724944055080413818e-01,4.626763164997100830e-01
4.629574418067932129e-01,6.537401080131530762e-01,7.055829167366027832e-01,1.584268063306808472e-01,1.870274245738983154e-01,4.306426942348480225e-01
4.818011224269866943e-01,7.179778814315795898e-01,6.160960793495178223e-01,2.663663960993289948e-02,1.154201999306678772e-01,4.042832553386688232e-01
4.527379274368286133e-01,4.496476352214813232e-01,6.736038327217102051e-01,0.000000000000000000e+00,1.399766653776168823e-01,4.020312130451202393e-01
1.000000000000000000e+00,1.000000000000000000e+00,4.028374552726745605e-01,0.000000000000000000e+00,0.000000000000000000e+00,0.000000000000000000e+00
