# CPU,RAM,NetworkR,NetworkW,DiskW,DiskR
4.389645159244537354e-01,4.403024017810821533e-01,1.000000000000000000e+00,5.937864780426025391e-01,5.965747833251953125e-01,5.978469848632812500e-01
4.008092284202575684e-01,5.115232467651367188e-01,1.000000000000000000e+00,5.641089677810668945e-01,5.955489277839660645e-01,5.867357254028320312e-01
4.020167887210845947e-01,5.113531947135925293e-01,1.000000000000000000e+00,5.489023923873901367e-01,5.884793996810913086e-01,5.873436927795410156e-01
4.015069603919982910e-01,5.749506354331970215e-01,1.000000000000000000e+00,5.179586410522460938e-01,5.337731242179870605e-01,5.665366053581237793e-01
4.005934596061706543e-01,5.202337503433227539e-01,1.000000000000000000e+00,4.802833497524261475e-01,2.865051031112670898e-01,4.844176471233367920e-01
4.060836434364318848e-01,6.068904995918273926e-01,9.150146842002868652e-01,3.301674425601959229e-01,2.484855353832244873e-01,4.531528949737548828e-01
4.053214192390441895e-01,5.128226876258850098e-01,9.385911822319030762e-01,2.920148074626922607e-01,2.531217038631439209e-01,4.662452042102813721e-01
4.039035141468048096e-01,5.609287023544311523e-01,8.289689421653747559e-01,1.668754667043685913e-01,1.862623542547225952e-01,4.375642240047454834e-01
4.535336196422576904e-01,6.567010283470153809e-01,6.471886634826660156e-01,0.000000000000000000e+00,1.239491999149322510e-01,4.068433344364166260e-01
1.000000000000000000e+00,1.000000000000000000e+00,4.054056107997894287e-01,0.000000000000000000e+00,0.000000000000000000e+00,0.000000000000000000e+00
