# CPU,RAM,NetworkR,NetworkW,DiskW,DiskR
4.390647709369659424e-01,4.408507049083709717e-01,1.000000000000000000e+00,5.937950611114501953e-01,5.965633392333984375e-01,5.978570580482482910e-01
4.011476337909698486e-01,4.807100892066955566e-01,1.000000000000000000e+00,5.655517578125000000e-01,5.961098074913024902e-01,5.896956920623779297e-01
4.129292666912078857e-01,5.549401044845581055e-01,1.000000000000000000e+00,5.326318740844726562e-01,5.906599164009094238e-01,5.882636308670043945e-01
4.441984891891479492e-01,9.078474044799804688e-01,1.000000000000000000e+00,4.604758024215698242e-01,5.343698263168334961e-01,5.660248994827270508e-01
4.865466058254241943e-01,8.635097742080688477e-01,9.349107146263122559e-01,4.023223221302032471e-01,4.552521407604217529e-01,5.409963130950927734e-01
4.418741464614868164e-01,8.937281966209411621e-01,7.987062335014343262e-01,3.180317580699920654e-01,2.851737439632415771e-01,4.864431917667388916e-01
4.019528031349182129e-01,1.000000000000000000e+00,7.532927989959716797e-01,3.444715440273284912e-01,0.000000000000000000e+00,4.834684133529663086e-01
1.000000000000000000e+00,1.000000000000000000e+00,5.971264243125915527e-01,1.413882970809936523e-01,0.000000000000000000e+00,1.715152561664581299e-01
4.044900238513946533e-01,4.047221541404724121e-01,5.247374773025512695e-01,0.000000000000000000e+00,0.000000000000000000e+00,0.000000000000000000e+00
4.895773828029632568e-01,4.106210768222808838e-01,4.073051512241363525e-01,0.000000000000000000e+00,0.000000000000000000e+00,0.000000000000000000e+00
