# CPU,RAM,NetworkR,NetworkW,DiskW,DiskR
4.391974508762359619e-01,4.408332407474517822e-01,1.000000000000000000e+00,5.937932133674621582e-01,5.965638160705566406e-01,5.978564620018005371e-01
4.004192054271697998e-01,8.393618464469909668e-01,1.000000000000000000e+00,5.538489818572998047e-01,5.902082920074462891e-01,5.545294284820556641e-01
4.053311944007873535e-01,4.436584115028381348e-01,1.000000000000000000e+00,5.589751005172729492e-01,5.926446914672851562e-01,5.900609493255615234e-01
4.014472663402557373e-01,4.966368377208709717e-01,1.000000000000000000e+00,5.370322465896606445e-01,5.634373426437377930e-01,5.780688524246215820e-01
4.004585444927215576e-01,4.798240065574645996e-01,1.000000000000000000e+00,5.023306012153625488e-01,3.377353250980377197e-01,5.102756023406982422e-01
4.053226411342620850e-01,4.981362819671630859e-01,9.943835139274597168e-01,3.503695130348205566e-01,2.321854531764984131e-01,4.526995122432708740e-01
4.074199199676513672e-01,5.155919194221496582e-01,8.670638799667358398e-01,2.458939254283905029e-01,2.217990458011627197e-01,4.448165595531463623e-01
4.055156409740447998e-01,5.257297158241271973e-01,8.188086152076721191e-01,1.507152020931243896e-01,2.035258114337921143e-01,4.441998898983001709e-01
4.346015453338623047e-01,5.548975467681884766e-01,6.718851923942565918e-01,0.000000000000000000e+00,1.273533552885055542e-01,4.033696055412292480e-01
1.000000000000000000e+00,1.000000000000000000e+00,4.060358405113220215e-01,0.000000000000000000e+00,0.000000000000000000e+00,0.000000000000000000e+00
