# CPU,RAM,NetworkR,NetworkW,DiskW,DiskR
4.391779005527496338e-01,4.408014714717864990e-01,1.000000000000000000e+00,5.937929153442382812e-01,5.965645313262939453e-01,5.978559255599975586e-01
4.011093378067016602e-01,4.735475480556488037e-01,1.000000000000000000e+00,5.665476322174072266e-01,5.962060689926147461e-01,5.900326967239379883e-01
4.026140570640563965e-01,4.727223515510559082e-01,1.000000000000000000e+00,5.542191267013549805e-01,5.908155441284179688e-01,5.899853706359863281e-01
4.018846154212951660e-01,4.849020242691040039e-01,1.000000000000000000e+00,5.379897356033325195e-01,5.633735656738281250e-01,5.801431536674499512e-01
4.087871611118316650e-01,5.110714435577392578e-01,1.000000000000000000e+00,4.385325610637664795e-01,3.854719102382659912e-01,5.179731845855712891e-01
5.224713087081909180e-01,6.234565377235412598e-01,8.600722551345825195e-01,2.930252254009246826e-01,3.797551095485687256e-01,5.080391168594360352e-01
5.016162395477294922e-01,1.000000000000000000e+00,7.032438516616821289e-01,2.620830237865447998e-01,0.000000000000000000e+00,5.245919823646545410e-01
1.000000000000000000e+00,1.000000000000000000e+00,4.955075383186340332e-01,0.000000000000000000e+00,0.000000000000000000e+00,0.000000000000000000e+00
4.052156209945678711e-01,4.017590880393981934e-01,4.713173806667327881e-01,0.000000000000000000e+00,0.000000000000000000e+00,0.000000000000000000e+00
5.230015516281127930e-01,4.066969752311706543e-01,4.069802463054656982e-01,0.000000000000000000e+00,0.000000000000000000e+00,0.000000000000000000e+00
