# CPU,RAM,NetworkR,NetworkW,DiskW,DiskR
4.391092061996459961e-01,4.406210482120513916e-01,1.000000000000000000e+00,5.937919616699218750e-01,5.965688824653625488e-01,5.978531837463378906e-01
4.003642499446868896e-01,6.230674982070922852e-01,1.000000000000000000e+00,5.595635771751403809e-01,5.926160812377929688e-01,5.612708926200866699e-01
4.010835587978363037e-01,6.515275835990905762e-01,1.000000000000000000e+00,5.309625267982482910e-01,5.736244916915893555e-01,5.669792890548706055e-01
4.005242288112640381e-01,6.228843331336975098e-01,1.000000000000000000e+00,5.163343548774719238e-01,4.813661873340606689e-01,5.421689748764038086e-01
4.001881182193756104e-01,5.609033107757568359e-01,1.000000000000000000e+00,4.846785366535186768e-01,2.213725149631500244e-01,4.077987372875213623e-01
4.021939337253570557e-01,5.809116363525390625e-01,9.315092563629150391e-01,3.440011441707611084e-01,1.508594453334808350e-01,3.777703344821929932e-01
4.020510017871856689e-01,6.070165634155273438e-01,8.504044413566589355e-01,2.695986330509185791e-01,1.479001343250274658e-01,3.873305022716522217e-01
4.031392633914947510e-01,5.549299716949462891e-01,8.496181368827819824e-01,1.937184631824493408e-01,1.868882477283477783e-01,4.308739006519317627e-01
4.562546014785766602e-01,7.126767039299011230e-01,6.359677314758300781e-01,0.000000000000000000e+00,1.070392504334449768e-01,3.956247866153717041e-01
1.000000000000000000e+00,1.000000000000000000e+00,4.062793850898742676e-01,0.000000000000000000e+00,0.000000000000000000e+00,0.000000000000000000e+00
