# CPU,RAM,NetworkR,NetworkW,DiskW,DiskR
4.391576647758483887e-01,4.408031404018402100e-01,1.000000000000000000e+00,5.937930941581726074e-01,5.965644121170043945e-01,5.978559851646423340e-01
4.013371467590332031e-01,4.210070669651031494e-01,1.000000000000000000e+00,5.763195753097534180e-01,5.969346761703491211e-01,5.934641361236572266e-01
4.036779403686523438e-01,5.525563359260559082e-01,1.000000000000000000e+00,5.300446152687072754e-01,5.840297937393188477e-01,5.817925930023193359e-01
4.037255942821502686e-01,4.828179478645324707e-01,1.000000000000000000e+00,5.339289903640747070e-01,5.635157823562622070e-01,5.804511904716491699e-01
4.116358757019042969e-01,5.483083128929138184e-01,1.000000000000000000e+00,4.218969941139221191e-01,3.620193898677825928e-01,5.062782168388366699e-01
4.432736337184906006e-01,5.819156765937805176e-01,8.806197643280029297e-01,3.162109553813934326e-01,3.292191922664642334e-01,4.897620081901550293e-01
4.990266859531402588e-01,1.000000000000000000e+00,6.580387949943542480e-01,1.759777069091796875e-01,1.454748213291168213e-01,4.785291254520416260e-01
6.750522255897521973e-01,9.576096534729003906e-01,5.122808814048767090e-01,0.000000000000000000e+00,0.000000000000000000e+00,1.371451020240783691e-01
4.198053479194641113e-01,4.179764986038208008e-01,4.633714854717254639e-01,0.000000000000000000e+00,0.000000000000000000e+00,0.000000000000000000e+00
9.043025970458984375e-01,5.008669495582580566e-01,4.024479091167449951e-01,0.000000000000000000e+00,0.000000000000000000e+00,0.000000000000000000e+00
