# CPU,RAM,NetworkR,NetworkW,DiskW,DiskR
4.390850663185119629e-01,4.405504465103149414e-01,1.000000000000000000e+00,5.937899947166442871e-01,5.965698957443237305e-01,5.978515744209289551e-01
4.008908271789550781e-01,4.555474817752838135e-01,1.000000000000000000e+00,5.695219635963439941e-01,5.961769223213195801e-01,5.898724794387817383e-01
4.017935395240783691e-01,5.297578573226928711e-01,1.000000000000000000e+00,5.432469844818115234e-01,5.855667591094970703e-01,5.843300819396972656e-01
4.016780257225036621e-01,5.786454677581787109e-01,1.000000000000000000e+00,5.120474100112915039e-01,5.201768875122070312e-01,5.615243911743164062e-01
4.006553888320922852e-01,5.371912121772766113e-01,1.000000000000000000e+00,4.648672640323638916e-01,2.347889989614486694e-01,4.536404311656951904e-01
4.067462980747222900e-01,6.044300198554992676e-01,8.593485951423645020e-01,3.040141165256500244e-01,1.711309999227523804e-01,4.052920639514923096e-01
4.043793380260467529e-01,5.318886041641235352e-01,8.686241507530212402e-01,2.639048099517822266e-01,1.827083528041839600e-01,4.221594035625457764e-01
4.034353494644165039e-01,5.590623617172241211e-01,8.156410455703735352e-01,1.646583974361419678e-01,1.722272932529449463e-01,4.274178147315979004e-01
4.435951113700866699e-01,6.193642616271972656e-01,6.589822173118591309e-01,0.000000000000000000e+00,1.282086074352264404e-01,4.078058898448944092e-01
1.000000000000000000e+00,1.000000000000000000e+00,4.056514501571655273e-01,0.000000000000000000e+00,0.000000000000000000e+00,0.000000000000000000e+00
