# CPU,RAM,NetworkR,NetworkW,DiskW,DiskR
4.391088783740997314e-01,4.406584799289703369e-01,1.000000000000000000e+00,5.937938690185546875e-01,5.965685844421386719e-01,5.978543758392333984e-01
4.008557796478271484e-01,5.328381657600402832e-01,1.000000000000000000e+00,5.625467300415039062e-01,5.953928828239440918e-01,5.863329768180847168e-01
4.033874571323394775e-01,4.434202909469604492e-01,1.000000000000000000e+00,5.621777176856994629e-01,5.930906534194946289e-01,5.923230051994323730e-01
4.083073437213897705e-01,5.553207993507385254e-01,1.000000000000000000e+00,5.074927806854248047e-01,5.634427666664123535e-01,5.752834677696228027e-01
4.696195721626281738e-01,7.815639376640319824e-01,9.317902326583862305e-01,3.759185969829559326e-01,4.164171516895294189e-01,5.215624570846557617e-01
5.690211057662963867e-01,1.000000000000000000e+00,7.369402647018432617e-01,2.662025392055511475e-01,2.644523084163665771e-01,4.988070130348205566e-01
4.080658555030822754e-01,1.000000000000000000e+00,6.736166477203369141e-01,2.906921207904815674e-01,0.000000000000000000e+00,4.012012183666229248e-01
1.000000000000000000e+00,1.000000000000000000e+00,5.396881103515625000e-01,7.110010087490081787e-02,0.000000000000000000e+00,1.762697994709014893e-01
4.058524370193481445e-01,4.048721492290496826e-01,4.781279861927032471e-01,0.000000000000000000e+00,0.000000000000000000e+00,0.000000000000000000e+00
5.140331387519836426e-01,4.103203415870666504e-01,4.053322970867156982e-01,0.000000000000000000e+00,0.000000000000000000e+00,0.000000000000000000e+00
