# CPU,RAM,NetworkR,NetworkW,DiskW,DiskR
4.390424787998199463e-01,4.407590925693511963e-01,1.000000000000000000e+00,5.937949419021606445e-01,5.965657830238342285e-01,5.978558659553527832e-01
4.014290869235992432e-01,4.163875877857208252e-01,1.000000000000000000e+00,5.780197381973266602e-01,5.970214009284973145e-01,5.939337611198425293e-01
4.103451669216156006e-01,7.326401472091674805e-01,1.000000000000000000e+00,5.016338825225830078e-01,5.743858814239501953e-01,5.742887258529663086e-01
5.005584359169006348e-01,9.372273683547973633e-01,9.568595886230468750e-01,4.332671463489532471e-01,5.018156766891479492e-01,5.533440709114074707e-01
5.367702245712280273e-01,1.000000000000000000e+00,8.154436349868774414e-01,3.583346307277679443e-01,3.499822020530700684e-01,5.110603570938110352e-01
4.390622377395629883e-01,9.759620428085327148e-01,7.498193979263305664e-01,3.100410103797912598e-01,2.412872761487960815e-01,4.744762480258941650e-01
4.019102156162261963e-01,1.000000000000000000e+00,7.077012062072753906e-01,3.512419164180755615e-01,0.000000000000000000e+00,2.988375127315521240e-01
1.000000000000000000e+00,1.000000000000000000e+00,5.994644761085510254e-01,1.255487650632858276e-01,0.000000000000000000e+00,4.113526642322540283e-01
4.007889330387115479e-01,4.117878973484039307e-01,4.606426358222961426e-01,0.000000000000000000e+00,0.000000000000000000e+00,0.000000000000000000e+00
4.869092404842376709e-01,4.341386854648590088e-01,4.036715626716613770e-01,0.000000000000000000e+00,0.000000000000000000e+00,0.000000000000000000e+00
