# CPU,RAM,NetworkR,NetworkW,DiskW,DiskR
4.390137791633605957e-01,4.405718743801116943e-01,1.000000000000000000e+00,5.937939882278442383e-01,5.965704917907714844e-01,5.978531837463378906e-01
4.014652371406555176e-01,4.251709580421447754e-01,1.000000000000000000e+00,5.744935870170593262e-01,5.968843698501586914e-01,5.930901765823364258e-01
4.066478312015533447e-01,7.055081129074096680e-01,1.000000000000000000e+00,5.124245285987854004e-01,5.782678127288818359e-01,5.781893730163574219e-01
4.051198363304138184e-01,4.779555499553680420e-01,1.000000000000000000e+00,5.368557572364807129e-01,5.688151121139526367e-01,5.833832621574401855e-01
4.014962017536163330e-01,5.027653574943542480e-01,1.000000000000000000e+00,4.797629117965698242e-01,3.511614501476287842e-01,5.146440267562866211e-01
4.098774194717407227e-01,5.045999884605407715e-01,9.650820493698120117e-01,3.476409018039703369e-01,2.281467765569686890e-01,4.541825056076049805e-01
4.413629174232482910e-01,5.562748312950134277e-01,7.619407773017883301e-01,1.924415528774261475e-01,1.966443359851837158e-01,4.299573004245758057e-01
4.649215340614318848e-01,6.146318316459655762e-01,6.490247249603271484e-01,5.113963037729263306e-02,1.363516151905059814e-01,4.064817130565643311e-01
4.602216184139251709e-01,4.657429158687591553e-01,7.121292948722839355e-01,3.493100404739379883e-03,2.315531075000762939e-01,4.603889882564544678e-01
1.000000000000000000e+00,1.000000000000000000e+00,4.040212035179138184e-01,0.000000000000000000e+00,0.000000000000000000e+00,0.000000000000000000e+00
