# CPU,RAM,NetworkR,NetworkW,DiskW,DiskR
4.389262199401855469e-01,4.404094815254211426e-01,1.000000000000000000e+00,5.937905907630920410e-01,5.965732336044311523e-01,5.978497266769409180e-01
4.003712534904479980e-01,5.859097838401794434e-01,1.000000000000000000e+00,5.611943006515502930e-01,5.932037830352783203e-01,5.655696988105773926e-01
4.011332690715789795e-01,5.690282583236694336e-01,1.000000000000000000e+00,5.406448841094970703e-01,5.811851620674133301e-01,5.751419663429260254e-01
4.004587233066558838e-01,5.922823548316955566e-01,1.000000000000000000e+00,5.214852690696716309e-01,4.904645979404449463e-01,5.458388924598693848e-01
4.002617895603179932e-01,5.378400683403015137e-01,1.000000000000000000e+00,4.814549982547760010e-01,2.313861548900604248e-01,4.311380088329315186e-01
4.035105407238006592e-01,5.480069518089294434e-01,9.428917169570922852e-01,3.419924974441528320e-01,1.850900053977966309e-01,4.115508496761322021e-01
4.029154181480407715e-01,5.370684862136840820e-01,9.041953086853027344e-01,2.867490053176879883e-01,2.155810445547103882e-01,4.399544298648834229e-01
4.052481949329376221e-01,5.628491044044494629e-01,8.250466585159301758e-01,1.698674261569976807e-01,2.072218954563140869e-01,4.462958872318267822e-01
4.923232197761535645e-01,8.002678751945495605e-01,6.092886328697204590e-01,0.000000000000000000e+00,1.029091179370880127e-01,4.056260883808135986e-01
1.000000000000000000e+00,1.000000000000000000e+00,4.050936400890350342e-01,0.000000000000000000e+00,0.000000000000000000e+00,0.000000000000000000e+00
