# CPU,RAM,NetworkR,NetworkW,DiskW,DiskR
4.390863776206970215e-01,4.405343234539031982e-01,1.000000000000000000e+00,5.937926173210144043e-01,5.965715050697326660e-01,5.978524088859558105e-01
4.004935622215270996e-01,5.997608304023742676e-01,1.000000000000000000e+00,5.602556467056274414e-01,5.937255620956420898e-01,5.743488669395446777e-01
4.022395610809326172e-01,5.236548781394958496e-01,1.000000000000000000e+00,5.447726249694824219e-01,5.867422819137573242e-01,5.837602019309997559e-01
4.010495245456695557e-01,5.758401751518249512e-01,1.000000000000000000e+00,5.208283662796020508e-01,5.269421339035034180e-01,5.632503628730773926e-01
4.003232717514038086e-01,5.246740579605102539e-01,1.000000000000000000e+00,4.873017966747283936e-01,2.592048048973083496e-01,4.613673985004425049e-01
4.038530886173248291e-01,5.689542889595031738e-01,9.308857321739196777e-01,3.360202014446258545e-01,1.965785026550292969e-01,4.214181602001190186e-01
4.033200442790985107e-01,5.606554746627807617e-01,8.817046880722045898e-01,2.723419964313507080e-01,2.008146941661834717e-01,4.315701127052307129e-01
4.030182659626007080e-01,5.470086932182312012e-01,8.520327806472778320e-01,1.835715472698211670e-01,1.862611025571823120e-01,4.348776638507843018e-01
4.394104182720184326e-01,6.403005123138427734e-01,6.477243900299072266e-01,0.000000000000000000e+00,9.351660311222076416e-02,3.812626898288726807e-01
1.000000000000000000e+00,1.000000000000000000e+00,4.061147868633270264e-01,0.000000000000000000e+00,0.000000000000000000e+00,0.000000000000000000e+00
