# CPU,RAM,NetworkR,NetworkW,DiskW,DiskR
4.390552639961242676e-01,4.406770467758178711e-01,1.000000000000000000e+00,5.937874317169189453e-01,5.965650081634521484e-01,5.978519916534423828e-01
4.009236395359039307e-01,4.263288080692291260e-01,1.000000000000000000e+00,5.757011175155639648e-01,5.966560244560241699e-01,5.924217700958251953e-01
4.015462994575500488e-01,5.557110309600830078e-01,1.000000000000000000e+00,5.361899137496948242e-01,5.815008282661437988e-01,5.797120928764343262e-01
4.022535681724548340e-01,5.757775902748107910e-01,1.000000000000000000e+00,5.061732530593872070e-01,5.121127367019653320e-01,5.582091808319091797e-01
4.011743366718292236e-01,5.391234159469604492e-01,1.000000000000000000e+00,4.526748359203338623e-01,2.410093247890472412e-01,4.598268568515777588e-01
4.099265336990356445e-01,6.438536643981933594e-01,8.337904214859008789e-01,2.976928949356079102e-01,1.949522197246551514e-01,4.218309223651885986e-01
4.075202047824859619e-01,4.927596747875213623e-01,9.097013473510742188e-01,2.824982106685638428e-01,2.245047539472579956e-01,4.516955912113189697e-01
4.063010811805725098e-01,5.759250521659851074e-01,7.805378437042236328e-01,1.484763473272323608e-01,1.878249049186706543e-01,4.394479990005493164e-01
4.746948182582855225e-01,6.575223207473754883e-01,6.514227986335754395e-01,0.000000000000000000e+00,1.736214011907577515e-01,4.421254098415374756e-01
1.000000000000000000e+00,1.000000000000000000e+00,4.049260914325714111e-01,0.000000000000000000e+00,0.000000000000000000e+00,0.000000000000000000e+00
