# CPU,RAM,NetworkR,NetworkW,DiskW,DiskR
4.395383298397064209e-01,4.406769871711730957e-01,1.000000000000000000e+00,5.937643051147460938e-01,5.965580940246582031e-01,5.978444814682006836e-01
4.002859890460968018e-01,5.381782054901123047e-01,1.000000000000000000e+00,5.640455484390258789e-01,5.929787755012512207e-01,5.572230815887451172e-01
4.004621207714080811e-01,6.974827051162719727e-01,1.000000000000000000e+00,5.270633101463317871e-01,5.598677396774291992e-01,5.402958989143371582e-01
4.003017842769622803e-01,6.319279074668884277e-01,1.000000000000000000e+00,5.082908868789672852e-01,4.101048409938812256e-01,4.958769381046295166e-01
4.004434049129486084e-01,6.508812904357910156e-01,1.000000000000000000e+00,4.390373528003692627e-01,2.084720432758331299e-01,3.889867961406707764e-01
4.024208486080169678e-01,5.768183469772338867e-01,9.483332633972167969e-01,3.547405302524566650e-01,1.754734218120574951e-01,3.998515903949737549e-01
4.018356502056121826e-01,5.097038149833679199e-01,9.751732945442199707e-01,3.280040919780731201e-01,2.252621054649353027e-01,4.496688544750213623e-01
4.108244478702545166e-01,6.354042887687683105e-01,7.445553541183471680e-01,1.272477954626083374e-01,1.532727181911468506e-01,4.122048020362854004e-01
9.276044368743896484e-01,1.000000000000000000e+00,5.058301687240600586e-01,0.000000000000000000e+00,0.000000000000000000e+00,2.552079856395721436e-01
1.000000000000000000e+00,1.000000000000000000e+00,4.052181541919708252e-01,0.000000000000000000e+00,0.000000000000000000e+00,0.000000000000000000e+00
