# CPU,RAM,NetworkR,NetworkW,DiskW,DiskR
4.389765560626983643e-01,4.406773746013641357e-01,1.000000000000000000e+00,5.937935113906860352e-01,5.965670943260192871e-01,5.978541970252990723e-01
4.011411070823669434e-01,4.476351141929626465e-01,1.000000000000000000e+00,5.700448751449584961e-01,5.964816808700561523e-01,5.912742018699645996e-01
4.023147523403167725e-01,4.695236086845397949e-01,1.000000000000000000e+00,5.542219877243041992e-01,5.905332565307617188e-01,5.895098447799682617e-01
4.021267592906951904e-01,5.181143879890441895e-01,1.000000000000000000e+00,5.245670080184936523e-01,5.496733784675598145e-01,5.732141733169555664e-01
4.011480808258056641e-01,5.054562687873840332e-01,1.000000000000000000e+00,4.662426114082336426e-01,2.799964249134063721e-01,4.858694076538085938e-01
4.149652421474456787e-01,5.811792612075805664e-01,8.484821915626525879e-01,2.873331606388092041e-01,2.086275070905685425e-01,4.306066334247589111e-01
4.148873686790466309e-01,5.335828065872192383e-01,7.960424423217773438e-01,2.098383754491806030e-01,1.781843751668930054e-01,4.175636470317840576e-01
4.072090685367584229e-01,5.232818722724914551e-01,7.789903879165649414e-01,1.331917941570281982e-01,1.825138628482818604e-01,4.320200383663177490e-01
4.330453276634216309e-01,5.340027809143066406e-01,6.699921488761901855e-01,0.000000000000000000e+00,1.252706050872802734e-01,4.050948023796081543e-01
1.000000000000000000e+00,1.000000000000000000e+00,4.050863385200500488e-01,0.000000000000000000e+00,0.000000000000000000e+00,0.000000000000000000e+00
