# CPU,RAM,NetworkR,NetworkW,DiskW,DiskR
4.391652941703796387e-01,4.406114220619201660e-01,1.000000000000000000e+00,5.937929153442382812e-01,5.965698957443237305e-01,5.978536009788513184e-01
4.001992046833038330e-01,8.002346158027648926e-01,1.000000000000000000e+00,5.520759820938110352e-01,5.848948955535888672e-01,4.591805636882781982e-01
4.018897116184234619e-01,6.070227622985839844e-01,1.000000000000000000e+00,5.259597897529602051e-01,5.740457177162170410e-01,5.529897809028625488e-01
4.007099866867065430e-01,6.194777488708496094e-01,1.000000000000000000e+00,5.129039883613586426e-01,4.905133545398712158e-01,5.400098562240600586e-01
4.002475440502166748e-01,5.767480134963989258e-01,1.000000000000000000e+00,4.809966087341308594e-01,2.359720170497894287e-01,4.145052134990692139e-01
4.028956890106201172e-01,6.107041835784912109e-01,9.130581617355346680e-01,3.449863493442535400e-01,1.661472767591476440e-01,3.865843117237091064e-01
4.021032750606536865e-01,6.131429672241210938e-01,8.460386395454406738e-01,2.806805074214935303e-01,1.372666954994201660e-01,3.769324123859405518e-01
4.030220508575439453e-01,5.734949111938476562e-01,8.150377869606018066e-01,1.909362375736236572e-01,1.359089016914367676e-01,3.928624093532562256e-01
4.481564462184906006e-01,8.057692050933837891e-01,5.913592576980590820e-01,0.000000000000000000e+00,1.293733995407819748e-02,3.166361153125762939e-01
1.000000000000000000e+00,1.000000000000000000e+00,4.071962833404541016e-01,0.000000000000000000e+00,0.000000000000000000e+00,0.000000000000000000e+00
