# CPU,RAM,NetworkR,NetworkW,DiskW,DiskR
4.391393065452575684e-01,4.408072531223297119e-01,1.000000000000000000e+00,5.937939882278442383e-01,5.965645909309387207e-01,5.978562831878662109e-01
4.011181592941284180e-01,4.823832809925079346e-01,1.000000000000000000e+00,5.655260086059570312e-01,5.960989594459533691e-01,5.896188020706176758e-01
4.031694233417510986e-01,4.878724217414855957e-01,1.000000000000000000e+00,5.500684976577758789e-01,5.902826786041259766e-01,5.892868638038635254e-01
4.020333588123321533e-01,4.891663789749145508e-01,1.000000000000000000e+00,5.376284718513488770e-01,5.640966892242431641e-01,5.805753469467163086e-01
4.008318185806274414e-01,4.943744838237762451e-01,1.000000000000000000e+00,4.824169576168060303e-01,3.139773905277252197e-01,5.021557807922363281e-01
4.086294174194335938e-01,5.138199925422668457e-01,9.330044388771057129e-01,3.219071030616760254e-01,2.043750584125518799e-01,4.366946518421173096e-01
4.142213463783264160e-01,5.218070149421691895e-01,7.993579506874084473e-01,2.045113146305084229e-01,1.731981933116912842e-01,4.145959019660949707e-01
4.118365943431854248e-01,5.300990343093872070e-01,7.550940513610839844e-01,1.100611016154289246e-01,1.905999481678009033e-01,4.340399205684661865e-01
4.422791004180908203e-01,5.239358544349670410e-01,6.697719097137451172e-01,0.000000000000000000e+00,1.480380743741989136e-01,4.182477891445159912e-01
1.000000000000000000e+00,1.000000000000000000e+00,4.048628807067871094e-01,0.000000000000000000e+00,0.000000000000000000e+00,0.000000000000000000e+00
