# CPU,RAM,NetworkR,NetworkW,DiskW,DiskR
4.391021728515625000e-01,4.407668411731719971e-01,1.000000000000000000e+00,5.937937498092651367e-01,5.965654253959655762e-01,5.978556275367736816e-01
4.005931913852691650e-01,6.267863512039184570e-01,1.000000000000000000e+00,5.591695308685302734e-01,5.939261913299560547e-01,5.779316425323486328e-01
4.027850031852722168e-01,4.510519802570343018e-01,1.000000000000000000e+00,5.605556964874267578e-01,5.921034812927246094e-01,5.907838344573974609e-01
4.010606408119201660e-01,4.918795824050903320e-01,1.000000000000000000e+00,5.390375852584838867e-01,5.576978921890258789e-01,5.769556760787963867e-01
4.004608690738677979e-01,4.746868014335632324e-01,1.000000000000000000e+00,4.971980154514312744e-01,3.069817125797271729e-01,5.009778141975402832e-01
4.069987535476684570e-01,4.988254904747009277e-01,9.578001499176025391e-01,3.288491964340209961e-01,2.191774547100067139e-01,4.442475140094757080e-01
4.075845777988433838e-01,5.213367938995361328e-01,8.366431593894958496e-01,2.256546020507812500e-01,2.012476027011871338e-01,4.318696558475494385e-01
4.045441746711730957e-01,5.325783491134643555e-01,7.994616031646728516e-01,1.354838460683822632e-01,1.758377999067306519e-01,4.271927177906036377e-01
4.262608885765075684e-01,5.505613088607788086e-01,6.579445600509643555e-01,0.000000000000000000e+00,8.500120043754577637e-02,3.672448992729187012e-01
1.000000000000000000e+00,1.000000000000000000e+00,4.054999053478240967e-01,0.000000000000000000e+00,0.000000000000000000e+00,0.000000000000000000e+00
