# CPU,RAM,NetworkR,NetworkW,DiskW,DiskR
4.391484856605529785e-01,4.407151341438293457e-01,1.000000000000000000e+00,5.937931537628173828e-01,5.965669155120849609e-01,5.978549122810363770e-01
4.013151526451110840e-01,4.264500737190246582e-01,1.000000000000000000e+00,5.745133161544799805e-01,5.968484282493591309e-01,5.929775238037109375e-01
4.076411128044128418e-01,6.020501852035522461e-01,1.000000000000000000e+00,5.217961072921752930e-01,5.849145054817199707e-01,5.824847221374511719e-01
4.288478791713714600e-01,6.689803600311279297e-01,1.000000000000000000e+00,4.868435561656951904e-01,5.556771159172058105e-01,5.728303790092468262e-01
4.477817714214324951e-01,8.253952264785766602e-01,9.233394861221313477e-01,3.930405080318450928e-01,4.097707569599151611e-01,5.237506628036499023e-01
5.200746059417724609e-01,9.738334417343139648e-01,7.884305715560913086e-01,3.066817224025726318e-01,3.354066908359527588e-01,5.076866149902343750e-01
4.118601381778717041e-01,1.000000000000000000e+00,7.002686262130737305e-01,3.169982135295867920e-01,0.000000000000000000e+00,4.577504098415374756e-01
1.000000000000000000e+00,1.000000000000000000e+00,5.735966563224792480e-01,1.518352031707763672e-01,0.000000000000000000e+00,2.792325317859649658e-01
4.063941240310668945e-01,4.056014716625213623e-01,4.799479246139526367e-01,0.000000000000000000e+00,0.000000000000000000e+00,0.000000000000000000e+00
4.994002878665924072e-01,4.085602462291717529e-01,4.062828421592712402e-01,0.000000000000000000e+00,0.000000000000000000e+00,0.000000000000000000e+00
