# CPU,RAM,NetworkR,NetworkW,DiskW,DiskR
4.389322996139526367e-01,4.406999349594116211e-01,1.000000000000000000e+00,5.937955975532531738e-01,5.965670943260192871e-01,5.978550910949707031e-01
4.012497663497924805e-01,4.546786844730377197e-01,1.000000000000000000e+00,5.685054659843444824e-01,5.964344143867492676e-01,5.910445451736450195e-01
4.098715782165527344e-01,6.603258848190307617e-01,1.000000000000000000e+00,5.200660824775695801e-01,5.849933028221130371e-01,5.837031006813049316e-01
4.504799842834472656e-01,8.394692540168762207e-01,1.000000000000000000e+00,4.647482037544250488e-01,5.394058227539062500e-01,5.671218633651733398e-01
4.797675311565399170e-01,9.396945238113403320e-01,8.852395415306091309e-01,3.850169479846954346e-01,4.090818464756011963e-01,5.272787809371948242e-01
4.620454907417297363e-01,9.495649933815002441e-01,7.972884774208068848e-01,3.226025104522705078e-01,3.224276006221771240e-01,5.028712749481201172e-01
4.018802642822265625e-01,1.000000000000000000e+00,7.704010605812072754e-01,3.650673031806945801e-01,0.000000000000000000e+00,4.950570166110992432e-01
1.000000000000000000e+00,1.000000000000000000e+00,6.197436451911926270e-01,2.030386030673980713e-01,0.000000000000000000e+00,3.670797049999237061e-01
4.027583301067352295e-01,4.093925356864929199e-01,4.815211892127990723e-01,0.000000000000000000e+00,0.000000000000000000e+00,0.000000000000000000e+00
4.996844232082366943e-01,4.205039143562316895e-01,4.041824638843536377e-01,0.000000000000000000e+00,0.000000000000000000e+00,0.000000000000000000e+00
