# CPU,RAM,NetworkR,NetworkW,DiskW,DiskR
4.391099810600280762e-01,4.408115148544311523e-01,1.000000000000000000e+00,5.937941074371337891e-01,5.965642929077148438e-01,5.978562831878662109e-01
4.004018604755401611e-01,7.536371350288391113e-01,1.000000000000000000e+00,5.552093982696533203e-01,5.909156203269958496e-01,5.556072592735290527e-01
4.034799039363861084e-01,4.622025787830352783e-01,1.000000000000000000e+00,5.545046925544738770e-01,5.906362533569335938e-01,5.873528718948364258e-01
4.010024964809417725e-01,5.209518671035766602e-01,1.000000000000000000e+00,5.324420928955078125e-01,5.480653047561645508e-01,5.713087320327758789e-01
4.003345668315887451e-01,4.896038472652435303e-01,1.000000000000000000e+00,4.991974532604217529e-01,2.929570972919464111e-01,4.866872131824493408e-01
4.043461978435516357e-01,5.163658857345581055e-01,9.644387960433959961e-01,3.424504101276397705e-01,2.047379463911056519e-01,4.325681626796722412e-01
4.047423303127288818e-01,5.551085472106933594e-01,8.396458625793457031e-01,2.423236072063446045e-01,1.846863329410552979e-01,4.200968146324157715e-01
4.028105437755584717e-01,5.331483483314514160e-01,8.357046842575073242e-01,1.700842082500457764e-01,1.689814627170562744e-01,4.216012954711914062e-01
4.231990277767181396e-01,5.838981270790100098e-01,6.536308526992797852e-01,0.000000000000000000e+00,6.364721804857254028e-02,3.485774099826812744e-01
1.000000000000000000e+00,1.000000000000000000e+00,4.066684246063232422e-01,0.000000000000000000e+00,0.000000000000000000e+00,0.000000000000000000e+00
