# CPU,RAM,NetworkR,NetworkW,DiskW,DiskR
4.389749467372894287e-01,4.406889081001281738e-01,1.000000000000000000e+00,5.937950015068054199e-01,5.965673923492431641e-01,5.978549122810363770e-01
4.008493125438690186e-01,5.595334172248840332e-01,1.000000000000000000e+00,5.611629486083984375e-01,5.951535105705261230e-01,5.854311585426330566e-01
4.030158519744873047e-01,4.628023505210876465e-01,1.000000000000000000e+00,5.573775768280029297e-01,5.917730927467346191e-01,5.909286737442016602e-01
4.016510844230651855e-01,5.007610321044921875e-01,1.000000000000000000e+00,5.350199937820434570e-01,5.610691308975219727e-01,5.784454345703125000e-01
4.006025791168212891e-01,4.938075244426727295e-01,1.000000000000000000e+00,4.878064095973968506e-01,3.103251159191131592e-01,4.996447265148162842e-01
4.068352580070495605e-01,5.209088325500488281e-01,9.388517141342163086e-01,3.239253461360931396e-01,2.055021226406097412e-01,4.354800283908843994e-01
4.088722765445709229e-01,5.273540019989013672e-01,8.251253962516784668e-01,2.203090041875839233e-01,1.828870475292205811e-01,4.206151068210601807e-01
4.062726795673370361e-01,5.279791355133056641e-01,7.946273684501647949e-01,1.336812078952789307e-01,1.903600990772247314e-01,4.354042112827301025e-01
4.410278499126434326e-01,5.515544414520263672e-01,6.684510707855224609e-01,0.000000000000000000e+00,1.390126943588256836e-01,4.125190079212188721e-01
1.000000000000000000e+00,1.000000000000000000e+00,4.053410291671752930e-01,0.000000000000000000e+00,0.000000000000000000e+00,0.000000000000000000e+00
