# CPU,RAM,NetworkR,NetworkW,DiskW,DiskR
4.391501843929290771e-01,4.406035840511322021e-01,1.000000000000000000e+00,5.937924981117248535e-01,5.965697765350341797e-01,5.978533029556274414e-01
4.004222750663757324e-01,5.725509524345397949e-01,1.000000000000000000e+00,5.618605613708496094e-01,5.937839150428771973e-01,5.720217823982238770e-01
4.018052816390991211e-01,5.590333342552185059e-01,1.000000000000000000e+00,5.403110980987548828e-01,5.844599604606628418e-01,5.800144076347351074e-01
4.011763930320739746e-01,5.805822014808654785e-01,1.000000000000000000e+00,5.190508365631103516e-01,5.252891182899475098e-01,5.622052550315856934e-01
4.003638327121734619e-01,5.312164425849914551e-01,1.000000000000000000e+00,4.848229587078094482e-01,2.646610140800476074e-01,4.638972580432891846e-01
4.038583040237426758e-01,5.983402132987976074e-01,9.274330735206604004e-01,3.395178020000457764e-01,2.177265584468841553e-01,4.335035085678100586e-01
4.034425616264343262e-01,5.569438934326171875e-01,9.081020355224609375e-01,2.882700264453887939e-01,2.238756120204925537e-01,4.470131099224090576e-01
4.031622409820556641e-01,5.503010153770446777e-01,8.532184362411499023e-01,1.875693649053573608e-01,1.823457926511764526e-01,4.333272874355316162e-01
4.373845160007476807e-01,6.655681133270263672e-01,6.310396194458007812e-01,0.000000000000000000e+00,5.917147174477577209e-02,3.537054061889648438e-01
1.000000000000000000e+00,1.000000000000000000e+00,4.062235951423645020e-01,0.000000000000000000e+00,0.000000000000000000e+00,0.000000000000000000e+00
