# CPU,RAM,NetworkR,NetworkW,DiskW,DiskR
4.391536414623260498e-01,4.407296776771545410e-01,1.000000000000000000e+00,5.937935113906860352e-01,5.965666770935058594e-01,5.978552103042602539e-01
4.011396765708923340e-01,4.755297005176544189e-01,1.000000000000000000e+00,5.661805868148803711e-01,5.961837768554687500e-01,5.899601578712463379e-01
4.071936011314392090e-01,5.163993835449218750e-01,1.000000000000000000e+00,5.403879880905151367e-01,5.906227827072143555e-01,5.886801481246948242e-01
4.133433997631072998e-01,6.055593490600585938e-01,1.000000000000000000e+00,5.049480795860290527e-01,5.649825334548950195e-01,5.775552988052368164e-01
4.390719234943389893e-01,7.551013827323913574e-01,9.741914272308349609e-01,4.040904343128204346e-01,4.357927143573760986e-01,5.306913852691650391e-01
4.572970867156982422e-01,8.329679965972900391e-01,8.142296671867370605e-01,3.061857521533966064e-01,3.073787987232208252e-01,4.900109469890594482e-01
4.106352031230926514e-01,1.000000000000000000e+00,7.234115600585937500e-01,3.060615062713623047e-01,0.000000000000000000e+00,5.003938078880310059e-01
1.000000000000000000e+00,1.000000000000000000e+00,5.746281743049621582e-01,1.076193973422050476e-01,0.000000000000000000e+00,2.890715897083282471e-01
4.037619531154632568e-01,4.038540124893188477e-01,4.890045523643493652e-01,0.000000000000000000e+00,0.000000000000000000e+00,0.000000000000000000e+00
5.064104199409484863e-01,4.125320911407470703e-01,4.050497114658355713e-01,0.000000000000000000e+00,0.000000000000000000e+00,0.000000000000000000e+00
