# CPU,RAM,NetworkR,NetworkW,DiskW,DiskR
4.390599727630615234e-01,4.408442080020904541e-01,1.000000000000000000e+00,5.937951207160949707e-01,5.965635180473327637e-01,5.978569984436035156e-01
4.014164209365844727e-01,4.149037301540374756e-01,1.000000000000000000e+00,5.787684917449951172e-01,5.970423221588134766e-01,5.940998792648315430e-01
4.063811302185058594e-01,8.887904286384582520e-01,1.000000000000000000e+00,4.889378249645233154e-01,5.506304502487182617e-01,5.614880919456481934e-01
4.512043297290802002e-01,7.275331020355224609e-01,1.000000000000000000e+00,4.585291445255279541e-01,5.214774608612060547e-01,5.583317875862121582e-01
4.756611287593841553e-01,9.234216213226318359e-01,8.483437895774841309e-01,3.727868497371673584e-01,3.703950941562652588e-01,5.127220153808593750e-01
4.250815808773040771e-01,8.986828923225402832e-01,7.722151875495910645e-01,3.170961439609527588e-01,2.330780029296875000e-01,4.642797410488128662e-01
4.026760756969451904e-01,1.000000000000000000e+00,6.810764074325561523e-01,3.182240128517150879e-01,0.000000000000000000e+00,3.273628950119018555e-01
1.000000000000000000e+00,1.000000000000000000e+00,5.988551378250122070e-01,1.075983420014381409e-01,0.000000000000000000e+00,3.036387264728546143e-01
4.023070037364959717e-01,4.050417244434356689e-01,5.038158297538757324e-01,0.000000000000000000e+00,0.000000000000000000e+00,0.000000000000000000e+00
6.674737930297851562e-01,4.483973979949951172e-01,4.021054506301879883e-01,0.000000000000000000e+00,0.000000000000000000e+00,0.000000000000000000e+00
