# CPU,RAM,NetworkR,NetworkW,DiskW,DiskR
4.390238523483276367e-01,4.408001601696014404e-01,1.000000000000000000e+00,5.937950015068054199e-01,5.965644717216491699e-01,5.978562831878662109e-01
4.014483690261840820e-01,4.171352982521057129e-01,1.000000000000000000e+00,5.776177048683166504e-01,5.970022082328796387e-01,5.938340425491333008e-01
4.043924212455749512e-01,9.987049102783203125e-01,1.000000000000000000e+00,4.847865402698516846e-01,5.304288864135742188e-01,5.536649227142333984e-01
4.652183055877685547e-01,6.182315349578857422e-01,1.000000000000000000e+00,4.795586168766021729e-01,5.494819879531860352e-01,5.697783231735229492e-01
5.051532983779907227e-01,1.000000000000000000e+00,8.244975805282592773e-01,3.637070059776306152e-01,3.648851215839385986e-01,5.157438516616821289e-01
4.502493441104888916e-01,9.033700227737426758e-01,7.960328459739685059e-01,3.278079330921173096e-01,3.141658008098602295e-01,4.988762438297271729e-01
4.040355682373046875e-01,1.000000000000000000e+00,7.435738444328308105e-01,3.536952137947082520e-01,0.000000000000000000e+00,4.907591044902801514e-01
1.000000000000000000e+00,1.000000000000000000e+00,6.191559433937072754e-01,1.978890746831893921e-01,0.000000000000000000e+00,4.794834554195404053e-01
4.011602699756622314e-01,4.119690656661987305e-01,4.625631272792816162e-01,0.000000000000000000e+00,0.000000000000000000e+00,0.000000000000000000e+00
4.636929035186767578e-01,4.187161326408386230e-01,4.049646556377410889e-01,0.000000000000000000e+00,0.000000000000000000e+00,0.000000000000000000e+00
