# CPU,RAM,NetworkR,NetworkW,DiskW,DiskR
4.390422105789184570e-01,4.405937492847442627e-01,1.000000000000000000e+00,5.937928557395935059e-01,5.965695977210998535e-01,5.978530645370483398e-01
4.008685946464538574e-01,4.894642829895019531e-01,1.000000000000000000e+00,5.656969547271728516e-01,5.958279967308044434e-01,5.881449580192565918e-01
4.020956456661224365e-01,4.997974634170532227e-01,1.000000000000000000e+00,5.500149130821228027e-01,5.889531970024108887e-01,5.878528952598571777e-01
4.018497765064239502e-01,5.503840446472167969e-01,1.000000000000000000e+00,5.210702419281005859e-01,5.432837009429931641e-01,5.704454183578491211e-01
4.006698429584503174e-01,5.172857046127319336e-01,1.000000000000000000e+00,4.770092070102691650e-01,2.812295258045196533e-01,4.829114973545074463e-01
4.059357345104217529e-01,5.903605818748474121e-01,8.979881405830383301e-01,3.188309371471405029e-01,2.076242268085479736e-01,4.314202368259429932e-01
4.047133922576904297e-01,5.478684902191162109e-01,8.692365288734436035e-01,2.591225206851959229e-01,1.947999447584152222e-01,4.304481148719787598e-01
4.026990830898284912e-01,5.344408750534057617e-01,8.506524562835693359e-01,1.783910989761352539e-01,1.759251952171325684e-01,4.296410977840423584e-01
4.301892518997192383e-01,6.016833186149597168e-01,6.625924110412597656e-01,0.000000000000000000e+00,9.764736890792846680e-02,3.833400309085845947e-01
1.000000000000000000e+00,1.000000000000000000e+00,4.062838554382324219e-01,0.000000000000000000e+00,0.000000000000000000e+00,0.000000000000000000e+00
