# CPU,RAM,NetworkR,NetworkW,DiskW,DiskR
4.391741752624511719e-01,4.401213228702545166e-01,1.000000000000000000e+00,5.937812924385070801e-01,5.965790748596191406e-01,5.978432893753051758e-01
4.001532196998596191e-01,8.480044603347778320e-01,1.000000000000000000e+00,5.493236184120178223e-01,5.798034071922302246e-01,3.710312545299530029e-01
4.003291726112365723e-01,8.888242840766906738e-01,1.000000000000000000e+00,5.039944648742675781e-01,5.095577239990234375e-01,3.919035494327545166e-01
4.001444280147552490e-01,7.615355253219604492e-01,1.000000000000000000e+00,4.952173531055450439e-01,3.560428321361541748e-01,3.597030341625213623e-01
4.001621603965759277e-01,7.722381949424743652e-01,1.000000000000000000e+00,4.427689611911773682e-01,1.948235332965850830e-01,2.465951144695281982e-01
4.010891020298004150e-01,6.477402448654174805e-01,9.009147286415100098e-01,3.461469113826751709e-01,8.875265717506408691e-02,2.500611245632171631e-01
4.015445709228515625e-01,5.960271358489990234e-01,8.536440134048461914e-01,2.870246469974517822e-01,1.099279224872589111e-01,3.335816562175750732e-01
4.111111164093017578e-01,5.793504118919372559e-01,8.042117953300476074e-01,1.846563667058944702e-01,2.274149060249328613e-01,4.426054954528808594e-01
8.037807345390319824e-01,1.000000000000000000e+00,6.032469272613525391e-01,0.000000000000000000e+00,1.541064977645874023e-01,4.979088604450225830e-01
1.000000000000000000e+00,1.000000000000000000e+00,4.068664908409118652e-01,0.000000000000000000e+00,0.000000000000000000e+00,0.000000000000000000e+00
