# CPU,RAM,NetworkR,NetworkW,DiskW,DiskR
4.391811192035675049e-01,4.407667219638824463e-01,1.000000000000000000e+00,5.937930941581726074e-01,5.965656042098999023e-01,5.978555679321289062e-01
4.005900025367736816e-01,6.455076336860656738e-01,1.000000000000000000e+00,5.587040781974792480e-01,5.938050746917724609e-01,5.774188041687011719e-01
4.040092527866363525e-01,4.428371787071228027e-01,1.000000000000000000e+00,5.617719292640686035e-01,5.932109355926513672e-01,5.917962193489074707e-01
4.017396867275238037e-01,5.225744843482971191e-01,1.000000000000000000e+00,5.276426672935485840e-01,5.574743747711181641e-01,5.750070810317993164e-01
4.006534218788146973e-01,4.943538308143615723e-01,1.000000000000000000e+00,4.887956976890563965e-01,3.248031139373779297e-01,5.047993659973144531e-01
4.062919616699218750e-01,5.392257571220397949e-01,9.377480745315551758e-01,3.268324434757232666e-01,2.201495468616485596e-01,4.418868124485015869e-01
4.072135686874389648e-01,5.289584994316101074e-01,8.592265248298645020e-01,2.421020567417144775e-01,2.101829051971435547e-01,4.385199248790740967e-01
4.050800204277038574e-01,5.269939899444580078e-01,8.248174190521240234e-01,1.529227197170257568e-01,2.018494457006454468e-01,4.442707002162933350e-01
4.292911291122436523e-01,5.396645665168762207e-01,6.831822395324707031e-01,0.000000000000000000e+00,1.224390566349029541e-01,4.004378616809844971e-01
1.000000000000000000e+00,1.000000000000000000e+00,4.059298336505889893e-01,0.000000000000000000e+00,0.000000000000000000e+00,0.000000000000000000e+00
