# CPU,RAM,NetworkR,NetworkW,DiskW,DiskR
4.390439987182617188e-01,4.402088820934295654e-01,1.000000000000000000e+00,5.937870144844055176e-01,5.965782403945922852e-01,5.978462696075439453e-01
4.006167352199554443e-01,5.257478356361389160e-01,1.000000000000000000e+00,5.639096498489379883e-01,5.950947999954223633e-01,5.833931565284729004e-01
4.021445512771606445e-01,4.918047189712524414e-01,1.000000000000000000e+00,5.517563819885253906e-01,5.897262096405029297e-01,5.877928733825683594e-01
4.011427462100982666e-01,5.620635747909545898e-01,1.000000000000000000e+00,5.217158794403076172e-01,5.332152247428894043e-01,5.659738779067993164e-01
4.005017578601837158e-01,5.139992833137512207e-01,1.000000000000000000e+00,4.817593097686767578e-01,2.760442197322845459e-01,4.784049987792968750e-01
4.062170684337615967e-01,5.716445446014404297e-01,9.194440841674804688e-01,3.263110220432281494e-01,2.310162484645843506e-01,4.434363543987274170e-01
4.047851562500000000e-01,5.100141763687133789e-01,9.299278259277343750e-01,2.861653268337249756e-01,2.505722939968109131e-01,4.637829959392547607e-01
4.047377109527587891e-01,5.531198978424072266e-01,8.341418504714965820e-01,1.644999980926513672e-01,2.126879543066024780e-01,4.528098404407501221e-01
4.698731005191802979e-01,6.761488318443298340e-01,6.498015522956848145e-01,0.000000000000000000e+00,1.560556739568710327e-01,4.314515888690948486e-01
1.000000000000000000e+00,1.000000000000000000e+00,4.050198197364807129e-01,0.000000000000000000e+00,0.000000000000000000e+00,0.000000000000000000e+00
