# CPU,RAM,NetworkR,NetworkW,DiskW,DiskR
4.390891790390014648e-01,4.408445358276367188e-01,1.000000000000000000e+00,5.937947034835815430e-01,5.965635180473327637e-01,5.978568792343139648e-01
4.012893140316009521e-01,4.405710399150848389e-01,1.000000000000000000e+00,5.709527730941772461e-01,5.966210365295410156e-01,5.918952822685241699e-01
4.096862077713012695e-01,6.708812117576599121e-01,1.000000000000000000e+00,5.170658826828002930e-01,5.835947990417480469e-01,5.823240280151367188e-01
4.400617480278015137e-01,9.159139990806579590e-01,1.000000000000000000e+00,4.508837163448333740e-01,5.110601782798767090e-01,5.574718117713928223e-01
4.435571730136871338e-01,8.030849099159240723e-01,9.279487133026123047e-01,4.015080630779266357e-01,4.137860238552093506e-01,5.260324478149414062e-01
4.257967174053192139e-01,8.466960787773132324e-01,8.075370192527770996e-01,3.248184025287628174e-01,2.691379487514495850e-01,4.770115315914154053e-01
4.030081331729888916e-01,1.000000000000000000e+00,7.472118139266967773e-01,3.400095105171203613e-01,0.000000000000000000e+00,4.854631125926971436e-01
1.000000000000000000e+00,1.000000000000000000e+00,6.076821684837341309e-01,1.458428949117660522e-01,0.000000000000000000e+00,3.276489078998565674e-01
4.019264876842498779e-01,4.042802453041076660e-01,5.021979808807373047e-01,0.000000000000000000e+00,0.000000000000000000e+00,0.000000000000000000e+00
4.923935830593109131e-01,4.128262996673583984e-01,4.059150516986846924e-01,0.000000000000000000e+00,0.000000000000000000e+00,0.000000000000000000e+00
