# CPU,RAM,NetworkR,NetworkW,DiskW,DiskR
4.391500353813171387e-01,4.406690001487731934e-01,1.000000000000000000e+00,5.937923789024353027e-01,5.965679287910461426e-01,5.978540778160095215e-01
4.002620279788970947e-01,6.789022088050842285e-01,1.000000000000000000e+00,5.568593144416809082e-01,5.899549722671508789e-01,5.267475843429565430e-01
4.012657403945922852e-01,6.720600724220275879e-01,1.000000000000000000e+00,5.231693983078002930e-01,5.680282711982727051e-01,5.530114173889160156e-01
4.006748199462890625e-01,6.403011679649353027e-01,1.000000000000000000e+00,5.076414942741394043e-01,4.680165946483612061e-01,5.328359603881835938e-01
4.002329707145690918e-01,5.939465165138244629e-01,1.000000000000000000e+00,4.724977016448974609e-01,2.069941014051437378e-01,3.866985142230987549e-01
4.026147127151489258e-01,6.149006485939025879e-01,8.936493396759033203e-01,3.339191973209381104e-01,1.343533992767333984e-01,3.581194579601287842e-01
4.020414352416992188e-01,6.181215047836303711e-01,8.262023925781250000e-01,2.664496004581451416e-01,1.156959980726242065e-01,3.563939034938812256e-01
4.036373496055603027e-01,5.786892175674438477e-01,8.041175007820129395e-01,1.782957017421722412e-01,1.468718051910400391e-01,4.007769525051116943e-01
4.602290093898773193e-01,7.983782291412353516e-01,5.951164364814758301e-01,0.000000000000000000e+00,3.789765015244483948e-02,3.439860641956329346e-01
1.000000000000000000e+00,1.000000000000000000e+00,4.062896370887756348e-01,0.000000000000000000e+00,0.000000000000000000e+00,0.000000000000000000e+00
