# CPU,RAM,NetworkR,NetworkW,DiskW,DiskR
4.390538930892944336e-01,4.405210316181182861e-01,1.000000000000000000e+00,5.937926769256591797e-01,5.965716838836669922e-01,5.978521704673767090e-01
4.001563489437103271e-01,7.924352288246154785e-01,1.000000000000000000e+00,5.507971644401550293e-01,5.814359784126281738e-01,3.884060978889465332e-01
4.008569121360778809e-01,7.080033421516418457e-01,1.000000000000000000e+00,5.147716999053955078e-01,5.519188046455383301e-01,5.008656978607177734e-01
4.003197252750396729e-01,6.774768233299255371e-01,1.000000000000000000e+00,5.027326345443725586e-01,4.139580130577087402e-01,4.784595966339111328e-01
4.002300798892974854e-01,6.591663956642150879e-01,1.000000000000000000e+00,4.562742114067077637e-01,1.938642561435699463e-01,3.305191099643707275e-01
4.022873640060424805e-01,6.152650117874145508e-01,8.828689455986022949e-01,3.362390995025634766e-01,1.052956283092498779e-01,3.122467994689941406e-01
4.018121063709259033e-01,6.015419960021972656e-01,8.172188997268676758e-01,2.722185552120208740e-01,9.111268073320388794e-02,3.225702047348022461e-01
4.083526432514190674e-01,6.070992350578308105e-01,7.593140602111816406e-01,1.608468741178512573e-01,1.602557748556137085e-01,4.045968949794769287e-01
5.664849877357482910e-01,1.000000000000000000e+00,5.487977266311645508e-01,0.000000000000000000e+00,0.000000000000000000e+00,3.510900139808654785e-01
1.000000000000000000e+00,1.000000000000000000e+00,4.059046506881713867e-01,0.000000000000000000e+00,0.000000000000000000e+00,0.000000000000000000e+00
