# CPU,RAM,NetworkR,NetworkW,DiskW,DiskR
8.916435390710830688e-02,9.080418199300765991e-02,1.000000000000000000e+00,9.437932968139648438e-01,9.465644955635070801e-01,9.478561282157897949e-01
5.125650018453598022e-02,9.208406507968902588e-02,9.910305738449096680e-01,9.207681417465209961e-01,9.466066360473632812e-01,9.418132901191711426e-01
5.888011679053306580e-02,2.113331109285354614e-01,8.780264854431152344e-01,8.797917962074279785e-01,9.386619925498962402e-01,9.361622929573059082e-01
7.934879511594772339e-02,3.709585070610046387e-01,7.632600069046020508e-01,8.322601318359375000e-01,9.036282300949096680e-01,9.221028089523315430e-01
9.476891905069351196e-02,4.708069562911987305e-01,5.861667990684509277e-01,7.481930255889892578e-01,7.697914242744445801e-01,8.776015043258666992e-01
1.211032271385192871e-01,5.480404496192932129e-01,4.407466053962707520e-01,6.547104716300964355e-01,6.491253376007080078e-01,8.403325080871582031e-01
5.776521936058998108e-02,1.000000000000000000e+00,3.620381057262420654e-01,6.657438278198242188e-01,2.985980212688446045e-01,8.272674083709716797e-01
1.000000000000000000e+00,1.000000000000000000e+00,2.152153253555297852e-01,4.696798920631408691e-01,8.143305778503417969e-02,4.810522198677062988e-01
5.656093358993530273e-02,5.366949737071990967e-02,1.378095746040344238e-01,3.002892434597015381e-01,0.000000000000000000e+00,0.000000000000000000e+00
1.757113039493560791e-01,5.975755676627159119e-02,5.588808283209800720e-02,0.000000000000000000e+00,0.000000000000000000e+00,0.000000000000000000e+00
