# CPU,RAM,NetworkR,NetworkW,DiskW,DiskR
8.902724832296371460e-02,9.069141745567321777e-02,1.000000000000000000e+00,9.437944293022155762e-01,9.465673565864562988e-01,9.478547573089599609e-01
5.042412504553794861e-02,3.374885916709899902e-01,9.497088193893432617e-01,9.070057272911071777e-01,9.420350193977355957e-01,9.126793742179870605e-01
5.296465381979942322e-02,1.201919317245483398e-01,9.700424075126647949e-01,9.033602476119995117e-01,9.401056766510009766e-01,9.368991255760192871e-01
5.094290524721145630e-02,1.782066226005554199e-01,9.407560825347900391e-01,8.807939887046813965e-01,8.931860327720642090e-01,9.194589853286743164e-01
5.033734440803527832e-02,1.431738138198852539e-01,9.201092123985290527e-01,8.455439209938049316e-01,6.279104351997375488e-01,8.286527395248413086e-01
5.496735870838165283e-02,1.721013784408569336e-01,5.998756885528564453e-01,6.860815286636352539e-01,5.565047264099121094e-01,7.818899154663085938e-01
5.494833737611770630e-02,1.936393976211547852e-01,5.063353776931762695e-01,6.010900139808654785e-01,5.556086897850036621e-01,7.839512825012207031e-01
5.363479256629943848e-02,1.867480874061584473e-01,4.846601784229278564e-01,5.180420875549316406e-01,5.411480069160461426e-01,7.876845002174377441e-01
8.425426483154296875e-02,2.257333695888519287e-01,3.178105950355529785e-01,3.111762106418609619e-01,4.645727872848510742e-01,7.440481185913085938e-01
1.000000000000000000e+00,1.000000000000000000e+00,5.600119009613990784e-02,0.000000000000000000e+00,0.000000000000000000e+00,0.000000000000000000e+00
