# CPU,RAM,NetworkR,NetworkW,DiskW,DiskR
8.903308212757110596e-02,9.052861481904983521e-02,1.000000000000000000e+00,9.437924027442932129e-01,9.465712308883666992e-01,9.478520750999450684e-01
5.013263598084449768e-02,4.888453781604766846e-01,9.581246972084045410e-01,8.983287215232849121e-01,9.266237020492553711e-01,6.624575257301330566e-01
5.024711042642593384e-02,6.166555881500244141e-01,8.019248247146606445e-01,8.457272052764892578e-01,8.344030976295471191e-01,6.382104754447937012e-01
5.013618245720863342e-02,4.604749083518981934e-01,8.056191802024841309e-01,8.336678743362426758e-01,6.792593002319335938e-01,6.279941797256469727e-01
5.013589188456535339e-02,4.827136993408203125e-01,6.806205511093139648e-01,7.800609469413757324e-01,5.212305188179016113e-01,4.971519112586975098e-01
5.078376084566116333e-02,3.668022453784942627e-01,4.683400988578796387e-01,6.638617515563964844e-01,3.745733499526977539e-01,4.270058572292327881e-01
5.091033875942230225e-02,3.675334155559539795e-01,3.599222004413604736e-01,5.640894770622253418e-01,3.094698190689086914e-01,3.966197967529296875e-01
5.775446817278862000e-02,2.842355966567993164e-01,3.856624960899353027e-01,4.901409149169921875e-01,4.780339896678924561e-01,7.050439119338989258e-01
3.459330797195434570e-01,8.589696884155273438e-01,2.671332657337188721e-01,3.291941881179809570e-01,5.625594258308410645e-01,8.389132022857666016e-01
1.000000000000000000e+00,1.000000000000000000e+00,5.696364119648933411e-02,0.000000000000000000e+00,0.000000000000000000e+00,0.000000000000000000e+00
