# CPU,RAM,NetworkR,NetworkW,DiskW,DiskR
8.913328498601913452e-02,9.081724286079406738e-02,1.000000000000000000e+00,9.437940120697021484e-01,9.465642571449279785e-01,9.478564262390136719e-01
5.121449753642082214e-02,1.070101708173751831e-01,9.817445278167724609e-01,9.183056354522705078e-01,9.464106559753417969e-01,9.409370422363281250e-01
6.269404292106628418e-02,2.040411978960037231e-01,8.846596479415893555e-01,8.814127445220947266e-01,9.404976963996887207e-01,9.378688931465148926e-01
8.219128102064132690e-02,6.525153517723083496e-01,6.390692591667175293e-01,7.964153289794921875e-01,8.492668271064758301e-01,9.054333567619323730e-01
8.673325181007385254e-02,3.930499851703643799e-01,6.112972497940063477e-01,7.610645890235900879e-01,7.763335704803466797e-01,8.802422881126403809e-01
6.752400100231170654e-02,4.644934535026550293e-01,4.495838582515716553e-01,6.652253270149230957e-01,5.652910470962524414e-01,7.994400858879089355e-01
5.447287485003471375e-02,1.000000000000000000e+00,3.691250085830688477e-01,6.503485441207885742e-01,3.737857937812805176e-01,8.275457024574279785e-01
1.000000000000000000e+00,8.855020999908447266e-01,2.296580523252487183e-01,4.449599087238311768e-01,1.005260795354843140e-01,5.529842376708984375e-01
5.414048954844474792e-02,5.566240847110748291e-02,1.913223862648010254e-01,3.272671997547149658e-01,3.474049968644976616e-03,0.000000000000000000e+00
1.905163675546646118e-01,6.913894414901733398e-02,5.502743646502494812e-02,0.000000000000000000e+00,0.000000000000000000e+00,0.000000000000000000e+00
