# CPU,RAM,NetworkR,NetworkW,DiskW,DiskR
8.918973058462142944e-02,9.076664596796035767e-02,1.000000000000000000e+00,9.437932372093200684e-01,9.465656876564025879e-01,9.478556513786315918e-01
5.098652839660644531e-02,1.709355711936950684e-01,9.602319002151489258e-01,9.129016995429992676e-01,9.456638097763061523e-01,9.377816915512084961e-01
5.460212752223014832e-02,1.198765411972999573e-01,9.646357297897338867e-01,9.032656550407409668e-01,9.420725107192993164e-01,9.408838152885437012e-01
5.449146404862403870e-02,1.529660969972610474e-01,9.298185706138610840e-01,8.802965879440307617e-01,9.216653108596801758e-01,9.320967793464660645e-01
6.711714714765548706e-02,2.173147201538085938e-01,7.406092882156372070e-01,7.820321321487426758e-01,7.939133048057556152e-01,8.834468126296997070e-01
1.341861635446548462e-01,3.120282888412475586e-01,5.151365995407104492e-01,6.549146771430969238e-01,7.092898488044738770e-01,8.530625104904174805e-01
9.642522782087326050e-02,1.000000000000000000e+00,3.786129653453826904e-01,6.315833330154418945e-01,4.070605933666229248e-01,8.835902214050292969e-01
1.000000000000000000e+00,1.000000000000000000e+00,1.896562129259109497e-01,3.867151439189910889e-01,5.730880051851272583e-02,5.737470388412475586e-01
5.395909026265144348e-02,5.251993983983993530e-02,1.219736188650131226e-01,2.821038067340850830e-01,0.000000000000000000e+00,0.000000000000000000e+00
1.563931107521057129e-01,5.670633167028427124e-02,5.673837661743164062e-02,0.000000000000000000e+00,0.000000000000000000e+00,0.000000000000000000e+00
