# CPU,RAM,NetworkR,NetworkW,DiskW,DiskR
8.917699754238128662e-02,9.079926460981369019e-02,1.000000000000000000e+00,9.437934160232543945e-01,9.465647339820861816e-01,9.478561282157897949e-01
5.124092474579811096e-02,1.008220091462135315e-01,9.851738810539245605e-01,9.192008972167968750e-01,9.464918971061706543e-01,9.412909150123596191e-01
5.927930027246475220e-02,2.224628031253814697e-01,8.756772279739379883e-01,8.793608546257019043e-01,9.386218786239624023e-01,9.363323450088500977e-01
8.477527648210525513e-02,3.606547117233276367e-01,7.729350924491882324e-01,8.354753851890563965e-01,9.093873500823974609e-01,9.246178865432739258e-01
1.425886005163192749e-01,5.656303167343139648e-01,5.667693018913269043e-01,7.432231903076171875e-01,7.940454483032226562e-01,8.879166245460510254e-01
1.613444387912750244e-01,6.097722053527832031e-01,4.440504908561706543e-01,6.613131761550903320e-01,6.812600493431091309e-01,8.570263981819152832e-01
5.510740727186203003e-02,1.000000000000000000e+00,3.729099333286285400e-01,6.816173195838928223e-01,3.003423213958740234e-01,8.265121579170227051e-01
1.000000000000000000e+00,1.000000000000000000e+00,2.296050935983657837e-01,5.211921334266662598e-01,8.731301128864288330e-02,4.410293698310852051e-01
5.916612595319747925e-02,5.684456974267959595e-02,1.480939239263534546e-01,3.166239261627197266e-01,0.000000000000000000e+00,0.000000000000000000e+00
1.600263565778732300e-01,6.031398847699165344e-02,5.624049156904220581e-02,0.000000000000000000e+00,0.000000000000000000e+00,0.000000000000000000e+00
