# CPU,RAM,NetworkR,NetworkW,DiskW,DiskR
8.907505869865417480e-02,9.060426801443099976e-02,1.000000000000000000e+00,9.437926411628723145e-01,9.465693831443786621e-01,9.478532075881958008e-01
5.028183013200759888e-02,3.655981421470642090e-01,9.561793208122253418e-01,9.055787324905395508e-01,9.395719766616821289e-01,8.792508244514465332e-01
5.239656940102577209e-02,1.828904300928115845e-01,9.263234734535217285e-01,8.888069987297058105e-01,9.338548183441162109e-01,9.246258139610290527e-01
5.076076462864875793e-02,2.282354980707168579e-01,9.122272729873657227e-01,8.711079359054565430e-01,8.642811179161071777e-01,9.048756957054138184e-01
5.029837042093276978e-02,1.750430017709732056e-01,8.873566985130310059e-01,8.377209305763244629e-01,5.988631248474121094e-01,7.970419526100158691e-01
5.358085781335830688e-02,2.127424925565719604e-01,5.877560973167419434e-01,6.953991055488586426e-01,5.488653779029846191e-01,7.702925205230712891e-01
5.429210886359214783e-02,1.644662767648696899e-01,5.934637784957885742e-01,6.578207015991210938e-01,6.175572276115417480e-01,8.205109238624572754e-01
7.928804308176040649e-02,2.042951285839080811e-01,5.233269333839416504e-01,5.512288212776184082e-01,7.392062544822692871e-01,8.737242817878723145e-01
7.830119132995605469e-01,9.337807893753051758e-01,3.286319971084594727e-01,3.684954941272735596e-01,6.896890401840209961e-01,9.127526283264160156e-01
1.000000000000000000e+00,1.000000000000000000e+00,5.802655220031738281e-02,0.000000000000000000e+00,0.000000000000000000e+00,0.000000000000000000e+00
