# CPU,RAM,NetworkR,NetworkW,DiskW,DiskR
8.917240053415298462e-02,9.082222729921340942e-02,1.000000000000000000e+00,9.437934756278991699e-01,9.465640783309936523e-01,9.478563070297241211e-01
5.129310861229896545e-02,8.838873356580734253e-02,9.934548735618591309e-01,9.214144945144653320e-01,9.466516971588134766e-01,9.420382976531982422e-01
5.917730927467346191e-02,3.211891055107116699e-01,8.222572803497314453e-01,8.665122985839843750e-01,9.329195022583007812e-01,9.317461252212524414e-01
9.652280807495117188e-02,5.013253688812255859e-01,6.838006973266601562e-01,8.090720772743225098e-01,8.789336085319519043e-01,9.130096435546875000e-01
1.088810935616493225e-01,5.379571318626403809e-01,5.420998334884643555e-01,7.376378774642944336e-01,7.489244341850280762e-01,8.722339272499084473e-01
1.544905751943588257e-01,6.056079864501953125e-01,4.670021831989288330e-01,6.812978982925415039e-01,7.296429276466369629e-01,8.720976710319519043e-01
5.402217060327529907e-02,1.000000000000000000e+00,3.676931560039520264e-01,6.963347792625427246e-01,2.364724725484848022e-01,7.155528068542480469e-01
1.000000000000000000e+00,1.000000000000000000e+00,2.223573774099349976e-01,5.032327771186828613e-01,9.235158562660217285e-02,4.638051092624664307e-01
5.812004953622817993e-02,5.747633799910545349e-02,1.473793834447860718e-01,3.109326660633087158e-01,0.000000000000000000e+00,0.000000000000000000e+00
1.578211039304733276e-01,6.333041191101074219e-02,5.579445511102676392e-02,0.000000000000000000e+00,0.000000000000000000e+00,0.000000000000000000e+00
