# CPU,RAM,NetworkR,NetworkW,DiskW,DiskR
8.917116373777389526e-02,9.085919708013534546e-02,1.000000000000000000e+00,9.437935948371887207e-01,9.465631246566772461e-01,9.478567838668823242e-01
5.132866278290748596e-02,8.386431634426116943e-02,9.969000816345214844e-01,9.223721027374267578e-01,9.467188119888305664e-01,9.423610568046569824e-01
6.119534373283386230e-02,3.876175284385681152e-01,7.906863093376159668e-01,8.590758442878723145e-01,9.297162890434265137e-01,9.296276569366455078e-01
8.578844368457794189e-02,8.150096535682678223e-01,5.162798762321472168e-01,7.558739185333251953e-01,7.201445102691650391e-01,8.702322244644165039e-01
1.063231751322746277e-01,3.038179278373718262e-01,6.426138877868652344e-01,7.750393748283386230e-01,8.079314827919006348e-01,8.906529545783996582e-01
7.169612497091293335e-02,6.149858832359313965e-01,4.338811039924621582e-01,6.743144989013671875e-01,6.053742170333862305e-01,8.280876278877258301e-01
5.093012005090713501e-02,1.000000000000000000e+00,3.919881880283355713e-01,6.951669454574584961e-01,2.985639274120330811e-01,7.712157964706420898e-01
1.000000000000000000e+00,9.236292839050292969e-01,2.759849131107330322e-01,4.957954287528991699e-01,1.118080615997314453e-01,6.781989336013793945e-01
5.212510749697685242e-02,5.494581162929534912e-02,2.045552283525466919e-01,3.580240011215209961e-01,0.000000000000000000e+00,0.000000000000000000e+00
1.832785159349441528e-01,7.113093882799148560e-02,5.453563109040260315e-02,0.000000000000000000e+00,0.000000000000000000e+00,0.000000000000000000e+00
