# CPU,RAM,NetworkR,NetworkW,DiskW,DiskR
8.913207054138183594e-02,9.073392301797866821e-02,1.000000000000000000e+00,9.437931180000305176e-01,9.465662240982055664e-01,9.478550553321838379e-01
5.098499730229377747e-02,1.227209791541099548e-01,9.774314761161804199e-01,9.170629978179931641e-01,9.461329579353332520e-01,9.396389126777648926e-01
5.219012498855590820e-02,1.048112809658050537e-01,9.850217700004577637e-01,9.097364544868469238e-01,9.417154788970947266e-01,9.410316944122314453e-01
5.150328576564788818e-02,1.553391963243484497e-01,9.418962001800537109e-01,8.804516196250915527e-01,9.017073512077331543e-01,9.244078397750854492e-01
5.088362470269203186e-02,1.420606970787048340e-01,8.786299824714660645e-01,8.247020244598388672e-01,6.336167454719543457e-01,8.397977352142333984e-01
6.151938438415527344e-02,1.927752941846847534e-01,5.295826196670532227e-01,6.462802290916442871e-01,5.545483827590942383e-01,7.807158231735229492e-01
6.143928319215774536e-02,1.759512424468994141e-01,4.590896964073181152e-01,5.621681213378906250e-01,5.357495546340942383e-01,7.723004221916198730e-01
5.776537209749221802e-02,1.715021431446075439e-01,4.432169795036315918e-01,4.828940033912658691e-01,5.596156120300292969e-01,7.981109023094177246e-01
8.991304785013198853e-02,1.867231577634811401e-01,3.281772732734680176e-01,3.089719712734222412e-01,5.020673871040344238e-01,7.744492888450622559e-01
1.000000000000000000e+00,1.000000000000000000e+00,5.480121821165084839e-02,0.000000000000000000e+00,0.000000000000000000e+00,0.000000000000000000e+00
