# CPU,RAM,NetworkR,NetworkW,DiskW,DiskR
8.912096172571182251e-02,9.084425121545791626e-02,1.000000000000000000e+00,9.437938332557678223e-01,9.465633034706115723e-01,9.478566050529479980e-01
5.128810182213783264e-02,9.163006395101547241e-02,9.909883141517639160e-01,9.207348227500915527e-01,9.466057419776916504e-01,9.418261051177978516e-01
5.878294259309768677e-02,2.869555354118347168e-01,8.399795889854431152e-01,8.707755804061889648e-01,9.348726272583007812e-01,9.332300424575805664e-01
8.771116286516189575e-02,3.932684957981109619e-01,7.455608844757080078e-01,8.275163769721984863e-01,9.000503420829772949e-01,9.208133816719055176e-01
1.281118243932723999e-01,5.626299977302551270e-01,5.508847236633300781e-01,7.387413382530212402e-01,7.719318270683288574e-01,8.804121017456054688e-01
9.318657219409942627e-02,5.403417348861694336e-01,4.397995769977569580e-01,6.630809903144836426e-01,6.225912570953369141e-01,8.305115103721618652e-01
5.483796447515487671e-02,1.000000000000000000e+00,4.104900360107421875e-01,6.970639824867248535e-01,3.880185484886169434e-01,8.700743317604064941e-01
1.000000000000000000e+00,1.000000000000000000e+00,2.548288404941558838e-01,5.187372565269470215e-01,8.779118955135345459e-02,7.312915921211242676e-01
5.173192173242568970e-02,5.681077018380165100e-02,1.275385767221450806e-01,3.252427875995635986e-01,0.000000000000000000e+00,0.000000000000000000e+00
1.674404144287109375e-01,7.578648626804351807e-02,5.325606465339660645e-02,0.000000000000000000e+00,0.000000000000000000e+00,0.000000000000000000e+00
