# CPU,RAM,NetworkR,NetworkW,DiskW,DiskR
8.894556015729904175e-02,9.071804583072662354e-02,1.000000000000000000e+00,9.437953233718872070e-01,9.465665221214294434e-01,9.478552341461181641e-01
5.134187638759613037e-02,6.890613585710525513e-02,1.000000000000000000e+00,9.271153211593627930e-01,9.469595551490783691e-01,9.436402916908264160e-01
5.396411940455436707e-02,2.989898324012756348e-01,8.224582076072692871e-01,8.653233051300048828e-01,9.255740046501159668e-01,9.249582290649414062e-01
5.478086695075035095e-02,1.368384808301925659e-01,9.282819628715515137e-01,8.811542391777038574e-01,9.121446013450622559e-01,9.300519227981567383e-01
7.726819068193435669e-02,2.960177063941955566e-01,6.111225485801696777e-01,7.385975718498229980e-01,7.071745991706848145e-01,8.480655550956726074e-01
1.910035163164138794e-01,5.270473957061767578e-01,4.530366659164428711e-01,6.488208174705505371e-01,7.184222936630249023e-01,8.628502488136291504e-01
1.283084154129028320e-01,1.000000000000000000e+00,3.406158089637756348e-01,6.460272073745727539e-01,2.194294184446334839e-01,8.139761090278625488e-01
1.000000000000000000e+00,7.532335519790649414e-01,1.707784533500671387e-01,3.845810294151306152e-01,6.169989332556724548e-02,3.362165093421936035e-01
5.531127005815505981e-02,5.205359309911727905e-02,1.320773959159851074e-01,2.721136510372161865e-01,0.000000000000000000e+00,0.000000000000000000e+00
1.778094768524169922e-01,5.795015022158622742e-02,5.647961795330047607e-02,0.000000000000000000e+00,0.000000000000000000e+00,0.000000000000000000e+00
