# CPU,RAM,NetworkR,NetworkW,DiskW,DiskR
8.898556977510452271e-02,9.077904373407363892e-02,1.000000000000000000e+00,9.437944293022155762e-01,9.465646147727966309e-01,9.478557705879211426e-01
5.099103972315788269e-02,1.104965209960937500e-01,9.831576943397521973e-01,9.184537529945373535e-01,9.462045431137084961e-01,9.400401115417480469e-01
5.205478519201278687e-02,1.207661330699920654e-01,9.708532691001892090e-01,9.048722386360168457e-01,9.401276111602783203e-01,9.392284750938415527e-01
5.169447511434555054e-02,1.835182160139083862e-01,9.168567657470703125e-01,8.714818358421325684e-01,8.904198408126831055e-01,9.193196892738342285e-01
5.091822892427444458e-02,1.559118628501892090e-01,8.561629056930541992e-01,8.184415102005004883e-01,6.155278086662292480e-01,8.285969495773315430e-01
5.965933576226234436e-02,2.239593714475631714e-01,5.149760842323303223e-01,6.476641297340393066e-01,5.469009280204772949e-01,7.747739553451538086e-01
5.752177909016609192e-02,1.756195574998855591e-01,4.913794994354248047e-01,5.885413289070129395e-01,5.406433939933776855e-01,7.773334383964538574e-01
5.602753162384033203e-02,1.673129051923751831e-01,4.858198165893554688e-01,5.138986110687255859e-01,5.860025882720947266e-01,8.143237829208374023e-01
1.087420880794525146e-01,2.221428900957107544e-01,3.463304936885833740e-01,3.240112662315368652e-01,5.625827312469482422e-01,8.123490810394287109e-01
1.000000000000000000e+00,1.000000000000000000e+00,5.513709038496017456e-02,0.000000000000000000e+00,0.000000000000000000e+00,0.000000000000000000e+00
