# CPU,RAM,NetworkR,NetworkW,DiskW,DiskR
8.900575339794158936e-02,9.081707894802093506e-02,1.000000000000000000e+00,9.437956213951110840e-01,9.465641379356384277e-01,9.478567242622375488e-01
5.130405351519584656e-02,8.395483344793319702e-02,9.970415234565734863e-01,9.224004149436950684e-01,9.467038512229919434e-01,9.423117041587829590e-01
5.536620318889617920e-02,2.394588142633438110e-01,8.644668459892272949e-01,8.763375878334045410e-01,9.345127940177917480e-01,9.327756762504577637e-01
7.757792621850967407e-02,2.625583112239837646e-01,8.189138770103454590e-01,8.473104834556579590e-01,9.148107767105102539e-01,9.267774224281311035e-01
2.189751416444778442e-01,6.862573027610778809e-01,5.140029191970825195e-01,7.192986011505126953e-01,7.623798251152038574e-01,8.824350237846374512e-01
1.542895138263702393e-01,6.661745905876159668e-01,4.074953794479370117e-01,6.443481445312500000e-01,6.240926980972290039e-01,8.405189514160156250e-01
5.277214944362640381e-02,1.000000000000000000e+00,3.446016609668731689e-01,6.800464987754821777e-01,2.274245172739028931e-01,6.932054162025451660e-01
1.000000000000000000e+00,9.877091050148010254e-01,2.199870795011520386e-01,4.651452302932739258e-01,8.429716527462005615e-02,5.479281544685363770e-01
5.534550920128822327e-02,5.536933988332748413e-02,1.412325501441955566e-01,3.021896481513977051e-01,0.000000000000000000e+00,0.000000000000000000e+00
1.567883193492889404e-01,6.049926578998565674e-02,5.591405928134918213e-02,0.000000000000000000e+00,0.000000000000000000e+00,0.000000000000000000e+00
