# CPU,RAM,NetworkR,NetworkW,DiskW,DiskR
8.910484611988067627e-02,9.077436476945877075e-02,1.000000000000000000e+00,9.437940716743469238e-01,9.465653300285339355e-01,9.478558301925659180e-01
5.134196206927299500e-02,7.347980141639709473e-02,1.000000000000000000e+00,9.253891110420227051e-01,9.468842744827270508e-01,9.432039260864257812e-01
6.027340516448020935e-02,3.011476993560791016e-01,8.132377266883850098e-01,8.638008236885070801e-01,9.327682256698608398e-01,9.305801987648010254e-01
1.106662377715110779e-01,5.854752063751220703e-01,6.312062144279479980e-01,7.922298908233642578e-01,8.570751547813415527e-01,9.057271480560302734e-01
2.139866501092910767e-01,6.084418296813964844e-01,5.256548523902893066e-01,7.316627502441406250e-01,7.777573466300964355e-01,8.846461772918701172e-01
1.644183844327926636e-01,6.118900775909423828e-01,4.464230537414550781e-01,6.747581362724304199e-01,7.023981213569641113e-01,8.654799461364746094e-01
5.152801051735877991e-02,1.000000000000000000e+00,4.013828039169311523e-01,7.185047268867492676e-01,2.804678082466125488e-01,7.867612242698669434e-01
1.000000000000000000e+00,1.000000000000000000e+00,2.895249128341674805e-01,5.771080255508422852e-01,9.383906424045562744e-02,8.482607007026672363e-01
5.141365528106689453e-02,7.349336892366409302e-02,1.355232894420623779e-01,3.503411412239074707e-01,0.000000000000000000e+00,0.000000000000000000e+00
8.440262079238891602e-02,6.887689977884292603e-02,5.570134148001670837e-02,0.000000000000000000e+00,0.000000000000000000e+00,0.000000000000000000e+00
