# CPU,RAM,NetworkR,NetworkW,DiskW,DiskR
8.920705318450927734e-02,9.082277119159698486e-02,1.000000000000000000e+00,9.437929987907409668e-01,9.465640783309936523e-01,9.478562474250793457e-01
5.125920474529266357e-02,9.991487115621566772e-02,9.855446815490722656e-01,9.193044304847717285e-01,9.465105533599853516e-01,9.413710236549377441e-01
6.278141587972640991e-02,2.673693597316741943e-01,8.500158786773681641e-01,8.732030391693115234e-01,9.379474520683288574e-01,9.356521964073181152e-01
1.214545518159866333e-01,6.979474425315856934e-01,6.082557439804077148e-01,7.859272956848144531e-01,8.473567962646484375e-01,9.056938886642456055e-01
1.102149635553359985e-01,5.225740671157836914e-01,5.343926548957824707e-01,7.355702519416809082e-01,7.378722429275512695e-01,8.687772154808044434e-01
1.258829981088638306e-01,5.818157792091369629e-01,4.498399496078491211e-01,6.743060946464538574e-01,6.944460272789001465e-01,8.597254753112792969e-01
5.226592347025871277e-02,1.000000000000000000e+00,3.725833892822265625e-01,6.973044276237487793e-01,2.528758943080902100e-01,7.435667514801025391e-01
1.000000000000000000e+00,9.945601820945739746e-01,2.114738970994949341e-01,4.832393527030944824e-01,1.012549400329589844e-01,3.783399462699890137e-01
5.737119540572166443e-02,5.735470354557037354e-02,1.594908088445663452e-01,3.092266321182250977e-01,0.000000000000000000e+00,0.000000000000000000e+00
1.203238815069198608e-01,5.835165828466415405e-02,5.933146178722381592e-02,0.000000000000000000e+00,0.000000000000000000e+00,0.000000000000000000e+00
