# CPU,RAM,NetworkR,NetworkW,DiskW,DiskR
8.901344239711761475e-02,9.077832847833633423e-02,1.000000000000000000e+00,9.437946081161499023e-01,9.465648531913757324e-01,9.478558897972106934e-01
5.130618065595626831e-02,7.849777489900588989e-02,1.000000000000000000e+00,9.238793253898620605e-01,9.467915892601013184e-01,9.427443742752075195e-01
5.641134083271026611e-02,2.083612531423568726e-01,8.742728829383850098e-01,8.785461187362670898e-01,9.366576075553894043e-01,9.341152310371398926e-01
6.894840300083160400e-02,2.346108406782150269e-01,8.383103609085083008e-01,8.531789779663085938e-01,9.148250222206115723e-01,9.272271990776062012e-01
1.160712167620658875e-01,4.518886506557464600e-01,5.812405943870544434e-01,7.397506833076477051e-01,7.756183743476867676e-01,8.775349259376525879e-01
1.747692823410034180e-01,6.595074534416198730e-01,4.163704812526702881e-01,6.409640312194824219e-01,6.505618095397949219e-01,8.485776185989379883e-01
6.626550108194351196e-02,1.000000000000000000e+00,3.255130052566528320e-01,6.549988389015197754e-01,2.098785787820816040e-01,7.266575098037719727e-01
1.000000000000000000e+00,9.693790078163146973e-01,2.015195339918136597e-01,4.347903430461883545e-01,6.839898228645324707e-02,5.351548194885253906e-01
5.650327354669570923e-02,5.359495803713798523e-02,1.310628056526184082e-01,2.857329547405242920e-01,0.000000000000000000e+00,0.000000000000000000e+00
1.915508359670639038e-01,6.043920293450355530e-02,5.506408959627151489e-02,0.000000000000000000e+00,0.000000000000000000e+00,0.000000000000000000e+00
