# CPU,RAM,NetworkR,NetworkW,DiskW,DiskR
8.912628144025802612e-02,9.064534306526184082e-02,1.000000000000000000e+00,9.437932968139648438e-01,9.465688467025756836e-01,9.478540420532226562e-01
5.057210475206375122e-02,3.073034584522247314e-01,9.477784633636474609e-01,9.083945155143737793e-01,9.436364769935607910e-01,9.262983202934265137e-01
5.300993844866752625e-02,1.127519682049751282e-01,9.787994623184204102e-01,9.071077108383178711e-01,9.415029287338256836e-01,9.398577213287353516e-01
5.119820311665534973e-02,1.603324413299560547e-01,9.506880044937133789e-01,8.850933313369750977e-01,9.064456224441528320e-01,9.259439110755920410e-01
5.041797831654548645e-02,1.324751377105712891e-01,9.331950545310974121e-01,8.501099944114685059e-01,6.685829162597656250e-01,8.536286354064941406e-01
5.522020161151885986e-02,1.594956964254379272e-01,6.279142498970031738e-01,6.933286786079406738e-01,5.807839035987854004e-01,8.005167841911315918e-01
5.598426610231399536e-02,1.745269894599914551e-01,5.237267017364501953e-01,6.000318527221679688e-01,5.729147195816040039e-01,7.962036728858947754e-01
5.417143180966377258e-02,1.795423328876495361e-01,4.843688905239105225e-01,5.081475973129272461e-01,5.490496754646301270e-01,7.930819392204284668e-01
8.195639401674270630e-02,2.132938057184219360e-01,3.212277293205261230e-01,3.061774373054504395e-01,4.646012187004089355e-01,7.442892193794250488e-01
1.000000000000000000e+00,1.000000000000000000e+00,5.581576377153396606e-02,0.000000000000000000e+00,0.000000000000000000e+00,0.000000000000000000e+00
