# CPU,RAM,NetworkR,NetworkW,DiskW,DiskR
8.907535672187805176e-02,9.069389104843139648e-02,1.000000000000000000e+00,9.437937736511230469e-01,9.465672969818115234e-01,9.478546977043151855e-01
5.015897750854492188e-02,4.622425436973571777e-01,9.568551778793334961e-01,9.000577330589294434e-01,9.306722283363342285e-01,7.371183037757873535e-01
5.063668265938758850e-02,4.289858341217041016e-01,8.330033421516418457e-01,8.593618273735046387e-01,8.868861198425292969e-01,8.248155117034912109e-01
5.028667673468589783e-02,3.294699788093566895e-01,8.589391708374023438e-01,8.531255722045898438e-01,7.545726299285888672e-01,8.195273876190185547e-01
5.018444731831550598e-02,2.827839553356170654e-01,7.927510738372802734e-01,8.148899078369140625e-01,5.415862202644348145e-01,6.680529117584228516e-01
5.184832587838172913e-02,2.707264423370361328e-01,5.252324938774108887e-01,6.850335001945495605e-01,4.411279857158660889e-01,6.374699473381042480e-01
5.198035016655921936e-02,3.190530538558959961e-01,4.088107347488403320e-01,5.945680141448974609e-01,4.024715721607208252e-01,6.227115988731384277e-01
5.561807379126548767e-02,2.186776697635650635e-01,4.345249533653259277e-01,5.299259424209594727e-01,5.028578042984008789e-01,7.457805275917053223e-01
1.654607653617858887e-01,5.588733553886413574e-01,2.407450079917907715e-01,3.060280680656433105e-01,4.342899024486541748e-01,7.448231577873229980e-01
1.000000000000000000e+00,1.000000000000000000e+00,5.662798136472702026e-02,0.000000000000000000e+00,0.000000000000000000e+00,0.000000000000000000e+00
