# CPU,RAM,NetworkR,NetworkW,DiskW,DiskR
5.000000074505805969e-02,5.000000074505805969e-02,1.000000000000000000e+00,9.499999880790710449e-01,9.499999880790710449e-01,9.499999880790710449e-01
5.000000074505805969e-02,1.333333402872085571e-01,9.888760447502136230e-01,9.122580289840698242e-01,9.471631050109863281e-01,9.109517931938171387e-01
5.000000074505805969e-02,2.166666686534881592e-01,9.695737361907958984e-01,8.975120186805725098e-01,9.390071034431457520e-01,9.109517931938171387e-01
5.000000074505805969e-02,2.166666686534881592e-01,9.084497690200805664e-01,8.432051539421081543e-01,9.028368592262268066e-01,9.109517931938171387e-01
5.000000074505805969e-02,2.166666686534881592e-01,8.101286888122558594e-01,7.900675535202026367e-01,5.613475441932678223e-01,8.133313059806823730e-01
5.000000074505805969e-02,2.166666686534881592e-01,5.355735421180725098e-01,6.134402751922607422e-01,5.015071034431457520e-01,7.816046476364135742e-01
5.000000074505805969e-02,2.166666686534881592e-01,4.969689249992370605e-01,5.801156163215637207e-01,4.801418483257293701e-01,7.816046476364135742e-01
5.000000074505805969e-02,2.166666686534881592e-01,4.358449876308441162e-01,4.461673498153686523e-01,4.534574449062347412e-01,7.816046476364135742e-01
1.500000059604644775e-01,3.000000119209289551e-01,3.139992058277130127e-01,2.947447001934051514e-01,4.169326126575469971e-01,7.718425989151000977e-01
1.000000000000000000e+00,1.000000000000000000e+00,5.000000074505805969e-02,0.000000000000000000e+00,0.000000000000000000e+00,0.000000000000000000e+00
