# CPU,RAM,NetworkR,NetworkW,DiskW,DiskR
8.908629417419433594e-02,9.073360264301300049e-02,1.000000000000000000e+00,9.437934756278991699e-01,9.465661048889160156e-01,9.478550553321838379e-01
5.016081780195236206e-02,5.769435763359069824e-01,9.422758221626281738e-01,8.963860273361206055e-01,9.254869222640991211e-01,7.082465291023254395e-01
5.140647664666175842e-02,3.167604804039001465e-01,8.479137420654296875e-01,8.650988340377807617e-01,9.048063158988952637e-01,8.690521121025085449e-01
5.030186474323272705e-02,3.329635858535766602e-01,8.616538047790527344e-01,8.560619950294494629e-01,7.721722722053527832e-01,8.379184007644653320e-01
5.016675591468811035e-02,2.751512825489044189e-01,8.137924075126647949e-01,8.216611742973327637e-01,5.466694235801696777e-01,6.757100224494934082e-01
5.157647281885147095e-02,2.718433737754821777e-01,5.268268585205078125e-01,6.866510510444641113e-01,4.317097961902618408e-01,6.218572258949279785e-01
5.175577104091644287e-02,3.655635118484497070e-01,3.795863389968872070e-01,5.800356268882751465e-01,3.696935176849365234e-01,5.727680921554565430e-01
5.492452532052993774e-02,2.374904304742813110e-01,4.176656901836395264e-01,5.210689902305603027e-01,4.778819978237152100e-01,7.236075997352600098e-01
1.663093566894531250e-01,4.917670786380767822e-01,2.655871212482452393e-01,3.212243616580963135e-01,4.899415075778961182e-01,7.706087827682495117e-01
1.000000000000000000e+00,1.000000000000000000e+00,5.704350396990776062e-02,0.000000000000000000e+00,0.000000000000000000e+00,0.000000000000000000e+00
