# CPU,RAM,NetworkR,NetworkW,DiskW,DiskR
8.904734998941421509e-02,9.077054262161254883e-02,1.000000000000000000e+00,9.437945485115051270e-01,9.465652704238891602e-01,9.478558301925659180e-01
5.127988010644912720e-02,8.254062384366989136e-02,9.985634684562683105e-01,9.228578209877014160e-01,9.467328190803527832e-01,9.424381256103515625e-01
5.229629203677177429e-02,1.382668912410736084e-01,9.479891061782836914e-01,8.980879187583923340e-01,9.386138319969177246e-01,9.372730255126953125e-01
5.266857519745826721e-02,1.512086242437362671e-01,9.312182664871215820e-01,8.781942725181579590e-01,9.053457379341125488e-01,9.260669946670532227e-01
5.163124576210975647e-02,1.618230491876602173e-01,8.275515437126159668e-01,8.085495829582214355e-01,6.383578777313232422e-01,8.380280137062072754e-01
6.511187553405761719e-02,2.369063198566436768e-01,4.903593063354492188e-01,6.365736126899719238e-01,5.490435957908630371e-01,7.759297490119934082e-01
6.809262931346893311e-02,2.134791165590286255e-01,3.965682089328765869e-01,5.344688296318054199e-01,4.804567992687225342e-01,7.345725297927856445e-01
6.006089970469474792e-02,1.731005907058715820e-01,4.049822390079498291e-01,4.720382988452911377e-01,5.265014767646789551e-01,7.749924063682556152e-01
8.702330291271209717e-02,1.721350997686386108e-01,3.167983293533325195e-01,3.125287890434265137e-01,4.788410067558288574e-01,7.573015093803405762e-01
1.000000000000000000e+00,1.000000000000000000e+00,5.491738766431808472e-02,0.000000000000000000e+00,0.000000000000000000e+00,0.000000000000000000e+00
