# CPU,RAM,NetworkR,NetworkW,DiskW,DiskR
8.913346379995346069e-02,9.073781967163085938e-02,1.000000000000000000e+00,9.437938928604125977e-01,9.465665221214294434e-01,9.478554129600524902e-01
5.029269307851791382e-02,4.374167323112487793e-01,9.476659893989562988e-01,9.038093090057373047e-01,9.386244416236877441e-01,8.763219118118286133e-01
5.194346979260444641e-02,2.091489881277084351e-01,9.173362851142883301e-01,8.865182399749755859e-01,9.304755926132202148e-01,9.217367172241210938e-01
5.057077482342720032e-02,2.434902936220169067e-01,9.154766201972961426e-01,8.724238872528076172e-01,8.564271330833435059e-01,9.013518095016479492e-01
5.019762739539146423e-02,1.892485022544860840e-01,8.990451693534851074e-01,8.431177139282226562e-01,5.966541767120361328e-01,7.829418778419494629e-01
5.217048898339271545e-02,2.207843810319900513e-01,5.896818041801452637e-01,6.976284980773925781e-01,5.042091012001037598e-01,7.322889566421508789e-01
5.219889804720878601e-02,3.007045686244964600e-01,4.541172087192535400e-01,5.978861451148986816e-01,4.602576494216918945e-01,7.036620974540710449e-01
5.257179588079452515e-02,1.975628137588500977e-01,4.884362816810607910e-01,5.405684709548950195e-01,5.013923048973083496e-01,7.534794211387634277e-01
9.606634080410003662e-02,3.805680871009826660e-01,2.675395309925079346e-01,2.998659014701843262e-01,4.133077561855316162e-01,7.086266875267028809e-01
1.000000000000000000e+00,1.000000000000000000e+00,5.689093843102455139e-02,0.000000000000000000e+00,0.000000000000000000e+00,0.000000000000000000e+00
