# CPU,RAM,NetworkR,NetworkW,DiskW,DiskR
8.913023769855499268e-02,9.048026800155639648e-02,1.000000000000000000e+00,9.437925815582275391e-01,9.465733170509338379e-01,9.478518366813659668e-01
5.126500129699707031e-02,9.192763268947601318e-02,9.910667538642883301e-01,9.208115339279174805e-01,9.466383457183837891e-01,9.418901205062866211e-01
5.194977670907974243e-02,1.738156229257583618e-01,9.327905774116516113e-01,8.942226171493530273e-01,9.369270205497741699e-01,9.358686208724975586e-01
5.253153666853904724e-02,1.469136625528335571e-01,9.422957897186279297e-01,8.829694986343383789e-01,9.097071290016174316e-01,9.284480810165405273e-01
5.115883797407150269e-02,1.413031667470932007e-01,8.788502812385559082e-01,8.296208381652832031e-01,6.722396016120910645e-01,8.564336895942687988e-01
6.110009551048278809e-02,1.785949766635894775e-01,5.780297517776489258e-01,6.762118935585021973e-01,5.995699167251586914e-01,8.086447715759277344e-01
7.223828881978988647e-02,1.616562902927398682e-01,4.917632639408111572e-01,5.802233219146728516e-01,5.978810191154479980e-01,8.090624809265136719e-01
8.054407685995101929e-02,2.018323689699172974e-01,3.987788856029510498e-01,4.569939970970153809e-01,5.987159013748168945e-01,8.181105256080627441e-01
1.243216246366500854e-01,1.624473333358764648e-01,3.659634292125701904e-01,3.410480618476867676e-01,6.104465723037719727e-01,8.333879709243774414e-01
1.000000000000000000e+00,1.000000000000000000e+00,5.435852333903312683e-02,0.000000000000000000e+00,0.000000000000000000e+00,0.000000000000000000e+00
