# CPU,RAM,NetworkR,NetworkW,DiskW,DiskR
8.894576132297515869e-02,9.062475711107254028e-02,1.000000000000000000e+00,9.437940716743469238e-01,9.465686082839965820e-01,9.478536844253540039e-01
5.130712315440177917e-02,7.986486703157424927e-02,1.000000000000000000e+00,9.234788417816162109e-01,9.467722773551940918e-01,9.426301717758178711e-01
5.207268521189689636e-02,1.627384573221206665e-01,9.313448667526245117e-01,8.933734297752380371e-01,9.365926384925842285e-01,9.351946115493774414e-01
5.287523940205574036e-02,1.628626883029937744e-01,9.205745458602905273e-01,8.747375011444091797e-01,9.015483260154724121e-01,9.243927001953125000e-01
5.146534740924835205e-02,1.764088273048400879e-01,8.137592077255249023e-01,8.052040338516235352e-01,6.206720471382141113e-01,8.273912072181701660e-01
6.192898005247116089e-02,2.538706362247467041e-01,4.903970956802368164e-01,6.418800354003906250e-01,5.408953428268432617e-01,7.705425024032592773e-01
6.334602832794189453e-02,1.982809305191040039e-01,4.329119622707366943e-01,5.595617294311523438e-01,4.984124302864074707e-01,7.480326890945434570e-01
5.796085670590400696e-02,1.803641170263290405e-01,4.269996583461761475e-01,4.895401000976562500e-01,5.397190451622009277e-01,7.853278517723083496e-01
9.309852123260498047e-02,2.005117535591125488e-01,3.114651441574096680e-01,3.107425868511199951e-01,4.792037904262542725e-01,7.603559494018554688e-01
1.000000000000000000e+00,1.000000000000000000e+00,5.513872578740119934e-02,0.000000000000000000e+00,0.000000000000000000e+00,0.000000000000000000e+00
