# CPU,RAM,NetworkR,NetworkW,DiskW,DiskR
8.904346078634262085e-02,9.050392359495162964e-02,1.000000000000000000e+00,9.437897801399230957e-01,9.465708732604980469e-01,9.478508234024047852e-01
5.102361738681793213e-02,8.954086154699325562e-02,9.959067106246948242e-01,9.219896197319030762e-01,9.465159177780151367e-01,9.415112733840942383e-01
5.178525298833847046e-02,1.980777382850646973e-01,9.186691045761108398e-01,8.896589875221252441e-01,9.343582391738891602e-01,9.330903291702270508e-01
5.270937457680702209e-02,2.125514596700668335e-01,8.855127692222595215e-01,8.625348210334777832e-01,8.833271861076354980e-01,9.164419770240783691e-01
5.122114345431327820e-02,1.748964041471481323e-01,8.295679092407226562e-01,8.149247765541076660e-01,6.362917423248291016e-01,8.356903195381164551e-01
5.929623916745185852e-02,3.249917924404144287e-01,5.127255916595458984e-01,6.646389961242675781e-01,6.016423702239990234e-01,8.055921196937561035e-01
5.924629047513008118e-02,1.515110135078430176e-01,5.684931874275207520e-01,6.336650252342224121e-01,5.882183313369750977e-01,8.097754716873168945e-01
5.614394694566726685e-02,2.136245518922805786e-01,4.450721442699432373e-01,5.061634182929992676e-01,5.423234105110168457e-01,7.912608385086059570e-01
1.126658171415328979e-01,2.898081541061401367e-01,2.964375019073486328e-01,3.073972463607788086e-01,4.889641106128692627e-01,7.703829407691955566e-01
1.000000000000000000e+00,1.000000000000000000e+00,5.511667206883430481e-02,0.000000000000000000e+00,0.000000000000000000e+00,0.000000000000000000e+00
