# CPU,RAM,NetworkR,NetworkW,DiskW,DiskR
8.901438117027282715e-02,9.070491790771484375e-02,1.000000000000000000e+00,9.437941908836364746e-01,9.465668201446533203e-01,9.478548169136047363e-01
5.025494098663330078e-02,4.417839646339416504e-01,9.482247829437255859e-01,9.025820493698120117e-01,9.367536306381225586e-01,8.529867529869079590e-01
5.210605263710021973e-02,2.119098007678985596e-01,9.067279696464538574e-01,8.827562928199768066e-01,9.280385971069335938e-01,9.161385297775268555e-01
5.051875859498977661e-02,2.691843509674072266e-01,8.947414755821228027e-01,8.652564883232116699e-01,8.316727876663208008e-01,8.876223564147949219e-01
5.021595954895019531e-02,2.079778164625167847e-01,8.650692105293273926e-01,8.323338031768798828e-01,5.679593086242675781e-01,7.519115209579467773e-01
5.262126773595809937e-02,2.268079966306686401e-01,5.572311878204345703e-01,6.860985755920410156e-01,4.806246161460876465e-01,7.079094052314758301e-01
5.226851254701614380e-02,2.858504354953765869e-01,4.444658458232879639e-01,5.978810191154479980e-01,4.515288472175598145e-01,6.925271153450012207e-01
5.327923968434333801e-02,2.172646224498748779e-01,4.564025700092315674e-01,5.282570123672485352e-01,4.956999421119689941e-01,7.486330270767211914e-01
1.047906503081321716e-01,3.880900442600250244e-01,2.617804706096649170e-01,3.006325066089630127e-01,4.172245860099792480e-01,7.129365801811218262e-01
1.000000000000000000e+00,1.000000000000000000e+00,5.650974810123443604e-02,0.000000000000000000e+00,0.000000000000000000e+00,0.000000000000000000e+00
