# CPU,RAM,NetworkR,NetworkW,DiskW,DiskR
8.917809277772903442e-02,9.061747789382934570e-02,1.000000000000000000e+00,9.437928199768066406e-01,9.465697407722473145e-01,9.478536844253540039e-01
5.122617632150650024e-02,1.022454947233200073e-01,9.845023751258850098e-01,9.190490245819091797e-01,9.464914798736572266e-01,9.412500262260437012e-01
5.404680967330932617e-02,1.228755190968513489e-01,9.568520188331604004e-01,9.010394215583801270e-01,9.415601491928100586e-01,9.401081204414367676e-01
5.843519419431686401e-02,2.038822621107101440e-01,8.728457093238830566e-01,8.610150814056396484e-01,9.136990904808044434e-01,9.267147779464721680e-01
9.568361192941665649e-02,3.667660355567932129e-01,6.092138290405273438e-01,7.382768988609313965e-01,7.602832913398742676e-01,8.693004250526428223e-01
2.242827713489532471e-01,7.162019014358520508e-01,3.914619386196136475e-01,6.143153309822082520e-01,6.199722290039062500e-01,8.433917164802551270e-01
8.497518301010131836e-02,1.000000000000000000e+00,3.276273310184478760e-01,6.258339285850524902e-01,2.769191265106201172e-01,8.371657133102416992e-01
1.000000000000000000e+00,1.000000000000000000e+00,1.947399377822875977e-01,4.251609742641448975e-01,5.856622382998466492e-02,6.765505075454711914e-01
5.335725471377372742e-02,5.552636831998825073e-02,1.057309508323669434e-01,2.748113572597503662e-01,0.000000000000000000e+00,0.000000000000000000e+00
1.739774644374847412e-01,5.984300002455711365e-02,5.477647110819816589e-02,0.000000000000000000e+00,0.000000000000000000e+00,0.000000000000000000e+00
