# CPU,RAM,NetworkR,NetworkW,DiskW,DiskR
5.000000074505805969e-02,2.500000000000000000e-01,1.000000000000000000e+00,9.499999880790710449e-01,9.499999880790710449e-01,9.499999880790710449e-01
5.000000074505805969e-02,3.499999940395355225e-01,9.071428775787353516e-01,8.978694677352905273e-01,9.389865398406982422e-01,9.353147745132446289e-01
5.000000074505805969e-02,3.499999940395355225e-01,7.642857432365417480e-01,8.552584052085876465e-01,8.965143561363220215e-01,9.353147745132446289e-01
5.000000074505805969e-02,4.499999880790710449e-01,6.622449159622192383e-01,7.825022935867309570e-01,8.670474290847778320e-01,9.353147745132446289e-01
5.000000074505805969e-02,4.499999880790710449e-01,5.806122422218322754e-01,7.417044639587402344e-01,6.798183917999267578e-01,8.156732320785522461e-01
1.349315047264099121e-01,5.500000119209289551e-01,4.581632614135742188e-01,6.927470564842224121e-01,6.214118599891662598e-01,7.983965277671813965e-01
5.000000074505805969e-02,1.000000000000000000e+00,3.357142806053161621e-01,6.271683573722839355e-01,3.277972936630249023e-01,7.618993520736694336e-01
1.000000000000000000e+00,1.000000000000000000e+00,2.540816366672515869e-01,4.699456095695495605e-01,1.176625639200210571e-01,6.639617681503295898e-01
5.000000074505805969e-02,5.000000074505805969e-02,1.316326558589935303e-01,2.912662327289581299e-01,0.000000000000000000e+00,0.000000000000000000e+00
1.239726021885871887e-01,5.000000074505805969e-02,5.000000074505805969e-02,0.000000000000000000e+00,0.000000000000000000e+00,0.000000000000000000e+00
