# CPU,RAM,NetworkR,NetworkW,DiskW,DiskR
8.911871910095214844e-02,9.078349173069000244e-02,1.000000000000000000e+00,9.437938332557678223e-01,9.465650320053100586e-01,9.478558897972106934e-01
5.105231702327728271e-02,1.402499675750732422e-01,9.688639640808105469e-01,9.150131344795227051e-01,9.459901452064514160e-01,9.391251206398010254e-01
5.292298272252082825e-02,1.103395223617553711e-01,9.770431518554687500e-01,9.072465300559997559e-01,9.417987465858459473e-01,9.410352706909179688e-01
5.175827443599700928e-02,1.433034986257553101e-01,9.504705667495727539e-01,8.851410150527954102e-01,9.104828238487243652e-01,9.285302162170410156e-01
5.089692771434783936e-02,1.367398649454116821e-01,8.935596942901611328e-01,8.318151235580444336e-01,6.629577279090881348e-01,8.534430265426635742e-01
6.103151664137840271e-02,1.730728000402450562e-01,5.573595166206359863e-01,6.575731039047241211e-01,5.596222877502441406e-01,7.869436144828796387e-01
6.383999437093734741e-02,1.679146587848663330e-01,4.554386138916015625e-01,5.565887093544006348e-01,5.337707996368408203e-01,7.712703347206115723e-01
6.095043942332267761e-02,1.886029392480850220e-01,3.994816541671752930e-01,4.549014568328857422e-01,5.326282978057861328e-01,7.805212736129760742e-01
8.947271108627319336e-02,1.639322787523269653e-01,3.288590610027313232e-01,3.100414276123046875e-01,5.037974119186401367e-01,7.707701921463012695e-01
1.000000000000000000e+00,1.000000000000000000e+00,5.470891296863555908e-02,0.000000000000000000e+00,0.000000000000000000e+00,0.000000000000000000e+00
