# CPU,RAM,NetworkR,NetworkW,DiskW,DiskR
8.908761292695999146e-02,9.079515933990478516e-02,1.000000000000000000e+00,9.437945485115051270e-01,9.465647935867309570e-01,9.478562474250793457e-01
5.142189189791679382e-02,6.672222167253494263e-02,1.000000000000000000e+00,9.278822541236877441e-01,9.470137953758239746e-01,9.438967108726501465e-01
6.250089406967163086e-02,3.069142997264862061e-01,7.918996810913085938e-01,8.580623269081115723e-01,9.310477375984191895e-01,9.284244179725646973e-01
1.764745563268661499e-01,6.878371834754943848e-01,5.690127015113830566e-01,7.703323364257812500e-01,8.304616212844848633e-01,8.992335796356201172e-01
2.015438377857208252e-01,6.425874233245849609e-01,4.561814069747924805e-01,7.021685242652893066e-01,6.842374801635742188e-01,8.559678196907043457e-01
9.807889908552169800e-02,6.291674971580505371e-01,4.012893438339233398e-01,6.603814959526062012e-01,6.124752759933471680e-01,8.340048193931579590e-01
5.277856066823005676e-02,1.000000000000000000e+00,3.839017152786254883e-01,7.049609422683715820e-01,2.933968007564544678e-01,8.242347240447998047e-01
1.000000000000000000e+00,1.000000000000000000e+00,2.491489201784133911e-01,5.242211222648620605e-01,9.517590701580047607e-02,8.071526288986206055e-01
5.099446699023246765e-02,6.344319134950637817e-02,1.110565215349197388e-01,3.184578120708465576e-01,0.000000000000000000e+00,0.000000000000000000e+00
9.986765682697296143e-02,6.672000139951705933e-02,5.593380704522132874e-02,0.000000000000000000e+00,0.000000000000000000e+00,0.000000000000000000e+00
