# CPU,RAM,NetworkR,NetworkW,DiskW,DiskR
8.910904079675674438e-02,9.073506295680999756e-02,1.000000000000000000e+00,9.437933564186096191e-01,9.465662240982055664e-01,9.478551149368286133e-01
5.109378322958946228e-02,1.219461709260940552e-01,9.758197665214538574e-01,9.167581200599670410e-01,9.462039470672607422e-01,9.400165081024169922e-01
5.263578146696090698e-02,1.087637916207313538e-01,9.784829616546630859e-01,9.076919555664062500e-01,9.416918158531188965e-01,9.409363269805908203e-01
5.176399275660514832e-02,1.473988145589828491e-01,9.455482959747314453e-01,8.828179240226745605e-01,9.073861837387084961e-01,9.270616769790649414e-01
5.099629610776901245e-02,1.402000039815902710e-01,8.808670043945312500e-01,8.263504505157470703e-01,6.511373519897460938e-01,8.479930162429809570e-01
6.264144927263259888e-02,1.930787563323974609e-01,5.286574959754943848e-01,6.457073092460632324e-01,5.559468269348144531e-01,7.820852398872375488e-01
6.335918605327606201e-02,1.826629787683486938e-01,4.356244802474975586e-01,5.486886501312255859e-01,5.126719474792480469e-01,7.567910552024841309e-01
5.647824704647064209e-02,1.753468364477157593e-01,4.200702309608459473e-01,4.727770090103149414e-01,5.181307196617126465e-01,7.710951566696166992e-01
7.416407763957977295e-02,1.654295027256011963e-01,3.251318931579589844e-01,3.103204965591430664e-01,4.537787139415740967e-01,7.351302504539489746e-01
1.000000000000000000e+00,1.000000000000000000e+00,5.539769306778907776e-02,0.000000000000000000e+00,0.000000000000000000e+00,0.000000000000000000e+00
