# CPU,RAM,NetworkR,NetworkW,DiskW,DiskR
8.915784209966659546e-02,9.077262878417968750e-02,1.000000000000000000e+00,9.437932968139648438e-01,9.465653300285339355e-01,9.478556513786315918e-01
5.125596374273300171e-02,9.242441505193710327e-02,9.907680749893188477e-01,9.206876754760742188e-01,9.465966224670410156e-01,9.417722225189208984e-01
5.712460353970527649e-02,1.955098360776901245e-01,8.904262185096740723e-01,8.828669786453247070e-01,9.386283755302429199e-01,9.363148212432861328e-01
7.219919562339782715e-02,2.831395268440246582e-01,8.132752776145935059e-01,8.461400270462036133e-01,9.127492904663085938e-01,9.260206222534179688e-01
1.814279556274414062e-01,6.522934436798095703e-01,5.223187804222106934e-01,7.207823991775512695e-01,7.594587206840515137e-01,8.791819214820861816e-01
1.163772717118263245e-01,6.354386806488037109e-01,3.928465545177459717e-01,6.336272358894348145e-01,5.713536143302917480e-01,8.149441480636596680e-01
5.326497927308082581e-02,1.000000000000000000e+00,3.623242974281311035e-01,6.730319857597351074e-01,2.954270541667938232e-01,8.130726218223571777e-01
1.000000000000000000e+00,9.989636540412902832e-01,2.271460592746734619e-01,4.732199907302856445e-01,8.377724885940551758e-02,5.750520825386047363e-01
5.500864610075950623e-02,5.439784750342369080e-02,1.389278024435043335e-01,3.033685386180877686e-01,0.000000000000000000e+00,0.000000000000000000e+00
1.960874199867248535e-01,6.439404189586639404e-02,5.437967926263809204e-02,0.000000000000000000e+00,0.000000000000000000e+00,0.000000000000000000e+00
