# CPU,RAM,NetworkR,NetworkW,DiskW,DiskR
8.909139037132263184e-02,9.083931893110275269e-02,1.000000000000000000e+00,9.437942504882812500e-01,9.465634226799011230e-01,9.478566050529479980e-01
5.097705870866775513e-02,1.618386209011077881e-01,9.630345702171325684e-01,9.135203361511230469e-01,9.457212090492248535e-01,9.379795193672180176e-01
5.262260884046554565e-02,1.057594418525695801e-01,9.835735559463500977e-01,9.093538522720336914e-01,9.418715834617614746e-01,9.413009285926818848e-01
5.131273716688156128e-02,1.356342136859893799e-01,9.619942903518676758e-01,8.888733386993408203e-01,9.092251062393188477e-01,9.284957051277160645e-01
5.077144876122474670e-02,1.262737959623336792e-01,9.090017080307006836e-01,8.368970751762390137e-01,6.598011255264282227e-01,8.543907999992370605e-01
6.139207631349563599e-02,1.534206271171569824e-01,5.787848234176635742e-01,6.639218330383300781e-01,5.754217505455017090e-01,7.970657348632812500e-01
6.532505154609680176e-02,1.708169132471084595e-01,4.476259648799896240e-01,5.490661263465881348e-01,5.423009395599365234e-01,7.760306000709533691e-01
5.799112096428871155e-02,1.848248988389968872e-01,3.979129791259765625e-01,4.537194967269897461e-01,5.078505277633666992e-01,7.643889188766479492e-01
7.441977411508560181e-02,1.574131846427917480e-01,3.165394067764282227e-01,3.024092018604278564e-01,4.446467161178588867e-01,7.231546044349670410e-01
1.000000000000000000e+00,1.000000000000000000e+00,5.499253794550895691e-02,0.000000000000000000e+00,0.000000000000000000e+00,0.000000000000000000e+00
