# CPU,RAM,NetworkR,NetworkW,DiskW,DiskR
8.907346427440643311e-02,9.051834791898727417e-02,1.000000000000000000e+00,9.437914490699768066e-01,9.465713500976562500e-01,9.478517174720764160e-01
5.017039552330970764e-02,4.901662170886993408e-01,9.539610743522644043e-01,9.001097083091735840e-01,9.316089153289794922e-01,7.580149769783020020e-01
5.051205679774284363e-02,4.986882507801055908e-01,8.211168050765991211e-01,8.558284044265747070e-01,8.740449547767639160e-01,8.056001067161560059e-01
5.020861327648162842e-02,3.759718835353851318e-01,8.512827754020690918e-01,8.500156402587890625e-01,7.319642305374145508e-01,7.873104214668273926e-01
5.014656111598014832e-02,3.448291718959808350e-01,7.752658724784851074e-01,8.089790344238281250e-01,5.415946245193481445e-01,6.288826465606689453e-01
5.128850415349006653e-02,2.884714901447296143e-01,5.422946214675903320e-01,6.920440196990966797e-01,4.379580914974212646e-01,6.146442294120788574e-01
5.180957913398742676e-02,2.909044921398162842e-01,4.452630579471588135e-01,6.091551780700683594e-01,4.222407937049865723e-01,6.433345079421997070e-01
5.625303089618682861e-02,2.158450335264205933e-01,4.564138054847717285e-01,5.394768118858337402e-01,5.381587743759155273e-01,7.698305249214172363e-01
2.152347862720489502e-01,6.318900585174560547e-01,2.679855823516845703e-01,3.274625837802886963e-01,5.258726477622985840e-01,8.070217967033386230e-01
1.000000000000000000e+00,1.000000000000000000e+00,5.664091929793357849e-02,0.000000000000000000e+00,0.000000000000000000e+00,0.000000000000000000e+00
