# CPU,RAM,NetworkR,NetworkW,DiskW,DiskR
5.000000074505805969e-02,5.000000074505805969e-02,1.000000000000000000e+00,9.499999880790710449e-01,9.499999880790710449e-01,9.499999880790710449e-01
5.000000074505805969e-02,5.000000074505805969e-02,1.000000000000000000e+00,9.307140707969665527e-01,9.475781321525573730e-01,9.127690792083740234e-01
5.000000074505805969e-02,1.333333402872085571e-01,9.741975665092468262e-01,9.036850929260253906e-01,9.469726681709289551e-01,9.127690792083740234e-01
5.000000074505805969e-02,1.333333402872085571e-01,9.438765645027160645e-01,8.661170005798339844e-01,9.384961724281311035e-01,9.127690792083740234e-01
5.000000074505805969e-02,1.333333402872085571e-01,9.211358428001403809e-01,8.498422503471374512e-01,8.217929601669311523e-01,8.289994001388549805e-01
5.000000074505805969e-02,1.333333402872085571e-01,5.386888384819030762e-01,6.366217136383056641e-01,6.002686619758605957e-01,7.987492680549621582e-01
5.000000074505805969e-02,1.333333402872085571e-01,5.007876157760620117e-01,6.028534770011901855e-01,5.856618285179138184e-01,7.987492680549621582e-01
5.000000074505805969e-02,1.333333402872085571e-01,4.628864228725433350e-01,4.743762612342834473e-01,5.622757673263549805e-01,7.987492680549621582e-01
5.000000074505805969e-02,2.166666686534881592e-01,2.859351038932800293e-01,2.889016270637512207e-01,5.310943722724914551e-01,7.894415259361267090e-01
1.000000000000000000e+00,1.000000000000000000e+00,5.000000074505805969e-02,0.000000000000000000e+00,0.000000000000000000e+00,0.000000000000000000e+00
