# CPU,RAM,NetworkR,NetworkW,DiskW,DiskR
8.911193907260894775e-02,9.073911607265472412e-02,1.000000000000000000e+00,9.437937140464782715e-01,9.465662240982055664e-01,9.478552937507629395e-01
5.129153653979301453e-02,9.278645366430282593e-02,9.900850653648376465e-01,9.205006361007690430e-01,9.466003775596618652e-01,9.417770504951477051e-01
6.139244139194488525e-02,3.122118115425109863e-01,8.279892802238464355e-01,8.680581450462341309e-01,9.351572394371032715e-01,9.334850311279296875e-01
8.430150151252746582e-02,7.036927938461303711e-01,5.942302942276000977e-01,7.824948430061340332e-01,8.119072318077087402e-01,8.943733572959899902e-01
8.783517777919769287e-02,3.664791285991668701e-01,6.136990785598754883e-01,7.647052407264709473e-01,7.780707478523254395e-01,8.807986378669738770e-01
8.842262625694274902e-02,5.434896349906921387e-01,4.541958570480346680e-01,6.749476194381713867e-01,6.542191505432128906e-01,8.431360721588134766e-01
5.244599282741546631e-02,1.000000000000000000e+00,4.175103008747100830e-01,7.059583067893981934e-01,3.607373833656311035e-01,8.537041544914245605e-01
1.000000000000000000e+00,1.000000000000000000e+00,2.641002833843231201e-01,5.253023505210876465e-01,9.817482531070709229e-02,6.763855218887329102e-01
5.300380289554595947e-02,5.481317266821861267e-02,1.509846448898315430e-01,3.317558467388153076e-01,0.000000000000000000e+00,0.000000000000000000e+00
1.440254747867584229e-01,6.063465029001235962e-02,5.639280378818511963e-02,0.000000000000000000e+00,0.000000000000000000e+00,0.000000000000000000e+00
