# CPU,RAM,NetworkR,NetworkW,DiskW,DiskR
0.000000000000000000e+00,0.000000000000000000e+00,9.469682574272155762e-01,1.000000000000000000e+00,1.000000000000000000e+00,1.000000000000000000e+00
0.000000000000000000e+00,4.023348987102508545e-01,8.594521284103393555e-01,9.933180212974548340e-01,1.000000000000000000e+00,5.387225747108459473e-01
0.000000000000000000e+00,6.620352864265441895e-01,6.827512383460998535e-01,9.305350184440612793e-01,8.812910914421081543e-01,3.336426913738250732e-01
5.008114874362945557e-02,7.197270989418029785e-01,6.804136633872985840e-01,7.938886880874633789e-01,6.323612928390502930e-01,2.245157063007354736e-01
5.009938403964042664e-02,7.402568459510803223e-01,5.267492532730102539e-01,7.321122288703918457e-01,4.787665903568267822e-01,1.806096434593200684e-01
5.027064681053161621e-02,5.918375253677368164e-01,3.381748795509338379e-01,6.079425811767578125e-01,3.125998079776763916e-01,6.323069334030151367e-02
5.071892216801643372e-02,4.837135970592498779e-01,2.588070333003997803e-01,4.697043001651763916e-01,2.195571213960647583e-01,6.301505863666534424e-02
7.660722732543945312e-02,5.131142139434814453e-01,3.120266497135162354e-01,4.143084883689880371e-01,4.190761744976043701e-01,6.287826895713806152e-01
6.370669007301330566e-01,9.593992233276367188e-01,3.452491462230682373e-01,3.806118667125701904e-01,7.197539210319519043e-01,8.924722075462341309e-01
1.000000000000000000e+00,1.000000000000000000e+00,6.173182651400566101e-02,0.000000000000000000e+00,0.000000000000000000e+00,0.000000000000000000e+00
