# CPU,RAM,NetworkR,NetworkW,DiskW,DiskR
8.911655843257904053e-02,9.067807346582412720e-02,1.000000000000000000e+00,9.437927007675170898e-01,9.465675354003906250e-01,9.478542208671569824e-01
5.027852952480316162e-02,3.251360058784484863e-01,9.622456431388854980e-01,9.071361422538757324e-01,9.404144287109375000e-01,8.842579126358032227e-01
5.157778412103652954e-02,2.301264405250549316e-01,9.118725657463073730e-01,8.845621347427368164e-01,9.294371008872985840e-01,9.185035228729248047e-01
5.066096782684326172e-02,2.429077774286270142e-01,9.079327583312988281e-01,8.690149188041687012e-01,8.511534333229064941e-01,8.989012241363525391e-01
5.025643482804298401e-02,1.848247945308685303e-01,8.826767206192016602e-01,8.369542956352233887e-01,5.890706181526184082e-01,7.844023704528808594e-01
5.333909764885902405e-02,2.200612574815750122e-01,5.768935680389404297e-01,6.916772127151489258e-01,5.290039181709289551e-01,7.540842890739440918e-01
5.288460105657577515e-02,2.396270930767059326e-01,5.027884244918823242e-01,6.212091445922851562e-01,5.231258273124694824e-01,7.592128515243530273e-01
5.267455056309700012e-02,1.974088400602340698e-01,4.930095076560974121e-01,5.431925058364868164e-01,5.096051096916198730e-01,7.642747759819030762e-01
8.564291149377822876e-02,3.547891974449157715e-01,2.653274238109588623e-01,2.995966970920562744e-01,3.867920339107513428e-01,6.824697256088256836e-01
1.000000000000000000e+00,1.000000000000000000e+00,5.682353675365447998e-02,0.000000000000000000e+00,0.000000000000000000e+00,0.000000000000000000e+00
