# CPU,RAM,NetworkR,NetworkW,DiskW,DiskR
8.915992826223373413e-02,9.076997637748718262e-02,1.000000000000000000e+00,9.437933564186096191e-01,9.465654492378234863e-01,9.478556513786315918e-01
5.113545432686805725e-02,1.295301616191864014e-01,9.717159271240234375e-01,9.157730937004089355e-01,9.461433887481689453e-01,9.398001432418823242e-01
5.523445829749107361e-02,1.796594113111495972e-01,9.167646169662475586e-01,8.899885416030883789e-01,9.393373727798461914e-01,9.377949237823486328e-01
5.306616052985191345e-02,1.422540694475173950e-01,9.473128914833068848e-01,8.875644207000732422e-01,9.200199842453002930e-01,9.330891966819763184e-01
5.236069113016128540e-02,1.498166173696517944e-01,8.619165420532226562e-01,8.255627155303955078e-01,7.395757436752319336e-01,8.769310712814331055e-01
9.134299308061599731e-02,1.388065516948699951e-01,6.178917884826660156e-01,6.838329434394836426e-01,6.670833230018615723e-01,8.389873504638671875e-01
1.823614686727523804e-01,1.000000000000000000e+00,3.222385048866271973e-01,5.467321872711181641e-01,4.702693223953247070e-01,8.656386733055114746e-01
1.000000000000000000e+00,1.000000000000000000e+00,1.477242410182952881e-01,2.846162021160125732e-01,4.679773002862930298e-02,3.974269330501556396e-01
5.691921710968017578e-02,5.148467421531677246e-02,1.123441010713577271e-01,2.486166507005691528e-01,0.000000000000000000e+00,0.000000000000000000e+00
1.977322101593017578e-01,5.628672242164611816e-02,5.676526203751564026e-02,0.000000000000000000e+00,0.000000000000000000e+00,0.000000000000000000e+00
