# CPU,RAM,NetworkR,NetworkW,DiskW,DiskR
8.901673555374145508e-02,9.056856483221054077e-02,1.000000000000000000e+00,9.437928199768066406e-01,9.465701580047607422e-01,9.478526711463928223e-01
5.027546733617782593e-02,2.794309854507446289e-01,9.697173237800598145e-01,9.091675877571105957e-01,9.413765072822570801e-01,8.906876444816589355e-01
5.052938684821128845e-02,4.255414903163909912e-01,8.679252266883850098e-01,8.703303337097167969e-01,9.026442170143127441e-01,8.815246224403381348e-01
5.028764158487319946e-02,3.287968337535858154e-01,8.802707791328430176e-01,8.570131063461303711e-01,7.661042213439941406e-01,8.459687232971191406e-01
5.016613379120826721e-02,2.710259258747100830e-01,8.173987269401550293e-01,8.171908259391784668e-01,5.394260883331298828e-01,6.864854097366333008e-01
5.176639929413795471e-02,2.536186873912811279e-01,5.525064468383789062e-01,6.860426068305969238e-01,4.569277167320251465e-01,6.685410737991333008e-01
5.179115757346153259e-02,2.674038410186767578e-01,4.688821434974670410e-01,6.099474430084228516e-01,4.520417451858520508e-01,6.872267723083496094e-01
5.547337979078292847e-02,2.138687372207641602e-01,4.674328267574310303e-01,5.305666327476501465e-01,5.483217835426330566e-01,7.821537256240844727e-01
1.705797463655471802e-01,5.142450928688049316e-01,2.668845355510711670e-01,3.059928119182586670e-01,4.945366382598876953e-01,7.835202217102050781e-01
1.000000000000000000e+00,1.000000000000000000e+00,5.566789582371711731e-02,0.000000000000000000e+00,0.000000000000000000e+00,0.000000000000000000e+00
