# CPU,RAM,NetworkR,NetworkW,DiskW,DiskR
8.905746042728424072e-02,9.034871309995651245e-02,1.000000000000000000e+00,9.437876939773559570e-01,9.465746283531188965e-01,9.478482007980346680e-01
5.077008157968521118e-02,1.092896759510040283e-01,9.885100722312927246e-01,9.195985198020935059e-01,9.460961222648620605e-01,9.392319321632385254e-01
5.189783871173858643e-02,1.350181549787521362e-01,9.635237455368041992e-01,9.023568034172058105e-01,9.397446513175964355e-01,9.381068944931030273e-01
5.160317942500114441e-02,2.109117805957794189e-01,9.033497571945190430e-01,8.664774298667907715e-01,8.823906183242797852e-01,9.154577255249023438e-01
5.079884082078933716e-02,1.724549233913421631e-01,8.464984297752380371e-01,8.162345290184020996e-01,6.094357967376708984e-01,8.210676312446594238e-01
5.884911864995956421e-02,2.529422938823699951e-01,5.091776251792907715e-01,6.481170058250427246e-01,5.465782880783081055e-01,7.722640037536621094e-01
5.506983026862144470e-02,1.697169095277786255e-01,5.291990637779235840e-01,6.124277710914611816e-01,5.508411526679992676e-01,7.844421267509460449e-01
5.422395840287208557e-02,1.933305114507675171e-01,4.761286973953247070e-01,5.119361281394958496e-01,5.494997501373291016e-01,7.947515249252319336e-01
1.222257986664772034e-01,2.936244606971740723e-01,3.265630304813385010e-01,3.149826228618621826e-01,5.610663890838623047e-01,8.104335069656372070e-01
1.000000000000000000e+00,1.000000000000000000e+00,5.503578111529350281e-02,0.000000000000000000e+00,0.000000000000000000e+00,0.000000000000000000e+00
