# CPU,RAM,NetworkR,NetworkW,DiskW,DiskR
8.896452933549880981e-02,9.030239284038543701e-02,1.000000000000000000e+00,9.437864422798156738e-01,9.465747475624084473e-01,9.478469491004943848e-01
5.080923438072204590e-02,1.615232229232788086e-01,9.671248197555541992e-01,9.141089320182800293e-01,9.455488920211791992e-01,9.367356896400451660e-01
5.201679095625877380e-02,1.613531708717346191e-01,9.505242109298706055e-01,8.989024162292480469e-01,9.384794235229492188e-01,9.373437166213989258e-01
5.150697380304336548e-02,2.249506115913391113e-01,9.030885696411132812e-01,8.679586052894592285e-01,8.837730884552001953e-01,9.165366291999816895e-01
5.059344694018363953e-02,1.702337563037872314e-01,8.767753839492797852e-01,8.302833437919616699e-01,6.365051269531250000e-01,8.344176411628723145e-01
5.608365312218666077e-02,2.568905055522918701e-01,5.650147199630737305e-01,6.801674365997314453e-01,5.984855294227600098e-01,8.031529188156127930e-01
5.532142147421836853e-02,1.628226637840270996e-01,5.885912179946899414e-01,6.420148015022277832e-01,6.031216979026794434e-01,8.162451982498168945e-01
5.390352010726928711e-02,2.109286934137344360e-01,4.789689481258392334e-01,5.168754458427429199e-01,5.362623333930969238e-01,7.875642180442810059e-01
1.035336181521415710e-01,3.067010343074798584e-01,2.971886694431304932e-01,3.007022738456726074e-01,4.739491939544677734e-01,7.568433284759521484e-01
1.000000000000000000e+00,1.000000000000000000e+00,5.540561676025390625e-02,0.000000000000000000e+00,0.000000000000000000e+00,0.000000000000000000e+00
