# CPU,RAM,NetworkR,NetworkW,DiskW,DiskR
8.906477689743041992e-02,9.085071086883544922e-02,1.000000000000000000e+00,9.437950253486633301e-01,9.465633034706115723e-01,9.478570222854614258e-01
5.114762112498283386e-02,1.307100802659988403e-01,9.709239006042480469e-01,9.155517220497131348e-01,9.461097717285156250e-01,9.396957159042358398e-01
6.292926520109176636e-02,2.049400806427001953e-01,8.896319866180419922e-01,8.826318383216857910e-01,9.406598806381225586e-01,9.382635951042175293e-01
9.419848769903182983e-02,5.578473806381225586e-01,6.859197020530700684e-01,8.104758262634277344e-01,8.843697905540466309e-01,9.160249233245849609e-01
1.365466117858886719e-01,5.135098099708557129e-01,5.849107503890991211e-01,7.523223161697387695e-01,8.052521347999572754e-01,8.909962773323059082e-01
9.187415242195129395e-02,5.437281727790832520e-01,4.487062692642211914e-01,6.680317521095275879e-01,6.351737380027770996e-01,8.364431858062744141e-01
5.195281654596328735e-02,1.000000000000000000e+00,4.032928049564361572e-01,6.944715380668640137e-01,3.413450717926025391e-01,8.334683775901794434e-01
1.000000000000000000e+00,9.612341523170471191e-01,2.471264451742172241e-01,4.913882911205291748e-01,1.023373603820800781e-01,5.215152502059936523e-01
5.449002236127853394e-02,5.472215637564659119e-02,1.747374832630157471e-01,3.264219462871551514e-01,0.000000000000000000e+00,0.000000000000000000e+00
1.395773738622665405e-01,6.062106415629386902e-02,5.730514973402023315e-02,0.000000000000000000e+00,0.000000000000000000e+00,0.000000000000000000e+00
