# CPU,RAM,NetworkR,NetworkW,DiskW,DiskR
8.919744193553924561e-02,9.083323180675506592e-02,1.000000000000000000e+00,9.437931776046752930e-01,9.465637803077697754e-01,9.478564262390136719e-01
5.041919648647308350e-02,4.893618822097778320e-01,9.356471896171569824e-01,9.038490056991577148e-01,9.402083158493041992e-01,9.045293927192687988e-01
5.533120036125183105e-02,9.365841001272201538e-02,9.866501092910766602e-01,9.089751243591308594e-01,9.426446557044982910e-01,9.400609135627746582e-01
5.144726857542991638e-02,1.466368436813354492e-01,9.526618123054504395e-01,8.870322108268737793e-01,9.134373068809509277e-01,9.280688166618347168e-01
5.045852810144424438e-02,1.298239976167678833e-01,9.359326958656311035e-01,8.523306250572204590e-01,6.877353191375732422e-01,8.602756261825561523e-01
5.532265454530715942e-02,1.481362879276275635e-01,6.443835496902465820e-01,7.003694772720336914e-01,5.821854472160339355e-01,8.026995062828063965e-01
5.741992220282554626e-02,1.655919402837753296e-01,5.170639157295227051e-01,5.958939194679260254e-01,5.717990398406982422e-01,7.948165535926818848e-01
5.551564320921897888e-02,1.757296919822692871e-01,4.688086509704589844e-01,5.007151961326599121e-01,5.535258054733276367e-01,7.941998839378356934e-01
8.460154384374618530e-02,2.048975378274917603e-01,3.218852281570434570e-01,3.097019493579864502e-01,4.773533642292022705e-01,7.533696293830871582e-01
1.000000000000000000e+00,1.000000000000000000e+00,5.603585019707679749e-02,0.000000000000000000e+00,0.000000000000000000e+00,0.000000000000000000e+00
