# CPU,RAM,NetworkR,NetworkW,DiskW,DiskR
8.915115892887115479e-02,9.074172377586364746e-02,1.000000000000000000e+00,9.437935352325439453e-01,9.465662837028503418e-01,9.478553533554077148e-01
5.137023702263832092e-02,7.418476045131683350e-02,1.000000000000000000e+00,9.250724315643310547e-01,9.468784928321838379e-01,9.431486129760742188e-01
5.410260334610939026e-02,4.284145832061767578e-01,7.813360095024108887e-01,8.565741181373596191e-01,9.171721935272216797e-01,9.211624860763549805e-01
6.673843413591384888e-02,1.593572199344635010e-01,8.892958760261535645e-01,8.695040345191955566e-01,9.193989038467407227e-01,9.311191439628601074e-01
7.674886286258697510e-02,3.362135291099548340e-01,6.329827904701232910e-01,7.599009275436401367e-01,7.701039910316467285e-01,8.742105960845947266e-01
1.252975463867187500e-01,4.425657689571380615e-01,4.765771627426147461e-01,6.640994548797607422e-01,6.916055083274841309e-01,8.507252335548400879e-01
7.564720511436462402e-02,1.000000000000000000e+00,3.559912145137786865e-01,6.502379775047302246e-01,2.981303036212921143e-01,8.448915481567382812e-01
1.000000000000000000e+00,9.988654851913452148e-01,2.084805816411972046e-01,4.510908126831054688e-01,7.240703701972961426e-02,5.748677253723144531e-01
5.602128803730010986e-02,5.253734812140464783e-02,1.302350759506225586e-01,2.930602431297302246e-01,0.000000000000000000e+00,0.000000000000000000e+00
1.693274825811386108e-01,5.800233781337738037e-02,5.621312931180000305e-02,0.000000000000000000e+00,0.000000000000000000e+00,0.000000000000000000e+00
