# CPU,RAM,NetworkR,NetworkW,DiskW,DiskR
8.912960439920425415e-02,9.076672792434692383e-02,1.000000000000000000e+00,9.437940716743469238e-01,9.465656876564025879e-01,9.478557705879211426e-01
5.114759877324104309e-02,1.261150538921356201e-01,9.730035662651062012e-01,9.160889983177185059e-01,9.461799263954162598e-01,9.399533271789550781e-01
5.697324126958847046e-02,1.470775306224822998e-01,9.334765672683715820e-01,8.942612409591674805e-01,9.414955377578735352e-01,9.396254420280456543e-01
5.445249751210212708e-02,1.634564399719238281e-01,9.229359030723571777e-01,8.793635368347167969e-01,9.198840260505676270e-01,9.318416118621826172e-01
6.202220171689987183e-02,2.018877863883972168e-01,7.616961598396301270e-01,7.915946245193481445e-01,7.845587730407714844e-01,8.825991153717041016e-01
1.317614018917083740e-01,2.837600111961364746e-01,5.099391937255859375e-01,6.503372192382812500e-01,6.841263771057128906e-01,8.424637317657470703e-01
1.351026743650436401e-01,1.000000000000000000e+00,3.425903022289276123e-01,5.983532071113586426e-01,3.866954743862152100e-01,8.713964819908142090e-01
1.000000000000000000e+00,9.724040627479553223e-01,1.477596759796142578e-01,3.137623071670532227e-01,4.598065093159675598e-02,2.348987311124801636e-01
6.267575174570083618e-02,5.199292302131652832e-02,1.256039589643478394e-01,2.647983729839324951e-01,0.000000000000000000e+00,0.000000000000000000e+00
2.544785141944885254e-01,5.896456912159919739e-02,5.518215149641036987e-02,0.000000000000000000e+00,0.000000000000000000e+00,0.000000000000000000e+00
