# CPU,RAM,NetworkR,NetworkW,DiskW,DiskR
8.913581073284149170e-02,9.058047086000442505e-02,1.000000000000000000e+00,9.437931180000305176e-01,9.465706348419189453e-01,9.478532075881958008e-01
5.136720463633537292e-02,7.128573209047317505e-02,1.000000000000000000e+00,9.261476397514343262e-01,9.469487071037292480e-01,9.434651136398315430e-01
5.169401690363883972e-02,2.224700301885604858e-01,8.937407135963439941e-01,8.831431865692138672e-01,9.306601285934448242e-01,9.293481111526489258e-01
5.401024967432022095e-02,1.657787710428237915e-01,9.099555611610412598e-01,8.719742894172668457e-01,9.019483327865600586e-01,9.242768883705139160e-01
5.191180482506752014e-02,1.929247826337814331e-01,7.876364588737487793e-01,7.995203137397766113e-01,6.318346858024597168e-01,8.300586938858032227e-01
5.976967141032218933e-02,2.607831656932830811e-01,4.969278872013092041e-01,6.519753932952880859e-01,5.318754911422729492e-01,7.664295434951782227e-01
6.328909099102020264e-02,2.197465449571609497e-01,4.123349785804748535e-01,5.542662739753723145e-01,4.694981575012207031e-01,7.272171974182128906e-01
5.807910487055778503e-02,1.777214556932449341e-01,4.194881021976470947e-01,4.915677011013031006e-01,5.207522511482238770e-01,7.719429731369018555e-01
9.662863612174987793e-02,2.244722098112106323e-01,2.928619682788848877e-01,3.056848347187042236e-01,4.609107077121734619e-01,7.478600144386291504e-01
1.000000000000000000e+00,1.000000000000000000e+00,5.556622520089149475e-02,0.000000000000000000e+00,0.000000000000000000e+00,0.000000000000000000e+00
