# CPU,RAM,NetworkR,NetworkW,DiskW,DiskR
8.917788416147232056e-02,9.080146998167037964e-02,1.000000000000000000e+00,9.437928795814514160e-01,9.465644955635070801e-01,9.478558897972106934e-01
5.110934749245643616e-02,1.235475316643714905e-01,9.748547077178955078e-01,9.165475964546203613e-01,9.462060332298278809e-01,9.400327205657958984e-01
5.261405184864997864e-02,1.227223500609397888e-01,9.673928618431091309e-01,9.042190909385681152e-01,9.408155083656311035e-01,9.399853348731994629e-01
5.188460275530815125e-02,1.349020153284072876e-01,9.570742249488830566e-01,8.879896998405456543e-01,9.133735299110412598e-01,9.301431179046630859e-01
5.878715962171554565e-02,1.610714644193649292e-01,7.819519042968750000e-01,7.885325551033020020e-01,7.354719042778015137e-01,8.679731488227844238e-01
1.724712997674942017e-01,2.734565436840057373e-01,5.100722908973693848e-01,6.430252194404602051e-01,7.297551035881042480e-01,8.580390810966491699e-01
1.516162157058715820e-01,1.000000000000000000e+00,3.532438874244689941e-01,6.120830178260803223e-01,3.149161934852600098e-01,8.745919466018676758e-01
1.000000000000000000e+00,8.863422274589538574e-01,1.455075293779373169e-01,3.266530930995941162e-01,5.232695117592811584e-02,3.049357831478118896e-01
5.521560832858085632e-02,5.175907909870147705e-02,1.213173717260360718e-01,2.563382685184478760e-01,0.000000000000000000e+00,0.000000000000000000e+00
1.730015277862548828e-01,5.669696256518363953e-02,5.698025599122047424e-02,0.000000000000000000e+00,0.000000000000000000e+00,0.000000000000000000e+00
