# CPU,RAM,NetworkR,NetworkW,DiskW,DiskR
8.910920470952987671e-02,9.062106162309646606e-02,1.000000000000000000e+00,9.437919259071350098e-01,9.465688467025756836e-01,9.478532075881958008e-01
5.036426335573196411e-02,2.730674743652343750e-01,9.634211659431457520e-01,9.095635414123535156e-01,9.426161050796508789e-01,9.112708568572998047e-01
5.108354985713958740e-02,3.015275895595550537e-01,8.963137269020080566e-01,8.809624910354614258e-01,9.236244559288024902e-01,9.169793128967285156e-01
5.052423477172851562e-02,2.728843688964843750e-01,9.016102552413940430e-01,8.663343191146850586e-01,8.313661813735961914e-01,8.921689391136169434e-01
5.018813163042068481e-02,2.109033316373825073e-01,8.761096000671386719e-01,8.346785306930541992e-01,5.713725090026855469e-01,7.577987313270568848e-01
5.219392478466033936e-02,2.309116423130035400e-01,5.815092921257019043e-01,6.940011382102966309e-01,5.008594393730163574e-01,7.277703285217285156e-01
5.205101147294044495e-02,2.570165395736694336e-01,5.004044771194458008e-01,6.195986270904541016e-01,4.979001283645629883e-01,7.373304963111877441e-01
5.313925817608833313e-02,2.049299478530883789e-01,4.996181726455688477e-01,5.437184572219848633e-01,5.368882417678833008e-01,7.808738946914672852e-01
1.062545925378799438e-01,3.626767396926879883e-01,2.859677374362945557e-01,3.090021014213562012e-01,4.570392370223999023e-01,7.456247806549072266e-01
1.000000000000000000e+00,1.000000000000000000e+00,5.627937614917755127e-02,0.000000000000000000e+00,0.000000000000000000e+00,0.000000000000000000e+00
