# CPU,RAM,NetworkR,NetworkW,DiskW,DiskR
8.915766328573226929e-02,9.080313146114349365e-02,1.000000000000000000e+00,9.437931180000305176e-01,9.465643763542175293e-01,9.478559494018554688e-01
5.133716017007827759e-02,7.100705802440643311e-02,1.000000000000000000e+00,9.263195395469665527e-01,9.469346404075622559e-01,9.434641003608703613e-01
5.367795005440711975e-02,2.025563418865203857e-01,8.815568685531616211e-01,8.800445795059204102e-01,9.340297579765319824e-01,9.317925572395324707e-01
5.372558534145355225e-02,1.328179538249969482e-01,9.402378797531127930e-01,8.839289546012878418e-01,9.135158061981201172e-01,9.304511547088623047e-01
6.163588538765907288e-02,1.983083188533782959e-01,7.171566486358642578e-01,7.718970179557800293e-01,7.120193839073181152e-01,8.562781810760498047e-01
9.327363967895507812e-02,2.319156825542449951e-01,5.306198000907897949e-01,6.662109494209289551e-01,6.792191863059997559e-01,8.397619724273681641e-01
1.490266919136047363e-01,8.966636657714843750e-01,3.080388307571411133e-01,5.259776711463928223e-01,4.954748153686523438e-01,8.285291194915771484e-01
3.250522315502166748e-01,6.076096892356872559e-01,1.622808724641799927e-01,3.027624487876892090e-01,1.724157631397247314e-01,4.871450960636138916e-01
6.980535387992858887e-02,6.797650456428527832e-02,1.133714914321899414e-01,1.891871690750122070e-01,5.691862478852272034e-02,1.249758992344141006e-02
5.543025732040405273e-01,1.508669257164001465e-01,5.244790017604827881e-02,0.000000000000000000e+00,0.000000000000000000e+00,0.000000000000000000e+00
