# CPU,RAM,NetworkR,NetworkW,DiskW,DiskR
8.910886943340301514e-02,9.065846353769302368e-02,1.000000000000000000e+00,9.437938332557678223e-01,9.465685486793518066e-01,9.478543400764465332e-01
5.085578933358192444e-02,1.828381568193435669e-01,9.600123167037963867e-01,9.125466942787170410e-01,9.453928470611572266e-01,9.363329410552978516e-01
5.338745936751365662e-02,9.342029690742492676e-02,9.922633767127990723e-01,9.121776819229125977e-01,9.430906176567077637e-01,9.423230290412902832e-01
5.830734968185424805e-02,2.053207755088806152e-01,8.669518232345581055e-01,8.574928045272827148e-01,9.134427309036254883e-01,9.252834320068359375e-01
1.196195632219314575e-01,4.315639734268188477e-01,5.817902684211730957e-01,7.259185910224914551e-01,7.664171457290649414e-01,8.715624213218688965e-01
2.190210968255996704e-01,7.965890765190124512e-01,3.869402706623077393e-01,6.162025332450866699e-01,6.144523024559020996e-01,8.488069772720336914e-01
5.806584283709526062e-02,1.000000000000000000e+00,3.236166834831237793e-01,6.406921148300170898e-01,2.260532826185226440e-01,7.512012124061584473e-01
1.000000000000000000e+00,1.000000000000000000e+00,1.896881312131881714e-01,4.211001098155975342e-01,6.410939991474151611e-02,5.262697935104370117e-01
5.585244670510292053e-02,5.487215518951416016e-02,1.281279921531677246e-01,2.870683670043945312e-01,0.000000000000000000e+00,0.000000000000000000e+00
1.640331447124481201e-01,6.032033264636993408e-02,5.533229932188987732e-02,0.000000000000000000e+00,0.000000000000000000e+00,0.000000000000000000e+00
