# CPU,RAM,NetworkR,NetworkW,DiskW,DiskR
8.905130624771118164e-02,9.079809486865997314e-02,1.000000000000000000e+00,9.437941908836364746e-01,9.465643763542175293e-01,9.478561282157897949e-01
5.140346288681030273e-02,6.487423181533813477e-02,1.000000000000000000e+00,9.288231134414672852e-01,9.470487236976623535e-01,9.441190361976623535e-01
5.336933583021163940e-02,2.576635479927062988e-01,8.387488126754760742e-01,8.688807487487792969e-01,9.267276525497436523e-01,9.250992536544799805e-01
5.352101847529411316e-02,1.282888501882553101e-01,9.389956593513488770e-01,8.836103081703186035e-01,9.074263572692871094e-01,9.288175702095031738e-01
5.178417265415191650e-02,1.596386730670928955e-01,8.166890144348144531e-01,8.093801736831665039e-01,6.302391290664672852e-01,8.349056243896484375e-01
6.976550817489624023e-02,2.083975970745086670e-01,5.106880664825439453e-01,6.523006558418273926e-01,5.788887143135070801e-01,7.930923104286193848e-01
9.633684903383255005e-02,2.052483409643173218e-01,4.030061662197113037e-01,5.396888256072998047e-01,5.421110987663269043e-01,7.773104310035705566e-01
1.102682650089263916e-01,2.749552130699157715e-01,3.131487369537353516e-01,4.158074855804443359e-01,5.305690169334411621e-01,7.844147086143493652e-01
1.236197128891944885e-01,1.354447454214096069e-01,3.402930498123168945e-01,3.390395045280456543e-01,5.688341259956359863e-01,8.085766434669494629e-01
1.000000000000000000e+00,1.000000000000000000e+00,5.368606373667716980e-02,0.000000000000000000e+00,0.000000000000000000e+00,0.000000000000000000e+00
