# CPU,RAM,NetworkR,NetworkW,DiskW,DiskR
8.901377767324447632e-02,9.057188034057617188e-02,1.000000000000000000e+00,9.437939524650573730e-01,9.465705156326293945e-01,9.478531479835510254e-01
5.146524682641029358e-02,7.517096400260925293e-02,1.000000000000000000e+00,9.244935512542724609e-01,9.468843340873718262e-01,9.430901408195495605e-01
5.664784461259841919e-02,3.555081486701965332e-01,8.036633729934692383e-01,8.624244928359985352e-01,9.282677769660949707e-01,9.281893372535705566e-01
5.511982366442680359e-02,1.279555410146713257e-01,9.400066733360290527e-01,8.868557214736938477e-01,9.188150763511657715e-01,9.333832263946533203e-01
5.149618908762931824e-02,1.527653783559799194e-01,8.608120083808898926e-01,8.297628760337829590e-01,7.011614441871643066e-01,8.646439909934997559e-01
5.987743288278579712e-02,1.545999795198440552e-01,6.150820851325988770e-01,6.976408958435058594e-01,5.781467556953430176e-01,8.041825294494628906e-01
9.136290848255157471e-02,2.062748372554779053e-01,4.119407832622528076e-01,5.424415469169616699e-01,5.466443300247192383e-01,7.799572944641113281e-01
1.149215325713157654e-01,2.646318078041076660e-01,2.990247309207916260e-01,4.011396169662475586e-01,4.863516092300415039e-01,7.564817070960998535e-01
1.102216094732284546e-01,1.157429218292236328e-01,3.621293008327484131e-01,3.534930944442749023e-01,5.815531015396118164e-01,8.103889822959899902e-01
1.000000000000000000e+00,1.000000000000000000e+00,5.402120947837829590e-02,0.000000000000000000e+00,0.000000000000000000e+00,0.000000000000000000e+00
