# CPU,RAM,NetworkR,NetworkW,DiskW,DiskR
8.892621845006942749e-02,9.040948748588562012e-02,1.000000000000000000e+00,9.437905550003051758e-01,9.465731978416442871e-01,9.478496909141540527e-01
5.037124082446098328e-02,2.359097599983215332e-01,9.690269827842712402e-01,9.111943244934082031e-01,9.432037472724914551e-01,9.155697226524353027e-01
5.113327503204345703e-02,2.190282791852951050e-01,9.310144782066345215e-01,8.906448483467102051e-01,9.311851263046264648e-01,9.251419305801391602e-01
5.045871436595916748e-02,2.422823309898376465e-01,9.222760200500488281e-01,8.714852333068847656e-01,8.404645919799804688e-01,8.958388566970825195e-01
5.026178434491157532e-02,1.878400743007659912e-01,8.757566213607788086e-01,8.314549922943115234e-01,5.813861489295959473e-01,7.811380028724670410e-01
5.351052805781364441e-02,1.980069726705551147e-01,5.928917527198791504e-01,6.919925212860107422e-01,5.350900292396545410e-01,7.615508437156677246e-01
5.291542038321495056e-02,1.870684772729873657e-01,5.541952848434448242e-01,6.367490291595458984e-01,5.655810236930847168e-01,7.899544239044189453e-01
5.524819344282150269e-02,2.128490805625915527e-01,4.750466644763946533e-01,5.198674201965332031e-01,5.572218894958496094e-01,7.962958812713623047e-01
1.423232108354568481e-01,4.502679109573364258e-01,2.592886388301849365e-01,2.854248881340026855e-01,4.529091119766235352e-01,7.556260824203491211e-01
1.000000000000000000e+00,1.000000000000000000e+00,5.509363487362861633e-02,0.000000000000000000e+00,0.000000000000000000e+00,0.000000000000000000e+00
