# CPU,RAM,NetworkR,NetworkW,DiskW,DiskR
8.908636868000030518e-02,9.053432941436767578e-02,1.000000000000000000e+00,9.437925815582275391e-01,9.465715289115905762e-01,9.478523731231689453e-01
5.049356073141098022e-02,2.497608512639999390e-01,9.591236710548400879e-01,9.102556109428405762e-01,9.437255263328552246e-01,9.243488311767578125e-01
5.223955959081649780e-02,1.736548840999603271e-01,9.407188296318054199e-01,8.947725892066955566e-01,9.367422461509704590e-01,9.337602257728576660e-01
5.104953423142433167e-02,2.258401811122894287e-01,9.115747809410095215e-01,8.708283305168151855e-01,8.769420981407165527e-01,9.132503271102905273e-01
5.032327398657798767e-02,1.746740490198135376e-01,8.930463790893554688e-01,8.373017907142639160e-01,6.092048287391662598e-01,8.113673925399780273e-01
5.385310202836990356e-02,2.189542949199676514e-01,5.808857679367065430e-01,6.860201954841613770e-01,5.465785264968872070e-01,7.714181542396545410e-01
5.332003161311149597e-02,2.106554508209228516e-01,5.317046642303466797e-01,6.223419904708862305e-01,5.508146882057189941e-01,7.815700769424438477e-01
5.301825329661369324e-02,1.970086842775344849e-01,5.020328164100646973e-01,5.335715413093566895e-01,5.362610816955566406e-01,7.848776578903198242e-01
8.941042423248291016e-02,2.903005480766296387e-01,2.977243959903717041e-01,3.045733571052551270e-01,4.435166120529174805e-01,7.312626838684082031e-01
1.000000000000000000e+00,1.000000000000000000e+00,5.611477419734001160e-02,0.000000000000000000e+00,0.000000000000000000e+00,0.000000000000000000e+00
