# CPU,RAM,NetworkR,NetworkW,DiskW,DiskR
8.915270864963531494e-02,9.081266820430755615e-02,1.000000000000000000e+00,9.437936544418334961e-01,9.465643167495727539e-01,9.478562474250793457e-01
5.067380890250205994e-02,2.912718653678894043e-01,9.456009864807128906e-01,9.085388779640197754e-01,9.440503120422363281e-01,9.298703074455261230e-01
5.408012121915817261e-02,8.761949092149734497e-02,9.970491528511047363e-01,9.136115312576293945e-01,9.434350132942199707e-01,9.424784779548645020e-01
5.128942057490348816e-02,1.351750344038009644e-01,9.616160988807678223e-01,8.890874981880187988e-01,9.126226305961608887e-01,9.289221167564392090e-01
5.095507949590682983e-02,1.154149025678634644e-01,9.237060546875000000e-01,8.437164425849914551e-01,7.035298943519592285e-01,8.716393709182739258e-01
6.839678436517715454e-02,1.138657629489898682e-01,6.567792892456054688e-01,6.928301453590393066e-01,6.466216444969177246e-01,8.353725075721740723e-01
1.889501065015792847e-01,2.491716742515563965e-01,4.290043115615844727e-01,5.324584841728210449e-01,7.119489908218383789e-01,8.574033379554748535e-01
9.888301491737365723e-01,1.000000000000000000e+00,1.721779406070709229e-01,2.881365716457366943e-01,1.055785715579986572e-01,7.489278316497802734e-01
5.288598686456680298e-02,5.374209210276603699e-02,9.184364229440689087e-02,1.992803215980529785e-01,0.000000000000000000e+00,0.000000000000000000e+00
4.711715877056121826e-01,9.664876759052276611e-02,5.160100758075714111e-02,0.000000000000000000e+00,0.000000000000000000e+00,0.000000000000000000e+00
