# CPU,RAM,NetworkR,NetworkW,DiskW,DiskR
8.953833580017089844e-02,9.067699313163757324e-02,1.000000000000000000e+00,9.437643289566040039e-01,9.465580582618713379e-01,9.478444457054138184e-01
5.028598010540008545e-02,1.881781965494155884e-01,9.849330782890319824e-01,9.140455126762390137e-01,9.429787397384643555e-01,9.072231054306030273e-01
5.046210810542106628e-02,3.474827408790588379e-01,8.964547514915466309e-01,8.770632743835449219e-01,9.098677039146423340e-01,8.902959227561950684e-01
5.030179768800735474e-02,2.819279134273529053e-01,8.933903574943542480e-01,8.582909107208251953e-01,7.601048350334167480e-01,8.458769321441650391e-01
5.044339969754219055e-02,3.008812665939331055e-01,7.368531823158264160e-01,7.890373468399047852e-01,5.584720373153686523e-01,7.389867901802062988e-01
5.242083594202995300e-02,2.268183231353759766e-01,5.983332991600036621e-01,7.047405242919921875e-01,5.254734158515930176e-01,7.498515844345092773e-01
5.183565244078636169e-02,1.597038358449935913e-01,6.251732707023620605e-01,6.780040860176086426e-01,5.752621293067932129e-01,7.996688485145568848e-01
6.082445010542869568e-02,2.854042947292327881e-01,3.945553600788116455e-01,4.772478044033050537e-01,5.032727122306823730e-01,7.622048258781433105e-01
5.776044726371765137e-01,9.955116510391235352e-01,1.558301448822021484e-01,2.281338721513748169e-01,1.288394331932067871e-01,6.052079796791076660e-01
1.000000000000000000e+00,1.000000000000000000e+00,5.521815642714500427e-02,0.000000000000000000e+00,0.000000000000000000e+00,0.000000000000000000e+00
