# CPU,RAM,NetworkR,NetworkW,DiskW,DiskR
8.916528522968292236e-02,9.061142802238464355e-02,1.000000000000000000e+00,9.437928795814514160e-01,9.465699195861816406e-01,9.478536248207092285e-01
5.019919201731681824e-02,4.502345919609069824e-01,9.551039934158325195e-01,9.020759463310241699e-01,9.348949193954467773e-01,8.091805577278137207e-01
5.188970267772674561e-02,2.570227384567260742e-01,8.843293786048889160e-01,8.759597539901733398e-01,9.240456819534301758e-01,9.029897451400756836e-01
5.070998892188072205e-02,2.694777250289916992e-01,8.830466866493225098e-01,8.629039525985717773e-01,8.405133485794067383e-01,8.900098204612731934e-01
5.024755001068115234e-02,2.267480343580245972e-01,8.531518578529357910e-01,8.309965729713439941e-01,5.859720110893249512e-01,7.645052075386047363e-01
5.289568752050399780e-02,2.607041895389556885e-01,5.630581974983215332e-01,6.949863433837890625e-01,5.161472558975219727e-01,7.365843057632446289e-01
5.210328847169876099e-02,2.631429433822631836e-01,4.960386455059051514e-01,6.306805014610290527e-01,4.872666895389556885e-01,7.269324064254760742e-01
5.302204936742782593e-02,2.234949320554733276e-01,4.650377929210662842e-01,5.409362316131591797e-01,4.859088957309722900e-01,7.428624033927917480e-01
9.815645217895507812e-02,4.557692408561706543e-01,2.413592338562011719e-01,2.975406646728515625e-01,3.629373311996459961e-01,6.666361093521118164e-01
1.000000000000000000e+00,1.000000000000000000e+00,5.719627067446708679e-02,0.000000000000000000e+00,0.000000000000000000e+00,0.000000000000000000e+00
