# CPU,RAM,NetworkR,NetworkW,DiskW,DiskR
8.913929760456085205e-02,9.080724418163299561e-02,1.000000000000000000e+00,9.437940120697021484e-01,9.465645551681518555e-01,9.478563070297241211e-01
5.111816525459289551e-02,1.323832720518112183e-01,9.707830548286437988e-01,9.155259728431701660e-01,9.460989236831665039e-01,9.396188259124755859e-01
5.316941440105438232e-02,1.378724128007888794e-01,9.533721804618835449e-01,9.000685214996337891e-01,9.402826428413391113e-01,9.392868280410766602e-01
5.203337222337722778e-02,1.391663849353790283e-01,9.538270235061645508e-01,8.876284360885620117e-01,9.140966534614562988e-01,9.305753111839294434e-01
5.083182826638221741e-02,1.443744897842407227e-01,8.910523653030395508e-01,8.324169516563415527e-01,6.639773845672607422e-01,8.521558046340942383e-01
5.862943083047866821e-02,1.638199836015701294e-01,5.830044746398925781e-01,6.719071269035339355e-01,5.543750524520874023e-01,7.866946458816528320e-01
6.422134488821029663e-02,1.718069911003112793e-01,4.493579566478729248e-01,5.545113086700439453e-01,5.231981873512268066e-01,7.645959258079528809e-01
6.183658167719841003e-02,1.800990402698516846e-01,4.050940871238708496e-01,4.600611031055450439e-01,5.405999422073364258e-01,7.840399146080017090e-01
9.227910637855529785e-02,1.739358603954315186e-01,3.197719156742095947e-01,3.068921864032745361e-01,4.980380833148956299e-01,7.682477831840515137e-01
1.000000000000000000e+00,1.000000000000000000e+00,5.486289039254188538e-02,0.000000000000000000e+00,0.000000000000000000e+00,0.000000000000000000e+00
