# CPU,RAM,NetworkR,NetworkW,DiskW,DiskR
5.000000074505805969e-02,1.500000059604644775e-01,1.000000000000000000e+00,9.499999880790710449e-01,9.499999880790710449e-01,9.499999880790710449e-01
5.000000074505805969e-02,3.499999940395355225e-01,9.280487895011901855e-01,9.041650295257568359e-01,9.386301636695861816e-01,9.354155659675598145e-01
5.000000074505805969e-02,3.499999940395355225e-01,8.548780679702758789e-01,8.860701322555541992e-01,8.952676057815551758e-01,9.354155659675598145e-01
5.000000074505805969e-02,4.499999880790710449e-01,7.329268455505371094e-01,8.208649158477783203e-01,8.654520511627197266e-01,9.354155659675598145e-01
5.000000074505805969e-02,4.499999880790710449e-01,6.597561240196228027e-01,7.793344259262084961e-01,6.605533957481384277e-01,8.063002824783325195e-01
9.938271343708038330e-02,5.500000119209289551e-01,5.621951222419738770e-01,7.368473410606384277e-01,6.095101237297058105e-01,7.994369864463806152e-01
5.000000074505805969e-02,1.000000000000000000e+00,3.914634287357330322e-01,6.633519530296325684e-01,3.172210454940795898e-01,7.631903290748596191e-01
1.000000000000000000e+00,1.000000000000000000e+00,2.939024269580841064e-01,4.980271160602569580e-01,1.075446009635925293e-01,6.590616703033447266e-01
5.000000074505805969e-02,5.000000074505805969e-02,1.475609689950942993e-01,3.340573906898498535e-01,0.000000000000000000e+00,0.000000000000000000e+00
1.364197582006454468e-01,5.000000074505805969e-02,5.000000074505805969e-02,0.000000000000000000e+00,0.000000000000000000e+00,0.000000000000000000e+00
