# CPU,RAM,NetworkR,NetworkW,DiskW,DiskR
8.914847671985626221e-02,9.071514755487442017e-02,1.000000000000000000e+00,9.437931180000305176e-01,9.465668797492980957e-01,9.478548765182495117e-01
5.131514742970466614e-02,7.645005732774734497e-02,1.000000000000000000e+00,9.245132803916931152e-01,9.468483924865722656e-01,9.429774880409240723e-01
5.764110758900642395e-02,2.520501613616943359e-01,8.460519909858703613e-01,8.717960715293884277e-01,9.349145293235778809e-01,9.324846863746643066e-01
7.884787768125534058e-02,3.189803361892700195e-01,7.800049781799316406e-01,8.368435502052307129e-01,9.056770801544189453e-01,9.228303432464599609e-01
9.778176993131637573e-02,4.753952622413635254e-01,5.733395218849182129e-01,7.430405020713806152e-01,7.597707509994506836e-01,8.737506270408630371e-01
1.700746119022369385e-01,6.238334774971008301e-01,4.384305775165557861e-01,6.566817164421081543e-01,6.854066848754882812e-01,8.576865792274475098e-01
6.186013296246528625e-02,1.000000000000000000e+00,3.502686023712158203e-01,6.669982075691223145e-01,2.601841092109680176e-01,8.077504038810729980e-01
1.000000000000000000e+00,1.000000000000000000e+00,2.235966622829437256e-01,5.018352270126342773e-01,7.806763052940368652e-02,6.292325258255004883e-01
5.639412626624107361e-02,5.560147762298583984e-02,1.299479305744171143e-01,3.040752112865447998e-01,0.000000000000000000e+00,0.000000000000000000e+00
1.494002938270568848e-01,5.856023356318473816e-02,5.628283321857452393e-02,0.000000000000000000e+00,0.000000000000000000e+00,0.000000000000000000e+00
