# CPU,RAM,NetworkR,NetworkW,DiskW,DiskR
5.000000074505805969e-02,5.000000074505805969e-02,1.000000000000000000e+00,9.499999880790710449e-01,9.499999880790710449e-01,9.499999880790710449e-01
5.000000074505805969e-02,1.333333402872085571e-01,1.000000000000000000e+00,9.267525672912597656e-01,9.481561183929443359e-01,9.499999880790710449e-01
5.000000074505805969e-02,1.333333402872085571e-01,9.713847041130065918e-01,9.026414155960083008e-01,9.475414752960205078e-01,9.499999880790710449e-01
5.000000074505805969e-02,2.166666686534881592e-01,9.427973031997680664e-01,8.688138723373413086e-01,9.223417043685913086e-01,9.499999880790710449e-01
5.000000074505805969e-02,2.166666686534881592e-01,7.566443085670471191e-01,8.416798710823059082e-01,6.260909438133239746e-01,8.456727862358093262e-01
5.000000074505805969e-02,2.166666686534881592e-01,5.250418782234191895e-01,6.392903327941894531e-01,5.760756134986877441e-01,8.148488402366638184e-01
5.000000074505805969e-02,2.166666686534881592e-01,4.821608066558837891e-01,6.053907871246337891e-01,5.614013671875000000e-01,8.148488402366638184e-01
5.000000074505805969e-02,2.166666686534881592e-01,4.464265704154968262e-01,4.803008437156677246e-01,5.382759571075439453e-01,8.148488402366638184e-01
5.000000074505805969e-02,3.000000119209289551e-01,3.110831975936889648e-01,3.125305771827697754e-01,5.066226124763488770e-01,8.053645491600036621e-01
1.000000000000000000e+00,1.000000000000000000e+00,5.000000074505805969e-02,0.000000000000000000e+00,0.000000000000000000e+00,0.000000000000000000e+00
