# CPU,RAM,NetworkR,NetworkW,DiskW,DiskR
8.903572708368301392e-02,9.057652205228805542e-02,1.000000000000000000e+00,9.437943100929260254e-01,9.465706944465637207e-01,9.478533864021301270e-01
5.033802241086959839e-02,4.407287538051605225e-01,9.447677731513977051e-01,9.043301939964294434e-01,9.397274255752563477e-01,8.917106389999389648e-01
5.160115286707878113e-02,2.325344383716583252e-01,9.133856892585754395e-01,8.858730792999267578e-01,9.283893108367919922e-01,9.216725230216979980e-01
5.034952238202095032e-02,2.877987921237945557e-01,9.124311208724975586e-01,8.702458739280700684e-01,8.328028917312622070e-01,8.886975049972534180e-01
5.014116689562797546e-02,2.206947207450866699e-01,8.935589194297790527e-01,8.406351208686828613e-01,5.834251046180725098e-01,7.515767812728881836e-01
5.143279209733009338e-02,2.363770157098770142e-01,5.915009975433349609e-01,6.981385946273803711e-01,4.764581024646759033e-01,6.958587765693664551e-01
5.160386487841606140e-02,3.277388811111450195e-01,4.373579621315002441e-01,5.881189107894897461e-01,4.201400578022003174e-01,6.532590985298156738e-01
5.297369137406349182e-02,2.287157326936721802e-01,4.609631896018981934e-01,5.232237577438354492e-01,4.968785941600799561e-01,7.450285553932189941e-01
1.153576672077178955e-01,3.971198797225952148e-01,2.811490297317504883e-01,3.059372901916503906e-01,4.692056179046630859e-01,7.509586215019226074e-01
1.000000000000000000e+00,1.000000000000000000e+00,5.653469264507293701e-02,0.000000000000000000e+00,0.000000000000000000e+00,0.000000000000000000e+00
