# CPU,RAM,NetworkR,NetworkW,DiskW,DiskR
8.897493779659271240e-02,9.068889170885086060e-02,1.000000000000000000e+00,9.437950253486633301e-01,9.465673565864562988e-01,9.478548765182495117e-01
5.084930732846260071e-02,2.095333933830261230e-01,9.540578722953796387e-01,9.111629128456115723e-01,9.451534748077392578e-01,9.354311227798461914e-01
5.301584675908088684e-02,1.128023415803909302e-01,9.777482151985168457e-01,9.073775410652160645e-01,9.417730569839477539e-01,9.409286975860595703e-01
5.165108665823936462e-02,1.507610231637954712e-01,9.492824077606201172e-01,8.850199580192565918e-01,9.110690951347351074e-01,9.284453988075256348e-01
5.060257390141487122e-02,1.438075155019760132e-01,9.065062999725341797e-01,8.378064036369323730e-01,6.603251099586486816e-01,8.496447205543518066e-01
5.683524534106254578e-02,1.709088236093521118e-01,5.888516902923583984e-01,6.739253401756286621e-01,5.555021166801452637e-01,7.854800224304199219e-01
5.887227877974510193e-02,1.773540228605270386e-01,4.751254320144653320e-01,5.703089833259582520e-01,5.328870415687561035e-01,7.706151008605957031e-01
5.627268552780151367e-02,1.779791563749313354e-01,4.446273744106292725e-01,4.836812019348144531e-01,5.403600931167602539e-01,7.854042053222656250e-01
9.102786332368850708e-02,2.015544474124908447e-01,3.184511065483093262e-01,3.025548458099365234e-01,4.890126883983612061e-01,7.625190019607543945e-01
1.000000000000000000e+00,1.000000000000000000e+00,5.534103140234947205e-02,0.000000000000000000e+00,0.000000000000000000e+00,0.000000000000000000e+00
