# CPU,RAM,NetworkR,NetworkW,DiskW,DiskR
8.915018290281295776e-02,9.060359746217727661e-02,1.000000000000000000e+00,9.437925219535827637e-01,9.465698003768920898e-01,9.478533267974853516e-01
5.042228475213050842e-02,2.225509434938430786e-01,9.683890938758850098e-01,9.118605256080627441e-01,9.437838792800903320e-01,9.220217466354370117e-01
5.180528014898300171e-02,2.090333253145217896e-01,9.265327453613281250e-01,8.903111219406127930e-01,9.344599246978759766e-01,9.300143718719482422e-01
5.117640271782875061e-02,2.305822223424911499e-01,9.062488079071044922e-01,8.690508008003234863e-01,8.752890825271606445e-01,9.122052192687988281e-01
5.036382377147674561e-02,1.812164336442947388e-01,8.829669952392578125e-01,8.348229527473449707e-01,6.146609783172607422e-01,8.138972520828247070e-01
5.385828763246536255e-02,2.483402043581008911e-01,5.774331092834472656e-01,6.895177960395812988e-01,5.677265524864196777e-01,7.835034728050231934e-01
5.344255641102790833e-02,2.069438695907592773e-01,5.581020712852478027e-01,6.382700204849243164e-01,5.738756060600280762e-01,7.970131039619445801e-01
5.316223204135894775e-02,2.003010064363479614e-01,5.032184123992919922e-01,5.375693440437316895e-01,5.323457717895507812e-01,7.833272814750671387e-01
8.738450706005096436e-02,3.155681490898132324e-01,2.810396254062652588e-01,2.991234660148620605e-01,4.091714620590209961e-01,7.037053704261779785e-01
1.000000000000000000e+00,1.000000000000000000e+00,5.622358247637748718e-02,0.000000000000000000e+00,0.000000000000000000e+00,0.000000000000000000e+00
