# CPU,RAM,NetworkR,NetworkW,DiskW,DiskR
8.905998617410659790e-02,9.084419161081314087e-02,1.000000000000000000e+00,9.437950849533081055e-01,9.465634822845458984e-01,9.478570222854614258e-01
5.141642317175865173e-02,6.490371376276016235e-02,1.000000000000000000e+00,9.287684559822082520e-01,9.470422863960266113e-01,9.440998435020446777e-01
5.638113617897033691e-02,5.387904047966003418e-01,7.119257450103759766e-01,8.389378190040588379e-01,9.006304144859313965e-01,9.114880561828613281e-01
1.012043282389640808e-01,3.775331377983093262e-01,6.873548626899719238e-01,8.085291385650634766e-01,8.714774250984191895e-01,9.083317518234252930e-01
1.256611198186874390e-01,5.734215974807739258e-01,4.983437955379486084e-01,7.227868437767028809e-01,7.203950881958007812e-01,8.627219796180725098e-01
7.508156448602676392e-02,5.486828684806823730e-01,4.222151935100555420e-01,6.670961380004882812e-01,5.830780267715454102e-01,8.142797350883483887e-01
5.267606303095817566e-02,1.000000000000000000e+00,3.310764431953430176e-01,6.682239770889282227e-01,2.316225022077560425e-01,6.773629188537597656e-01
1.000000000000000000e+00,8.804081678390502930e-01,2.488551139831542969e-01,4.575983285903930664e-01,1.012324690818786621e-01,6.536387205123901367e-01
5.230699479579925537e-02,5.504171550273895264e-02,1.538158208131790161e-01,3.160273432731628418e-01,0.000000000000000000e+00,0.000000000000000000e+00
3.174737989902496338e-01,9.839738905429840088e-02,5.210544914007186890e-02,0.000000000000000000e+00,0.000000000000000000e+00,0.000000000000000000e+00
