# CPU,RAM,NetworkR,NetworkW,DiskW,DiskR
8.902384340763092041e-02,9.080016613006591797e-02,1.000000000000000000e+00,9.437950253486633301e-01,9.465644359588623047e-01,9.478562474250793457e-01
5.144836008548736572e-02,6.713531166315078735e-02,1.000000000000000000e+00,9.276177287101745605e-01,9.470021724700927734e-01,9.438340067863464355e-01
5.439242348074913025e-02,6.487048864364624023e-01,6.919850707054138184e-01,8.347865343093872070e-01,8.804289102554321289e-01,9.036648869514465332e-01
1.152183115482330322e-01,2.682315409183502197e-01,7.610242962837219238e-01,8.295586109161376953e-01,8.994820117950439453e-01,9.197782874107360840e-01
1.551532745361328125e-01,6.714283823966979980e-01,4.744975864887237549e-01,7.137069702148437500e-01,7.148851156234741211e-01,8.657438158988952637e-01
1.002493277192115784e-01,5.533699989318847656e-01,4.460328519344329834e-01,6.778079271316528320e-01,6.641657948493957520e-01,8.488762378692626953e-01
5.403558164834976196e-02,1.000000000000000000e+00,3.935738801956176758e-01,7.036951780319213867e-01,3.141324520111083984e-01,8.407590985298156738e-01
1.000000000000000000e+00,1.000000000000000000e+00,2.691559791564941406e-01,5.478890538215637207e-01,9.338589012622833252e-02,8.294834494590759277e-01
5.116027966141700745e-02,6.196907535195350647e-02,1.125631406903266907e-01,3.259518742561340332e-01,0.000000000000000000e+00,0.000000000000000000e+00
1.136929020285606384e-01,6.871612370014190674e-02,5.496464669704437256e-02,0.000000000000000000e+00,0.000000000000000000e+00,0.000000000000000000e+00
