# CPU,RAM,NetworkR,NetworkW,DiskW,DiskR
8.904220163822174072e-02,9.059373289346694946e-02,1.000000000000000000e+00,9.437928199768066406e-01,9.465696215629577637e-01,9.478530287742614746e-01
5.086860805749893188e-02,1.394642889499664307e-01,9.729331135749816895e-01,9.156969189643859863e-01,9.458280205726623535e-01,9.381449222564697266e-01
5.209565162658691406e-02,1.497974693775177002e-01,9.544569253921508789e-01,9.000148773193359375e-01,9.389532208442687988e-01,9.378529191017150879e-01
5.184977501630783081e-02,2.003840357065200806e-01,9.115765690803527832e-01,8.710702061653137207e-01,8.932837247848510742e-01,9.204453825950622559e-01
5.066985264420509338e-02,1.672857254743576050e-01,8.713687658309936523e-01,8.270092010498046875e-01,6.312295198440551758e-01,8.329114913940429688e-01
5.593573674559593201e-02,2.403606027364730835e-01,5.479881763458251953e-01,6.688309311866760254e-01,5.576242208480834961e-01,7.814202308654785156e-01
5.471340194344520569e-02,1.978684663772583008e-01,5.192365050315856934e-01,6.091225147247314453e-01,5.447999238967895508e-01,7.804480791091918945e-01
5.269907787442207336e-02,1.844408661127090454e-01,5.006524324417114258e-01,5.283911228179931641e-01,5.259252190589904785e-01,7.796410918235778809e-01
8.018924295902252197e-02,2.516833245754241943e-01,3.125923871994018555e-01,3.082050681114196777e-01,4.476473629474639893e-01,7.333400249481201172e-01
1.000000000000000000e+00,1.000000000000000000e+00,5.628386512398719788e-02,0.000000000000000000e+00,0.000000000000000000e+00,0.000000000000000000e+00
