# CPU,RAM,NetworkR,NetworkW,DiskW,DiskR
8.901013433933258057e-02,9.087117016315460205e-02,1.000000000000000000e+00,9.437961578369140625e-01,9.465628266334533691e-01,9.478576183319091797e-01
5.137037858366966248e-02,7.324793934822082520e-02,1.000000000000000000e+00,9.253664016723632812e-01,9.468749165534973145e-01,9.431895017623901367e-01
6.126151233911514282e-02,3.319470286369323730e-01,7.971369624137878418e-01,8.599135279655456543e-01,9.310051202774047852e-01,9.293711185455322266e-01
1.128997281193733215e-01,7.397398948669433594e-01,5.468818545341491699e-01,7.642415165901184082e-01,7.856441736221313477e-01,8.866264224052429199e-01
1.403633952140808105e-01,5.610252022743225098e-01,4.794838726520538330e-01,7.115613222122192383e-01,6.915332078933715820e-01,8.520411252975463867e-01
6.500133126974105835e-02,5.649805665016174316e-01,3.915366530418395996e-01,6.552708148956298828e-01,5.141672492027282715e-01,7.783724069595336914e-01
5.106969922780990601e-02,1.000000000000000000e+00,3.758946061134338379e-01,6.876392364501953125e-01,2.903499901294708252e-01,7.767814397811889648e-01
1.000000000000000000e+00,9.164693951606750488e-01,2.596888542175292969e-01,4.753485023975372314e-01,1.058857440948486328e-01,6.744791269302368164e-01
5.150131881237030029e-02,5.480599403381347656e-02,1.845493316650390625e-01,3.499278128147125244e-01,0.000000000000000000e+00,0.000000000000000000e+00
2.706809043884277344e-01,9.427316486835479736e-02,5.245041847229003906e-02,0.000000000000000000e+00,0.000000000000000000e+00,0.000000000000000000e+00
