# CPU,RAM,NetworkR,NetworkW,DiskW,DiskR
8.917417377233505249e-02,9.012132138013839722e-02,1.000000000000000000e+00,9.437812566757202148e-01,9.465790390968322754e-01,9.478433132171630859e-01
5.015321448445320129e-02,4.980044662952423096e-01,9.555944800376892090e-01,8.993235826492309570e-01,9.298033714294433594e-01,7.210312485694885254e-01
5.032916739583015442e-02,5.388243198394775391e-01,8.238440752029418945e-01,8.539944291114807129e-01,8.595576882362365723e-01,7.419035434722900391e-01
5.014442279934883118e-02,4.115355312824249268e-01,8.435297608375549316e-01,8.452173471450805664e-01,7.060428261756896973e-01,7.097030282020568848e-01
5.016217008233070374e-02,4.222382009029388428e-01,7.247006893157958984e-01,7.927689552307128906e-01,5.448235273361206055e-01,5.965951085090637207e-01
5.108911544084548950e-02,2.977402210235595703e-01,5.509147644042968750e-01,6.961469054222106934e-01,4.387526512145996094e-01,6.000611186027526855e-01
5.154455825686454773e-02,2.460271567106246948e-01,5.036440491676330566e-01,6.370246410369873047e-01,4.599279165267944336e-01,6.835816502571105957e-01
6.111111119389533997e-02,2.293504327535629272e-01,4.542118012905120850e-01,5.346563458442687988e-01,5.774148702621459961e-01,7.926055192947387695e-01
4.537807404994964600e-01,9.209475517272949219e-01,2.532469034194946289e-01,3.305504918098449707e-01,5.041065216064453125e-01,8.479088544845581055e-01
1.000000000000000000e+00,1.000000000000000000e+00,5.686647817492485046e-02,0.000000000000000000e+00,0.000000000000000000e+00,0.000000000000000000e+00
