# CPU,RAM,NetworkR,NetworkW,DiskW,DiskR
8.904444426298141479e-02,9.066243469715118408e-02,1.000000000000000000e+00,9.437938928604125977e-01,9.465680718421936035e-01,9.478542804718017578e-01
5.035606399178504944e-02,4.985324442386627197e-01,9.383959770202636719e-01,9.032946825027465820e-01,9.391486048698425293e-01,8.920502066612243652e-01
5.501575395464897156e-02,9.352315962314605713e-02,9.868541955947875977e-01,9.088044166564941406e-01,9.425616860389709473e-01,9.391815066337585449e-01
5.120644718408584595e-02,1.656976491212844849e-01,9.422420263290405273e-01,8.826274275779724121e-01,9.060734510421752930e-01,9.236575365066528320e-01
5.040959641337394714e-02,1.372178792953491211e-01,9.290732145309448242e-01,8.496863245964050293e-01,6.674644351005554199e-01,8.487909436225891113e-01
5.523579195141792297e-02,1.753195077180862427e-01,6.089746952056884766e-01,6.893200874328613281e-01,5.730286240577697754e-01,7.916161417961120605e-01
5.455626174807548523e-02,2.053086310625076294e-01,5.007365345954895020e-01,5.981078147888183594e-01,5.422037243843078613e-01,7.751430869102478027e-01
5.235641449689865112e-02,1.756303012371063232e-01,5.047407746315002441e-01,5.294815897941589355e-01,5.181664824485778809e-01,7.711793184280395508e-01
7.531342655420303345e-02,2.628107070922851562e-01,2.999410033226013184e-01,3.015356361865997314e-01,4.206241369247436523e-01,7.061188817024230957e-01
1.000000000000000000e+00,1.000000000000000000e+00,5.676753073930740356e-02,0.000000000000000000e+00,0.000000000000000000e+00,0.000000000000000000e+00
