# CPU,RAM,NetworkR,NetworkW,DiskW,DiskR
8.918111026287078857e-02,9.076672047376632690e-02,1.000000000000000000e+00,9.437931180000305176e-01,9.465656280517578125e-01,9.478555321693420410e-01
5.058999732136726379e-02,2.955076396465301514e-01,9.485358595848083496e-01,9.087040424346923828e-01,9.438050389289855957e-01,9.274188280105590820e-01
5.400924757122993469e-02,9.283716976642608643e-02,9.924522042274475098e-01,9.117718935012817383e-01,9.432108998298645020e-01,9.417961835861206055e-01
5.173968523740768433e-02,1.725744754076004028e-01,9.296858906745910645e-01,8.776426315307617188e-01,9.074743986129760742e-01,9.250071048736572266e-01
5.065342411398887634e-02,1.443538218736648560e-01,9.065415263175964355e-01,8.387957215309143066e-01,6.748030781745910645e-01,8.547993302345275879e-01
5.629196017980575562e-02,1.892257779836654663e-01,5.877481102943420410e-01,6.768324375152587891e-01,5.701495409011840820e-01,7.918868064880371094e-01
5.721357837319374084e-02,1.789585202932357788e-01,5.092265605926513672e-01,5.921020507812500000e-01,5.601829290390014648e-01,7.885199189186096191e-01
5.508001893758773804e-02,1.769939959049224854e-01,4.748174548149108887e-01,5.029227137565612793e-01,5.518494248390197754e-01,7.942706942558288574e-01
7.929113507270812988e-02,1.896645873785018921e-01,3.331822156906127930e-01,3.140061497688293457e-01,4.724390506744384766e-01,7.504378557205200195e-01
1.000000000000000000e+00,1.000000000000000000e+00,5.592982098460197449e-02,0.000000000000000000e+00,0.000000000000000000e+00,0.000000000000000000e+00
