# CPU,RAM,NetworkR,NetworkW,DiskW,DiskR
8.908917009830474854e-02,9.084451943635940552e-02,1.000000000000000000e+00,9.437947273254394531e-01,9.465634822845458984e-01,9.478568434715270996e-01
5.128932744264602661e-02,9.057103097438812256e-02,9.917811155319213867e-01,9.209527969360351562e-01,9.466210007667541504e-01,9.418952465057373047e-01
5.968621373176574707e-02,3.208812475204467773e-01,8.240773677825927734e-01,8.670659065246582031e-01,9.335948228836059570e-01,9.323239922523498535e-01
9.006174653768539429e-02,5.659139752388000488e-01,6.552705168724060059e-01,8.008837103843688965e-01,8.610601425170898438e-01,9.074717760086059570e-01
9.355718642473220825e-02,4.530849158763885498e-01,5.779487490653991699e-01,7.515080571174621582e-01,7.637860178947448730e-01,8.760324120521545410e-01
7.579670846462249756e-02,4.966961145401000977e-01,4.575369954109191895e-01,6.748183965682983398e-01,6.191379427909851074e-01,8.270115256309509277e-01
5.300813913345336914e-02,1.000000000000000000e+00,3.972118496894836426e-01,6.900094747543334961e-01,3.309350013732910156e-01,8.354631066322326660e-01
1.000000000000000000e+00,9.715772271156311035e-01,2.576821446418762207e-01,4.958429038524627686e-01,9.876671433448791504e-02,6.776489019393920898e-01
5.192648246884346008e-02,5.428024008870124817e-02,1.521979719400405884e-01,3.305170536041259766e-01,0.000000000000000000e+00,0.000000000000000000e+00
1.423935890197753906e-01,6.282630562782287598e-02,5.591504275798797607e-02,0.000000000000000000e+00,0.000000000000000000e+00,0.000000000000000000e+00
