# CPU,RAM,NetworkR,NetworkW,DiskW,DiskR
8.915004134178161621e-02,9.066900610923767090e-02,1.000000000000000000e+00,9.437923431396484375e-01,9.465678930282592773e-01,9.478540420532226562e-01
5.026204138994216919e-02,3.289022445678710938e-01,9.631797671318054199e-01,9.068592786788940430e-01,9.399549961090087891e-01,8.767475485801696777e-01
5.126573517918586731e-02,3.220601081848144531e-01,8.726468682289123535e-01,8.731694221496582031e-01,9.180282354354858398e-01,9.030113816261291504e-01
5.067481100559234619e-02,2.903011739253997803e-01,8.713037967681884766e-01,8.576415181159973145e-01,8.180165886878967285e-01,8.828359246253967285e-01
5.023296922445297241e-02,2.439465075731277466e-01,8.309893012046813965e-01,8.224977254867553711e-01,5.569940805435180664e-01,7.366985082626342773e-01
5.261470377445220947e-02,2.649006545543670654e-01,5.436493754386901855e-01,6.839191913604736328e-01,4.843533933162689209e-01,7.081194519996643066e-01
5.204143375158309937e-02,2.681215107440948486e-01,4.762023985385894775e-01,6.164495944976806641e-01,4.656960070133209229e-01,7.063938975334167480e-01
5.363733693957328796e-02,2.286892086267471313e-01,4.541175067424774170e-01,5.282956957817077637e-01,4.968717992305755615e-01,7.507769465446472168e-01
1.102289929986000061e-01,4.483782351016998291e-01,2.451164424419403076e-01,2.922717928886413574e-01,3.878976404666900635e-01,6.939860582351684570e-01
1.000000000000000000e+00,1.000000000000000000e+00,5.628963187336921692e-02,0.000000000000000000e+00,0.000000000000000000e+00,0.000000000000000000e+00
