# CPU,RAM,NetworkR,NetworkW,DiskW,DiskR
8.905388414859771729e-02,9.052103757858276367e-02,1.000000000000000000e+00,9.437926411628723145e-01,9.465716481208801270e-01,9.478521347045898438e-01
5.015634372830390930e-02,4.424352347850799561e-01,9.601888060569763184e-01,9.007971286773681641e-01,9.314359426498413086e-01,7.384061217308044434e-01
5.085690692067146301e-02,3.580033481121063232e-01,8.509956598281860352e-01,8.647717237472534180e-01,9.019188284873962402e-01,8.508657217025756836e-01
5.031973123550415039e-02,3.274768292903900146e-01,8.580359816551208496e-01,8.527325987815856934e-01,7.639579772949218750e-01,8.284596204757690430e-01
5.023008584976196289e-02,3.091664016246795654e-01,7.676954269409179688e-01,8.062741756439208984e-01,5.438642501831054688e-01,6.805191040039062500e-01
5.228734761476516724e-02,2.652649879455566406e-01,5.328689813613891602e-01,6.862391233444213867e-01,4.552956223487854004e-01,6.622468233108520508e-01
5.181210860610008240e-02,2.515420317649841309e-01,4.672189056873321533e-01,6.222185492515563965e-01,4.411126673221588135e-01,6.725702285766601562e-01
5.835265293717384338e-02,2.570992708206176758e-01,4.093140363693237305e-01,5.108468532562255859e-01,5.102557539939880371e-01,7.545968890190124512e-01
2.164849787950515747e-01,7.614300251007080078e-01,1.987977176904678345e-01,2.762798070907592773e-01,3.297061324119567871e-01,7.010899782180786133e-01
1.000000000000000000e+00,1.000000000000000000e+00,5.590466037392616272e-02,0.000000000000000000e+00,0.000000000000000000e+00,0.000000000000000000e+00
