# CPU,RAM,NetworkR,NetworkW,DiskW,DiskR
7.916435599327087402e-02,8.080418407917022705e-02,1.000000000000000000e+00,9.537932872772216797e-01,9.565644860267639160e-01,9.578561186790466309e-01
4.125649854540824890e-02,8.208406716585159302e-02,9.810305833816528320e-01,9.307681322097778320e-01,9.566066265106201172e-01,9.518132805824279785e-01
4.888011515140533447e-02,2.013331055641174316e-01,8.680264949798583984e-01,8.897917866706848145e-01,9.486619830131530762e-01,9.461622834205627441e-01
6.934879720211029053e-02,3.609585165977478027e-01,7.532600164413452148e-01,8.422601222991943359e-01,9.136282205581665039e-01,9.321027994155883789e-01
8.476892113685607910e-02,4.608069658279418945e-01,5.761668086051940918e-01,7.581930160522460938e-01,7.797914147377014160e-01,8.876014947891235352e-01
1.111032292246818542e-01,5.380404591560363770e-01,4.307466149330139160e-01,6.647105216979980469e-01,6.591253280639648438e-01,8.503324985504150391e-01
4.776521772146224976e-02,1.000000000000000000e+00,3.520381152629852295e-01,6.757438182830810547e-01,3.085980415344238281e-01,8.372673988342285156e-01
1.000000000000000000e+00,9.942201972007751465e-01,2.052153348922729492e-01,4.796799123287200928e-01,9.143305569887161255e-02,4.910522401332855225e-01
4.656093195080757141e-02,4.366949573159217834e-02,1.278095692396163940e-01,3.102892339229583740e-01,0.000000000000000000e+00,0.000000000000000000e+00
1.657112985849380493e-01,4.975755512714385986e-02,4.588808491826057434e-02,0.000000000000000000e+00,0.000000000000000000e+00,0.000000000000000000e+00
