# CPU,RAM,NetworkR,NetworkW,DiskW,DiskR
7.911816239356994629e-02,8.069676160812377930e-02,1.000000000000000000e+00,9.537938833236694336e-01,9.565675258636474609e-01,9.578549265861511230e-01
4.041448608040809631e-02,4.132626354694366455e-01,9.319849610328674316e-01,9.151759743690490723e-01,9.510881304740905762e-01,9.177048206329345703e-01
4.703966528177261353e-02,6.699828803539276123e-02,9.936593174934387207e-01,9.252234101295471191e-01,9.545717835426330566e-01,9.523321986198425293e-01
4.168572649359703064e-02,1.590528041124343872e-01,9.172505736351013184e-01,8.874061107635498047e-01,9.198418259620666504e-01,9.344140291213989258e-01
4.123597592115402222e-02,1.119215264916419983e-01,9.031823873519897461e-01,8.520402312278747559e-01,7.319520711898803711e-01,8.850189447402954102e-01
5.693013593554496765e-02,1.573505550622940063e-01,5.837540030479431152e-01,6.865171194076538086e-01,6.540849208831787109e-01,8.366188406944274902e-01
7.159702479839324951e-02,1.717599034309387207e-01,4.771919846534729004e-01,5.864770412445068359e-01,6.571838259696960449e-01,8.402603268623352051e-01
9.059037268161773682e-02,1.863150596618652344e-01,3.892132043838500977e-01,4.595827460289001465e-01,6.260390281677246094e-01,8.364242315292358398e-01
1.324242353439331055e-01,1.577778756618499756e-01,3.404859602451324463e-01,3.397035896778106689e-01,6.205578446388244629e-01,8.429756760597229004e-01
1.000000000000000000e+00,1.000000000000000000e+00,4.373097792267799377e-02,0.000000000000000000e+00,0.000000000000000000e+00,0.000000000000000000e+00
