# CPU,RAM,NetworkR,NetworkW,DiskW,DiskR
7.902725040912628174e-02,8.069141954183578491e-02,1.000000000000000000e+00,9.537944197654724121e-01,9.565673470497131348e-01,9.578547477722167969e-01
4.042412340641021729e-02,3.274886012077331543e-01,9.397088289260864258e-01,9.170057177543640137e-01,9.520350098609924316e-01,9.226794242858886719e-01
4.296465218067169189e-02,1.101919338107109070e-01,9.600424170494079590e-01,9.133602380752563477e-01,9.501057267189025879e-01,9.468991160392761230e-01
4.094290360808372498e-02,1.682066321372985840e-01,9.307560920715332031e-01,8.907939791679382324e-01,9.031860232353210449e-01,9.294589757919311523e-01
4.033734276890754700e-02,1.331738084554672241e-01,9.101092219352722168e-01,8.555439114570617676e-01,6.379104256629943848e-01,8.386527299880981445e-01
4.496735706925392151e-02,1.621013730764389038e-01,5.898756980895996094e-01,6.960815191268920898e-01,5.665047168731689453e-01,7.918899059295654297e-01
4.494833573698997498e-02,1.836394071578979492e-01,4.963353574275970459e-01,6.110900044441223145e-01,5.656086802482604980e-01,7.939512729644775391e-01
4.363479092717170715e-02,1.767480969429016113e-01,4.746601581573486328e-01,5.280420780181884766e-01,5.511479973793029785e-01,7.976844906806945801e-01
7.425426691770553589e-02,2.157333642244338989e-01,3.078106045722961426e-01,3.211762011051177979e-01,4.745728075504302979e-01,7.540481090545654297e-01
1.000000000000000000e+00,1.000000000000000000e+00,4.600118845701217651e-02,0.000000000000000000e+00,0.000000000000000000e+00,0.000000000000000000e+00
