# CPU,RAM,NetworkR,NetworkW,DiskW,DiskR
7.918973267078399658e-02,8.076664805412292480e-02,1.000000000000000000e+00,9.537932276725769043e-01,9.565656781196594238e-01,9.578556418418884277e-01
4.098652675747871399e-02,1.609355658292770386e-01,9.502319097518920898e-01,9.229016900062561035e-01,9.556638002395629883e-01,9.477816820144653320e-01
4.460212588310241699e-02,1.098765432834625244e-01,9.546356797218322754e-01,9.132656455039978027e-01,9.520725011825561523e-01,9.508838057518005371e-01
4.449146240949630737e-02,1.429660916328430176e-01,9.198185801506042480e-01,8.902965784072875977e-01,9.316653013229370117e-01,9.420968294143676758e-01
5.711714178323745728e-02,2.073147147893905640e-01,7.306092977523803711e-01,7.920321226119995117e-01,8.039132952690124512e-01,8.934468030929565430e-01
1.241861581802368164e-01,3.020282685756683350e-01,5.051366090774536133e-01,6.649147272109985352e-01,7.192898392677307129e-01,8.630625009536743164e-01
8.642522990703582764e-02,1.000000000000000000e+00,3.686129748821258545e-01,6.415833234786987305e-01,4.170605838298797607e-01,8.935902118682861328e-01
1.000000000000000000e+00,1.000000000000000000e+00,1.796562075614929199e-01,3.967151343822479248e-01,6.730879843235015869e-02,5.837470293045043945e-01
4.395908862352371216e-02,4.251993820071220398e-02,1.119736209511756897e-01,2.921038269996643066e-01,0.000000000000000000e+00,0.000000000000000000e+00
1.463931053876876831e-01,4.670633003115653992e-02,4.673837497830390930e-02,0.000000000000000000e+00,0.000000000000000000e+00,0.000000000000000000e+00
