# CPU,RAM,NetworkR,NetworkW,DiskW,DiskR
7.917699962854385376e-02,8.079926669597625732e-02,1.000000000000000000e+00,9.537934064865112305e-01,9.565647244453430176e-01,9.578561186790466309e-01
4.124092683196067810e-02,9.082201123237609863e-02,9.751738905906677246e-01,9.292008876800537109e-01,9.564918875694274902e-01,9.512909054756164551e-01
4.927930235862731934e-02,2.124627977609634399e-01,8.656771779060363770e-01,8.893608450889587402e-01,9.486219286918640137e-01,9.463323354721069336e-01
7.477527856826782227e-02,3.506546914577484131e-01,7.629351019859313965e-01,8.454753756523132324e-01,9.193873405456542969e-01,9.346178770065307617e-01
1.325885951519012451e-01,5.556303262710571289e-01,5.567693114280700684e-01,7.532231807708740234e-01,8.040454387664794922e-01,8.979166150093078613e-01
1.513444334268569946e-01,5.997722148895263672e-01,4.340504705905914307e-01,6.713132262229919434e-01,6.912600398063659668e-01,8.670263886451721191e-01
4.510740563273429871e-02,1.000000000000000000e+00,3.629099130630493164e-01,6.916173100471496582e-01,3.103423416614532471e-01,8.365121483802795410e-01
1.000000000000000000e+00,1.000000000000000000e+00,2.196050882339477539e-01,5.311921238899230957e-01,9.731300920248031616e-02,4.510293900966644287e-01
4.916612803936004639e-02,4.684456810355186462e-02,1.380939185619354248e-01,3.266239464282989502e-01,0.000000000000000000e+00,0.000000000000000000e+00
1.500263512134552002e-01,5.031398683786392212e-02,4.624049365520477295e-02,0.000000000000000000e+00,0.000000000000000000e+00,0.000000000000000000e+00
