# CPU,RAM,NetworkR,NetworkW,DiskW,DiskR
7.907506078481674194e-02,8.060427010059356689e-02,1.000000000000000000e+00,9.537926316261291504e-01,9.565693736076354980e-01,9.578531980514526367e-01
4.028182849287986755e-02,3.555981218814849854e-01,9.461792707443237305e-01,9.155787229537963867e-01,9.495720267295837402e-01,8.892508149147033691e-01
4.239656776189804077e-02,1.728904247283935547e-01,9.163234829902648926e-01,8.988069891929626465e-01,9.438548088073730469e-01,9.346258044242858887e-01
4.076076671481132507e-02,2.182354927062988281e-01,9.022272825241088867e-01,8.811079263687133789e-01,8.742811083793640137e-01,9.148756861686706543e-01
4.029836878180503845e-02,1.650429964065551758e-01,8.773567080497741699e-01,8.477209210395812988e-01,6.088631153106689453e-01,8.070419430732727051e-01
4.358085989952087402e-02,2.027424871921539307e-01,5.777561068534851074e-01,7.053990960121154785e-01,5.588654279708862305e-01,7.802925109863281250e-01
4.429210722446441650e-02,1.544662714004516602e-01,5.834637880325317383e-01,6.678206920623779297e-01,6.275572180747985840e-01,8.305109143257141113e-01
6.928803771734237671e-02,1.942951232194900513e-01,5.133269429206848145e-01,5.612288117408752441e-01,7.492062449455261230e-01,8.837242722511291504e-01
7.730119228363037109e-01,9.237807989120483398e-01,3.186319768428802490e-01,3.784954845905303955e-01,6.996890306472778320e-01,9.227526187896728516e-01
1.000000000000000000e+00,1.000000000000000000e+00,4.802655056118965149e-02,0.000000000000000000e+00,0.000000000000000000e+00,0.000000000000000000e+00
