# CPU,RAM,NetworkR,NetworkW,DiskW,DiskR
7.917240262031555176e-02,8.082222938537597656e-02,1.000000000000000000e+00,9.537935256958007812e-01,9.565641283988952637e-01,9.578562974929809570e-01
4.129311069846153259e-02,7.838873565196990967e-02,9.834548830986022949e-01,9.314144849777221680e-01,9.566516876220703125e-01,9.520382881164550781e-01
4.917730763554573059e-02,3.111891150474548340e-01,8.122572898864746094e-01,8.765122890472412109e-01,9.429194927215576172e-01,9.417461156845092773e-01
8.652280271053314209e-02,4.913253486156463623e-01,6.738007068634033203e-01,8.190721273422241211e-01,8.889335989952087402e-01,9.230096340179443359e-01
9.888109564781188965e-02,5.279571413993835449e-01,5.320998430252075195e-01,7.476379275321960449e-01,7.589244246482849121e-01,8.822339177131652832e-01
1.444905698299407959e-01,5.956079959869384766e-01,4.570021629333496094e-01,6.912978887557983398e-01,7.396429181098937988e-01,8.820977210998535156e-01
4.402216896414756775e-02,1.000000000000000000e+00,3.576931655406951904e-01,7.063348293304443359e-01,2.464724779129028320e-01,7.255527973175048828e-01
1.000000000000000000e+00,1.000000000000000000e+00,2.123573720455169678e-01,5.132328271865844727e-01,1.023515835404396057e-01,4.738050997257232666e-01
4.812004789710044861e-02,4.747633635997772217e-02,1.373793780803680420e-01,3.209326863288879395e-01,0.000000000000000000e+00,0.000000000000000000e+00
1.478210985660552979e-01,5.333040654659271240e-02,4.579445347189903259e-02,0.000000000000000000e+00,0.000000000000000000e+00,0.000000000000000000e+00
