# CPU,RAM,NetworkR,NetworkW,DiskW,DiskR
7.912250608205795288e-02,8.081864565610885620e-02,1.000000000000000000e+00,9.537937045097351074e-01,9.565640091896057129e-01,9.578562378883361816e-01
4.083088040351867676e-02,1.934780627489089966e-01,9.457458853721618652e-01,9.214743375778198242e-01,9.551525115966796875e-01,9.453381896018981934e-01
4.294061288237571716e-02,9.138150513172149658e-02,9.768849611282348633e-01,9.202780127525329590e-01,9.522197842597961426e-01,9.515038728713989258e-01
4.210628941655158997e-02,1.348498612642288208e-01,9.355161786079406738e-01,8.933702707290649414e-01,9.233152270317077637e-01,9.388551712036132812e-01
4.441682994365692139e-02,1.337777525186538696e-01,8.277819752693176270e-01,8.205684423446655273e-01,7.514283061027526855e-01,8.848845362663269043e-01
8.787623047828674316e-02,1.899566352367401123e-01,5.421893596649169922e-01,6.674780249595642090e-01,6.978599429130554199e-01,8.521045446395874023e-01
1.476660370826721191e-01,1.000000000000000000e+00,3.020507991313934326e-01,5.599555969238281250e-01,3.772973418235778809e-01,8.609145283699035645e-01
9.842236638069152832e-01,7.209032773971557617e-01,1.152843311429023743e-01,2.621968686580657959e-01,5.913313105702400208e-02,1.660068929195404053e-01
4.520291835069656372e-02,4.153409972786903381e-02,1.127642989158630371e-01,2.556187808513641357e-01,0.000000000000000000e+00,0.000000000000000000e+00
3.004805743694305420e-01,5.315776914358139038e-02,4.409706965088844299e-02,0.000000000000000000e+00,0.000000000000000000e+00,0.000000000000000000e+00
