# CPU,RAM,NetworkR,NetworkW,DiskW,DiskR
7.917116582393646240e-02,8.085919916629791260e-02,1.000000000000000000e+00,9.537935853004455566e-01,9.565631151199340820e-01,9.578567743301391602e-01
4.132866486907005310e-02,7.386431843042373657e-02,9.869000911712646484e-01,9.323720932006835938e-01,9.567188024520874023e-01,9.523610472679138184e-01
5.119534209370613098e-02,3.776175081729888916e-01,7.806863188743591309e-01,8.690758347511291504e-01,9.397162795066833496e-01,9.396276473999023438e-01
7.578843832015991211e-02,8.050096631050109863e-01,5.062798857688903809e-01,7.658739089965820312e-01,7.301445007324218750e-01,8.802322149276733398e-01
9.632317721843719482e-02,2.938179075717926025e-01,6.326138973236083984e-01,7.850394248962402344e-01,8.179314732551574707e-01,9.006529450416564941e-01
6.169611960649490356e-02,6.049858927726745605e-01,4.238810837268829346e-01,6.843144893646240234e-01,6.153742074966430664e-01,8.380876183509826660e-01
4.093011841177940369e-02,1.000000000000000000e+00,3.819881975650787354e-01,7.051669359207153320e-01,3.085639476776123047e-01,7.812157869338989258e-01
1.000000000000000000e+00,9.136292934417724609e-01,2.659848928451538086e-01,5.057954192161560059e-01,1.218080595135688782e-01,6.881989240646362305e-01
4.212510958313941956e-02,4.494580999016761780e-02,1.945552229881286621e-01,3.680240213871002197e-01,7.886432111263275146e-03,0.000000000000000000e+00
1.732785105705261230e-01,6.113094091415405273e-02,4.453562945127487183e-02,0.000000000000000000e+00,0.000000000000000000e+00,0.000000000000000000e+00
