# CPU,RAM,NetworkR,NetworkW,DiskW,DiskR
7.913207262754440308e-02,8.073392510414123535e-02,1.000000000000000000e+00,9.537931084632873535e-01,9.565662145614624023e-01,9.578550457954406738e-01
4.098499938845634460e-02,1.127209812402725220e-01,9.674314856529235840e-01,9.270629882812500000e-01,9.561329483985900879e-01,9.496389031410217285e-01
4.219012334942817688e-02,9.481127560138702393e-02,9.750217795372009277e-01,9.197364449501037598e-01,9.517155289649963379e-01,9.510316848754882812e-01
4.150328412652015686e-02,1.453391909599304199e-01,9.318962097167968750e-01,8.904516100883483887e-01,9.117073416709899902e-01,9.344078302383422852e-01
4.088362306356430054e-02,1.320606917142868042e-01,8.686299920082092285e-01,8.347020149230957031e-01,6.436167359352111816e-01,8.497977256774902344e-01
5.151938274502754211e-02,1.827752888202667236e-01,5.195826292037963867e-01,6.562802195549011230e-01,5.645483732223510742e-01,7.907158136367797852e-01
5.143928527832031250e-02,1.659512519836425781e-01,4.490897059440612793e-01,5.721681118011474609e-01,5.457495450973510742e-01,7.823004126548767090e-01
4.776537045836448669e-02,1.615021377801895142e-01,4.332169592380523682e-01,4.928940236568450928e-01,5.696156024932861328e-01,8.081108927726745605e-01
7.991304993629455566e-02,1.767231523990631104e-01,3.181772530078887939e-01,3.189719915390014648e-01,5.120673775672912598e-01,7.844492793083190918e-01
1.000000000000000000e+00,1.000000000000000000e+00,4.480122029781341553e-02,0.000000000000000000e+00,0.000000000000000000e+00,0.000000000000000000e+00
