# CPU,RAM,NetworkR,NetworkW,DiskW,DiskR
7.894556224346160889e-02,8.071804046630859375e-02,1.000000000000000000e+00,9.537953138351440430e-01,9.565665125846862793e-01,9.578552246093750000e-01
4.134187474846839905e-02,5.890613794326782227e-02,1.000000000000000000e+00,9.371153116226196289e-01,9.569595456123352051e-01,9.536402821540832520e-01
4.396411776542663574e-02,2.889898419380187988e-01,8.124582171440124512e-01,8.753232955932617188e-01,9.355739951133728027e-01,9.349582195281982422e-01
4.478086531162261963e-02,1.268384754657745361e-01,9.182819724082946777e-01,8.911542296409606934e-01,9.221445918083190918e-01,9.400519132614135742e-01
6.726819276809692383e-02,2.860176861286163330e-01,6.011225581169128418e-01,7.485976219177246094e-01,7.171745896339416504e-01,8.580655455589294434e-01
1.810035109519958496e-01,5.170474052429199219e-01,4.430366754531860352e-01,6.588208079338073730e-01,7.284222841262817383e-01,8.728502392768859863e-01
1.183084100484848022e-01,1.000000000000000000e+00,3.306157886981964111e-01,6.560271978378295898e-01,2.294294238090515137e-01,8.239760994911193848e-01
1.000000000000000000e+00,7.432335615158081055e-01,1.607784628868103027e-01,3.945810496807098389e-01,7.169989496469497681e-02,3.462164998054504395e-01
4.531126841902732849e-02,4.205359145998954773e-02,1.220773905515670776e-01,2.821136713027954102e-01,0.000000000000000000e+00,0.000000000000000000e+00
1.678094863891601562e-01,4.795014858245849609e-02,4.647961631417274475e-02,0.000000000000000000e+00,0.000000000000000000e+00,0.000000000000000000e+00
