# CPU,RAM,NetworkR,NetworkW,DiskW,DiskR
7.898557186126708984e-02,8.077904582023620605e-02,1.000000000000000000e+00,9.537944197654724121e-01,9.565646052360534668e-01,9.578558206558227539e-01
4.099103808403015137e-02,1.004965230822563171e-01,9.731577038764953613e-01,9.284537434577941895e-01,9.562045335769653320e-01,9.500401020050048828e-01
4.205478355288505554e-02,1.107661351561546326e-01,9.608532786369323730e-01,9.148722290992736816e-01,9.501276016235351562e-01,9.492285251617431641e-01
4.169447720050811768e-02,1.735182106494903564e-01,9.068567752838134766e-01,8.814818263053894043e-01,9.004198312759399414e-01,9.293196797370910645e-01
4.091822728514671326e-02,1.459118723869323730e-01,8.461629152297973633e-01,8.284415006637573242e-01,6.255277991294860840e-01,8.385969400405883789e-01
4.965933412313461304e-02,2.139593660831451416e-01,5.049760937690734863e-01,6.576641201972961426e-01,5.569009184837341309e-01,7.847739458084106445e-01
4.752177745103836060e-02,1.656195521354675293e-01,4.813794791698455811e-01,5.985413193702697754e-01,5.506433844566345215e-01,7.873334288597106934e-01
4.602752998471260071e-02,1.573128998279571533e-01,4.758198261260986328e-01,5.238986015319824219e-01,5.960025787353515625e-01,8.243237733840942383e-01
9.874208271503448486e-02,2.121428847312927246e-01,3.363305032253265381e-01,3.340112864971160889e-01,5.725827217102050781e-01,8.223490715026855469e-01
1.000000000000000000e+00,1.000000000000000000e+00,4.513708874583244324e-02,0.000000000000000000e+00,0.000000000000000000e+00,0.000000000000000000e+00
