# CPU,RAM,NetworkR,NetworkW,DiskW,DiskR
7.900574803352355957e-02,8.081707358360290527e-02,1.000000000000000000e+00,9.537956118583679199e-01,9.565641283988952637e-01,9.578567147254943848e-01
4.130405187606811523e-02,7.395483553409576416e-02,9.870414733886718750e-01,9.324004054069519043e-01,9.567038416862487793e-01,9.523116946220397949e-01
4.536620154976844788e-02,2.294588088989257812e-01,8.544668555259704590e-01,8.863375782966613770e-01,9.445127844810485840e-01,9.427757263183593750e-01
6.757792085409164429e-02,2.525582909584045410e-01,8.089138865470886230e-01,8.573104739189147949e-01,9.248108267784118652e-01,9.367774128913879395e-01
2.089751362800598145e-01,6.762573122978210449e-01,5.040029287338256836e-01,7.292985916137695312e-01,7.723798155784606934e-01,8.924350142478942871e-01
1.442895084619522095e-01,6.561746001243591309e-01,3.974953591823577881e-01,6.543481349945068359e-01,6.340926885604858398e-01,8.505189418792724609e-01
4.277214780449867249e-02,1.000000000000000000e+00,3.346016407012939453e-01,6.900464892387390137e-01,2.374245226383209229e-01,7.032054066658020020e-01
1.000000000000000000e+00,9.777091145515441895e-01,2.099870741367340088e-01,4.751452505588531494e-01,9.429716318845748901e-02,5.579281449317932129e-01
4.534550756216049194e-02,4.536933824419975281e-02,1.312325447797775269e-01,3.121896684169769287e-01,0.000000000000000000e+00,0.000000000000000000e+00
1.467883139848709106e-01,5.049926415085792542e-02,4.591405764222145081e-02,0.000000000000000000e+00,0.000000000000000000e+00,0.000000000000000000e+00
