# CPU,RAM,NetworkR,NetworkW,DiskW,DiskR
7.910484075546264648e-02,8.077436685562133789e-02,1.000000000000000000e+00,9.537941217422485352e-01,9.565653204917907715e-01,9.578558206558227539e-01
4.134196043014526367e-02,6.347980350255966187e-02,9.970819950103759766e-01,9.353891015052795410e-01,9.568843245506286621e-01,9.532039165496826172e-01
5.027340352535247803e-02,2.911476790904998779e-01,8.032376766204833984e-01,8.738008141517639160e-01,9.427682161331176758e-01,9.405801892280578613e-01
1.006662398576736450e-01,5.754752159118652344e-01,6.212062239646911621e-01,8.022298812866210938e-01,8.670751452445983887e-01,9.157271385192871094e-01
2.039866447448730469e-01,5.984417796134948730e-01,5.156548619270324707e-01,7.416627407073974609e-01,7.877573370933532715e-01,8.946462273597717285e-01
1.544183790683746338e-01,6.018900871276855469e-01,4.364230334758758545e-01,6.847581267356872559e-01,7.123981118202209473e-01,8.754799365997314453e-01
4.152800887823104858e-02,1.000000000000000000e+00,3.913827836513519287e-01,7.285047173500061035e-01,2.904677987098693848e-01,7.967612147331237793e-01
1.000000000000000000e+00,1.000000000000000000e+00,2.795249223709106445e-01,5.871080160140991211e-01,1.038390621542930603e-01,8.582606911659240723e-01
4.141365736722946167e-02,6.349337100982666016e-02,1.255232840776443481e-01,3.603411614894866943e-01,0.000000000000000000e+00,0.000000000000000000e+00
7.440261542797088623e-02,5.887689813971519470e-02,4.570133984088897705e-02,0.000000000000000000e+00,0.000000000000000000e+00,0.000000000000000000e+00
