# CPU,RAM,NetworkR,NetworkW,DiskW,DiskR
7.920704782009124756e-02,8.082276582717895508e-02,1.000000000000000000e+00,9.537929892539978027e-01,9.565641283988952637e-01,9.578562378883361816e-01
4.125920683145523071e-02,8.991487324237823486e-02,9.755446910858154297e-01,9.293044209480285645e-01,9.565105438232421875e-01,9.513710141181945801e-01
5.278141796588897705e-02,2.573693692684173584e-01,8.400158882141113281e-01,8.832030296325683594e-01,9.479474425315856934e-01,9.456521868705749512e-01
1.114545464515686035e-01,6.879474520683288574e-01,5.982557535171508789e-01,7.959272861480712891e-01,8.573567867279052734e-01,9.156938791275024414e-01
1.002149581909179688e-01,5.125740766525268555e-01,5.243926644325256348e-01,7.455702424049377441e-01,7.478722333908081055e-01,8.787772059440612793e-01
1.158830001950263977e-01,5.718157887458801270e-01,4.398399293422698975e-01,6.843060851097106934e-01,7.044460177421569824e-01,8.697255253791809082e-01
4.226592183113098145e-02,1.000000000000000000e+00,3.625833690166473389e-01,7.073044180870056152e-01,2.628759145736694336e-01,7.535667419433593750e-01
9.997024536132812500e-01,9.845601916313171387e-01,2.014738917350769043e-01,4.932393729686737061e-01,1.112549379467964172e-01,3.883399665355682373e-01
4.737119749188423157e-02,4.735470563173294067e-02,1.494908034801483154e-01,3.192266523838043213e-01,0.000000000000000000e+00,0.000000000000000000e+00
1.103238761425018311e-01,4.835165664553642273e-02,4.933146014809608459e-02,0.000000000000000000e+00,0.000000000000000000e+00,0.000000000000000000e+00
