# CPU,RAM,NetworkR,NetworkW,DiskW,DiskR
7.901343703269958496e-02,8.077833056449890137e-02,1.000000000000000000e+00,9.537945985794067383e-01,9.565648436546325684e-01,9.578558802604675293e-01
4.130617901682853699e-02,6.849777698516845703e-02,9.921087026596069336e-01,9.338793158531188965e-01,9.567915797233581543e-01,9.527444243431091309e-01
4.641133919358253479e-02,1.983612477779388428e-01,8.642728924751281738e-01,8.885461091995239258e-01,9.466575980186462402e-01,9.441152215003967285e-01
5.894840136170387268e-02,2.246108353137969971e-01,8.283103704452514648e-01,8.631790280342102051e-01,9.248250126838684082e-01,9.372271895408630371e-01
1.060712188482284546e-01,4.418886303901672363e-01,5.712406039237976074e-01,7.497506737709045410e-01,7.856184244155883789e-01,8.875349164009094238e-01
1.647692918777465820e-01,6.495074629783630371e-01,4.063704609870910645e-01,6.509640216827392578e-01,6.605618000030517578e-01,8.585776090621948242e-01
5.626549944281578064e-02,1.000000000000000000e+00,3.155130147933959961e-01,6.649988293647766113e-01,2.198785841464996338e-01,7.366575002670288086e-01
1.000000000000000000e+00,9.593790173530578613e-01,1.915195286273956299e-01,4.447903633117675781e-01,7.839898020029067993e-02,5.451548099517822266e-01
4.650327190756797791e-02,4.359495639801025391e-02,1.210628002882003784e-01,2.957329452037811279e-01,0.000000000000000000e+00,0.000000000000000000e+00
1.815508306026458740e-01,5.043920129537582397e-02,4.506408795714378357e-02,0.000000000000000000e+00,0.000000000000000000e+00,0.000000000000000000e+00
