# CPU,RAM,NetworkR,NetworkW,DiskW,DiskR
7.912628352642059326e-02,8.064533770084381104e-02,1.000000000000000000e+00,9.537932872772216797e-01,9.565688371658325195e-01,9.578540325164794922e-01
4.057210311293601990e-02,2.973034381866455078e-01,9.377784729003906250e-01,9.183945059776306152e-01,9.536365270614624023e-01,9.362983107566833496e-01
4.300993680953979492e-02,1.027519702911376953e-01,9.687994718551635742e-01,9.171077013015747070e-01,9.515029191970825195e-01,9.498577117919921875e-01
4.119820147752761841e-02,1.503324359655380249e-01,9.406880140304565430e-01,8.950933218002319336e-01,9.164456129074096680e-01,9.359439015388488770e-01
4.041797667741775513e-02,1.224751397967338562e-01,9.231950640678405762e-01,8.601099848747253418e-01,6.785829067230224609e-01,8.636286258697509766e-01
4.522019997239112854e-02,1.494956910610198975e-01,6.179142594337463379e-01,7.033287286758422852e-01,5.907838940620422363e-01,8.105167746543884277e-01
4.598426446318626404e-02,1.645269840955734253e-01,5.137267112731933594e-01,6.100318431854248047e-01,5.829147100448608398e-01,8.062037229537963867e-01
4.417143017053604126e-02,1.695423424243927002e-01,4.743688702583312988e-01,5.181475877761840820e-01,5.590497255325317383e-01,8.030819296836853027e-01
7.195639610290527344e-02,2.032938003540039062e-01,3.112277090549468994e-01,3.161774575710296631e-01,4.746012389659881592e-01,7.542892098426818848e-01
1.000000000000000000e+00,1.000000000000000000e+00,4.581576213240623474e-02,0.000000000000000000e+00,0.000000000000000000e+00,0.000000000000000000e+00
