# CPU,RAM,NetworkR,NetworkW,DiskW,DiskR
7.907535135746002197e-02,8.069389313459396362e-02,1.000000000000000000e+00,9.537938237190246582e-01,9.565672874450683594e-01,9.578546881675720215e-01
4.015897959470748901e-02,4.522425234317779541e-01,9.468551874160766602e-01,9.100577235221862793e-01,9.406722187995910645e-01,7.471182942390441895e-01
4.063668102025985718e-02,4.189858138561248779e-01,8.230033516883850098e-01,8.693618178367614746e-01,8.968861103057861328e-01,8.348155021667480469e-01
4.028667509555816650e-02,3.194699585437774658e-01,8.489391803741455078e-01,8.631256222724914551e-01,7.645726203918457031e-01,8.295273780822753906e-01
4.018444567918777466e-02,2.727839648723602295e-01,7.827510833740234375e-01,8.248898983001708984e-01,5.515862107276916504e-01,6.780529022216796875e-01
4.184832423925399780e-02,2.607264220714569092e-01,5.152325034141540527e-01,6.950334906578063965e-01,4.511280059814453125e-01,6.474699378013610840e-01
4.198035225272178650e-02,3.090530335903167725e-01,3.988107144832611084e-01,6.045680046081542969e-01,4.124715924263000488e-01,6.327115893363952637e-01
4.561807215213775635e-02,2.086776643991470337e-01,4.245249330997467041e-01,5.399259328842163086e-01,5.128577947616577148e-01,7.557805180549621582e-01
1.554607599973678589e-01,5.488733649253845215e-01,2.307450026273727417e-01,3.160280883312225342e-01,4.442899227142333984e-01,7.548231482505798340e-01
1.000000000000000000e+00,1.000000000000000000e+00,4.662797972559928894e-02,0.000000000000000000e+00,0.000000000000000000e+00,0.000000000000000000e+00
