# CPU,RAM,NetworkR,NetworkW,DiskW,DiskR
3.999999910593032837e-02,3.999999910593032837e-02,1.000000000000000000e+00,9.599999785423278809e-01,9.599999785423278809e-01,9.599999785423278809e-01
3.999999910593032837e-02,1.233333349227905273e-01,9.788760542869567871e-01,9.222580194473266602e-01,9.571630954742431641e-01,9.209517836570739746e-01
3.999999910593032837e-02,2.066666632890701294e-01,9.595737457275390625e-01,9.075120091438293457e-01,9.490070939064025879e-01,9.209517836570739746e-01
3.999999910593032837e-02,2.066666632890701294e-01,8.984497785568237305e-01,8.532051444053649902e-01,9.128368496894836426e-01,9.209517836570739746e-01
3.999999910593032837e-02,2.066666632890701294e-01,8.001286983489990234e-01,8.000675439834594727e-01,5.713475346565246582e-01,8.233312964439392090e-01
3.999999910593032837e-02,2.066666632890701294e-01,5.255735516548156738e-01,6.234403252601623535e-01,5.115070939064025879e-01,7.916046380996704102e-01
3.999999910593032837e-02,2.066666632890701294e-01,4.869689345359802246e-01,5.901156067848205566e-01,4.901418387889862061e-01,7.916046380996704102e-01
3.999999910593032837e-02,2.066666632890701294e-01,4.258449673652648926e-01,4.561673402786254883e-01,4.634574353694915771e-01,7.916046380996704102e-01
1.400000005960464478e-01,2.899999916553497314e-01,3.039991855621337891e-01,3.047447204589843750e-01,4.269326329231262207e-01,7.818425893783569336e-01
1.000000000000000000e+00,1.000000000000000000e+00,3.999999910593032837e-02,0.000000000000000000e+00,0.000000000000000000e+00,0.000000000000000000e+00
