# CPU,RAM,NetworkR,NetworkW,DiskW,DiskR
7.908629626035690308e-02,8.073359727859497070e-02,1.000000000000000000e+00,9.537935256958007812e-01,9.565660953521728516e-01,9.578550457954406738e-01
4.016081616282463074e-02,5.669435858726501465e-01,9.322757720947265625e-01,9.063860177993774414e-01,9.354869127273559570e-01,7.182465195655822754e-01
4.140647500753402710e-02,3.067604601383209229e-01,8.379137516021728516e-01,8.750988245010375977e-01,9.148063063621520996e-01,8.790521025657653809e-01
4.030186310410499573e-02,3.229635953903198242e-01,8.516538143157958984e-01,8.660619854927062988e-01,7.821723222732543945e-01,8.479183912277221680e-01
4.016675427556037903e-02,2.651512622833251953e-01,8.037924170494079590e-01,8.316612243652343750e-01,5.566694140434265137e-01,6.857100129127502441e-01
4.157647117972373962e-02,2.618433833122253418e-01,5.168268680572509766e-01,6.966510415077209473e-01,4.417098164558410645e-01,6.318572163581848145e-01
4.175576940178871155e-02,3.555634915828704834e-01,3.695863187313079834e-01,5.900356173515319824e-01,3.796935379505157471e-01,5.827680826187133789e-01
4.492452368140220642e-02,2.274904251098632812e-01,4.076656997203826904e-01,5.310689806938171387e-01,4.878819882869720459e-01,7.336075901985168457e-01
1.563093662261962891e-01,4.817670583724975586e-01,2.555871009826660156e-01,3.312243819236755371e-01,4.999414980411529541e-01,7.806087732315063477e-01
1.000000000000000000e+00,1.000000000000000000e+00,4.704350233078002930e-02,0.000000000000000000e+00,0.000000000000000000e+00,0.000000000000000000e+00
