# CPU,RAM,NetworkR,NetworkW,DiskW,DiskR
7.904735207557678223e-02,8.077053725719451904e-02,1.000000000000000000e+00,9.537945389747619629e-01,9.565653204917907715e-01,9.578558206558227539e-01
4.127987846732139587e-02,7.254062592983245850e-02,9.885634779930114746e-01,9.328578114509582520e-01,9.567328095436096191e-01,9.524381160736083984e-01
4.229629039764404297e-02,1.282669007778167725e-01,9.379891157150268555e-01,9.080879092216491699e-01,9.486138224601745605e-01,9.472730159759521484e-01
4.266857728362083435e-02,1.412086188793182373e-01,9.212182760238647461e-01,8.881943225860595703e-01,9.153457283973693848e-01,9.360669851303100586e-01
4.163124412298202515e-02,1.518230438232421875e-01,8.175515532493591309e-01,8.185495734214782715e-01,6.483579277992248535e-01,8.480280041694641113e-01
5.511187389492988586e-02,2.269063144922256470e-01,4.803593158721923828e-01,6.465736031532287598e-01,5.590435862541198730e-01,7.859297394752502441e-01
5.809263139963150024e-02,2.034791111946105957e-01,3.865681886672973633e-01,5.444688200950622559e-01,4.904567897319793701e-01,7.445725202560424805e-01
5.006089806556701660e-02,1.631005853414535522e-01,3.949822187423706055e-01,4.820382893085479736e-01,5.365015268325805664e-01,7.849923968315124512e-01
7.702329754829406738e-02,1.621350944042205811e-01,3.067983090877532959e-01,3.225288093090057373e-01,4.888410270214080811e-01,7.673014998435974121e-01
1.000000000000000000e+00,1.000000000000000000e+00,4.491738975048065186e-02,0.000000000000000000e+00,0.000000000000000000e+00,0.000000000000000000e+00
