# CPU,RAM,NetworkR,NetworkW,DiskW,DiskR
7.919009029865264893e-02,8.082939684391021729e-02,1.000000000000000000e+00,9.537932276725769043e-01,9.565638899803161621e-01,9.578564167022705078e-01
4.127302020788192749e-02,8.754521608352661133e-02,9.769182801246643066e-01,9.296436905860900879e-01,9.565271735191345215e-01,9.514651894569396973e-01
5.087924376130104065e-02,3.155328929424285889e-01,8.154329061508178711e-01,8.775200247764587402e-01,9.444447755813598633e-01,9.431540369987487793e-01
8.620049059391021729e-02,6.486833691596984863e-01,6.051499247550964355e-01,7.985824942588806152e-01,8.489255905151367188e-01,9.117178916931152344e-01
1.100038513541221619e-01,4.364604055881500244e-01,5.785660147666931152e-01,7.661733031272888184e-01,8.052181005477905273e-01,8.966022133827209473e-01
8.522537350654602051e-02,5.700435638427734375e-01,4.411183595657348633e-01,6.867946386337280273e-01,6.728752255439758301e-01,8.588814735412597656e-01
4.142072051763534546e-02,1.000000000000000000e+00,3.919727802276611328e-01,7.174832224845886230e-01,3.003712296485900879e-01,8.024904131889343262e-01
1.000000000000000000e+00,9.848558902740478516e-01,2.550884783267974854e-01,5.275931954383850098e-01,1.125559136271476746e-01,6.907929778099060059e-01
4.253461956977844238e-02,4.651170969009399414e-02,1.438823044300079346e-01,3.408775031566619873e-01,0.000000000000000000e+00,0.000000000000000000e+00
1.369367241859436035e-01,5.822888761758804321e-02,4.485643282532691956e-02,0.000000000000000000e+00,0.000000000000000000e+00,0.000000000000000000e+00
