# CPU,RAM,NetworkR,NetworkW,DiskW,DiskR
7.913023978471755981e-02,8.048027008771896362e-02,1.000000000000000000e+00,9.537925720214843750e-01,9.565733075141906738e-01,9.578518271446228027e-01
4.126499965786933899e-02,8.192763477563858032e-02,9.810667634010314941e-01,9.308115243911743164e-01,9.566383361816406250e-01,9.518901109695434570e-01
4.194977506995201111e-02,1.638156175613403320e-01,9.227905869483947754e-01,9.042226076126098633e-01,9.469270110130310059e-01,9.458686113357543945e-01
4.253153502941131592e-02,1.369136720895767212e-01,9.322957992553710938e-01,8.929694890975952148e-01,9.197071194648742676e-01,9.384480714797973633e-01
4.115883633494377136e-02,1.313031613826751709e-01,8.688502907752990723e-01,8.396208286285400391e-01,6.822395920753479004e-01,8.664336800575256348e-01
5.110009387135505676e-02,1.685949862003326416e-01,5.680297613143920898e-01,6.862118840217590332e-01,6.095699071884155273e-01,8.186448216438293457e-01
6.223829090595245361e-02,1.516562849283218384e-01,4.817632436752319336e-01,5.902233123779296875e-01,6.078810095787048340e-01,8.190624713897705078e-01
7.054407149553298950e-02,1.918323636054992676e-01,3.887788951396942139e-01,4.669940173625946045e-01,6.087158918380737305e-01,8.281105160713195801e-01
1.143216267228126526e-01,1.524473428726196289e-01,3.559634089469909668e-01,3.510480821132659912e-01,6.204466223716735840e-01,8.433880209922790527e-01
1.000000000000000000e+00,1.000000000000000000e+00,4.435852169990539551e-02,0.000000000000000000e+00,0.000000000000000000e+00,0.000000000000000000e+00
