# CPU,RAM,NetworkR,NetworkW,DiskW,DiskR
7.894576340913772583e-02,8.062475919723510742e-02,1.000000000000000000e+00,9.537941217422485352e-01,9.565685987472534180e-01,9.578536748886108398e-01
4.130712151527404785e-02,6.986486911773681641e-02,9.907590150833129883e-01,9.334788322448730469e-01,9.567723274230957031e-01,9.526302218437194824e-01
4.207268357276916504e-02,1.527384519577026367e-01,9.213448762893676758e-01,9.033734202384948730e-01,9.465926289558410645e-01,9.451946020126342773e-01
4.287523776292800903e-02,1.528626829385757446e-01,9.105745553970336914e-01,8.847374916076660156e-01,9.115483164787292480e-01,9.343926906585693359e-01
4.146534577012062073e-02,1.664088368415832520e-01,8.037592172622680664e-01,8.152040243148803711e-01,6.306720376014709473e-01,8.373911976814270020e-01
5.192897841334342957e-02,2.438706457614898682e-01,4.803971052169799805e-01,6.518800258636474609e-01,5.508953332901000977e-01,7.805424928665161133e-01
5.334602668881416321e-02,1.882809251546859741e-01,4.229119420051574707e-01,5.695617198944091797e-01,5.084124207496643066e-01,7.580326795578002930e-01
4.796085506677627563e-02,1.703641116619110107e-01,4.169996380805969238e-01,4.995401203632354736e-01,5.497190356254577637e-01,7.953278422355651855e-01
8.309851586818695068e-02,1.905117630958557129e-01,3.014651238918304443e-01,3.207426071166992188e-01,4.892038106918334961e-01,7.703559398651123047e-01
1.000000000000000000e+00,1.000000000000000000e+00,4.513872414827346802e-02,0.000000000000000000e+00,0.000000000000000000e+00,0.000000000000000000e+00
