# CPU,RAM,NetworkR,NetworkW,DiskW,DiskR
7.892093062400817871e-02,8.068613708019256592e-02,1.000000000000000000e+00,9.537953138351440430e-01,9.565672278404235840e-01,9.578548073768615723e-01
4.137403517961502075e-02,6.399274617433547974e-02,9.962366819381713867e-01,9.351094961166381836e-01,9.568760991096496582e-01,9.531462192535400391e-01
5.165004357695579529e-02,3.237659633159637451e-01,7.879517674446105957e-01,8.702173829078674316e-01,9.414263963699340820e-01,9.397720098495483398e-01
1.162835732102394104e-01,7.188240885734558105e-01,5.438191890716552734e-01,7.762800455093383789e-01,8.096361756324768066e-01,9.007074236869812012e-01
1.716724932193756104e-01,5.386430621147155762e-01,5.001149177551269531e-01,7.345893383026123047e-01,7.550861239433288574e-01,8.815749287605285645e-01
9.074272215366363525e-02,6.294407248497009277e-01,4.136373102664947510e-01,6.816365718841552734e-01,6.605849266052246094e-01,8.587279915809631348e-01
4.070653766393661499e-02,1.000000000000000000e+00,3.655866682529449463e-01,7.258160710334777832e-01,2.400750219821929932e-01,5.612511038780212402e-01
1.000000000000000000e+00,9.868401885032653809e-01,2.549017369747161865e-01,5.066832900047302246e-01,1.092291697859764099e-01,7.524177432060241699e-01
4.099282622337341309e-02,5.355356633663177490e-02,1.136861741542816162e-01,3.246901035308837891e-01,0.000000000000000000e+00,0.000000000000000000e+00
1.348595321178436279e-01,8.055093884468078613e-02,4.319976642727851868e-02,0.000000000000000000e+00,0.000000000000000000e+00,0.000000000000000000e+00
