# CPU,RAM,NetworkR,NetworkW,DiskW,DiskR
7.904346287250518799e-02,8.050392568111419678e-02,1.000000000000000000e+00,9.537897706031799316e-01,9.565709233283996582e-01,9.578508138656616211e-01
4.102361574769020081e-02,7.954086363315582275e-02,9.859067201614379883e-01,9.319896101951599121e-01,9.565159082412719727e-01,9.515113234519958496e-01
4.178525507450103760e-02,1.880777329206466675e-01,9.086691141128540039e-01,8.996589779853820801e-01,9.443582296371459961e-01,9.430903196334838867e-01
4.270937666296958923e-02,2.025514543056488037e-01,8.755127787590026855e-01,8.725348114967346191e-01,8.933271765708923340e-01,9.264420270919799805e-01
4.122114554047584534e-02,1.648963987827301025e-01,8.195679187774658203e-01,8.249248266220092773e-01,6.462917327880859375e-01,8.456903100013732910e-01
4.929623752832412720e-02,3.149918019771575928e-01,5.027256011962890625e-01,6.746389865875244141e-01,6.116424202919006348e-01,8.155921101570129395e-01
4.924628883600234985e-02,1.415110081434249878e-01,5.584931969642639160e-01,6.436650156974792480e-01,5.982183218002319336e-01,8.197755217552185059e-01
4.614394530653953552e-02,2.036245465278625488e-01,4.350721240043640137e-01,5.161634087562561035e-01,5.523234009742736816e-01,8.012608289718627930e-01
1.026658192276954651e-01,2.798081636428833008e-01,2.864375114440917969e-01,3.173972666263580322e-01,4.989641010761260986e-01,7.803829312324523926e-01
1.000000000000000000e+00,1.000000000000000000e+00,4.511667042970657349e-02,0.000000000000000000e+00,0.000000000000000000e+00,0.000000000000000000e+00
