# CPU,RAM,NetworkR,NetworkW,DiskW,DiskR
7.917809486389160156e-02,8.061747252941131592e-02,1.000000000000000000e+00,9.537928104400634766e-01,9.565697312355041504e-01,9.578536748886108398e-01
4.122617468237876892e-02,9.224548935890197754e-02,9.745023846626281738e-01,9.290490150451660156e-01,9.564914703369140625e-01,9.512500166893005371e-01
4.404681175947189331e-02,1.128755211830139160e-01,9.468520283699035645e-01,9.110394120216369629e-01,9.515601396560668945e-01,9.501081109046936035e-01
4.843519628047943115e-02,1.938822567462921143e-01,8.628457188606262207e-01,8.710150718688964844e-01,9.236990809440612793e-01,9.367148280143737793e-01
8.568360656499862671e-02,3.567660450935363770e-01,5.992137789726257324e-01,7.482768893241882324e-01,7.702832818031311035e-01,8.793004155158996582e-01
2.142827659845352173e-01,7.062019109725952148e-01,3.814619183540344238e-01,6.243153214454650879e-01,6.299722194671630859e-01,8.533917069435119629e-01
7.497517764568328857e-02,1.000000000000000000e+00,3.176273107528686523e-01,6.358339190483093262e-01,2.869191467761993408e-01,8.471657037734985352e-01
1.000000000000000000e+00,1.000000000000000000e+00,1.847399473190307617e-01,4.351609647274017334e-01,6.856622546911239624e-02,6.865504980087280273e-01
4.335725307464599609e-02,4.552636668086051941e-02,9.573095291852951050e-02,2.848113775253295898e-01,0.000000000000000000e+00,0.000000000000000000e+00
1.639774590730667114e-01,4.984299838542938232e-02,4.477646946907043457e-02,0.000000000000000000e+00,0.000000000000000000e+00,0.000000000000000000e+00
