# CPU,RAM,NetworkR,NetworkW,DiskW,DiskR
3.999999910593032837e-02,2.399999946355819702e-01,1.000000000000000000e+00,9.599999785423278809e-01,9.599999785423278809e-01,9.599999785423278809e-01
3.999999910593032837e-02,3.400000035762786865e-01,8.971428275108337402e-01,9.078694581985473633e-01,9.489865303039550781e-01,9.453147649765014648e-01
3.999999910593032837e-02,3.400000035762786865e-01,7.542856931686401367e-01,8.652583956718444824e-01,9.065143465995788574e-01,9.453147649765014648e-01
3.999999910593032837e-02,4.399999976158142090e-01,6.522449254989624023e-01,7.925022840499877930e-01,8.770474791526794434e-01,9.453147649765014648e-01
3.999999910593032837e-02,4.399999976158142090e-01,5.706122517585754395e-01,7.517044544219970703e-01,6.898183822631835938e-01,8.256732821464538574e-01
1.249315068125724792e-01,5.400000214576721191e-01,4.481632709503173828e-01,7.027470469474792480e-01,6.314118504524230957e-01,8.083965182304382324e-01
3.999999910593032837e-02,1.000000000000000000e+00,3.257142901420593262e-01,6.371683478355407715e-01,3.377973139286041260e-01,7.718993425369262695e-01
1.000000000000000000e+00,1.000000000000000000e+00,2.440816313028335571e-01,4.799456298351287842e-01,1.276625692844390869e-01,6.739617586135864258e-01
3.999999910593032837e-02,3.999999910593032837e-02,1.216326504945755005e-01,3.012662529945373535e-01,0.000000000000000000e+00,0.000000000000000000e+00
1.139726042747497559e-01,3.999999910593032837e-02,3.999999910593032837e-02,0.000000000000000000e+00,0.000000000000000000e+00,0.000000000000000000e+00
