# CPU,RAM,NetworkR,NetworkW,DiskW,DiskR
7.908761501312255859e-02,8.079515397548675537e-02,1.000000000000000000e+00,9.537945389747619629e-01,9.565647840499877930e-01,9.578562378883361816e-01
4.142189025878906250e-02,5.672222375869750977e-02,1.000000000000000000e+00,9.378822445869445801e-01,9.570137858390808105e-01,9.538967013359069824e-01
5.250088870525360107e-02,2.969142794609069824e-01,7.818996906280517578e-01,8.680623173713684082e-01,9.410477280616760254e-01,9.384244084358215332e-01
1.664745509624481201e-01,6.778371930122375488e-01,5.590127110481262207e-01,7.803323268890380859e-01,8.404616117477416992e-01,9.092336297035217285e-01
1.915438473224639893e-01,6.325873732566833496e-01,4.461814165115356445e-01,7.121685147285461426e-01,6.942374706268310547e-01,8.659678101539611816e-01
8.807890117168426514e-02,6.191675066947937012e-01,3.912893235683441162e-01,6.703814864158630371e-01,6.224753260612487793e-01,8.440048098564147949e-01
4.277855902910232544e-02,1.000000000000000000e+00,3.739017248153686523e-01,7.149609327316284180e-01,3.033968210220336914e-01,8.342347145080566406e-01
1.000000000000000000e+00,1.000000000000000000e+00,2.391489148139953613e-01,5.342211127281188965e-01,1.051759049296379089e-01,8.171526193618774414e-01
4.099446535110473633e-02,5.344318971037864685e-02,1.010565161705017090e-01,3.284578323364257812e-01,0.000000000000000000e+00,0.000000000000000000e+00
8.986765146255493164e-02,5.671999976038932800e-02,4.593380540609359741e-02,0.000000000000000000e+00,0.000000000000000000e+00,0.000000000000000000e+00
