# CPU,RAM,NetworkR,NetworkW,DiskW,DiskR
7.910904288291931152e-02,8.073505759239196777e-02,1.000000000000000000e+00,9.537933468818664551e-01,9.565662145614624023e-01,9.578551054000854492e-01
4.109378159046173096e-02,1.119461655616760254e-01,9.658197760581970215e-01,9.267581105232238770e-01,9.562039375305175781e-01,9.500164985656738281e-01
4.263577982783317566e-02,9.876379370689392090e-02,9.684829711914062500e-01,9.176919460296630859e-01,9.516918063163757324e-01,9.509363174438476562e-01
4.176399111747741699e-02,1.373988091945648193e-01,9.355483055114746094e-01,8.928179144859313965e-01,9.173861742019653320e-01,9.370617270469665527e-01
4.099629819393157959e-02,1.301999986171722412e-01,8.708670139312744141e-01,8.363504409790039062e-01,6.611373424530029297e-01,8.579930067062377930e-01
5.264144763350486755e-02,1.830787658691406250e-01,5.186575055122375488e-01,6.557072997093200684e-01,5.659468173980712891e-01,7.920852303504943848e-01
5.335918068885803223e-02,1.726629734039306641e-01,4.256244599819183350e-01,5.586886405944824219e-01,5.226719379425048828e-01,7.667910456657409668e-01
4.647824540734291077e-02,1.653468310832977295e-01,4.100702106952667236e-01,4.827770292758941650e-01,5.281307101249694824e-01,7.810951471328735352e-01
6.416407227516174316e-02,1.554295122623443604e-01,3.151319026947021484e-01,3.203205168247222900e-01,4.637787044048309326e-01,7.451302409172058105e-01
1.000000000000000000e+00,1.000000000000000000e+00,4.539769142866134644e-02,0.000000000000000000e+00,0.000000000000000000e+00,0.000000000000000000e+00
