# CPU,RAM,NetworkR,NetworkW,DiskW,DiskR
7.915783673524856567e-02,8.077263087034225464e-02,1.000000000000000000e+00,9.537932872772216797e-01,9.565653204917907715e-01,9.578556418418884277e-01
4.125596210360527039e-02,8.242441713809967041e-02,9.807680845260620117e-01,9.306877255439758301e-01,9.565966129302978516e-01,9.517722129821777344e-01
4.712460190057754517e-02,1.855098307132720947e-01,8.804262280464172363e-01,8.928670287132263184e-01,9.486284255981445312e-01,9.463148117065429688e-01
6.219919398427009583e-02,2.731395363807678223e-01,8.032752871513366699e-01,8.561400175094604492e-01,9.227492809295654297e-01,9.360206127166748047e-01
1.714279651641845703e-01,6.422934532165527344e-01,5.123187899589538574e-01,7.307823896408081055e-01,7.694587111473083496e-01,8.891819119453430176e-01
1.063772737979888916e-01,6.254386901855468750e-01,3.828465342521667480e-01,6.436272263526916504e-01,5.813536047935485840e-01,8.249441385269165039e-01
4.326497763395309448e-02,1.000000000000000000e+00,3.523242771625518799e-01,6.830319762229919434e-01,3.054270446300506592e-01,8.230726122856140137e-01
1.000000000000000000e+00,9.889636635780334473e-01,2.171460539102554321e-01,4.832200109958648682e-01,9.377724677324295044e-02,5.850520730018615723e-01
4.500864446163177490e-02,4.439784958958625793e-02,1.289277970790863037e-01,3.133685588836669922e-01,0.000000000000000000e+00,0.000000000000000000e+00
1.860874146223068237e-01,5.439404025673866272e-02,4.437968134880065918e-02,0.000000000000000000e+00,0.000000000000000000e+00,0.000000000000000000e+00
