# CPU,RAM,NetworkR,NetworkW,DiskW,DiskR
7.904939353466033936e-02,8.068604022264480591e-02,1.000000000000000000e+00,9.537947177886962891e-01,9.565678238868713379e-01,9.578549265861511230e-01
4.094831645488739014e-02,1.407941132783889771e-01,9.572315812110900879e-01,9.244881272315979004e-01,9.558184146881103516e-01,9.482695460319519043e-01
4.314247891306877136e-02,8.326609432697296143e-02,9.823936820030212402e-01,9.223449230194091797e-01,9.530849456787109375e-01,9.523907303810119629e-01
4.205415025353431702e-02,1.464712917804718018e-01,9.238438010215759277e-01,8.885553479194641113e-01,9.186112880706787109e-01,9.364249110221862793e-01
4.326656088232994080e-02,1.203829795122146606e-01,8.525239825248718262e-01,8.298538923263549805e-01,7.425643205642700195e-01,8.858950734138488770e-01
1.724157929420471191e-01,3.037454783916473389e-01,4.388665258884429932e-01,6.117055416107177734e-01,6.663414835929870605e-01,8.391618132591247559e-01
2.745776176452636719e-01,1.000000000000000000e+00,2.839599251747131348e-01,5.670915842056274414e-01,2.567182481288909912e-01,8.512138128280639648e-01
9.617468714714050293e-01,4.550828933715820312e-01,1.034528017044067383e-01,2.610417306423187256e-01,4.480066150426864624e-02,8.851882070302963257e-02
4.917066544294357300e-02,4.113575443625450134e-02,1.051586568355560303e-01,2.305313050746917725e-01,0.000000000000000000e+00,0.000000000000000000e+00
2.105128169059753418e-01,4.549385607242584229e-02,4.764729365706443787e-02,0.000000000000000000e+00,0.000000000000000000e+00,0.000000000000000000e+00
