# CPU,RAM,NetworkR,NetworkW,DiskW,DiskR
7.909139245748519897e-02,8.083932101726531982e-02,1.000000000000000000e+00,9.537942409515380859e-01,9.565634131431579590e-01,9.578565955162048340e-01
4.097705706954002380e-02,1.518386155366897583e-01,9.530345797538757324e-01,9.235203266143798828e-01,9.557211995124816895e-01,9.479795098304748535e-01
4.262260720133781433e-02,9.575943648815155029e-02,9.735735654830932617e-01,9.193538427352905273e-01,9.518715739250183105e-01,9.513009190559387207e-01
4.131273925304412842e-02,1.256342232227325439e-01,9.519942998886108398e-01,8.988733291625976562e-01,9.192250967025756836e-01,9.384956955909729004e-01
4.077144712209701538e-02,1.162737905979156494e-01,8.990017175674438477e-01,8.468971252441406250e-01,6.698011159896850586e-01,8.643907904624938965e-01
5.139207467436790466e-02,1.434206217527389526e-01,5.687847733497619629e-01,6.739218235015869141e-01,5.854217410087585449e-01,8.070657253265380859e-01
5.532504990696907043e-02,1.608169078826904297e-01,4.376259446144104004e-01,5.590661168098449707e-01,5.523009300231933594e-01,7.860305905342102051e-01
4.799111932516098022e-02,1.748248934745788574e-01,3.879129588603973389e-01,4.637195169925689697e-01,5.178505182266235352e-01,7.743889093399047852e-01
6.441977620124816895e-02,1.474131792783737183e-01,3.065394163131713867e-01,3.124092221260070801e-01,4.546467363834381104e-01,7.331545948982238770e-01
1.000000000000000000e+00,1.000000000000000000e+00,4.499253630638122559e-02,0.000000000000000000e+00,0.000000000000000000e+00,0.000000000000000000e+00
