# CPU,RAM,NetworkR,NetworkW,DiskW,DiskR
7.907346636056900024e-02,8.051835000514984131e-02,1.000000000000000000e+00,9.537914395332336426e-01,9.565713405609130859e-01,9.578517079353332520e-01
4.017039388418197632e-02,4.801662266254425049e-01,9.439610838890075684e-01,9.101096987724304199e-01,9.416089057922363281e-01,7.680150270462036133e-01
4.051205515861511230e-02,4.886882305145263672e-01,8.111168146133422852e-01,8.658283948898315430e-01,8.840449452400207520e-01,8.156000971794128418e-01
4.020861163735389709e-02,3.659718632698059082e-01,8.412827849388122559e-01,8.600156307220458984e-01,7.419642210006713867e-01,7.973104119300842285e-01
4.014655947685241699e-02,3.348291516304016113e-01,7.652658820152282715e-01,8.189790248870849609e-01,5.515946149826049805e-01,6.388826370239257812e-01
4.128850251436233521e-02,2.784714698791503906e-01,5.322945713996887207e-01,7.020440101623535156e-01,4.479581117630004883e-01,6.246442198753356934e-01
4.180957749485969543e-02,2.809044718742370605e-01,4.352630376815795898e-01,6.191552281379699707e-01,4.322408139705657959e-01,6.533344984054565430e-01
4.625303298234939575e-02,2.058450281620025635e-01,4.464138150215148926e-01,5.494768023490905762e-01,5.481588244438171387e-01,7.798305153846740723e-01
2.052347958087921143e-01,6.218900680541992188e-01,2.579855620861053467e-01,3.374625742435455322e-01,5.358726382255554199e-01,8.170217871665954590e-01
1.000000000000000000e+00,1.000000000000000000e+00,4.664091765880584717e-02,0.000000000000000000e+00,0.000000000000000000e+00,0.000000000000000000e+00
