# CPU,RAM,NetworkR,NetworkW,DiskW,DiskR
7.911193370819091797e-02,8.073911070823669434e-02,1.000000000000000000e+00,9.537937045097351074e-01,9.565662145614624023e-01,9.578552842140197754e-01
4.129153490066528320e-02,8.278645575046539307e-02,9.800850749015808105e-01,9.305006265640258789e-01,9.566004276275634766e-01,9.517770409584045410e-01
5.139243975281715393e-02,3.022117912769317627e-01,8.179892897605895996e-01,8.780581355094909668e-01,9.451572299003601074e-01,9.434850215911865234e-01
7.430149614810943604e-02,6.936928033828735352e-01,5.842303037643432617e-01,7.924948334693908691e-01,8.219072222709655762e-01,9.043733477592468262e-01
7.783517986536026001e-02,3.564791083335876465e-01,6.036990880966186523e-01,7.747052311897277832e-01,7.880707383155822754e-01,8.907986283302307129e-01
7.842262834310531616e-02,5.334896445274353027e-01,4.441958367824554443e-01,6.849476099014282227e-01,6.642191410064697266e-01,8.531361222267150879e-01
4.244599118828773499e-02,1.000000000000000000e+00,4.075102806091308594e-01,7.159582972526550293e-01,3.707373738288879395e-01,8.637041449546813965e-01
1.000000000000000000e+00,1.000000000000000000e+00,2.541002631187438965e-01,5.353023409843444824e-01,1.081748232245445251e-01,6.863855123519897461e-01
4.300380125641822815e-02,4.481317102909088135e-02,1.409846395254135132e-01,3.417558670043945312e-01,0.000000000000000000e+00,0.000000000000000000e+00
1.340254694223403931e-01,5.063464865088462830e-02,4.639280587434768677e-02,0.000000000000000000e+00,0.000000000000000000e+00,0.000000000000000000e+00
