# CPU,RAM,NetworkR,NetworkW,DiskW,DiskR
7.919107377529144287e-02,7.988698035478591919e-02,1.000000000000000000e+00,9.537761807441711426e-01,9.565837383270263672e-01,9.578385353088378906e-01
4.131523892283439636e-02,6.470455229282379150e-02,9.958875179290771484e-01,9.349929094314575195e-01,9.568532109260559082e-01,9.530268311500549316e-01
4.166030511260032654e-02,1.845683455467224121e-01,9.043706655502319336e-01,8.986098170280456543e-01,9.435731768608093262e-01,9.421116709709167480e-01
4.260237142443656921e-02,1.780750751495361328e-01,8.900703787803649902e-01,8.770790100097656250e-01,8.957790136337280273e-01,9.280039072036743164e-01
4.142785444855690002e-02,1.729316413402557373e-01,7.923611998558044434e-01,8.135474324226379395e-01,6.201949119567871094e-01,8.312720060348510742e-01
5.248235166072845459e-02,2.966774702072143555e-01,4.619143009185791016e-01,6.494764089584350586e-01,5.584291815757751465e-01,7.840257883071899414e-01
4.944468289613723755e-02,1.536204516887664795e-01,4.905022382736206055e-01,6.107956171035766602e-01,5.408319234848022461e-01,7.827211022377014160e-01
4.526639729738235474e-02,1.896345466375350952e-01,4.245289266109466553e-01,5.105109214782714844e-01,5.325611233711242676e-01,7.874811887741088867e-01
1.010182872414588928e-01,2.786098420619964600e-01,2.891390323638916016e-01,3.179016113281250000e-01,5.138335227966308594e-01,7.892007231712341309e-01
1.000000000000000000e+00,1.000000000000000000e+00,4.511254280805587769e-02,0.000000000000000000e+00,0.000000000000000000e+00,0.000000000000000000e+00
