# CPU,RAM,NetworkR,NetworkW,DiskW,DiskR
0.000000000000000000e+00,3.532059490680694580e-04,9.569682478904724121e-01,1.000000000000000000e+00,1.000000000000000000e+00,1.000000000000000000e+00
0.000000000000000000e+00,4.123349189758300781e-01,8.694521188735961914e-01,9.833179712295532227e-01,1.000000000000000000e+00,5.287225842475891113e-01
0.000000000000000000e+00,6.720352768898010254e-01,6.927512288093566895e-01,9.205350279808044434e-01,8.712911009788513184e-01,3.236427009105682373e-01
4.008115082979202271e-02,7.097271084785461426e-01,6.704136729240417480e-01,8.038886785507202148e-01,6.423612833023071289e-01,2.345156967639923096e-01
4.009938240051269531e-02,7.302568554878234863e-01,5.167492628097534180e-01,7.421122193336486816e-01,4.887666106224060059e-01,1.906096339225769043e-01
4.027064517140388489e-02,5.818374752998352051e-01,3.281748592853546143e-01,6.179425716400146484e-01,3.225997984409332275e-01,7.323069125413894653e-02
4.071892052888870239e-02,4.737136065959930420e-01,2.488070428371429443e-01,4.797042906284332275e-01,2.295571267604827881e-01,7.301505655050277710e-02
6.660722196102142334e-02,5.031142234802246094e-01,3.020266294479370117e-01,4.243085086345672607e-01,4.290761649608612061e-01,6.387826800346374512e-01
6.270669102668762207e-01,9.493991732597351074e-01,3.352491557598114014e-01,3.906118869781494141e-01,7.297539114952087402e-01,9.024721980094909668e-01
1.000000000000000000e+00,1.000000000000000000e+00,5.173182487487792969e-02,0.000000000000000000e+00,0.000000000000000000e+00,0.000000000000000000e+00
