# CPU,RAM,NetworkR,NetworkW,DiskW,DiskR
7.911656051874160767e-02,8.067807555198669434e-02,1.000000000000000000e+00,9.537926912307739258e-01,9.565675258636474609e-01,9.578542113304138184e-01
4.027852788567543030e-02,3.151359856128692627e-01,9.522456526756286621e-01,9.171361327171325684e-01,9.504144191741943359e-01,8.942579030990600586e-01
4.157778248190879822e-02,2.201264351606369019e-01,9.018725752830505371e-01,8.945621252059936523e-01,9.394370913505554199e-01,9.285035133361816406e-01
4.066096618771553040e-02,2.329077720642089844e-01,8.979327678680419922e-01,8.790149092674255371e-01,8.611534237861633301e-01,9.089012145996093750e-01
4.025643318891525269e-02,1.748248040676116943e-01,8.726766705513000488e-01,8.469542860984802246e-01,5.990706086158752441e-01,7.944024205207824707e-01
4.333909973502159119e-02,2.100612521171569824e-01,5.668935775756835938e-01,7.016772031784057617e-01,5.390039086341857910e-01,7.640842795372009277e-01
4.288460314273834229e-02,2.296271026134490967e-01,4.927884340286254883e-01,6.312091350555419922e-01,5.331258177757263184e-01,7.692128419876098633e-01
4.267454892396926880e-02,1.874088346958160400e-01,4.830094873905181885e-01,5.531924962997436523e-01,5.196051001548767090e-01,7.742748260498046875e-01
7.564291357994079590e-02,3.447891771793365479e-01,2.553274035453796387e-01,3.095967173576354980e-01,3.967920243740081787e-01,6.924697160720825195e-01
1.000000000000000000e+00,1.000000000000000000e+00,4.682353883981704712e-02,0.000000000000000000e+00,0.000000000000000000e+00,0.000000000000000000e+00
