# CPU,RAM,NetworkR,NetworkW,DiskW,DiskR
7.915993034839630127e-02,8.076997101306915283e-02,1.000000000000000000e+00,9.537933468818664551e-01,9.565654397010803223e-01,9.578556418418884277e-01
4.113545268774032593e-02,1.195301637053489685e-01,9.617158770561218262e-01,9.257730841636657715e-01,9.561433792114257812e-01,9.498001337051391602e-01
4.523445665836334229e-02,1.696594059467315674e-01,9.067646265029907227e-01,8.999885320663452148e-01,9.493374228477478027e-01,9.477949142456054688e-01
4.306615889072418213e-02,1.322540640830993652e-01,9.373129010200500488e-01,8.975644111633300781e-01,9.300199747085571289e-01,9.430891871452331543e-01
4.236069321632385254e-02,1.398166120052337646e-01,8.519165515899658203e-01,8.355627059936523438e-01,7.495757341384887695e-01,8.869311213493347168e-01
8.134299516677856445e-02,1.288065612316131592e-01,6.078917980194091797e-01,6.938329339027404785e-01,6.770833134651184082e-01,8.489873409271240234e-01
1.723614633083343506e-01,1.000000000000000000e+00,3.122384846210479736e-01,5.567321777343750000e-01,4.802693426609039307e-01,8.756387233734130859e-01
1.000000000000000000e+00,9.910081028938293457e-01,1.377242356538772583e-01,2.946162223815917969e-01,5.679773166775703430e-02,4.074269235134124756e-01
4.691921547055244446e-02,4.148467257618904114e-02,1.023441031575202942e-01,2.586166560649871826e-01,0.000000000000000000e+00,0.000000000000000000e+00
1.877322047948837280e-01,4.628672078251838684e-02,4.676526039838790894e-02,0.000000000000000000e+00,0.000000000000000000e+00,0.000000000000000000e+00
