# CPU,RAM,NetworkR,NetworkW,DiskW,DiskR
7.904613018035888672e-02,8.055615425109863281e-02,1.000000000000000000e+00,9.537919163703918457e-01,9.565703272819519043e-01,9.578522443771362305e-01
4.010939225554466248e-02,5.866870284080505371e-01,9.355772733688354492e-01,9.024918079376220703e-01,9.228984117507934570e-01,5.395550727844238281e-01
4.027017951011657715e-02,6.205984950065612793e-01,7.634611129760742188e-01,8.484058976173400879e-01,8.220109343528747559e-01,5.820792913436889648e-01
4.012361168861389160e-02,5.101731419563293457e-01,7.521630525588989258e-01,8.330337405204772949e-01,6.631876230239868164e-01,5.498778820037841797e-01
4.011934623122215271e-02,5.401462912559509277e-01,6.322590112686157227e-01,7.810196280479431152e-01,5.183253288269042969e-01,4.247431457042694092e-01
4.056149721145629883e-02,4.146653413772583008e-01,4.187424182891845703e-01,6.626750826835632324e-01,3.605011403560638428e-01,3.151457011699676514e-01
4.085518419742584229e-02,4.488869309425354004e-01,2.887929379940032959e-01,5.387482047080993652e-01,2.707660794258117676e-01,2.425399422645568848e-01
4.912244528532028198e-02,3.158841431140899658e-01,3.281443119049072266e-01,4.656347930431365967e-01,4.225271046161651611e-01,6.365747451782226562e-01
3.858115673065185547e-01,8.488048911094665527e-01,2.817645072937011719e-01,3.569538891315460205e-01,6.391910910606384277e-01,8.651682138442993164e-01
1.000000000000000000e+00,1.000000000000000000e+00,4.802136868238449097e-02,0.000000000000000000e+00,0.000000000000000000e+00,0.000000000000000000e+00
