# CPU,RAM,NetworkR,NetworkW,DiskW,DiskR
7.905745506286621094e-02,8.034871518611907959e-02,1.000000000000000000e+00,9.537876844406127930e-01,9.565746188163757324e-01,9.578481912612915039e-01
4.077007994055747986e-02,9.928967803716659546e-02,9.785100817680358887e-01,9.295985102653503418e-01,9.560961127281188965e-01,9.492319226264953613e-01
4.189783707261085510e-02,1.250181496143341064e-01,9.535237550735473633e-01,9.123567938804626465e-01,9.497446417808532715e-01,9.481068849563598633e-01
4.160317778587341309e-02,2.009117752313613892e-01,8.933497667312622070e-01,8.764774203300476074e-01,8.923906087875366211e-01,9.254577159881591797e-01
4.079883918166160583e-02,1.624549180269241333e-01,8.364983797073364258e-01,8.262345194816589355e-01,6.194357872009277344e-01,8.310676217079162598e-01
4.884911701083183289e-02,2.429423034191131592e-01,4.991776347160339355e-01,6.581169962882995605e-01,5.565782785415649414e-01,7.822639942169189453e-01
4.506982862949371338e-02,1.597169041633605957e-01,5.191990733146667480e-01,6.224278211593627930e-01,5.608411431312561035e-01,7.944421172142028809e-01
4.422395676374435425e-02,1.833305060863494873e-01,4.661286771297454834e-01,5.219361186027526855e-01,5.594997406005859375e-01,8.047515153884887695e-01
1.122258007526397705e-01,2.836244404315948486e-01,3.165630102157592773e-01,3.249826431274414062e-01,5.710663795471191406e-01,8.204334974288940430e-01
1.000000000000000000e+00,1.000000000000000000e+00,4.503577947616577148e-02,0.000000000000000000e+00,0.000000000000000000e+00,0.000000000000000000e+00
