# CPU,RAM,NetworkR,NetworkW,DiskW,DiskR
7.910206913948059082e-02,8.069930970668792725e-02,1.000000000000000000e+00,9.537929892539978027e-01,9.565669894218444824e-01,9.578545093536376953e-01
4.128703102469444275e-02,6.452323496341705322e-02,9.963970780372619629e-01,9.352015256881713867e-01,9.568672180175781250e-01,9.531158208847045898e-01
4.289224371314048767e-02,1.253997534513473511e-01,9.308019280433654785e-01,9.058673977851867676e-01,9.488406777381896973e-01,9.469494223594665527e-01
4.246314615011215210e-02,1.278828978538513184e-01,9.319189190864562988e-01,8.922337293624877930e-01,9.167658090591430664e-01,9.373699426651000977e-01
4.247120767831802368e-02,1.239416897296905518e-01,8.357359766960144043e-01,8.247379064559936523e-01,6.824332475662231445e-01,8.665642738342285156e-01
7.466271519660949707e-02,2.239894270896911621e-01,4.791841208934783936e-01,6.435338854789733887e-01,6.324943900108337402e-01,8.226763010025024414e-01
1.029574275016784668e-01,2.937401235103607178e-01,3.455829322338104248e-01,5.184267759323120117e-01,5.470274090766906738e-01,7.906426787376403809e-01
1.218011230230331421e-01,3.579778671264648438e-01,2.560960650444030762e-01,3.866366446018218994e-01,4.754202067852020264e-01,7.642832398414611816e-01
9.273792803287506104e-02,8.964762836694717407e-02,3.136038482189178467e-01,3.331620693206787109e-01,4.999766647815704346e-01,7.620311975479125977e-01
1.000000000000000000e+00,1.000000000000000000e+00,4.283744841814041138e-02,0.000000000000000000e+00,0.000000000000000000e+00,0.000000000000000000e+00
