# CPU,RAM,NetworkR,NetworkW,DiskW,DiskR
7.896453142166137695e-02,8.030238747596740723e-02,1.000000000000000000e+00,9.537864327430725098e-01,9.565747380256652832e-01,9.578469395637512207e-01
4.080923646688461304e-02,1.515232324600219727e-01,9.571248292922973633e-01,9.241089224815368652e-01,9.555488824844360352e-01,9.467356801033020020e-01
4.201678931713104248e-02,1.513531655073165894e-01,9.405242204666137695e-01,9.089024066925048828e-01,9.484794139862060547e-01,9.473437070846557617e-01
4.150697216391563416e-02,2.149506062269210815e-01,8.930885791778564453e-01,8.779585957527160645e-01,8.937730789184570312e-01,9.265366196632385254e-01
4.059344530105590820e-02,1.602337509393692017e-01,8.667753934860229492e-01,8.402833342552185059e-01,6.465051174163818359e-01,8.444176316261291504e-01
4.608365148305892944e-02,2.468904852867126465e-01,5.550147294998168945e-01,6.901674270629882812e-01,6.084855198860168457e-01,8.131529092788696289e-01
4.532141983509063721e-02,1.528226584196090698e-01,5.785912275314331055e-01,6.520147919654846191e-01,6.131216883659362793e-01,8.262451887130737305e-01
4.390352219343185425e-02,2.009286880493164062e-01,4.689689278602600098e-01,5.268754363059997559e-01,5.462623238563537598e-01,7.975642085075378418e-01
9.353362023830413818e-02,2.967010140419006348e-01,2.871886789798736572e-01,3.107022643089294434e-01,4.839492142200469971e-01,7.668433189392089844e-01
1.000000000000000000e+00,1.000000000000000000e+00,4.540561884641647339e-02,0.000000000000000000e+00,0.000000000000000000e+00,0.000000000000000000e+00
