# CPU,RAM,NetworkR,NetworkW,DiskW,DiskR
7.906477153301239014e-02,8.085071295499801636e-02,1.000000000000000000e+00,9.537950158119201660e-01,9.565632939338684082e-01,9.578570127487182617e-01
4.114761948585510254e-02,1.207100823521614075e-01,9.609239101409912109e-01,9.255517125129699707e-01,9.561098217964172363e-01,9.496957063674926758e-01
5.292926356196403503e-02,1.949400752782821655e-01,8.796319961547851562e-01,8.926318287849426270e-01,9.506598711013793945e-01,9.482635855674743652e-01
8.419848978519439697e-02,5.478473901748657227e-01,6.759197115898132324e-01,8.204758167266845703e-01,8.943697810173034668e-01,9.260249137878417969e-01
1.265466064214706421e-01,5.035098195075988770e-01,5.749107599258422852e-01,7.623223066329956055e-01,8.152521252632141113e-01,9.009963274002075195e-01
8.187415450811386108e-02,5.337281823158264160e-01,4.387062489986419678e-01,6.780317425727844238e-01,6.451737284660339355e-01,8.464431762695312500e-01
4.195281490683555603e-02,1.000000000000000000e+00,3.932927846908569336e-01,7.044715285301208496e-01,3.513450920581817627e-01,8.434684276580810547e-01
1.000000000000000000e+00,9.512341618537902832e-01,2.371264398097991943e-01,5.013883113861083984e-01,1.123373582959175110e-01,5.315152406692504883e-01
4.449002444744110107e-02,4.472215473651885986e-02,1.647374927997589111e-01,3.364219665527343750e-01,0.000000000000000000e+00,0.000000000000000000e+00
1.295773684978485107e-01,5.062106251716613770e-02,4.730514809489250183e-02,0.000000000000000000e+00,0.000000000000000000e+00,0.000000000000000000e+00
