# CPU,RAM,NetworkR,NetworkW,DiskW,DiskR
7.919744402170181274e-02,8.083322644233703613e-02,1.000000000000000000e+00,9.537932276725769043e-01,9.565637707710266113e-01,9.578564167022705078e-01
4.041919484734535217e-02,4.793618619441986084e-01,9.256471991539001465e-01,9.138489961624145508e-01,9.502083063125610352e-01,9.145293831825256348e-01
4.533120244741439819e-02,8.365841209888458252e-02,9.766501188278198242e-01,9.189751148223876953e-01,9.526446461677551270e-01,9.500609040260314941e-01
4.144726693630218506e-02,1.366368532180786133e-01,9.426618218421936035e-01,8.970322012901306152e-01,9.234372973442077637e-01,9.380688071250915527e-01
4.045853018760681152e-02,1.198239997029304504e-01,9.259327054023742676e-01,8.623306155204772949e-01,6.977353096008300781e-01,8.702756166458129883e-01
4.532265663146972656e-02,1.381362825632095337e-01,6.343835592269897461e-01,7.103695273399353027e-01,5.921854376792907715e-01,8.126994967460632324e-01
4.741992056369781494e-02,1.555919349193572998e-01,5.070639252662658691e-01,6.058939099311828613e-01,5.817990303039550781e-01,8.048165440559387207e-01
4.551564157009124756e-02,1.657297015190124512e-01,4.588086307048797607e-01,5.107151865959167480e-01,5.635257959365844727e-01,8.041998744010925293e-01
7.460154592990875244e-02,1.948975324630737305e-01,3.118852078914642334e-01,3.197019696235656738e-01,4.873533546924591064e-01,7.633696198463439941e-01
1.000000000000000000e+00,1.000000000000000000e+00,4.603584855794906616e-02,0.000000000000000000e+00,0.000000000000000000e+00,0.000000000000000000e+00
