# CPU,RAM,NetworkR,NetworkW,DiskW,DiskR
7.912960648536682129e-02,8.076673001050949097e-02,1.000000000000000000e+00,9.537941217422485352e-01,9.565656781196594238e-01,9.578558206558227539e-01
4.114759713411331177e-02,1.161150559782981873e-01,9.630035758018493652e-01,9.260889887809753418e-01,9.561799168586730957e-01,9.499533176422119141e-01
4.697323963046073914e-02,1.370775252580642700e-01,9.234765768051147461e-01,9.042612314224243164e-01,9.514955282211303711e-01,9.496254324913024902e-01
4.445249587297439575e-02,1.534564346075057983e-01,9.129359126091003418e-01,8.893635272979736328e-01,9.298840165138244629e-01,9.418416023254394531e-01
5.202220380306243896e-02,1.918877959251403809e-01,7.516961693763732910e-01,8.015946149826049805e-01,7.945588231086730957e-01,8.925991058349609375e-01
1.217613965272903442e-01,2.737599909305572510e-01,4.999392032623291016e-01,6.603372097015380859e-01,6.941264271736145020e-01,8.524637222290039062e-01
1.251026690006256104e-01,1.000000000000000000e+00,3.325902819633483887e-01,6.083531975746154785e-01,3.966954648494720459e-01,8.813964724540710449e-01
1.000000000000000000e+00,9.624040722846984863e-01,1.377596706151962280e-01,3.237623274326324463e-01,5.598065257072448730e-02,2.448987364768981934e-01
5.267575383186340332e-02,4.199292510747909546e-02,1.156039610505104065e-01,2.747983634471893311e-01,0.000000000000000000e+00,0.000000000000000000e+00
2.444785237312316895e-01,4.896456748247146606e-02,4.518215358257293701e-02,0.000000000000000000e+00,0.000000000000000000e+00,0.000000000000000000e+00
