# CPU,RAM,NetworkR,NetworkW,DiskW,DiskR
7.917788624763488770e-02,8.080147206783294678e-02,1.000000000000000000e+00,9.537929296493530273e-01,9.565644860267639160e-01,9.578558802604675293e-01
4.110934585332870483e-02,1.135475337505340576e-01,9.648547172546386719e-01,9.265475869178771973e-01,9.562060236930847168e-01,9.500327110290527344e-01
4.261405020952224731e-02,1.127223521471023560e-01,9.573928713798522949e-01,9.142190814018249512e-01,9.508154988288879395e-01,9.499853253364562988e-01
4.188460111618041992e-02,1.249020099639892578e-01,9.470741748809814453e-01,8.979896903038024902e-01,9.233735203742980957e-01,9.401431083679199219e-01
4.878715798258781433e-02,1.510714590549468994e-01,7.719519138336181641e-01,7.985325455665588379e-01,7.454718947410583496e-01,8.779731392860412598e-01
1.624712944030761719e-01,2.634565532207489014e-01,5.000723004341125488e-01,6.530252099037170410e-01,7.397550940513610840e-01,8.680390715599060059e-01
1.416162103414535522e-01,1.000000000000000000e+00,3.432438671588897705e-01,6.220830082893371582e-01,3.249161839485168457e-01,8.845919370651245117e-01
1.000000000000000000e+00,8.763421773910522461e-01,1.355075240135192871e-01,3.366531133651733398e-01,6.232695281505584717e-02,3.149357736110687256e-01
4.521560668945312500e-02,4.175908118486404419e-02,1.113173738121986389e-01,2.663382887840270996e-01,0.000000000000000000e+00,0.000000000000000000e+00
1.630015373229980469e-01,4.669696092605590820e-02,4.698025435209274292e-02,0.000000000000000000e+00,0.000000000000000000e+00,0.000000000000000000e+00
