# CPU,RAM,NetworkR,NetworkW,DiskW,DiskR
7.908508181571960449e-02,8.055043220520019531e-02,1.000000000000000000e+00,9.537900090217590332e-01,9.565699100494384766e-01,9.578515291213989258e-01
4.089082777500152588e-02,9.554746747016906738e-02,9.777183532714843750e-01,9.295219182968139648e-01,9.561768770217895508e-01,9.498724341392517090e-01
4.179353266954421997e-02,1.697578430175781250e-01,9.227126836776733398e-01,9.032469987869262695e-01,9.455667138099670410e-01,9.443300366401672363e-01
4.167802259325981140e-02,2.186454534530639648e-01,8.771929740905761719e-01,8.720474243164062500e-01,8.801769018173217773e-01,9.215243458747863770e-01
4.065538197755813599e-02,1.771911978721618652e-01,8.237563967704772949e-01,8.248672485351562500e-01,5.947890281677246094e-01,8.136404156684875488e-01
4.674629122018814087e-02,2.444300055503845215e-01,4.993485808372497559e-01,6.640141010284423828e-01,5.311310291290283203e-01,7.652920484542846680e-01
4.437932744622230530e-02,1.718885898590087891e-01,5.086241960525512695e-01,6.239048242568969727e-01,5.427083373069763184e-01,7.821593880653381348e-01
4.343536123633384705e-02,1.990623772144317627e-01,4.556410610675811768e-01,5.246583819389343262e-01,5.322272777557373047e-01,7.874178290367126465e-01
8.359509706497192383e-02,2.593642473220825195e-01,2.989822328090667725e-01,3.200789093971252441e-01,4.882086217403411865e-01,7.678058743476867676e-01
1.000000000000000000e+00,1.000000000000000000e+00,4.565143585205078125e-02,0.000000000000000000e+00,0.000000000000000000e+00,0.000000000000000000e+00
