# CPU,RAM,NetworkR,NetworkW,DiskW,DiskR
7.910886406898498535e-02,8.065846562385559082e-02,1.000000000000000000e+00,9.537938237190246582e-01,9.565685391426086426e-01,9.578543305397033691e-01
4.085578769445419312e-02,1.728381514549255371e-01,9.500123262405395508e-01,9.225466847419738770e-01,9.553928375244140625e-01,9.463329315185546875e-01
4.338746145367622375e-02,8.342029899358749390e-02,9.822633862495422363e-01,9.221776723861694336e-01,9.530906081199645996e-01,9.523230195045471191e-01
4.830734804272651672e-02,1.953207850456237793e-01,8.569517731666564941e-01,8.674927949905395508e-01,9.234427213668823242e-01,9.352834224700927734e-01
1.096195578575134277e-01,4.215639531612396240e-01,5.717902779579162598e-01,7.359185814857482910e-01,7.764171361923217773e-01,8.815624117851257324e-01
2.090210914611816406e-01,7.865890860557556152e-01,3.769402503967285156e-01,6.262025237083435059e-01,6.244522929191589355e-01,8.588070273399353027e-01
4.806584119796752930e-02,1.000000000000000000e+00,3.136166632175445557e-01,6.506921052932739258e-01,2.360532879829406738e-01,7.612012028694152832e-01
1.000000000000000000e+00,1.000000000000000000e+00,1.796881258487701416e-01,4.311001002788543701e-01,7.410939782857894897e-02,5.362697839736938477e-01
4.585244506597518921e-02,4.487215355038642883e-02,1.181279867887496948e-01,2.970683872699737549e-01,0.000000000000000000e+00,0.000000000000000000e+00
1.540331393480300903e-01,5.032033100724220276e-02,4.533229768276214600e-02,0.000000000000000000e+00,0.000000000000000000e+00,0.000000000000000000e+00
