# CPU,RAM,NetworkR,NetworkW,DiskW,DiskR
7.904248684644699097e-02,8.075907826423645020e-02,1.000000000000000000e+00,9.537948966026306152e-01,9.565657377243041992e-01,9.578558206558227539e-01
4.142908379435539246e-02,5.638758465647697449e-02,1.000000000000000000e+00,9.380196928977966309e-01,9.570214152336120605e-01,9.539337158203125000e-01
5.034516006708145142e-02,3.726401329040527344e-01,7.538924813270568848e-01,8.616338968276977539e-01,9.343858361244201660e-01,9.342886805534362793e-01
1.405584514141082764e-01,5.772274136543273926e-01,5.968595743179321289e-01,7.932671308517456055e-01,8.618156909942626953e-01,9.133440256118774414e-01
1.767702102661132812e-01,6.423181891441345215e-01,4.554436206817626953e-01,7.183346152305603027e-01,7.099822163581848145e-01,8.710603117942810059e-01
7.906223833560943604e-02,6.159620881080627441e-01,3.898193836212158203e-01,6.700410246849060059e-01,6.012872457504272461e-01,8.344762325286865234e-01
4.191021993756294250e-02,1.000000000000000000e+00,3.477011919021606445e-01,7.112419009208679199e-01,2.350006997585296631e-01,6.588374972343444824e-01
1.000000000000000000e+00,9.856780767440795898e-01,2.394644618034362793e-01,4.855487644672393799e-01,1.119380220770835876e-01,7.713526487350463867e-01
4.078893363475799561e-02,5.178788304328918457e-02,1.006426364183425903e-01,3.116485476493835449e-01,0.000000000000000000e+00,0.000000000000000000e+00
1.269092261791229248e-01,7.413868606090545654e-02,4.367155209183692932e-02,0.000000000000000000e+00,0.000000000000000000e+00,0.000000000000000000e+00
