# CPU,RAM,NetworkR,NetworkW,DiskW,DiskR
7.901377975940704346e-02,8.057188242673873901e-02,1.000000000000000000e+00,9.537939429283142090e-01,9.565705060958862305e-01,9.578531384468078613e-01
4.146524891257286072e-02,6.517096608877182007e-02,9.942315816879272461e-01,9.344935417175292969e-01,9.568843245506286621e-01,9.530901312828063965e-01
4.664784297347068787e-02,3.455081284046173096e-01,7.936633825302124023e-01,8.724244832992553711e-01,9.382678270339965820e-01,9.381893277168273926e-01
4.511982202529907227e-02,1.179555431008338928e-01,9.300066828727722168e-01,8.968557119369506836e-01,9.288151264190673828e-01,9.433832168579101562e-01
4.149618744850158691e-02,1.427653729915618896e-01,8.508120179176330566e-01,8.397629261016845703e-01,7.111614346504211426e-01,8.746439814567565918e-01
4.987743496894836426e-02,1.445999741554260254e-01,6.050820946693420410e-01,7.076408863067626953e-01,5.881467461585998535e-01,8.141825199127197266e-01
8.136290311813354492e-02,1.962748467922210693e-01,4.019407629966735840e-01,5.524415373802185059e-01,5.566443204879760742e-01,7.899572849273681641e-01
1.049215346574783325e-01,2.546318173408508301e-01,2.890247404575347900e-01,4.111396372318267822e-01,4.963516294956207275e-01,7.664816975593566895e-01
1.002216115593910217e-01,1.057429239153862000e-01,3.521292805671691895e-01,3.634931147098541260e-01,5.915530920028686523e-01,8.203889727592468262e-01
1.000000000000000000e+00,1.000000000000000000e+00,4.402120783925056458e-02,0.000000000000000000e+00,0.000000000000000000e+00,0.000000000000000000e+00
