# CPU,RAM,NetworkR,NetworkW,DiskW,DiskR
7.892622053623199463e-02,8.040948212146759033e-02,1.000000000000000000e+00,9.537905454635620117e-01,9.565731883049011230e-01,9.578496813774108887e-01
4.037124291062355042e-02,2.259097546339035034e-01,9.590269923210144043e-01,9.211943149566650391e-01,9.532037377357482910e-01,9.255697131156921387e-01
4.113327339291572571e-02,2.090282738208770752e-01,9.210144877433776855e-01,9.006448388099670410e-01,9.411851167678833008e-01,9.351419210433959961e-01
4.045871272683143616e-02,2.322823256254196167e-01,9.122760295867919922e-01,8.814852237701416016e-01,8.504645824432373047e-01,9.058388471603393555e-01
4.026178270578384399e-02,1.778400838375091553e-01,8.657565712928771973e-01,8.414549827575683594e-01,5.913861393928527832e-01,7.911379933357238770e-01
4.351052641868591309e-02,1.880069673061370850e-01,5.828917622566223145e-01,7.019925117492675781e-01,5.450900197029113770e-01,7.715508341789245605e-01
4.291541874408721924e-02,1.770684719085693359e-01,5.441952943801879883e-01,6.467490196228027344e-01,5.755810141563415527e-01,7.999544143676757812e-01
4.524819180369377136e-02,2.028490751981735229e-01,4.650466442108154297e-01,5.298674106597900391e-01,5.672218799591064453e-01,8.062958717346191406e-01
1.323232054710388184e-01,4.402678906917572021e-01,2.492886334657669067e-01,2.954249083995819092e-01,4.629091322422027588e-01,7.656260728836059570e-01
1.000000000000000000e+00,1.000000000000000000e+00,4.509363323450088501e-02,0.000000000000000000e+00,0.000000000000000000e+00,0.000000000000000000e+00
