# CPU,RAM,NetworkR,NetworkW,DiskW,DiskR
7.908636331558227539e-02,8.053433150053024292e-02,1.000000000000000000e+00,9.537925720214843750e-01,9.565715193748474121e-01,9.578524231910705566e-01
4.049356281757354736e-02,2.397608458995819092e-01,9.491236805915832520e-01,9.202556014060974121e-01,9.537255167961120605e-01,9.343488216400146484e-01
4.223955795168876648e-02,1.636548787355422974e-01,9.307187795639038086e-01,9.047725796699523926e-01,9.467422366142272949e-01,9.437602162361145020e-01
4.104953259229660034e-02,2.158401757478713989e-01,9.015747904777526855e-01,8.808283209800720215e-01,8.869420886039733887e-01,9.232503175735473633e-01
4.032327234745025635e-02,1.646740436553955078e-01,8.830463886260986328e-01,8.473017811775207520e-01,6.192048192024230957e-01,8.213673830032348633e-01
4.385310038924217224e-02,2.089543044567108154e-01,5.708857774734497070e-01,6.960201859474182129e-01,5.565785169601440430e-01,7.814181447029113770e-01
4.332003369927406311e-02,2.006554454565048218e-01,5.217046737670898438e-01,6.323419809341430664e-01,5.608146786689758301e-01,7.915701270103454590e-01
4.301825538277626038e-02,1.870086789131164551e-01,4.920327961444854736e-01,5.435715317726135254e-01,5.462610721588134766e-01,7.948776483535766602e-01
7.941041886806488037e-02,2.803005278110504150e-01,2.877244055271148682e-01,3.145733773708343506e-01,4.535166025161743164e-01,7.412626743316650391e-01
1.000000000000000000e+00,1.000000000000000000e+00,4.611477255821228027e-02,0.000000000000000000e+00,0.000000000000000000e+00,0.000000000000000000e+00
