# CPU,RAM,NetworkR,NetworkW,DiskW,DiskR
7.905525714159011841e-02,8.067704737186431885e-02,1.000000000000000000e+00,9.537873864173889160e-01,9.565650224685668945e-01,9.578520059585571289e-01
4.092364758253097534e-02,6.632881611585617065e-02,9.984518289566040039e-01,9.357010722160339355e-01,9.566559791564941406e-01,9.524217247962951660e-01
4.154630750417709351e-02,1.957110464572906494e-01,8.992672562599182129e-01,8.961899280548095703e-01,9.415007829666137695e-01,9.397120475769042969e-01
4.225355759263038635e-02,2.157776057720184326e-01,8.605566620826721191e-01,8.661732077598571777e-01,8.721126914024353027e-01,9.182091951370239258e-01
4.117433354258537292e-02,1.791234314441680908e-01,7.844885587692260742e-01,8.126748204231262207e-01,6.010093092918395996e-01,8.198268413543701172e-01
4.992654919624328613e-02,2.838536798954010010e-01,4.737904071807861328e-01,6.576929092407226562e-01,5.549522042274475098e-01,7.818309068679809570e-01
4.752019420266151428e-02,1.327596604824066162e-01,5.497013926506042480e-01,6.424981951713562012e-01,5.845047235488891602e-01,8.116955757141113281e-01
4.630108550190925598e-02,2.159250229597091675e-01,4.205378293991088867e-01,5.084763169288635254e-01,5.478249192237854004e-01,7.994480133056640625e-01
1.146948188543319702e-01,2.975223362445831299e-01,2.914227843284606934e-01,3.215692043304443359e-01,5.336213707923889160e-01,8.021253943443298340e-01
1.000000000000000000e+00,1.000000000000000000e+00,4.492608457803726196e-02,0.000000000000000000e+00,0.000000000000000000e+00,0.000000000000000000e+00
