# CPU,RAM,NetworkR,NetworkW,DiskW,DiskR
7.953833788633346558e-02,8.067699521780014038e-02,1.000000000000000000e+00,9.537643194198608398e-01,9.565580487251281738e-01,9.578444361686706543e-01
4.028598219156265259e-02,1.781781911849975586e-01,9.749330878257751465e-01,9.240455031394958496e-01,9.529787302017211914e-01,9.172230958938598633e-01
4.046210646629333496e-02,3.374827206134796143e-01,8.864547610282897949e-01,8.870633244514465332e-01,9.198676943778991699e-01,9.002959132194519043e-01
4.030179604887962341e-02,2.719278931617736816e-01,8.833903670310974121e-01,8.682909011840820312e-01,7.701048254966735840e-01,8.558769226074218750e-01
4.044339805841445923e-02,2.908812761306762695e-01,7.268531918525695801e-01,7.990373373031616211e-01,5.684720277786254883e-01,7.489867806434631348e-01
4.242083430290222168e-02,2.168183326721191406e-01,5.883333086967468262e-01,7.147405147552490234e-01,5.354734063148498535e-01,7.598515748977661133e-01
4.183565080165863037e-02,1.497038304805755615e-01,6.151732802391052246e-01,6.880040764808654785e-01,5.852621197700500488e-01,8.096688389778137207e-01
5.082444846630096436e-02,2.754042744636535645e-01,3.845553398132324219e-01,4.872477948665618896e-01,5.132727026939392090e-01,7.722048163414001465e-01
5.676044821739196777e-01,9.855116605758666992e-01,1.458301544189453125e-01,2.381338775157928467e-01,1.388394236564636230e-01,6.152080297470092773e-01
1.000000000000000000e+00,9.912732839584350586e-01,4.521815478801727295e-02,0.000000000000000000e+00,0.000000000000000000e+00,0.000000000000000000e+00
