# CPU,RAM,NetworkR,NetworkW,DiskW,DiskR
7.897654175758361816e-02,8.067739009857177734e-02,1.000000000000000000e+00,9.537935256958007812e-01,9.565671086311340332e-01,9.578542113304138184e-01
4.114111140370368958e-02,8.763509988784790039e-02,9.785557985305786133e-01,9.300448298454284668e-01,9.564816355705261230e-01,9.512742161750793457e-01
4.231474176049232483e-02,1.095236092805862427e-01,9.580535888671875000e-01,9.142220020294189453e-01,9.505332112312316895e-01,9.495097994804382324e-01
4.212677106261253357e-02,1.581144034862518311e-01,9.133380055427551270e-01,8.845670223236083984e-01,9.096733331680297852e-01,9.332141280174255371e-01
4.114808887243270874e-02,1.454562544822692871e-01,8.407865762710571289e-01,8.262426257133483887e-01,6.399964094161987305e-01,8.458694219589233398e-01
5.496525019407272339e-02,2.211792469024658203e-01,4.884822070598602295e-01,6.473331451416015625e-01,5.686274766921997070e-01,7.906066179275512695e-01
5.488737672567367554e-02,1.735828220844268799e-01,4.360424280166625977e-01,5.698383450508117676e-01,5.381843447685241699e-01,7.775636315345764160e-01
4.720907658338546753e-02,1.632818728685379028e-01,4.189904034137725830e-01,4.931918084621429443e-01,5.425138473510742188e-01,7.920200228691101074e-01
7.304532825946807861e-02,1.740027666091918945e-01,3.099921345710754395e-01,3.211473226547241211e-01,4.852705895900726318e-01,7.650948166847229004e-01
1.000000000000000000e+00,1.000000000000000000e+00,4.508635029196739197e-02,0.000000000000000000e+00,0.000000000000000000e+00,0.000000000000000000e+00
