# CPU,RAM,NetworkR,NetworkW,DiskW,DiskR
7.917755842208862305e-02,8.079989254474639893e-02,1.000000000000000000e+00,9.537934064865112305e-01,9.565647244453430176e-01,9.578561186790466309e-01
4.103982448577880859e-02,1.442849934101104736e-01,9.541984200477600098e-01,9.239006042480468750e-01,9.558562040328979492e-01,9.485973715782165527e-01
4.912551119923591614e-02,1.130099222064018250e-01,9.428418278694152832e-01,9.094684123992919922e-01,9.531592726707458496e-01,9.513130187988281250e-01
6.826811283826828003e-02,3.256365954875946045e-01,7.784674763679504395e-01,8.484997749328613281e-01,9.241599440574645996e-01,9.358161091804504395e-01
1.300799548625946045e-01,5.315489172935485840e-01,5.767949819564819336e-01,7.563871145248413086e-01,8.184456229209899902e-01,9.018182158470153809e-01
1.544643938541412354e-01,6.327993869781494141e-01,4.106757640838623047e-01,6.518683433532714844e-01,6.495677828788757324e-01,8.544194102287292480e-01
4.765519127249717712e-02,1.000000000000000000e+00,3.470845520496368408e-01,6.697295904159545898e-01,3.264595866203308105e-01,8.450667262077331543e-01
1.000000000000000000e+00,1.000000000000000000e+00,2.013733536005020142e-01,4.996998608112335205e-01,9.033913165330886841e-02,4.026288986206054688e-01
5.073319748044013977e-02,4.703701660037040710e-02,1.491154432296752930e-01,3.249099552631378174e-01,0.000000000000000000e+00,0.000000000000000000e+00
1.212002635002136230e-01,4.825125634670257568e-02,4.762458801269531250e-02,0.000000000000000000e+00,0.000000000000000000e+00,0.000000000000000000e+00
