# CPU,RAM,NetworkR,NetworkW,DiskW,DiskR
7.916527986526489258e-02,8.061142265796661377e-02,1.000000000000000000e+00,9.537929296493530273e-01,9.565699100494384766e-01,9.578536152839660645e-01
4.019919410347938538e-02,4.402346014976501465e-01,9.451040029525756836e-01,9.120759367942810059e-01,9.448949098587036133e-01,8.191805481910705566e-01
4.188970103859901428e-02,2.470227330923080444e-01,8.743293881416320801e-01,8.859597444534301758e-01,9.340456724166870117e-01,9.129897356033325195e-01
4.070998728275299072e-02,2.594777345657348633e-01,8.730466961860656738e-01,8.729039430618286133e-01,8.505133390426635742e-01,9.000098109245300293e-01
4.024754837155342102e-02,2.167480289936065674e-01,8.431518673896789551e-01,8.409966230392456055e-01,5.959720015525817871e-01,7.745051980018615723e-01
4.289568960666656494e-02,2.507041990756988525e-01,5.530582070350646973e-01,7.049863338470458984e-01,5.261472463607788086e-01,7.465842962265014648e-01
4.210328683257102966e-02,2.531429529190063477e-01,4.860386550426483154e-01,6.406804919242858887e-01,4.972667098045349121e-01,7.369323968887329102e-01
4.302204772830009460e-02,2.134949266910552979e-01,4.550377726554870605e-01,5.509362220764160156e-01,4.959088861942291260e-01,7.528623938560485840e-01
8.815644681453704834e-02,4.457692205905914307e-01,2.313592433929443359e-01,3.075406551361083984e-01,3.729373514652252197e-01,6.766360998153686523e-01
1.000000000000000000e+00,1.000000000000000000e+00,4.719626903533935547e-02,0.000000000000000000e+00,0.000000000000000000e+00,0.000000000000000000e+00
