# CPU,RAM,NetworkR,NetworkW,DiskW,DiskR
3.999999910593032837e-02,1.400000005960464478e-01,1.000000000000000000e+00,9.599999785423278809e-01,9.599999785423278809e-01,9.599999785423278809e-01
3.999999910593032837e-02,3.400000035762786865e-01,9.180487990379333496e-01,9.141650199890136719e-01,9.486301541328430176e-01,9.454155564308166504e-01
3.999999910593032837e-02,3.400000035762786865e-01,8.448780775070190430e-01,8.960701227188110352e-01,9.052675962448120117e-01,9.454155564308166504e-01
3.999999910593032837e-02,4.399999976158142090e-01,7.229268550872802734e-01,8.308649063110351562e-01,8.754520416259765625e-01,9.454155564308166504e-01
3.999999910593032837e-02,4.399999976158142090e-01,6.497560739517211914e-01,7.893344163894653320e-01,6.705533862113952637e-01,8.163002729415893555e-01
8.938271552324295044e-02,5.400000214576721191e-01,5.521951317787170410e-01,7.468473315238952637e-01,6.195101141929626465e-01,8.094369769096374512e-01
3.999999910593032837e-02,1.000000000000000000e+00,3.814634084701538086e-01,6.733519434928894043e-01,3.272210657596588135e-01,7.731903195381164551e-01
1.000000000000000000e+00,1.000000000000000000e+00,2.839024364948272705e-01,5.080270767211914062e-01,1.175445988774299622e-01,6.690616607666015625e-01
3.999999910593032837e-02,3.999999910593032837e-02,1.375609636306762695e-01,3.440574109554290771e-01,0.000000000000000000e+00,0.000000000000000000e+00
1.264197528362274170e-01,3.999999910593032837e-02,3.999999910593032837e-02,0.000000000000000000e+00,0.000000000000000000e+00,0.000000000000000000e+00
