# CPU,RAM,NetworkR,NetworkW,DiskW,DiskR
3.999999910593032837e-02,3.999999910593032837e-02,1.000000000000000000e+00,9.599999785423278809e-01,9.599999785423278809e-01,9.599999785423278809e-01
3.999999910593032837e-02,1.233333349227905273e-01,9.971189498901367188e-01,9.367525577545166016e-01,9.581561088562011719e-01,9.599999785423278809e-01
3.999999910593032837e-02,1.233333349227905273e-01,9.613847136497497559e-01,9.126414060592651367e-01,9.575414657592773438e-01,9.599999785423278809e-01
3.999999910593032837e-02,2.066666632890701294e-01,9.327973127365112305e-01,8.788138628005981445e-01,9.323417544364929199e-01,9.599999785423278809e-01
3.999999910593032837e-02,2.066666632890701294e-01,7.466443181037902832e-01,8.516798615455627441e-01,6.360909938812255859e-01,8.556727766990661621e-01
3.999999910593032837e-02,2.066666632890701294e-01,5.150418877601623535e-01,6.492903232574462891e-01,5.860756039619445801e-01,8.248488306999206543e-01
3.999999910593032837e-02,2.066666632890701294e-01,4.721607863903045654e-01,6.153908371925354004e-01,5.714013576507568359e-01,8.248488306999206543e-01
3.999999910593032837e-02,2.066666632890701294e-01,4.364265799522399902e-01,4.903008639812469482e-01,5.482759475708007812e-01,8.248488306999206543e-01
3.999999910593032837e-02,2.899999916553497314e-01,3.010831773281097412e-01,3.225305974483489990e-01,5.166226029396057129e-01,8.153645396232604980e-01
1.000000000000000000e+00,1.000000000000000000e+00,3.999999910593032837e-02,0.000000000000000000e+00,0.000000000000000000e+00,0.000000000000000000e+00
