# CPU,RAM,NetworkR,NetworkW,DiskW,DiskR
7.893230766057968140e-02,8.069993555545806885e-02,1.000000000000000000e+00,9.537956118583679199e-01,9.565671086311340332e-01,9.578551054000854492e-01
4.124976694583892822e-02,9.467868506908416748e-02,9.725996851921081543e-01,9.285054206848144531e-01,9.564344286918640137e-01,9.510444998741149902e-01
4.987157508730888367e-02,3.003258705139160156e-01,8.259825110435485840e-01,8.800660371780395508e-01,9.449933171272277832e-01,9.437031149864196777e-01
9.047996997833251953e-02,4.794692695140838623e-01,6.914607882499694824e-01,8.247482180595397949e-01,8.994057774543762207e-01,9.271218180656433105e-01
1.197675392031669617e-01,5.796945691108703613e-01,5.252395272254943848e-01,7.450169324874877930e-01,7.690818309783935547e-01,8.872787356376647949e-01
1.020454764366149902e-01,5.895649790763854980e-01,4.372884929180145264e-01,6.826025247573852539e-01,6.824275851249694824e-01,8.628712892532348633e-01
4.188027605414390564e-02,1.000000000000000000e+00,4.104010760784149170e-01,7.250673174858093262e-01,3.508623838424682617e-01,8.550570011138916016e-01
1.000000000000000000e+00,1.000000000000000000e+00,2.597436606884002686e-01,5.630385875701904297e-01,1.057598814368247986e-01,7.270796895027160645e-01
4.275832325220108032e-02,4.939252883195877075e-02,1.215211972594261169e-01,3.364737927913665771e-01,0.000000000000000000e+00,0.000000000000000000e+00
1.396844089031219482e-01,6.050392240285873413e-02,4.418247193098068237e-02,0.000000000000000000e+00,0.000000000000000000e+00,0.000000000000000000e+00
