# CPU,RAM,NetworkR,NetworkW,DiskW,DiskR
7.903572916984558105e-02,8.057652413845062256e-02,1.000000000000000000e+00,9.537943005561828613e-01,9.565706849098205566e-01,9.578533768653869629e-01
4.033802449703216553e-02,4.307287335395812988e-01,9.347677826881408691e-01,9.143301844596862793e-01,9.497274160385131836e-01,9.017106294631958008e-01
4.160115122795104980e-02,2.225344330072402954e-01,9.033856987953186035e-01,8.958731293678283691e-01,9.383893013000488281e-01,9.316725134849548340e-01
4.034952074289321899e-02,2.777987718582153320e-01,9.024310708045959473e-01,8.802459239959716797e-01,8.428028821945190430e-01,8.986974954605102539e-01
4.014116525650024414e-02,2.106947153806686401e-01,8.835589289665222168e-01,8.506351113319396973e-01,5.934250950813293457e-01,7.615767717361450195e-01
4.143279045820236206e-02,2.263770103454589844e-01,5.815010070800781250e-01,7.081385850906372070e-01,4.864580929279327393e-01,7.058588266372680664e-01
4.160386323928833008e-02,3.177388608455657959e-01,4.273579418659210205e-01,5.981189012527465820e-01,4.301400780677795410e-01,6.632590889930725098e-01
4.297368973493576050e-02,2.187157273292541504e-01,4.509631991386413574e-01,5.332237482070922852e-01,5.068786144256591797e-01,7.550285458564758301e-01
1.053576692938804626e-01,3.871198594570159912e-01,2.711490392684936523e-01,3.159373104572296143e-01,4.792056381702423096e-01,7.609586119651794434e-01
1.000000000000000000e+00,1.000000000000000000e+00,4.653469100594520569e-02,0.000000000000000000e+00,0.000000000000000000e+00,0.000000000000000000e+00
