# CPU,RAM,NetworkR,NetworkW,DiskW,DiskR
7.915362715721130371e-02,8.072966337203979492e-02,1.000000000000000000e+00,9.537935256958007812e-01,9.565666317939758301e-01,9.578552246093750000e-01
4.113966599106788635e-02,1.155297011137008667e-01,9.633892774581909180e-01,9.261805415153503418e-01,9.561837911605834961e-01,9.499601125717163086e-01
4.719360917806625366e-02,1.563993692398071289e-01,9.091799855232238770e-01,9.003880023956298828e-01,9.506227970123291016e-01,9.486801028251647949e-01
5.334338545799255371e-02,2.455593645572662354e-01,8.328226804733276367e-01,8.649480342864990234e-01,9.249824881553649902e-01,9.375553131103515625e-01
7.907193899154663086e-02,3.951013982295989990e-01,6.141914129257202148e-01,7.640904188156127930e-01,7.957926988601684570e-01,8.906913399696350098e-01
9.729708731174468994e-02,4.729680120944976807e-01,4.542296528816223145e-01,6.661857366561889648e-01,6.673787832260131836e-01,8.500109314918518066e-01
5.063520744442939758e-02,1.000000000000000000e+00,3.634115457534790039e-01,6.660615205764770508e-01,3.512545526027679443e-01,8.603938221931457520e-01
1.000000000000000000e+00,9.969787001609802246e-01,2.146281450986862183e-01,4.676193892955780029e-01,8.852060884237289429e-02,6.490715742111206055e-01
4.376194253563880920e-02,4.385402053594589233e-02,1.290045380592346191e-01,3.140958845615386963e-01,0.000000000000000000e+00,0.000000000000000000e+00
1.464104056358337402e-01,5.253209546208381653e-02,4.504970088601112366e-02,0.000000000000000000e+00,0.000000000000000000e+00,0.000000000000000000e+00
