# CPU,RAM,NetworkR,NetworkW,DiskW,DiskR
7.905998826026916504e-02,8.084419369697570801e-02,1.000000000000000000e+00,9.537950754165649414e-01,9.565634727478027344e-01,9.578570127487182617e-01
4.141642153263092041e-02,5.490371584892272949e-02,1.000000000000000000e+00,9.387684464454650879e-01,9.570422768592834473e-01,9.540998339653015137e-01
4.638113453984260559e-02,5.287904143333435059e-01,7.019257545471191406e-01,8.489378094673156738e-01,9.106304049491882324e-01,9.214880466461181641e-01
9.120433032512664795e-02,3.675331175327301025e-01,6.773548722267150879e-01,8.185291290283203125e-01,8.814774155616760254e-01,9.183317422866821289e-01
1.156611219048500061e-01,5.634216070175170898e-01,4.883438050746917725e-01,7.327868342399597168e-01,7.303950786590576172e-01,8.727220296859741211e-01
6.508156657218933105e-02,5.386828780174255371e-01,4.122152030467987061e-01,6.770961284637451172e-01,5.930780172348022461e-01,8.242797255516052246e-01
4.267606139183044434e-02,1.000000000000000000e+00,3.210764229297637939e-01,6.782240271568298340e-01,2.416225075721740723e-01,6.873629093170166016e-01
1.000000000000000000e+00,8.704081773757934570e-01,2.388551235198974609e-01,4.675983488559722900e-01,1.112324669957160950e-01,6.636387109756469727e-01
4.230699315667152405e-02,4.504171386361122131e-02,1.438158154487609863e-01,3.260273337364196777e-01,3.223010106012225151e-03,0.000000000000000000e+00
3.074737787246704102e-01,8.839738368988037109e-02,4.210544750094413757e-02,0.000000000000000000e+00,0.000000000000000000e+00,0.000000000000000000e+00
