# CPU,RAM,NetworkR,NetworkW,DiskW,DiskR
7.902383804321289062e-02,8.080016076564788818e-02,1.000000000000000000e+00,9.537950158119201660e-01,9.565644264221191406e-01,9.578562378883361816e-01
4.144836217164993286e-02,5.713531002402305603e-02,1.000000000000000000e+00,9.376177191734313965e-01,9.570022225379943848e-01,9.538339972496032715e-01
4.439242184162139893e-02,6.387048959732055664e-01,6.819850802421569824e-01,8.447865247726440430e-01,8.904289007186889648e-01,9.136648774147033691e-01
1.052183136343955994e-01,2.582315504550933838e-01,7.510243058204650879e-01,8.395586013793945312e-01,9.094820022583007812e-01,9.297782778739929199e-01
1.451532691717147827e-01,6.614283919334411621e-01,4.644975960254669189e-01,7.237070202827453613e-01,7.248851060867309570e-01,8.757438063621520996e-01
9.024932980537414551e-02,5.433700084686279297e-01,4.360328316688537598e-01,6.878079175949096680e-01,6.741657853126525879e-01,8.588762283325195312e-01
4.403558000922203064e-02,1.000000000000000000e+00,3.835738599300384521e-01,7.136952280998229980e-01,3.241324722766876221e-01,8.507590889930725098e-01
1.000000000000000000e+00,1.000000000000000000e+00,2.591559588909149170e-01,5.578890442848205566e-01,1.033858880400657654e-01,8.394834399223327637e-01
4.116027802228927612e-02,5.196907371282577515e-02,1.025631427764892578e-01,3.359518647193908691e-01,0.000000000000000000e+00,0.000000000000000000e+00
1.036929041147232056e-01,5.871612206101417542e-02,4.496464505791664124e-02,0.000000000000000000e+00,0.000000000000000000e+00,0.000000000000000000e+00
