# CPU,RAM,NetworkR,NetworkW,DiskW,DiskR
7.901012897491455078e-02,8.087116479873657227e-02,1.000000000000000000e+00,9.537961483001708984e-01,9.565628170967102051e-01,9.578576087951660156e-01
4.137037694454193115e-02,6.324793398380279541e-02,9.971128702163696289e-01,9.353663921356201172e-01,9.568749070167541504e-01,9.531894922256469727e-01
5.126151069998741150e-02,3.219470083713531494e-01,7.871369719505310059e-01,8.699135184288024902e-01,9.410051107406616211e-01,9.393711090087890625e-01
1.028997302055358887e-01,7.297399044036865234e-01,5.368818640708923340e-01,7.742415070533752441e-01,7.956442236900329590e-01,8.966264128684997559e-01
1.303633898496627808e-01,5.510252118110656738e-01,4.694838523864746094e-01,7.215613126754760742e-01,7.015331983566284180e-01,8.620411157608032227e-01
5.500133335590362549e-02,5.549805760383605957e-01,3.815366327762603760e-01,6.652708053588867188e-01,5.241672396659851074e-01,7.883723974227905273e-01
4.106969758868217468e-02,1.000000000000000000e+00,3.658946156501770020e-01,6.976392269134521484e-01,3.003500103950500488e-01,7.867814302444458008e-01
1.000000000000000000e+00,9.064694046974182129e-01,2.496888637542724609e-01,4.853484928607940674e-01,1.158857420086860657e-01,6.844791173934936523e-01
4.150131717324256897e-02,4.480599239468574524e-02,1.745493263006210327e-01,3.599278032779693604e-01,5.975097417831420898e-03,0.000000000000000000e+00
2.606808841228485107e-01,8.427315950393676758e-02,4.245041683316230774e-02,0.000000000000000000e+00,0.000000000000000000e+00,0.000000000000000000e+00
