# CPU,RAM,NetworkR,NetworkW,DiskW,DiskR
7.917417585849761963e-02,8.012132346630096436e-02,1.000000000000000000e+00,9.537812471389770508e-01,9.565790295600891113e-01,9.578433036804199219e-01
4.015321284532546997e-02,4.880044758319854736e-01,9.455944895744323730e-01,9.093235731124877930e-01,9.398034214973449707e-01,7.310312390327453613e-01
4.032916575670242310e-02,5.288243293762207031e-01,8.138440847396850586e-01,8.639944195747375488e-01,8.695576786994934082e-01,7.519035339355468750e-01
4.014442116022109985e-02,4.015355110168457031e-01,8.335297703742980957e-01,8.552173376083374023e-01,7.160428166389465332e-01,7.197030186653137207e-01
4.016216844320297241e-02,4.122381806373596191e-01,7.147006988525390625e-01,8.027689456939697266e-01,5.548235177993774414e-01,6.065950989723205566e-01
4.108911380171775818e-02,2.877402305603027344e-01,5.409147739410400391e-01,7.061468958854675293e-01,4.487526714801788330e-01,6.100611090660095215e-01
4.154455661773681641e-02,2.360271513462066650e-01,4.936440289020538330e-01,6.470246315002441406e-01,4.699279367923736572e-01,6.935816407203674316e-01
5.111110955476760864e-02,2.193504273891448975e-01,4.442117810249328613e-01,5.446563363075256348e-01,5.874149203300476074e-01,8.026055097579956055e-01
4.437807202339172363e-01,9.109475612640380859e-01,2.432468980550765991e-01,3.405505120754241943e-01,5.141065120697021484e-01,8.579088449478149414e-01
1.000000000000000000e+00,1.000000000000000000e+00,4.686648026108741760e-02,0.000000000000000000e+00,0.000000000000000000e+00,0.000000000000000000e+00
