# CPU,RAM,NetworkR,NetworkW,DiskW,DiskR
7.904444634914398193e-02,8.066243678331375122e-02,1.000000000000000000e+00,9.537938833236694336e-01,9.565681219100952148e-01,9.578542709350585938e-01
4.035606607794761658e-02,4.885324239730834961e-01,9.283959865570068359e-01,9.132946729660034180e-01,9.491485953330993652e-01,9.020501971244812012e-01
4.501575231552124023e-02,8.352315425872802734e-02,9.768542051315307617e-01,9.188044071197509766e-01,9.525616765022277832e-01,9.491814970970153809e-01
4.120644554495811462e-02,1.556976437568664551e-01,9.322419762611389160e-01,8.926274180412292480e-01,9.160734415054321289e-01,9.336575269699096680e-01
4.040959477424621582e-02,1.272178739309310913e-01,9.190732240676879883e-01,8.596863150596618652e-01,6.774644255638122559e-01,8.587909340858459473e-01
4.523579403758049011e-02,1.653195023536682129e-01,5.989747047424316406e-01,6.993200778961181641e-01,5.830286145210266113e-01,8.016161322593688965e-01
4.455626010894775391e-02,1.953086256980895996e-01,4.907365143299102783e-01,6.081078052520751953e-01,5.522037148475646973e-01,7.851430773735046387e-01
4.235641285777091980e-02,1.656302958726882935e-01,4.947407543659210205e-01,5.394815802574157715e-01,5.281664729118347168e-01,7.811793088912963867e-01
6.531342864036560059e-02,2.528107166290283203e-01,2.899409830570220947e-01,3.115356564521789551e-01,4.306241571903228760e-01,7.161188721656799316e-01
1.000000000000000000e+00,1.000000000000000000e+00,4.676752910017967224e-02,0.000000000000000000e+00,0.000000000000000000e+00,0.000000000000000000e+00
