# CPU,RAM,NetworkR,NetworkW,DiskW,DiskR
7.904400676488876343e-02,8.020888268947601318e-02,1.000000000000000000e+00,9.537870287895202637e-01,9.565781950950622559e-01,9.578462243080139160e-01
4.061672464013099670e-02,1.657478213310241699e-01,9.594138860702514648e-01,9.239096045494079590e-01,9.550948143005371094e-01,9.433931112289428711e-01
4.214456304907798767e-02,1.318047046661376953e-01,9.520236253738403320e-01,9.117563962936401367e-01,9.497262239456176758e-01,9.477928280830383301e-01
4.114273563027381897e-02,2.020635604858398438e-01,9.072642922401428223e-01,8.817158341407775879e-01,8.932151794433593750e-01,9.259738922119140625e-01
4.050175100564956665e-02,1.539992988109588623e-01,8.752940893173217773e-01,8.417593240737915039e-01,6.360442042350769043e-01,8.384050130844116211e-01
4.621707275509834290e-02,2.116445302963256836e-01,5.594441294670104980e-01,6.863110065460205078e-01,5.910162329673767090e-01,8.034363389015197754e-01
4.478514567017555237e-02,1.500141918659210205e-01,5.699278712272644043e-01,6.461653113365173340e-01,6.105722784996032715e-01,8.237829804420471191e-01
4.473772272467613220e-02,1.931198835372924805e-01,4.741418361663818359e-01,5.245000123977661133e-01,5.726879239082336426e-01,8.128098249435424805e-01
1.098730862140655518e-01,3.161488175392150879e-01,2.898015379905700684e-01,3.089987933635711670e-01,5.160556435585021973e-01,7.914515733718872070e-01
1.000000000000000000e+00,1.000000000000000000e+00,4.501982033252716064e-02,0.000000000000000000e+00,0.000000000000000000e+00,0.000000000000000000e+00
