# CPU,RAM,NetworkR,NetworkW,DiskW,DiskR
7.915003597736358643e-02,8.066900074481964111e-02,1.000000000000000000e+00,9.537923336029052734e-01,9.565678834915161133e-01,9.578540325164794922e-01
4.026203975081443787e-02,3.189022243022918701e-01,9.531797766685485840e-01,9.168593287467956543e-01,9.499549865722656250e-01,8.867475390434265137e-01
4.126573354005813599e-02,3.120600879192352295e-01,8.626468777656555176e-01,8.831694126129150391e-01,9.280282258987426758e-01,9.130113720893859863e-01
4.067480936646461487e-02,2.803011536598205566e-01,8.613038063049316406e-01,8.676415085792541504e-01,8.280165791511535645e-01,8.928359150886535645e-01
4.023296758532524109e-02,2.339465022087097168e-01,8.209893107414245605e-01,8.324977159500122070e-01,5.669940710067749023e-01,7.466984987258911133e-01
4.261470586061477661e-02,2.549006640911102295e-01,5.336493849754333496e-01,6.939191818237304688e-01,4.943534135818481445e-01,7.181194424629211426e-01
4.204143211245536804e-02,2.581215202808380127e-01,4.662023782730102539e-01,6.264495849609375000e-01,4.756959974765777588e-01,7.163938879966735840e-01
4.363733530044555664e-02,2.186892032623291016e-01,4.441174864768981934e-01,5.382956862449645996e-01,5.068718194961547852e-01,7.607769370079040527e-01
1.002289950847625732e-01,4.383782446384429932e-01,2.351164519786834717e-01,3.022718131542205811e-01,3.978976607322692871e-01,7.039860486984252930e-01
1.000000000000000000e+00,1.000000000000000000e+00,4.628963023424148560e-02,0.000000000000000000e+00,0.000000000000000000e+00,0.000000000000000000e+00
