# CPU,RAM,NetworkR,NetworkW,DiskW,DiskR
1.291181594133377075e-01,1.306967586278915405e-01,1.000000000000000000e+00,9.037939310073852539e-01,9.065675735473632812e-01,9.078549146652221680e-01
9.041448682546615601e-02,4.632626473903656006e-01,9.819849133491516113e-01,8.651760220527648926e-01,9.010881781578063965e-01,8.677048683166503906e-01
9.703966230154037476e-02,1.169982925057411194e-01,1.000000000000000000e+00,8.752233982086181641e-01,9.045717716217041016e-01,9.023321866989135742e-01
9.168572723865509033e-02,2.090528011322021484e-01,9.672505259513854980e-01,8.374060988426208496e-01,8.698418140411376953e-01,8.844140768051147461e-01
9.123598039150238037e-02,1.619215309619903564e-01,9.531823396682739258e-01,8.020402789115905762e-01,6.819521188735961914e-01,8.350189924240112305e-01
1.069301366806030273e-01,2.073505520820617676e-01,6.337540149688720703e-01,6.365171074867248535e-01,6.040849089622497559e-01,7.866188883781433105e-01
1.215970292687416077e-01,2.217599004507064819e-01,5.271919965744018555e-01,5.364770889282226562e-01,6.071838736534118652e-01,7.902603745460510254e-01
1.405903697013854980e-01,2.363150715827941895e-01,4.392131865024566650e-01,4.095827341079711914e-01,5.760390162467956543e-01,7.864242792129516602e-01
1.824242323637008667e-01,2.077778726816177368e-01,3.904859721660614014e-01,2.897035777568817139e-01,5.705578923225402832e-01,7.929757237434387207e-01
1.000000000000000000e+00,1.000000000000000000e+00,9.373097866773605347e-02,0.000000000000000000e+00,0.000000000000000000e+00,0.000000000000000000e+00
