# CPU,RAM,NetworkR,NetworkW,DiskW,DiskR
1.290330737829208374e-01,1.305286139249801636e-01,1.000000000000000000e+00,9.037923812866210938e-01,9.065712690353393555e-01,9.078521132469177246e-01
9.013263881206512451e-02,5.288453698158264160e-01,9.981247186660766602e-01,8.583287596702575684e-01,8.866237401962280273e-01,6.224575042724609375e-01
9.024710953235626221e-02,6.566555500030517578e-01,8.419247865676879883e-01,8.057272434234619141e-01,7.944030761718750000e-01,5.982105135917663574e-01
9.013617783784866333e-02,5.004748702049255371e-01,8.456192016601562500e-01,7.936679124832153320e-01,6.392593383789062500e-01,5.879942178726196289e-01
9.013589471578598022e-02,5.227136611938476562e-01,7.206205129623413086e-01,7.400609850883483887e-01,4.812304973602294922e-01,4.571519196033477783e-01
9.078375995159149170e-02,4.068022668361663818e-01,5.083401203155517578e-01,6.238617897033691406e-01,3.345733582973480225e-01,3.870058655738830566e-01
9.091033786535263062e-02,4.075334370136260986e-01,3.999221920967102051e-01,5.240895152091979980e-01,2.694698274135589600e-01,3.566198050975799561e-01
9.775447100400924683e-02,3.242355883121490479e-01,4.256624877452850342e-01,4.501409232616424561e-01,4.380339980125427246e-01,6.650439500808715820e-01
3.859330713748931885e-01,8.989696502685546875e-01,3.071332573890686035e-01,2.891941964626312256e-01,5.225594043731689453e-01,7.989132404327392578e-01
1.000000000000000000e+00,1.000000000000000000e+00,9.696364402770996094e-02,0.000000000000000000e+00,0.000000000000000000e+00,0.000000000000000000e+00
