# CPU,RAM,NetworkR,NetworkW,DiskW,DiskR
1.291897296905517578e-01,1.307666450738906860e-01,1.000000000000000000e+00,9.037932753562927246e-01,9.065657258033752441e-01,9.078556895256042480e-01
9.098652750253677368e-02,2.109355628490447998e-01,1.000000000000000000e+00,8.729016780853271484e-01,9.056638479232788086e-01,8.977817296981811523e-01
9.460213035345077515e-02,1.598765403032302856e-01,1.000000000000000000e+00,8.632656931877136230e-01,9.020725488662719727e-01,9.008837938308715820e-01
9.449145942926406860e-02,1.929661035537719727e-01,9.698185920715332031e-01,8.402966260910034180e-01,8.816653490066528320e-01,8.920968174934387207e-01
1.071171462535858154e-01,2.573147118091583252e-01,7.806092500686645508e-01,7.420321702957153320e-01,7.539132833480834961e-01,8.434468507766723633e-01
1.741861552000045776e-01,3.520282804965972900e-01,5.551365613937377930e-01,6.149147152900695801e-01,6.692898869514465332e-01,8.130625486373901367e-01
1.364252269268035889e-01,1.000000000000000000e+00,4.186129868030548096e-01,5.915833711624145508e-01,3.670605719089508057e-01,8.435902595520019531e-01
1.000000000000000000e+00,1.000000000000000000e+00,2.296562194824218750e-01,3.467151224613189697e-01,1.730879954993724823e-02,5.337470769882202148e-01
9.395909309387207031e-02,9.251993894577026367e-02,1.619736254215240479e-01,2.421038150787353516e-01,0.000000000000000000e+00,0.000000000000000000e+00
1.963931024074554443e-01,9.670633077621459961e-02,9.673837572336196899e-02,0.000000000000000000e+00,0.000000000000000000e+00,0.000000000000000000e+00
