# CPU,RAM,NetworkR,NetworkW,DiskW,DiskR
1.290461272001266479e-01,1.307610422372817993e-01,1.000000000000000000e+00,9.037935733795166016e-01,9.065651893615722656e-01,9.078553915023803711e-01
9.073927998542785645e-02,2.434047758579254150e-01,9.984056949615478516e-01,8.717694282531738281e-01,9.049998521804809570e-01,8.941491842269897461e-01
9.250431507825851440e-02,1.527897268533706665e-01,1.000000000000000000e+00,8.678257465362548828e-01,9.013712406158447266e-01,9.003630876541137695e-01
9.144607931375503540e-02,2.148501425981521606e-01,9.732918143272399902e-01,8.380374908447265625e-01,8.601391315460205078e-01,8.831061720848083496e-01
9.054231643676757812e-02,1.900698840618133545e-01,9.385879039764404297e-01,7.949882745742797852e-01,5.983611941337585449e-01,7.981116771697998047e-01
9.588690847158432007e-02,2.304233163595199585e-01,6.137738227844238281e-01,6.314889788627624512e-01,5.101171135902404785e-01,7.394508719444274902e-01
9.562863409519195557e-02,2.381530553102493286e-01,5.272367000579833984e-01,5.448787212371826172e-01,4.926393926143646240e-01,7.304981946945190430e-01
9.335610270500183105e-02,2.158694565296173096e-01,5.257362723350524902e-01,4.723933637142181396e-01,4.922294020652770996e-01,7.420068979263305664e-01
1.200018003582954407e-01,2.787925601005554199e-01,3.447546660900115967e-01,2.576638162136077881e-01,3.987180292606353760e-01,6.856128573417663574e-01
1.000000000000000000e+00,1.000000000000000000e+00,9.578183293342590332e-02,0.000000000000000000e+00,0.000000000000000000e+00,0.000000000000000000e+00
