# CPU,RAM,NetworkR,NetworkW,DiskW,DiskR
1.291770040988922119e-01,1.307992637157440186e-01,1.000000000000000000e+00,9.037934541702270508e-01,9.065647721290588379e-01,9.078561067581176758e-01
9.124092757701873779e-02,1.408220082521438599e-01,1.000000000000000000e+00,8.792009353637695312e-01,9.064918756484985352e-01,9.012908935546875000e-01
9.927929937839508057e-02,2.624627947807312012e-01,9.156771898269653320e-01,8.393608927726745605e-01,8.986219167709350586e-01,8.963323831558227539e-01
1.247752830386161804e-01,4.006547033786773682e-01,8.129351139068603516e-01,7.954754233360290527e-01,8.693873882293701172e-01,8.846179246902465820e-01
1.825885921716690063e-01,6.056302785873413086e-01,6.067693233489990234e-01,7.032232284545898438e-01,7.540454864501953125e-01,8.479166030883789062e-01
2.013444453477859497e-01,6.497721672058105469e-01,4.840504825115203857e-01,6.213132143020629883e-01,6.412600874900817871e-01,8.170263767242431641e-01
9.510740637779235840e-02,1.000000000000000000e+00,4.129099249839782715e-01,6.416173577308654785e-01,2.603423297405242920e-01,7.865121960639953613e-01
1.000000000000000000e+00,1.000000000000000000e+00,2.696051001548767090e-01,4.811921417713165283e-01,4.731300845742225647e-02,4.010293781757354736e-01
9.916612505912780762e-02,9.684456884860992432e-02,1.880939155817031860e-01,2.766239345073699951e-01,0.000000000000000000e+00,0.000000000000000000e+00
2.000263482332229614e-01,1.003139913082122803e-01,9.624049067497253418e-02,0.000000000000000000e+00,0.000000000000000000e+00,0.000000000000000000e+00
