# CPU,RAM,NetworkR,NetworkW,DiskW,DiskR
1.290750652551651001e-01,1.306042671203613281e-01,1.000000000000000000e+00,9.037926793098449707e-01,9.065694212913513184e-01,9.078532457351684570e-01
9.028182923793792725e-02,4.055981338024139404e-01,9.961792826652526855e-01,8.655787706375122070e-01,8.995720148086547852e-01,8.392508625984191895e-01
9.239657223224639893e-02,2.228904366493225098e-01,9.663234353065490723e-01,8.488069772720336914e-01,8.938547968864440918e-01,8.846257925033569336e-01
9.076076745986938477e-02,2.682355046272277832e-01,9.522272348403930664e-01,8.311079740524291992e-01,8.242810964584350586e-01,8.648756742477416992e-01
9.029836952686309814e-02,2.150429934263229370e-01,9.273567199707031250e-01,7.977209687232971191e-01,5.588631033897399902e-01,7.570419311523437500e-01
9.358085691928863525e-02,2.527424991130828857e-01,6.277561187744140625e-01,6.553990840911865234e-01,5.088654160499572754e-01,7.302925586700439453e-01
9.429211169481277466e-02,2.044662684202194214e-01,6.334637403488159180e-01,6.178207397460937500e-01,5.775572657585144043e-01,7.805109620094299316e-01
1.192880421876907349e-01,2.442951351404190063e-01,5.633268952369689941e-01,5.112287998199462891e-01,6.992062926292419434e-01,8.337243199348449707e-01
8.230118751525878906e-01,9.737807512283325195e-01,3.686319887638092041e-01,3.284954726696014404e-01,6.496890783309936523e-01,8.727526664733886719e-01
1.000000000000000000e+00,1.000000000000000000e+00,9.802655130624771118e-02,0.000000000000000000e+00,0.000000000000000000e+00,0.000000000000000000e+00
