# CPU,RAM,NetworkR,NetworkW,DiskW,DiskR
1.291320770978927612e-01,1.307339221239089966e-01,1.000000000000000000e+00,9.037930965423583984e-01,9.065662622451782227e-01,9.078550934791564941e-01
9.098500013351440430e-02,1.627209782600402832e-01,1.000000000000000000e+00,8.770630359649658203e-01,9.061329960823059082e-01,8.996388912200927734e-01
9.219012409448623657e-02,1.448112726211547852e-01,1.000000000000000000e+00,8.697364926338195801e-01,9.017155170440673828e-01,9.010317325592041016e-01
9.150328487157821655e-02,1.953391879796981812e-01,9.818961620330810547e-01,8.404516577720642090e-01,8.617073893547058105e-01,8.844078779220581055e-01
9.088362753391265869e-02,1.820606887340545654e-01,9.186300039291381836e-01,7.847020030021667480e-01,5.936167836189270020e-01,7.997977733612060547e-01
1.015193834900856018e-01,2.327753007411956787e-01,5.695826411247253418e-01,6.062802076339721680e-01,5.145484209060668945e-01,7.407158613204956055e-01
1.014392822980880737e-01,2.159512490034103394e-01,4.990896880626678467e-01,5.221680998802185059e-01,4.957495629787445068e-01,7.323004007339477539e-01
9.776537120342254639e-02,2.115021347999572754e-01,4.832169711589813232e-01,4.428940117359161377e-01,5.196156501770019531e-01,7.581108808517456055e-01
1.299130469560623169e-01,2.267231643199920654e-01,3.681772649288177490e-01,2.689719796180725098e-01,4.620673954486846924e-01,7.344493269920349121e-01
1.000000000000000000e+00,1.000000000000000000e+00,9.480121731758117676e-02,0.000000000000000000e+00,0.000000000000000000e+00,0.000000000000000000e+00
