# CPU,RAM,NetworkR,NetworkW,DiskW,DiskR
1.291209608316421509e-01,1.308442503213882446e-01,1.000000000000000000e+00,9.037938714027404785e-01,9.065632820129394531e-01,9.078565835952758789e-01
9.128810465335845947e-02,1.316300630569458008e-01,1.000000000000000000e+00,8.807348012924194336e-01,9.066057205200195312e-01,9.018261432647705078e-01
9.878294169902801514e-02,3.269555568695068359e-01,8.799796104431152344e-01,8.307756185531616211e-01,8.948726058006286621e-01,8.932300806045532227e-01
1.277111619710922241e-01,4.332684874534606934e-01,7.855608463287353516e-01,7.875164151191711426e-01,8.600503206253051758e-01,8.808134198188781738e-01
1.681118309497833252e-01,6.026300191879272461e-01,5.908846855163574219e-01,6.987413763999938965e-01,7.319318056106567383e-01,8.404121398925781250e-01
1.331865787506103516e-01,5.803416967391967773e-01,4.797995686531066895e-01,6.230810284614562988e-01,5.825912952423095703e-01,7.905114889144897461e-01
9.483796358108520508e-02,1.000000000000000000e+00,4.504900574684143066e-01,6.570640206336975098e-01,3.480185568332672119e-01,8.300743103027343750e-01
1.000000000000000000e+00,1.000000000000000000e+00,2.948288321495056152e-01,4.787372648715972900e-01,4.779119044542312622e-02,6.912915706634521484e-01
9.173192083835601807e-02,9.681077301502227783e-02,1.675385832786560059e-01,2.852427959442138672e-01,0.000000000000000000e+00,0.000000000000000000e+00
2.074404060840606689e-01,1.157864853739738464e-01,9.325606375932693481e-02,0.000000000000000000e+00,0.000000000000000000e+00,0.000000000000000000e+00
