# CPU,RAM,NetworkR,NetworkW,DiskW,DiskR
1.289855688810348511e-01,1.307790428400039673e-01,1.000000000000000000e+00,9.037944674491882324e-01,9.065645933151245117e-01,9.078558087348937988e-01
9.099104255437850952e-02,1.504965275526046753e-01,1.000000000000000000e+00,8.784537315368652344e-01,9.062045812606811523e-01,9.000401496887207031e-01
9.205478429794311523e-02,1.607661396265029907e-01,1.000000000000000000e+00,8.648722767829895020e-01,9.001276493072509766e-01,8.992285132408142090e-01
9.169447422027587891e-02,2.235182225704193115e-01,9.568567276000976562e-01,8.314818739891052246e-01,8.504198789596557617e-01,8.793197274208068848e-01
9.091822803020477295e-02,1.959118694067001343e-01,8.961628675460815430e-01,7.784415483474731445e-01,5.755277872085571289e-01,7.885969877243041992e-01
9.965933859348297119e-02,2.639593780040740967e-01,5.549761056900024414e-01,6.076641678810119629e-01,5.069009661674499512e-01,7.347739934921264648e-01
9.752178192138671875e-02,2.156195640563964844e-01,5.313794612884521484e-01,5.485413670539855957e-01,5.006433725357055664e-01,7.373334765434265137e-01
9.602753072977066040e-02,2.073128968477249146e-01,5.258198380470275879e-01,4.738986194133758545e-01,5.460026264190673828e-01,7.743238210678100586e-01
1.487420797348022461e-01,2.621428966522216797e-01,3.863304853439331055e-01,2.840112745761871338e-01,5.225827693939208984e-01,7.723491191864013672e-01
1.000000000000000000e+00,1.000000000000000000e+00,9.513708949089050293e-02,0.000000000000000000e+00,0.000000000000000000e+00,0.000000000000000000e+00
