# CPU,RAM,NetworkR,NetworkW,DiskW,DiskR
1.291048377752304077e-01,1.307743638753890991e-01,1.000000000000000000e+00,9.037941098213195801e-01,9.065653681755065918e-01,9.078558683395385742e-01
9.134196490049362183e-02,1.134798005223274231e-01,1.000000000000000000e+00,8.853890895843505859e-01,9.068843126296997070e-01,9.032039046287536621e-01
1.002734079957008362e-01,3.411476910114288330e-01,8.532376885414123535e-01,8.238008618354797363e-01,8.927682042121887207e-01,8.905801773071289062e-01
1.506662368774414062e-01,6.254751682281494141e-01,6.712061762809753418e-01,7.522299289703369141e-01,8.170751929283142090e-01,8.657271862030029297e-01
2.539866566658020020e-01,6.484417915344238281e-01,5.656548738479614258e-01,6.916627883911132812e-01,7.377573847770690918e-01,8.446462154388427734e-01
2.044183760881423950e-01,6.518900394439697266e-01,4.864230453968048096e-01,6.347581744194030762e-01,6.623981595039367676e-01,8.254799842834472656e-01
9.152800589799880981e-02,1.000000000000000000e+00,4.413827955722808838e-01,6.785047650337219238e-01,2.404678016901016235e-01,7.467612028121948242e-01
1.000000000000000000e+00,1.000000000000000000e+00,3.295249342918395996e-01,5.371080040931701660e-01,5.383906140923500061e-02,8.082606792449951172e-01
9.141365438699722290e-02,1.134933754801750183e-01,1.755232810974121094e-01,3.103411495685577393e-01,0.000000000000000000e+00,0.000000000000000000e+00
1.244026198983192444e-01,1.088768988847732544e-01,9.570133686065673828e-02,0.000000000000000000e+00,0.000000000000000000e+00,0.000000000000000000e+00
