# CPU,RAM,NetworkR,NetworkW,DiskW,DiskR
1.292070448398590088e-01,1.308227628469467163e-01,1.000000000000000000e+00,9.037929773330688477e-01,9.065641164779663086e-01,9.078562855720520020e-01
9.125920385122299194e-02,1.399148702621459961e-01,1.000000000000000000e+00,8.793044686317443848e-01,9.065105915069580078e-01,9.013710618019104004e-01
1.027814224362373352e-01,3.073693513870239258e-01,8.900158405303955078e-01,8.332030773162841797e-01,8.979474306106567383e-01,8.956521749496459961e-01
1.614545434713363647e-01,7.379474043846130371e-01,6.482557058334350586e-01,7.459273338317871094e-01,8.073568344116210938e-01,8.656939268112182617e-01
1.502149701118469238e-01,5.625740289688110352e-01,5.743926763534545898e-01,6.955702304840087891e-01,6.978722810745239258e-01,8.287771940231323242e-01
1.658830046653747559e-01,6.218157410621643066e-01,4.898399412631988525e-01,6.343060731887817383e-01,6.544460654258728027e-01,8.197255134582519531e-01
9.226591885089874268e-02,1.000000000000000000e+00,4.125833809375762939e-01,6.573044061660766602e-01,2.128759026527404785e-01,7.035667896270751953e-01
1.000000000000000000e+00,1.000000000000000000e+00,2.514739036560058594e-01,4.432393610477447510e-01,6.125494092702865601e-02,3.383399546146392822e-01
9.737119823694229126e-02,9.735470265150070190e-02,1.994908154010772705e-01,2.692266404628753662e-01,0.000000000000000000e+00,0.000000000000000000e+00
1.603238731622695923e-01,9.835165739059448242e-02,9.933146089315414429e-02,0.000000000000000000e+00,0.000000000000000000e+00,0.000000000000000000e+00
