# CPU,RAM,NetworkR,NetworkW,DiskW,DiskR
1.290134340524673462e-01,1.307783275842666626e-01,1.000000000000000000e+00,9.037946462631225586e-01,9.065648913383483887e-01,9.078559279441833496e-01
9.130617976188659668e-02,1.184977814555168152e-01,1.000000000000000000e+00,8.838793635368347168e-01,9.067916274070739746e-01,9.027444124221801758e-01
9.641133993864059448e-02,2.483612596988677979e-01,9.142729043960571289e-01,8.385460972785949707e-01,8.966575860977172852e-01,8.941152691841125488e-01
1.089484021067619324e-01,2.746108472347259521e-01,8.783103227615356445e-01,8.131790161132812500e-01,8.748250007629394531e-01,8.872271776199340820e-01
1.560712158679962158e-01,4.918886423110961914e-01,6.212406158447265625e-01,6.997507214546203613e-01,7.356184124946594238e-01,8.375349044799804688e-01
2.147692888975143433e-01,6.995074152946472168e-01,4.563704729080200195e-01,6.009640693664550781e-01,6.105618476867675781e-01,8.085775971412658691e-01
1.062655001878738403e-01,1.000000000000000000e+00,3.655130267143249512e-01,6.149988770484924316e-01,1.698785871267318726e-01,6.866575479507446289e-01
1.000000000000000000e+00,1.000000000000000000e+00,2.415195405483245850e-01,3.947903513908386230e-01,2.839897945523262024e-02,4.951547980308532715e-01
9.650327265262603760e-02,9.359496086835861206e-02,1.710627973079681396e-01,2.457329332828521729e-01,0.000000000000000000e+00,0.000000000000000000e+00
2.315508425235748291e-01,1.004392057657241821e-01,9.506408870220184326e-02,0.000000000000000000e+00,0.000000000000000000e+00,0.000000000000000000e+00
