# CPU,RAM,NetworkR,NetworkW,DiskW,DiskR
1.291262805461883545e-01,1.306453347206115723e-01,1.000000000000000000e+00,9.037933349609375000e-01,9.065688848495483398e-01,9.078540802001953125e-01
9.057210385799407959e-02,3.473034501075744629e-01,9.877784252166748047e-01,8.683944940567016602e-01,9.036365151405334473e-01,8.862982988357543945e-01
9.300994127988815308e-02,1.527519673109054565e-01,1.000000000000000000e+00,8.671077489852905273e-01,9.015029072761535645e-01,8.998577594757080078e-01
9.119820594787597656e-02,2.003324329853057861e-01,9.906879663467407227e-01,8.450933694839477539e-01,8.664456605911254883e-01,8.859438896179199219e-01
9.041798114776611328e-02,1.724751442670822144e-01,9.731950163841247559e-01,8.101099729537963867e-01,6.285829544067382812e-01,8.136286735534667969e-01
9.522020071744918823e-02,1.994956880807876587e-01,6.679142117500305176e-01,6.533287167549133301e-01,5.407838821411132812e-01,7.605168223381042480e-01
9.598426520824432373e-02,2.145269960165023804e-01,5.637267231941223145e-01,5.600318908691406250e-01,5.329147577285766602e-01,7.562037110328674316e-01
9.417143464088439941e-02,2.195423394441604614e-01,5.243688821792602539e-01,4.681476056575775146e-01,5.090497136116027832e-01,7.530819773674011230e-01
1.219563931226730347e-01,2.532938122749328613e-01,3.612277209758758545e-01,2.661774456501007080e-01,4.246012270450592041e-01,7.042891979217529297e-01
1.000000000000000000e+00,1.000000000000000000e+00,9.581576287746429443e-02,0.000000000000000000e+00,0.000000000000000000e+00,0.000000000000000000e+00
