# CPU,RAM,NetworkR,NetworkW,DiskW,DiskR
1.290753632783889771e-01,1.306938976049423218e-01,1.000000000000000000e+00,9.037938117980957031e-01,9.065673351287841797e-01,9.078546762466430664e-01
9.015897661447525024e-02,5.022425055503845215e-01,9.968551397323608398e-01,8.600577116012573242e-01,8.906722068786621094e-01,6.971182823181152344e-01
9.063668549060821533e-02,4.689858257770538330e-01,8.730033040046691895e-01,8.193618059158325195e-01,8.468860983848571777e-01,7.848155498504638672e-01
9.028667956590652466e-02,3.694699704647064209e-01,8.989391922950744629e-01,8.131256103515625000e-01,7.145726680755615234e-01,7.795274257659912109e-01
9.018445014953613281e-02,3.227839767932891846e-01,8.327510356903076172e-01,7.748899459838867188e-01,5.015861988067626953e-01,6.280529499053955078e-01
9.184832870960235596e-02,3.107264339923858643e-01,5.652325153350830078e-01,6.450334787368774414e-01,4.011279940605163574e-01,5.974699854850769043e-01
9.198035299777984619e-02,3.590530455112457275e-01,4.488107264041900635e-01,5.545680522918701172e-01,3.624715805053710938e-01,5.827115774154663086e-01
9.561807662248611450e-02,2.586776614189147949e-01,4.745249450206756592e-01,4.899259507656097412e-01,4.628578126430511475e-01,7.057805657386779785e-01
2.054607570171356201e-01,5.988733172416687012e-01,2.807449996471405029e-01,2.660280764102935791e-01,3.942899107933044434e-01,7.048231959342956543e-01
1.000000000000000000e+00,1.000000000000000000e+00,9.662798047065734863e-02,0.000000000000000000e+00,0.000000000000000000e+00,0.000000000000000000e+00
