# CPU,RAM,NetworkR,NetworkW,DiskW,DiskR
1.290863007307052612e-01,1.307335942983627319e-01,1.000000000000000000e+00,9.037935137748718262e-01,9.065661430358886719e-01,9.078550934791564941e-01
9.016081690788269043e-02,6.169435381889343262e-01,9.822757840156555176e-01,8.563860058784484863e-01,8.854869008064270020e-01,6.682465672492980957e-01
9.140647947788238525e-02,3.567604720592498779e-01,8.879137039184570312e-01,8.250988721847534180e-01,8.648062944412231445e-01,8.290520906448364258e-01
9.030186384916305542e-02,3.729636073112487793e-01,9.016537666320800781e-01,8.160619735717773438e-01,7.321723103523254395e-01,7.979184389114379883e-01
9.016675502061843872e-02,3.151512742042541504e-01,8.537924289703369141e-01,7.816612124443054199e-01,5.066694021224975586e-01,6.357100009918212891e-01
9.157647192478179932e-02,3.118433654308319092e-01,5.668268203735351562e-01,6.466510891914367676e-01,3.917098045349121094e-01,5.818572640419006348e-01
9.175577014684677124e-02,4.055635035037994385e-01,4.195863306522369385e-01,5.400356650352478027e-01,3.296935260295867920e-01,5.327681303024291992e-01
9.492452442646026611e-02,2.774904370307922363e-01,4.576657116413116455e-01,4.810689985752105713e-01,4.378820061683654785e-01,6.836075782775878906e-01
2.063093632459640503e-01,5.317670702934265137e-01,3.055871129035949707e-01,2.812243700027465820e-01,4.499414861202239990e-01,7.306088209152221680e-01
1.000000000000000000e+00,1.000000000000000000e+00,9.704349935054779053e-02,0.000000000000000000e+00,0.000000000000000000e+00,0.000000000000000000e+00
