# CPU,RAM,NetworkR,NetworkW,DiskW,DiskR
1.290473490953445435e-01,1.307705491781234741e-01,1.000000000000000000e+00,9.037945866584777832e-01,9.065653085708618164e-01,9.078558683395385742e-01
9.127987921237945557e-02,1.225406304001808167e-01,1.000000000000000000e+00,8.828578591346740723e-01,9.067327976226806641e-01,9.024381041526794434e-01
9.229629486799240112e-02,1.782668977975845337e-01,9.879890680313110352e-01,8.580878973007202148e-01,8.986138105392456055e-01,8.972730636596679688e-01
9.266857802867889404e-02,1.912086308002471924e-01,9.712182283401489258e-01,8.381943106651306152e-01,8.653457760810852051e-01,8.860670328140258789e-01
9.163124859333038330e-02,2.018230557441711426e-01,8.675515055656433105e-01,7.685496211051940918e-01,5.983579158782958984e-01,7.980279922485351562e-01
1.051118746399879456e-01,2.769063115119934082e-01,5.303593277931213379e-01,5.965735912322998047e-01,5.090435743331909180e-01,7.359297871589660645e-01
1.080926284193992615e-01,2.534791231155395508e-01,4.365682005882263184e-01,4.944688379764556885e-01,4.404568076133728027e-01,6.945725083351135254e-01
1.000609025359153748e-01,2.131005972623825073e-01,4.449822306632995605e-01,4.320383071899414062e-01,4.865014851093292236e-01,7.349923849105834961e-01
1.270232945680618286e-01,2.121350914239883423e-01,3.567983210086822510e-01,2.725287973880767822e-01,4.388410151004791260e-01,7.173014879226684570e-01
1.000000000000000000e+00,1.000000000000000000e+00,9.491738677024841309e-02,0.000000000000000000e+00,0.000000000000000000e+00,0.000000000000000000e+00
