# CPU,RAM,NetworkR,NetworkW,DiskW,DiskR
1.291334629058837891e-01,1.307378262281417847e-01,1.000000000000000000e+00,9.037939310073852539e-01,9.065665006637573242e-01,9.078553915023803711e-01
9.029269218444824219e-02,4.774167239665985107e-01,9.876660108566284180e-01,8.638093471527099609e-01,8.986244797706604004e-01,8.363219499588012695e-01
9.194347262382507324e-02,2.491489946842193604e-01,9.573363065719604492e-01,8.465182781219482422e-01,8.904756307601928711e-01,8.817367553710937500e-01
9.057077765464782715e-02,2.834903001785278320e-01,9.554765820503234863e-01,8.324239253997802734e-01,8.164271712303161621e-01,8.613518476486206055e-01
9.019763022661209106e-02,2.292484939098358154e-01,9.390451312065124512e-01,8.031177520751953125e-01,5.566542148590087891e-01,7.429419159889221191e-01
9.217049181461334229e-02,2.607843875885009766e-01,6.296818256378173828e-01,6.576285362243652344e-01,4.642091095447540283e-01,6.922889947891235352e-01
9.219890087842941284e-02,3.407045602798461914e-01,4.941172003746032715e-01,5.578861832618713379e-01,4.202576577663421631e-01,6.636620759963989258e-01
9.257179498672485352e-02,2.375628203153610229e-01,5.284362435340881348e-01,5.005685091018676758e-01,4.613923132419586182e-01,7.134793996810913086e-01
1.360663473606109619e-01,4.205680787563323975e-01,3.075395226478576660e-01,2.598659098148345947e-01,3.733077645301818848e-01,6.686267256736755371e-01
1.000000000000000000e+00,1.000000000000000000e+00,9.689094126224517822e-02,0.000000000000000000e+00,0.000000000000000000e+00,0.000000000000000000e+00
