# CPU,RAM,NetworkR,NetworkW,DiskW,DiskR
1.291900873184204102e-01,1.308293938636779785e-01,1.000000000000000000e+00,9.037932753562927246e-01,9.065638780593872070e-01,9.078564047813415527e-01
9.127302467823028564e-02,1.375452131032943726e-01,1.000000000000000000e+00,8.796436786651611328e-01,9.065272212028503418e-01,9.014651775360107422e-01
1.008792445063591003e-01,3.655329048633575439e-01,8.654328584671020508e-01,8.275200724601745605e-01,8.944448232650756836e-01,8.931540846824645996e-01
1.362004876136779785e-01,6.986833214759826660e-01,6.551498770713806152e-01,7.485824823379516602e-01,7.989256381988525391e-01,8.617179393768310547e-01
1.600038558244705200e-01,4.864603877067565918e-01,6.285660266876220703e-01,7.161732912063598633e-01,7.552181482315063477e-01,8.466022014617919922e-01
1.352253705263137817e-01,6.200435161590576172e-01,4.911183714866638184e-01,6.367946863174438477e-01,6.228752136230468750e-01,8.088815212249755859e-01
9.142072498798370361e-02,1.000000000000000000e+00,4.419727921485900879e-01,6.674832105636596680e-01,2.503712177276611328e-01,7.524904012680053711e-01
1.000000000000000000e+00,1.000000000000000000e+00,3.050884604454040527e-01,4.775932133197784424e-01,6.255590915679931641e-02,6.407930254936218262e-01
9.253461658954620361e-02,9.651171416044235229e-02,1.938823014497756958e-01,2.908774912357330322e-01,0.000000000000000000e+00,0.000000000000000000e+00
1.869367212057113647e-01,1.082288846373558044e-01,9.485643357038497925e-02,0.000000000000000000e+00,0.000000000000000000e+00,0.000000000000000000e+00
