# CPU,RAM,NetworkR,NetworkW,DiskW,DiskR
1.291302442550659180e-01,1.304802745580673218e-01,1.000000000000000000e+00,9.037926197052001953e-01,9.065732955932617188e-01,9.078518748283386230e-01
9.126500040292739868e-02,1.319276392459869385e-01,1.000000000000000000e+00,8.808115720748901367e-01,9.066383838653564453e-01,9.018901586532592773e-01
9.194977581501007080e-02,2.138156294822692871e-01,9.727905988693237305e-01,8.542226552963256836e-01,8.969269990921020508e-01,8.958686590194702148e-01
9.253153204917907715e-02,1.869136691093444824e-01,9.822957515716552734e-01,8.429695367813110352e-01,8.697071671485900879e-01,8.884481191635131836e-01
9.115883708000183105e-02,1.813031733036041260e-01,9.188502430915832520e-01,7.896208763122558594e-01,6.322395801544189453e-01,8.164337277412414551e-01
1.011000946164131165e-01,2.185949832201004028e-01,6.180297136306762695e-01,6.362118721008300781e-01,5.595699548721313477e-01,7.686448097229003906e-01
1.122382953763008118e-01,2.016562819480895996e-01,5.317632555961608887e-01,5.402233600616455078e-01,5.578809976577758789e-01,7.690625190734863281e-01
1.205440759658813477e-01,2.418323755264282227e-01,4.387789070606231689e-01,4.169940054416656494e-01,5.587159395217895508e-01,7.781105041503906250e-01
1.643216311931610107e-01,2.024473398923873901e-01,4.059634208679199219e-01,3.010480701923370361e-01,5.704466104507446289e-01,7.933880090713500977e-01
1.000000000000000000e+00,1.000000000000000000e+00,9.435852617025375366e-02,0.000000000000000000e+00,0.000000000000000000e+00,0.000000000000000000e+00
