# CPU,RAM,NetworkR,NetworkW,DiskW,DiskR
1.289457678794860840e-01,1.306247562170028687e-01,1.000000000000000000e+00,9.037941098213195801e-01,9.065686464309692383e-01,9.078537225723266602e-01
9.130712598562240601e-02,1.198648735880851746e-01,1.000000000000000000e+00,8.834788799285888672e-01,9.067723155021667480e-01,9.026302099227905273e-01
9.207268804311752319e-02,2.027384638786315918e-01,9.713448286056518555e-01,8.533734083175659180e-01,8.965926766395568848e-01,8.951946496963500977e-01
9.287524223327636719e-02,2.028626799583435059e-01,9.605745077133178711e-01,8.347375392913818359e-01,8.615483641624450684e-01,8.843927383422851562e-01
9.146534651517868042e-02,2.164088338613510132e-01,8.537591695785522461e-01,7.652040719985961914e-01,5.806720852851867676e-01,7.873911857604980469e-01
1.019289791584014893e-01,2.938706576824188232e-01,5.303971171379089355e-01,6.018800735473632812e-01,5.008953809738159180e-01,7.305425405502319336e-01
1.033460274338722229e-01,2.382809370756149292e-01,4.729119539260864258e-01,5.195617079734802246e-01,4.584124386310577393e-01,7.080327272415161133e-01
9.796085208654403687e-02,2.203641235828399658e-01,4.669996500015258789e-01,4.495401084423065186e-01,4.997190535068511963e-01,7.453278303146362305e-01
1.330985128879547119e-01,2.405117601156234741e-01,3.514651358127593994e-01,2.707425951957702637e-01,4.392037987709045410e-01,7.203559875488281250e-01
1.000000000000000000e+00,1.000000000000000000e+00,9.513872861862182617e-02,0.000000000000000000e+00,0.000000000000000000e+00,0.000000000000000000e+00
