# CPU,RAM,NetworkR,NetworkW,DiskW,DiskR
1.291026920080184937e-01,1.304312795400619507e-01,1.000000000000000000e+00,9.037929773330688477e-01,9.065747261047363281e-01,9.078513383865356445e-01
9.025514870882034302e-02,4.255231320858001709e-01,9.977424144744873047e-01,8.652037382125854492e-01,8.990117311477661133e-01,8.272936940193176270e-01
9.299013763666152954e-02,1.892845183610916138e-01,9.854738116264343262e-01,8.544719219207763672e-01,8.979507684707641602e-01,8.884675502777099609e-01
9.087353199720382690e-02,2.600926160812377930e-01,9.561653137207031250e-01,8.326375484466552734e-01,8.383688926696777344e-01,8.694409132003784180e-01
9.032355993986129761e-02,2.235468924045562744e-01,9.268858432769775391e-01,7.967252135276794434e-01,5.798240900039672852e-01,7.683327198028564453e-01
9.442753344774246216e-02,2.580175399780273438e-01,6.209479570388793945e-01,6.486347913742065430e-01,5.118004679679870605e-01,7.304685115814208984e-01
9.245646744966506958e-02,2.522033154964447021e-01,5.760259628295898438e-01,5.932419896125793457e-01,4.972482025623321533e-01,7.299900650978088379e-01
9.254789352416992188e-02,2.555996179580688477e-01,5.228427052497863770e-01,4.916945099830627441e-01,4.618953168392181396e-01,7.185512781143188477e-01
1.309732496738433838e-01,4.279275536537170410e-01,3.055782616138458252e-01,2.545767724514007568e-01,3.621959388256072998e-01,6.572966575622558594e-01
1.000000000000000000e+00,1.000000000000000000e+00,9.638394415378570557e-02,0.000000000000000000e+00,0.000000000000000000e+00,0.000000000000000000e+00
