# CPU,RAM,NetworkR,NetworkW,DiskW,DiskR
1.289209276437759399e-01,1.306861340999603271e-01,1.000000000000000000e+00,9.037953615188598633e-01,9.065672755241394043e-01,9.078547954559326172e-01
9.137403219938278198e-02,1.139927506446838379e-01,1.000000000000000000e+00,8.851095438003540039e-01,9.068760871887207031e-01,9.031462073326110840e-01
1.016500443220138550e-01,3.737659752368927002e-01,8.379517793655395508e-01,8.202173709869384766e-01,8.914264440536499023e-01,8.897719979286193848e-01
1.662835776805877686e-01,7.688241004943847656e-01,5.938192009925842285e-01,7.262800931930541992e-01,7.596362233161926270e-01,8.507074713706970215e-01
2.216724902391433716e-01,5.886430144309997559e-01,5.501148700714111328e-01,6.845893859863281250e-01,7.050861716270446777e-01,8.315749764442443848e-01
1.407427191734313965e-01,6.794406771659851074e-01,4.636373221874237061e-01,6.316366195678710938e-01,6.105849742889404297e-01,8.087279796600341797e-01
9.070653468370437622e-02,1.000000000000000000e+00,4.155866801738739014e-01,6.758161187171936035e-01,1.900750100612640381e-01,5.112510919570922852e-01
1.000000000000000000e+00,1.000000000000000000e+00,3.049017190933227539e-01,4.566833078861236572e-01,5.922916904091835022e-02,7.024177312850952148e-01
9.099283069372177124e-02,1.035535633563995361e-01,1.636861711740493774e-01,2.746900916099548340e-01,0.000000000000000000e+00,0.000000000000000000e+00
1.848595291376113892e-01,1.305509358644485474e-01,9.319976717233657837e-02,0.000000000000000000e+00,0.000000000000000000e+00,0.000000000000000000e+00
