# CPU,RAM,NetworkR,NetworkW,DiskW,DiskR
1.290434598922729492e-01,1.305039227008819580e-01,1.000000000000000000e+00,9.037898182868957520e-01,9.065709114074707031e-01,9.078508615493774414e-01
9.102361649274826050e-02,1.295408606529235840e-01,1.000000000000000000e+00,8.819896578788757324e-01,9.065159559249877930e-01,9.015113115310668945e-01
9.178525209426879883e-02,2.380777448415756226e-01,9.586690664291381836e-01,8.496590256690979004e-01,8.943582773208618164e-01,8.930903077125549316e-01
9.270937740802764893e-02,2.525514662265777588e-01,9.255127310752868652e-01,8.225348591804504395e-01,8.433272242546081543e-01,8.764420151710510254e-01
9.122114628553390503e-02,2.148964107036590576e-01,8.695678710937500000e-01,7.749248147010803223e-01,5.962917804718017578e-01,7.956903576850891113e-01
9.929624199867248535e-02,3.649918138980865479e-01,5.527255535125732422e-01,6.246390342712402344e-01,5.616424083709716797e-01,7.655920982360839844e-01
9.924629330635070801e-02,1.915110051631927490e-01,6.084932088851928711e-01,5.936650633811950684e-01,5.482183694839477539e-01,7.697755098342895508e-01
9.614394605159759521e-02,2.536245584487915039e-01,4.850721359252929688e-01,4.661634266376495361e-01,5.023233890533447266e-01,7.512608766555786133e-01
1.526658236980438232e-01,3.298081457614898682e-01,3.364374935626983643e-01,2.673972547054290771e-01,4.489640891551971436e-01,7.303829789161682129e-01
1.000000000000000000e+00,1.000000000000000000e+00,9.511667490005493164e-02,0.000000000000000000e+00,0.000000000000000000e+00,0.000000000000000000e+00
