# CPU,RAM,NetworkR,NetworkW,DiskW,DiskR
1.290143877267837524e-01,1.307049095630645752e-01,1.000000000000000000e+00,9.037942290306091309e-01,9.065668582916259766e-01,9.078547954559326172e-01
9.025494009256362915e-02,4.817839562892913818e-01,9.882247447967529297e-01,8.625820875167846680e-01,8.967536687850952148e-01,8.129867315292358398e-01
9.210605174303054810e-02,2.519097924232482910e-01,9.467279314994812012e-01,8.427562713623046875e-01,8.880386352539062500e-01,8.761385679244995117e-01
9.051875770092010498e-02,3.091843426227569580e-01,9.347414374351501465e-01,8.252565264701843262e-01,7.916728258132934570e-01,8.476223945617675781e-01
9.021595865488052368e-02,2.479778230190277100e-01,9.050691723823547363e-01,7.923338413238525391e-01,5.279593467712402344e-01,7.119115591049194336e-01
9.262126684188842773e-02,2.668080031871795654e-01,5.972311496734619141e-01,6.460986137390136719e-01,4.406246244907379150e-01,6.679093837738037109e-01
9.226851165294647217e-02,3.258504569530487061e-01,4.844658672809600830e-01,5.578809976577758789e-01,4.115288555622100830e-01,6.525270938873291016e-01
9.327924251556396484e-02,2.572646141052246094e-01,4.964025616645812988e-01,4.882570207118988037e-01,4.556999504566192627e-01,7.086330056190490723e-01
1.447906494140625000e-01,4.280900359153747559e-01,3.017804622650146484e-01,2.606324851512908936e-01,3.772245943546295166e-01,6.729366183280944824e-01
1.000000000000000000e+00,1.000000000000000000e+00,9.650974720716476440e-02,0.000000000000000000e+00,0.000000000000000000e+00,0.000000000000000000e+00
