# CPU,RAM,NetworkR,NetworkW,DiskW,DiskR
1.291780918836593628e-01,1.306174844503402710e-01,1.000000000000000000e+00,9.037928581237792969e-01,9.065697789192199707e-01,9.078537225723266602e-01
9.122617542743682861e-02,1.422455012798309326e-01,1.000000000000000000e+00,8.790490031242370605e-01,9.064915180206298828e-01,9.012500643730163574e-01
9.404680877923965454e-02,1.628755182027816772e-01,9.968519806861877441e-01,8.610394001007080078e-01,9.015601873397827148e-01,9.001081585884094238e-01
9.843519330024719238e-02,2.438822686672210693e-01,9.128456711769104004e-01,8.210151195526123047e-01,8.736991286277770996e-01,8.867148160934448242e-01
1.356836110353469849e-01,4.067660570144653320e-01,6.492137908935546875e-01,6.982768774032592773e-01,7.202833294868469238e-01,8.293004035949707031e-01
2.642827630043029785e-01,7.562018632888793945e-01,4.314619302749633789e-01,5.743153691291809082e-01,5.799722671508789062e-01,8.033916950225830078e-01
1.249751821160316467e-01,1.000000000000000000e+00,3.676273226737976074e-01,5.858339071273803711e-01,2.369191348552703857e-01,7.971657514572143555e-01
1.000000000000000000e+00,1.000000000000000000e+00,2.347399443387985229e-01,3.851609528064727783e-01,1.856622472405433655e-02,6.365505456924438477e-01
9.335725009441375732e-02,9.552636742591857910e-02,1.457309573888778687e-01,2.348113656044006348e-01,0.000000000000000000e+00,0.000000000000000000e+00
2.139774560928344727e-01,9.984299540519714355e-02,9.477647393941879272e-02,0.000000000000000000e+00,0.000000000000000000e+00,0.000000000000000000e+00
