# CPU,RAM,NetworkR,NetworkW,DiskW,DiskR
1.290400773286819458e-01,1.305896341800689697e-01,1.000000000000000000e+00,9.037930965423583984e-01,9.065698385238647461e-01,9.078531265258789062e-01
9.069930016994476318e-02,1.928640753030776978e-01,1.000000000000000000e+00,8.751299977302551270e-01,9.054251909255981445e-01,8.957206010818481445e-01
9.217306226491928101e-02,1.699585616588592529e-01,1.000000000000000000e+00,8.635143637657165527e-01,9.000655412673950195e-01,8.985564708709716797e-01
9.136438369750976562e-02,2.356817126274108887e-01,9.594753980636596680e-01,8.325260281562805176e-01,8.484625816345214844e-01,8.782905936241149902e-01
9.055641293525695801e-02,1.999360620975494385e-01,9.187627434730529785e-01,7.879899144172668457e-01,5.727613568305969238e-01,7.834347486495971680e-01
9.672413766384124756e-02,2.538086175918579102e-01,5.855697393417358398e-01,6.225166916847229004e-01,5.082563757896423340e-01,7.349652647972106934e-01
9.496635198593139648e-02,2.201265692710876465e-01,5.637161731719970703e-01,5.682950615882873535e-01,5.193300843238830566e-01,7.485383749008178711e-01
9.447022527456283569e-02,2.196503132581710815e-01,5.389424562454223633e-01,4.816473424434661865e-01,5.344132781028747559e-01,7.687490582466125488e-01
1.504537165164947510e-01,3.035946488380432129e-01,3.671824932098388672e-01,2.727361917495727539e-01,4.950122535228729248e-01,7.567300200462341309e-01
1.000000000000000000e+00,1.000000000000000000e+00,9.522507339715957642e-02,0.000000000000000000e+00,0.000000000000000000e+00,0.000000000000000000e+00
