# CPU,RAM,NetworkR,NetworkW,DiskW,DiskR
1.290876120328903198e-01,1.307951658964157104e-01,1.000000000000000000e+00,9.037945866584777832e-01,9.065648317337036133e-01,9.078562855720520020e-01
9.142189472913742065e-02,1.067222282290458679e-01,1.000000000000000000e+00,8.878822922706604004e-01,9.070137739181518555e-01,9.038966894149780273e-01
1.025008931756019592e-01,3.469142913818359375e-01,8.318996429443359375e-01,8.180623054504394531e-01,8.910477757453918457e-01,8.884244561195373535e-01
2.164745628833770752e-01,7.278372049331665039e-01,6.090127229690551758e-01,7.303323745727539062e-01,7.904615998268127441e-01,8.592336177825927734e-01
2.415438443422317505e-01,6.825873851776123047e-01,4.961814284324645996e-01,6.621685028076171875e-01,6.442375183105468750e-01,8.159677982330322266e-01
1.380788981914520264e-01,6.691675186157226562e-01,4.412893354892730713e-01,6.203814744949340820e-01,5.724753141403198242e-01,7.940047979354858398e-01
9.277855604887008667e-02,1.000000000000000000e+00,4.239017367362976074e-01,6.649609804153442383e-01,2.533968091011047363e-01,7.842347025871276855e-01
1.000000000000000000e+00,1.000000000000000000e+00,2.891489267349243164e-01,4.842211306095123291e-01,5.517590045928955078e-02,7.671526670455932617e-01
9.099446982145309448e-02,1.034431904554367065e-01,1.510565131902694702e-01,2.784578204154968262e-01,0.000000000000000000e+00,0.000000000000000000e+00
1.398676633834838867e-01,1.067200005054473877e-01,9.593380987644195557e-02,0.000000000000000000e+00,0.000000000000000000e+00,0.000000000000000000e+00
