# CPU,RAM,NetworkR,NetworkW,DiskW,DiskR
1.291578412055969238e-01,1.307726353406906128e-01,1.000000000000000000e+00,9.037933349609375000e-01,9.065653681755065918e-01,9.078556895256042480e-01
9.125596284866333008e-02,1.324244141578674316e-01,1.000000000000000000e+00,8.806877136230468750e-01,9.065966010093688965e-01,9.017722010612487793e-01
9.712459892034530640e-02,2.355098426342010498e-01,9.304261803627014160e-01,8.428670167922973633e-01,8.986284136772155762e-01,8.963147997856140137e-01
1.121991947293281555e-01,3.231395483016967773e-01,8.532752990722656250e-01,8.061400055885314941e-01,8.727493286132812500e-01,8.860206604003906250e-01
2.214279621839523315e-01,6.922934055328369141e-01,5.623188018798828125e-01,6.807824373245239258e-01,7.194587588310241699e-01,8.391819000244140625e-01
1.563772708177566528e-01,6.754386425018310547e-01,4.328465461730957031e-01,5.936272740364074707e-01,5.313535928726196289e-01,7.749441862106323242e-01
9.326498210430145264e-02,1.000000000000000000e+00,4.023242890834808350e-01,6.330320239067077637e-01,2.554270327091217041e-01,7.730726003646850586e-01
1.000000000000000000e+00,1.000000000000000000e+00,2.671460509300231934e-01,4.332199990749359131e-01,4.377724975347518921e-02,5.350521206855773926e-01
9.500864148139953613e-02,9.439785033464431763e-02,1.789278090000152588e-01,2.633685469627380371e-01,0.000000000000000000e+00,0.000000000000000000e+00
2.360874265432357788e-01,1.043940410017967224e-01,9.437967836856842041e-02,0.000000000000000000e+00,0.000000000000000000e+00,0.000000000000000000e+00
