# CPU,RAM,NetworkR,NetworkW,DiskW,DiskR
1.290913969278335571e-01,1.308393180370330811e-01,1.000000000000000000e+00,9.037942886352539062e-01,9.065634012222290039e-01,9.078565835952758789e-01
9.097705781459808350e-02,2.018386125564575195e-01,1.000000000000000000e+00,8.735203742980957031e-01,9.057211875915527344e-01,8.979795575141906738e-01
9.262260794639587402e-02,1.457594335079193115e-01,1.000000000000000000e+00,8.693538904190063477e-01,9.018716216087341309e-01,9.013009667396545410e-01
9.131273627281188965e-02,1.756342202425003052e-01,1.000000000000000000e+00,8.488733768463134766e-01,8.692251443862915039e-01,8.884956836700439453e-01
9.077145159244537354e-02,1.662737876176834106e-01,9.490016698837280273e-01,7.968971133232116699e-01,6.198011636734008789e-01,8.143907785415649414e-01
1.013920754194259644e-01,1.934206187725067139e-01,6.187847852706909180e-01,6.239218711853027344e-01,5.354217886924743652e-01,7.570657730102539062e-01
1.053250506520271301e-01,2.108169049024581909e-01,4.876259565353393555e-01,5.090661048889160156e-01,5.023009777069091797e-01,7.360305786132812500e-01
9.799111634492874146e-02,2.248249053955078125e-01,4.379129707813262939e-01,4.137195050716400146e-01,4.678505063056945801e-01,7.243889570236206055e-01
1.144197732210159302e-01,1.974131762981414795e-01,3.565394282341003418e-01,2.624092102050781250e-01,4.046467244625091553e-01,6.831545829772949219e-01
1.000000000000000000e+00,1.000000000000000000e+00,9.499253332614898682e-02,0.000000000000000000e+00,0.000000000000000000e+00,0.000000000000000000e+00
