# CPU,RAM,NetworkR,NetworkW,DiskW,DiskR
1.290734708309173584e-01,1.305183470249176025e-01,1.000000000000000000e+00,9.037914872169494629e-01,9.065713882446289062e-01,9.078516960144042969e-01
9.017039835453033447e-02,5.301662087440490723e-01,9.939610362052917480e-01,8.601096868515014648e-01,8.916089534759521484e-01,7.180150151252746582e-01
9.051205217838287354e-02,5.386882424354553223e-01,8.611167669296264648e-01,8.158284425735473633e-01,8.340449929237365723e-01,7.656000852584838867e-01
9.020861238241195679e-02,4.159718751907348633e-01,8.912827372550964355e-01,8.100156784057617188e-01,6.919642686843872070e-01,7.473104596138000488e-01
9.014655649662017822e-02,3.848291635513305664e-01,8.152658343315124512e-01,7.689790725708007812e-01,5.015946626663208008e-01,5.888826847076416016e-01
9.128850698471069336e-02,3.284714818000793457e-01,5.822945833206176758e-01,6.520439982414245605e-01,3.979580998420715332e-01,5.746442079544067383e-01
9.180957823991775513e-02,3.309044837951660156e-01,4.852630496025085449e-01,5.691552162170410156e-01,3.822408020496368408e-01,6.033345460891723633e-01
9.625303000211715698e-02,2.558450400829315186e-01,4.964138269424438477e-01,4.994768202304840088e-01,4.981588125228881836e-01,7.298305630683898926e-01
2.552347779273986816e-01,6.718900203704833984e-01,3.079855740070343018e-01,2.874625623226165771e-01,4.858726561069488525e-01,7.670217752456665039e-01
1.000000000000000000e+00,1.000000000000000000e+00,9.664091467857360840e-02,0.000000000000000000e+00,0.000000000000000000e+00,0.000000000000000000e+00
