# CPU,RAM,NetworkR,NetworkW,DiskW,DiskR
9.000000357627868652e-02,9.000000357627868652e-02,1.000000000000000000e+00,9.100000262260437012e-01,9.100000262260437012e-01,9.100000262260437012e-01
9.000000357627868652e-02,9.000000357627868652e-02,1.000000000000000000e+00,8.907141089439392090e-01,9.075781702995300293e-01,8.727690577507019043e-01
9.000000357627868652e-02,1.733333319425582886e-01,1.000000000000000000e+00,8.636851310729980469e-01,9.069727063179016113e-01,8.727690577507019043e-01
9.000000357627868652e-02,1.733333319425582886e-01,9.838765859603881836e-01,8.261170387268066406e-01,8.984961509704589844e-01,8.727690577507019043e-01
9.000000357627868652e-02,1.733333319425582886e-01,9.611358642578125000e-01,8.098422884941101074e-01,7.817929387092590332e-01,7.889994382858276367e-01
9.000000357627868652e-02,1.733333319425582886e-01,5.786888599395751953e-01,5.966217517852783203e-01,5.602687001228332520e-01,7.587492465972900391e-01
9.000000357627868652e-02,1.733333319425582886e-01,5.407876372337341309e-01,5.628534555435180664e-01,5.456618666648864746e-01,7.587492465972900391e-01
9.000000357627868652e-02,1.733333319425582886e-01,5.028864145278930664e-01,4.343762695789337158e-01,5.222758054733276367e-01,7.587492465972900391e-01
9.000000357627868652e-02,2.566666603088378906e-01,3.259350955486297607e-01,2.489016354084014893e-01,4.910943806171417236e-01,7.494415640830993652e-01
1.000000000000000000e+00,1.000000000000000000e+00,9.000000357627868652e-02,0.000000000000000000e+00,0.000000000000000000e+00,0.000000000000000000e+00
