# CPU,RAM,NetworkR,NetworkW,DiskW,DiskR
1.291910707950592041e-01,1.298869848251342773e-01,1.000000000000000000e+00,9.037762284278869629e-01,9.065837860107421875e-01,9.078385829925537109e-01
9.131523966789245605e-02,1.147045493125915527e-01,1.000000000000000000e+00,8.849929571151733398e-01,9.068532586097717285e-01,9.030268788337707520e-01
9.166030585765838623e-02,2.345683425664901733e-01,9.543706178665161133e-01,8.486098647117614746e-01,8.935732245445251465e-01,8.921117186546325684e-01
9.260237216949462891e-02,2.280750721693038940e-01,9.400703310966491699e-01,8.270789980888366699e-01,8.457790613174438477e-01,8.780039548873901367e-01
9.142785519361495972e-02,2.229316532611846924e-01,8.423612117767333984e-01,7.635474205017089844e-01,5.701949596405029297e-01,7.812720537185668945e-01
1.024823486804962158e-01,3.466774821281433105e-01,5.119143128395080566e-01,5.994763970375061035e-01,5.084292292594909668e-01,7.340258359909057617e-01
9.944467991590499878e-02,2.036204487085342407e-01,5.405022501945495605e-01,5.607956051826477051e-01,4.908319115638732910e-01,7.327210903167724609e-01
9.526639431715011597e-02,2.396345436573028564e-01,4.745289385318756104e-01,4.605109393596649170e-01,4.825611412525177002e-01,7.374812364578247070e-01
1.510182917118072510e-01,3.286098241806030273e-01,3.391390442848205566e-01,2.679015994071960449e-01,4.638335406780242920e-01,7.392007112503051758e-01
1.000000000000000000e+00,1.000000000000000000e+00,9.511253982782363892e-02,0.000000000000000000e+00,0.000000000000000000e+00,0.000000000000000000e+00
