# CPU,RAM,NetworkR,NetworkW,DiskW,DiskR
1.291165649890899658e-01,1.306780725717544556e-01,1.000000000000000000e+00,9.037927389144897461e-01,9.065675735473632812e-01,9.078541994094848633e-01
9.027852863073348999e-02,3.651359975337982178e-01,1.000000000000000000e+00,8.671361207962036133e-01,9.004144072532653809e-01,8.442579507827758789e-01
9.157778322696685791e-02,2.701264321804046631e-01,9.518725275993347168e-01,8.445621728897094727e-01,8.894370794296264648e-01,8.785035610198974609e-01
9.066096693277359009e-02,2.829077839851379395e-01,9.479327201843261719e-01,8.290149569511413574e-01,8.111534714698791504e-01,8.589012026786804199e-01
9.025643765926361084e-02,2.248248010873794556e-01,9.226766824722290039e-01,7.969542741775512695e-01,5.490706562995910645e-01,7.444024085998535156e-01
9.333910048007965088e-02,2.600612640380859375e-01,6.168935298919677734e-01,6.516772508621215820e-01,4.890038967132568359e-01,7.140843272209167480e-01
9.288460016250610352e-02,2.796270847320556641e-01,5.427884459495544434e-01,5.812091827392578125e-01,4.831258356571197510e-01,7.192128896713256836e-01
9.267455339431762695e-02,2.374088466167449951e-01,5.330095291137695312e-01,5.031925439834594727e-01,4.696051180362701416e-01,7.242748141288757324e-01
1.256429105997085571e-01,3.947891891002655029e-01,3.053274154663085938e-01,2.595967054367065430e-01,3.467920124530792236e-01,6.424697637557983398e-01
1.000000000000000000e+00,1.000000000000000000e+00,9.682353585958480835e-02,0.000000000000000000e+00,0.000000000000000000e+00,0.000000000000000000e+00
