# CPU,RAM,NetworkR,NetworkW,DiskW,DiskR
1.291599273681640625e-01,1.307699829339981079e-01,1.000000000000000000e+00,9.037933945655822754e-01,9.065654873847961426e-01,9.078556895256042480e-01
9.113544970750808716e-02,1.695301681756973267e-01,1.000000000000000000e+00,8.757730722427368164e-01,9.061434268951416016e-01,8.998001813888549805e-01
9.523446112871170044e-02,2.196594029664993286e-01,9.567645788192749023e-01,8.499885797500610352e-01,8.993374109268188477e-01,8.977949619293212891e-01
9.306616336107254028e-02,1.822540611028671265e-01,9.873129129409790039e-01,8.475644588470458984e-01,8.800200223922729492e-01,8.930891752243041992e-01
9.236069023609161377e-02,1.898166239261627197e-01,9.019165039062500000e-01,7.855627536773681641e-01,6.995757818222045898e-01,8.369311094284057617e-01
1.313429921865463257e-01,1.788065582513809204e-01,6.578917503356933594e-01,6.438329815864562988e-01,6.270833015441894531e-01,7.989873886108398438e-01
2.223614752292633057e-01,1.000000000000000000e+00,3.622384965419769287e-01,5.067322254180908203e-01,4.302693307399749756e-01,8.256387114524841309e-01
1.000000000000000000e+00,1.000000000000000000e+00,1.877242326736450195e-01,2.446162104606628418e-01,6.797729991376399994e-03,3.574269115924835205e-01
9.691921621561050415e-02,9.148467332124710083e-02,1.523441076278686523e-01,2.086166441440582275e-01,0.000000000000000000e+00,0.000000000000000000e+00
2.377322167158126831e-01,9.628672152757644653e-02,9.676525741815567017e-02,0.000000000000000000e+00,0.000000000000000000e+00,0.000000000000000000e+00
