# CPU,RAM,NetworkR,NetworkW,DiskW,DiskR
1.290461272001266479e-01,1.305561512708663940e-01,1.000000000000000000e+00,9.037919044494628906e-01,9.065703153610229492e-01,9.078522920608520508e-01
9.010939300060272217e-02,6.366869807243347168e-01,9.855772852897644043e-01,8.524918556213378906e-01,8.728983998298645020e-01,4.895550906658172607e-01
9.027017652988433838e-02,6.705985069274902344e-01,8.134610652923583984e-01,7.984058856964111328e-01,7.720109820365905762e-01,5.320793390274047852e-01
9.012361615896224976e-02,5.601731538772583008e-01,8.021630048751831055e-01,7.830337882041931152e-01,6.131876707077026367e-01,4.998778998851776123e-01
9.011934697628021240e-02,5.901463031768798828e-01,6.822589635848999023e-01,7.310196161270141602e-01,4.683252871036529541e-01,3.747431337833404541e-01
9.056149423122406006e-02,4.646653532981872559e-01,4.687424302101135254e-01,6.126750707626342773e-01,3.105011284351348877e-01,2.651456892490386963e-01
9.085518866777420044e-02,4.988869428634643555e-01,3.387929499149322510e-01,4.887482225894927979e-01,2.207660675048828125e-01,1.925399303436279297e-01
9.912244975566864014e-02,3.658841550350189209e-01,3.781443238258361816e-01,4.156348109245300293e-01,3.725270926952362061e-01,5.865747928619384766e-01
4.358115792274475098e-01,8.988048434257507324e-01,3.317644894123077393e-01,3.069538772106170654e-01,5.891910791397094727e-01,8.151682615280151367e-01
1.000000000000000000e+00,1.000000000000000000e+00,9.802137315273284912e-02,0.000000000000000000e+00,0.000000000000000000e+00,0.000000000000000000e+00
