# CPU,RAM,NetworkR,NetworkW,DiskW,DiskR
1.290167421102523804e-01,1.305685639381408691e-01,1.000000000000000000e+00,9.037927985191345215e-01,9.065701961517333984e-01,9.078527092933654785e-01
9.027546644210815430e-02,3.194309771060943604e-01,1.000000000000000000e+00,8.691676259040832520e-01,9.013764858245849609e-01,8.506876826286315918e-01
9.052938222885131836e-02,4.655414819717407227e-01,9.079251885414123535e-01,8.303303718566894531e-01,8.626441955566406250e-01,8.415246009826660156e-01
9.028764069080352783e-02,3.687968254089355469e-01,9.202707409858703613e-01,8.170131444931030273e-01,7.261041998863220215e-01,8.059687614440917969e-01
9.016613662242889404e-02,3.110259175300598145e-01,8.573986887931823730e-01,7.771908044815063477e-01,4.994260966777801514e-01,6.464854478836059570e-01
9.176639467477798462e-02,2.936187088489532471e-01,5.925064086914062500e-01,6.460425853729248047e-01,4.169277250766754150e-01,6.285411119461059570e-01
9.179115295410156250e-02,3.074038326740264893e-01,5.088821053504943848e-01,5.699474811553955078e-01,4.120417535305023193e-01,6.472268104553222656e-01
9.547337889671325684e-02,2.538687288761138916e-01,5.074328184127807617e-01,4.905666410923004150e-01,5.083218216896057129e-01,7.421537041664123535e-01
2.105797529220581055e-01,5.542450547218322754e-01,3.068845272064208984e-01,2.659927904605865479e-01,4.545366466045379639e-01,7.435202002525329590e-01
1.000000000000000000e+00,1.000000000000000000e+00,9.566789865493774414e-02,0.000000000000000000e+00,0.000000000000000000e+00,0.000000000000000000e+00
