# CPU,RAM,NetworkR,NetworkW,DiskW,DiskR
1.290918737649917603e-01,1.303631514310836792e-01,1.000000000000000000e+00,9.037857651710510254e-01,9.065735340118408203e-01,9.078477621078491211e-01
9.037850797176361084e-02,2.227801233530044556e-01,1.000000000000000000e+00,8.744539022445678711e-01,9.041435122489929199e-01,8.824160695075988770e-01
9.087775647640228271e-02,3.674904704093933105e-01,9.317951202392578125e-01,8.392766714096069336e-01,8.814507722854614258e-01,8.748788833618164062e-01
9.082213789224624634e-02,2.871069014072418213e-01,9.362553954124450684e-01,8.240399360656738281e-01,7.989789843559265137e-01,8.572883009910583496e-01
9.036193788051605225e-02,2.609778344631195068e-01,8.793069720268249512e-01,7.823376655578613281e-01,5.547528266906738281e-01,7.511450648307800293e-01
9.404678642749786377e-02,2.787872254848480225e-01,6.295815110206604004e-01,6.582698822021484375e-01,5.297176837921142578e-01,7.433539032936096191e-01
9.280326217412948608e-02,2.028838843107223511e-01,6.482666134834289551e-01,6.257495880126953125e-01,5.392335653305053711e-01,7.627373933792114258e-01
9.576621651649475098e-02,3.015681505203247070e-01,4.664782285690307617e-01,4.588350951671600342e-01,4.627431929111480713e-01,7.231143712997436523e-01
2.123441547155380249e-01,6.950553059577941895e-01,2.599614858627319336e-01,2.289009988307952881e-01,3.407209813594818115e-01,6.837797760963439941e-01
1.000000000000000000e+00,1.000000000000000000e+00,9.508132934570312500e-02,0.000000000000000000e+00,0.000000000000000000e+00,0.000000000000000000e+00
