# CPU,RAM,NetworkR,NetworkW,DiskW,DiskR
1.290574669837951660e-01,1.303487122058868408e-01,1.000000000000000000e+00,9.037877321243286133e-01,9.065746068954467773e-01,9.078482389450073242e-01
9.077008068561553955e-02,1.492896825075149536e-01,1.000000000000000000e+00,8.795985579490661621e-01,9.060961008071899414e-01,8.992319107055664062e-01
9.189783781766891479e-02,1.750181466341018677e-01,1.000000000000000000e+00,8.623567819595336914e-01,8.997446894645690918e-01,8.981069326400756836e-01
9.160318225622177124e-02,2.509117722511291504e-01,9.433497190475463867e-01,8.264774680137634277e-01,8.423906564712524414e-01,8.754577636718750000e-01
9.079883992671966553e-02,2.124549150466918945e-01,8.864983916282653809e-01,7.762345671653747559e-01,5.694358348846435547e-01,7.810676693916320801e-01
9.884911775588989258e-02,2.929422855377197266e-01,5.491776466369628906e-01,6.081169843673706055e-01,5.065783262252807617e-01,7.322640419006347656e-01
9.506982564926147461e-02,2.097169160842895508e-01,5.691990256309509277e-01,5.724278092384338379e-01,5.108411312103271484e-01,7.444421052932739258e-01
9.422396123409271240e-02,2.333305031061172485e-01,5.161286592483520508e-01,4.719361066818237305e-01,5.094997882843017578e-01,7.547515034675598145e-01
1.622257977724075317e-01,3.336244523525238037e-01,3.665630221366882324e-01,2.749826312065124512e-01,5.210664272308349609e-01,7.704335451126098633e-01
1.000000000000000000e+00,1.000000000000000000e+00,9.503578394651412964e-02,0.000000000000000000e+00,0.000000000000000000e+00,0.000000000000000000e+00
