# CPU,RAM,NetworkR,NetworkW,DiskW,DiskR
1.289645284414291382e-01,1.303023844957351685e-01,1.000000000000000000e+00,9.037864208221435547e-01,9.065747857093811035e-01,9.078469872474670410e-01
9.080923348665237427e-02,2.015232294797897339e-01,1.000000000000000000e+00,8.741089105606079102e-01,9.055489301681518555e-01,8.967357277870178223e-01
9.201679378747940063e-02,2.013531625270843506e-01,9.905241727828979492e-01,8.589024543762207031e-01,8.984794020652770996e-01,8.973437547683715820e-01
9.150697290897369385e-02,2.649506032466888428e-01,9.430885314941406250e-01,8.279585838317871094e-01,8.437731266021728516e-01,8.765366077423095703e-01
9.059344977140426636e-02,2.102337479591369629e-01,9.167753458023071289e-01,7.902833819389343262e-01,5.965051054954528809e-01,7.944176793098449707e-01
9.608364850282669067e-02,2.968904972076416016e-01,6.050146818161010742e-01,6.401674747467041016e-01,5.584855675697326660e-01,7.631528973579406738e-01
9.532141685485839844e-02,2.028226554393768311e-01,6.285911798477172852e-01,6.020147800445556641e-01,5.631216764450073242e-01,7.762452363967895508e-01
9.390351921319961548e-02,2.509286999702453613e-01,5.189689397811889648e-01,4.768754541873931885e-01,4.962623417377471924e-01,7.475642561912536621e-01
1.435336172580718994e-01,3.467010259628295898e-01,3.371886610984802246e-01,2.607022523880004883e-01,4.339492022991180420e-01,7.168433666229248047e-01
1.000000000000000000e+00,1.000000000000000000e+00,9.540561586618423462e-02,0.000000000000000000e+00,0.000000000000000000e+00,0.000000000000000000e+00
