# CPU,RAM,NetworkR,NetworkW,DiskW,DiskR
1.290647685527801514e-01,1.308507174253463745e-01,1.000000000000000000e+00,9.037950634956359863e-01,9.065632820129394531e-01,9.078570604324340820e-01
9.114762395620346069e-02,1.707100868225097656e-01,1.000000000000000000e+00,8.755517005920410156e-01,9.061098098754882812e-01,8.996957540512084961e-01
1.029292643070220947e-01,2.449400871992111206e-01,9.296319484710693359e-01,8.426318764686584473e-01,9.006599187850952148e-01,8.982635736465454102e-01
1.341984868049621582e-01,5.978474020957946777e-01,7.259197235107421875e-01,7.704758048057556152e-01,8.443698287010192871e-01,8.760249018669128418e-01
1.765466034412384033e-01,5.535097718238830566e-01,6.249107122421264648e-01,7.123223543167114258e-01,7.652521729469299316e-01,8.509963154792785645e-01
1.318741589784622192e-01,5.837281942367553711e-01,4.887062609195709229e-01,6.280317306518554688e-01,5.951737761497497559e-01,7.964432239532470703e-01
9.195281565189361572e-02,1.000000000000000000e+00,4.432927966117858887e-01,6.544715762138366699e-01,3.013450801372528076e-01,7.934684157371520996e-01
1.000000000000000000e+00,1.000000000000000000e+00,2.871264517307281494e-01,4.513882994651794434e-01,6.233736127614974976e-02,4.815152585506439209e-01
9.449002146720886230e-02,9.472215920686721802e-02,2.147374898195266724e-01,2.864219546318054199e-01,0.000000000000000000e+00,0.000000000000000000e+00
1.795773804187774658e-01,1.006210595369338989e-01,9.730514883995056152e-02,0.000000000000000000e+00,0.000000000000000000e+00,0.000000000000000000e+00
