# CPU,RAM,NetworkR,NetworkW,DiskW,DiskR
1.291974484920501709e-01,1.308332234621047974e-01,1.000000000000000000e+00,9.037932157516479492e-01,9.065638184547424316e-01,9.078564643859863281e-01
9.041919559240341187e-02,5.293618440628051758e-01,9.756472110748291016e-01,8.638490438461303711e-01,9.002083539962768555e-01,8.645293712615966797e-01
9.533119946718215942e-02,1.336584091186523438e-01,1.000000000000000000e+00,8.689751029014587402e-01,9.026446938514709473e-01,9.000608921051025391e-01
9.144727140665054321e-02,1.866368502378463745e-01,9.926617741584777832e-01,8.470321893692016602e-01,8.734372854232788086e-01,8.880687952041625977e-01
9.045852720737457275e-02,1.698240041732788086e-01,9.759327173233032227e-01,8.123306035995483398e-01,6.477353572845458984e-01,8.202756047248840332e-01
9.532265365123748779e-02,1.881362944841384888e-01,6.843835115432739258e-01,6.603695154190063477e-01,5.421854853630065918e-01,7.626994848251342773e-01
9.741992503404617310e-02,2.055919468402862549e-01,5.570638775825500488e-01,5.558939576148986816e-01,5.317990779876708984e-01,7.548165917396545410e-01
9.551564604043960571e-02,2.157296985387802124e-01,5.088086128234863281e-01,4.607152044773101807e-01,5.135258436203002930e-01,7.541999220848083496e-01
1.246015429496765137e-01,2.448975443840026855e-01,3.618852198123931885e-01,2.697019577026367188e-01,4.373533427715301514e-01,7.133696079254150391e-01
1.000000000000000000e+00,1.000000000000000000e+00,9.603585302829742432e-02,0.000000000000000000e+00,0.000000000000000000e+00,0.000000000000000000e+00
