# CPU,RAM,NetworkR,NetworkW,DiskW,DiskR
1.291511654853820801e-01,1.307417303323745728e-01,1.000000000000000000e+00,9.037935733795166016e-01,9.065663218498229980e-01,9.078553915023803711e-01
9.137023240327835083e-02,1.141847595572471619e-01,1.000000000000000000e+00,8.850724697113037109e-01,9.068784713745117188e-01,9.031486511230468750e-01
9.410260617733001709e-02,4.684145748615264893e-01,8.213359713554382324e-01,8.165741562843322754e-01,8.771722316741943359e-01,8.811625242233276367e-01
1.067384332418441772e-01,1.993572264909744263e-01,9.292958378791809082e-01,8.295040726661682129e-01,8.793989419937133789e-01,8.911191821098327637e-01
1.167488694190979004e-01,3.762135207653045654e-01,6.729828119277954102e-01,7.199009060859680176e-01,7.301040291786193848e-01,8.342106342315673828e-01
1.652975380420684814e-01,4.825657606124877930e-01,5.165771245956420898e-01,6.240994930267333984e-01,6.516054868698120117e-01,8.107252717018127441e-01
1.156472042202949524e-01,1.000000000000000000e+00,3.959912061691284180e-01,6.102380156517028809e-01,2.581303119659423828e-01,8.048915863037109375e-01
1.000000000000000000e+00,1.000000000000000000e+00,2.484805732965469360e-01,4.110908210277557373e-01,3.240703418850898743e-02,5.348677039146423340e-01
9.602128714323043823e-02,9.253734350204467773e-02,1.702350676059722900e-01,2.530602216720581055e-01,0.000000000000000000e+00,0.000000000000000000e+00
2.093274891376495361e-01,9.800233691930770874e-02,9.621313214302062988e-02,0.000000000000000000e+00,0.000000000000000000e+00,0.000000000000000000e+00
