# CPU,RAM,NetworkR,NetworkW,DiskW,DiskR
1.291358172893524170e-01,1.305804699659347534e-01,1.000000000000000000e+00,9.037930965423583984e-01,9.065706729888916016e-01,9.078532457351684570e-01
9.136720746755599976e-02,1.112857311964035034e-01,1.000000000000000000e+00,8.861476778984069824e-01,9.069486856460571289e-01,9.034651517868041992e-01
9.169401228427886963e-02,2.624700367450714111e-01,9.337406754493713379e-01,8.431432247161865234e-01,8.906601667404174805e-01,8.893481492996215820e-01
9.401024878025054932e-02,2.057787626981735229e-01,9.499555230140686035e-01,8.319743275642395020e-01,8.619483709335327148e-01,8.842769265174865723e-01
9.191180765628814697e-02,2.329247891902923584e-01,8.276364207267761230e-01,7.595202922821044922e-01,5.918347239494323730e-01,7.900587320327758789e-01
9.976967424154281616e-02,3.007831573486328125e-01,5.369278788566589355e-01,6.119754314422607422e-01,4.918754994869232178e-01,7.264295816421508789e-01
1.032890900969505310e-01,2.597465515136718750e-01,4.523349702358245850e-01,5.142663121223449707e-01,4.294981658458709717e-01,6.872172355651855469e-01
9.807910770177841187e-02,2.177214622497558594e-01,4.594880938529968262e-01,4.515677094459533691e-01,4.807522594928741455e-01,7.319430112838745117e-01
1.366286426782608032e-01,2.644722163677215576e-01,3.328619599342346191e-01,2.656848132610321045e-01,4.209106862545013428e-01,7.078599929809570312e-01
1.000000000000000000e+00,1.000000000000000000e+00,9.556622058153152466e-02,0.000000000000000000e+00,0.000000000000000000e+00,0.000000000000000000e+00
