# CPU,RAM,NetworkR,NetworkW,DiskW,DiskR
1.291778832674026489e-01,1.308014690876007080e-01,1.000000000000000000e+00,9.037929177284240723e-01,9.065644741058349609e-01,9.078559279441833496e-01
9.110935032367706299e-02,1.635475307703018188e-01,1.000000000000000000e+00,8.765475749969482422e-01,9.062060713768005371e-01,9.000326991081237793e-01
9.261405467987060547e-02,1.627223491668701172e-01,1.000000000000000000e+00,8.642191290855407715e-01,9.008154869079589844e-01,8.999853730201721191e-01
9.188460558652877808e-02,1.749020069837570190e-01,9.970741868019104004e-01,8.479896783828735352e-01,8.733735680580139160e-01,8.901431560516357422e-01
9.878715872764587402e-02,2.010714560747146606e-01,8.219518661499023438e-01,7.485325932502746582e-01,6.954718828201293945e-01,8.279731869697570801e-01
2.124712914228439331e-01,3.134565353393554688e-01,5.500722527503967285e-01,6.030252575874328613e-01,6.897550821304321289e-01,8.180391192436218262e-01
1.916162073612213135e-01,1.000000000000000000e+00,3.932438790798187256e-01,5.720829963684082031e-01,2.749161720275878906e-01,8.345919847488403320e-01
1.000000000000000000e+00,9.263421893119812012e-01,1.855075210332870483e-01,2.866531014442443848e-01,1.232695020735263824e-02,2.649357616901397705e-01
9.521561115980148315e-02,9.175907820463180542e-02,1.613173782825469971e-01,2.163382768630981445e-01,0.000000000000000000e+00,0.000000000000000000e+00
2.130015343427658081e-01,9.669696539640426636e-02,9.698025882244110107e-02,0.000000000000000000e+00,0.000000000000000000e+00,0.000000000000000000e+00
