# CPU,RAM,NetworkR,NetworkW,DiskW,DiskR
1.291576623916625977e-01,1.308031380176544189e-01,1.000000000000000000e+00,9.037930965423583984e-01,9.065644145011901855e-01,9.078559875488281250e-01
9.133715927600860596e-02,1.110070571303367615e-01,1.000000000000000000e+00,8.863195776939392090e-01,9.069346785545349121e-01,9.034640789031982422e-01
9.367795288562774658e-02,2.425563335418701172e-01,9.215568304061889648e-01,8.400446176528930664e-01,8.940297961235046387e-01,8.917925953865051270e-01
9.372558444738388062e-02,1.728179454803466797e-01,9.802379012107849121e-01,8.439289927482604980e-01,8.735158443450927734e-01,8.904511928558349609e-01
1.016358807682991028e-01,2.383083254098892212e-01,7.571566104888916016e-01,7.318969964981079102e-01,6.720194220542907715e-01,8.162782192230224609e-01
1.332736462354660034e-01,2.719156742095947266e-01,5.706198215484619141e-01,6.262109875679016113e-01,6.392192244529724121e-01,7.997620105743408203e-01
1.890266835689544678e-01,9.366636276245117188e-01,3.480388224124908447e-01,4.859777092933654785e-01,4.554748237133026123e-01,7.885291576385498047e-01
3.650522232055664062e-01,6.476097106933593750e-01,2.022808790206909180e-01,2.627624571323394775e-01,1.324157565832138062e-01,4.471451044082641602e-01
1.098053529858589172e-01,1.079765036702156067e-01,1.533714979887008667e-01,1.491871774196624756e-01,1.691862568259239197e-02,0.000000000000000000e+00
5.943025946617126465e-01,1.908669322729110718e-01,9.244789928197860718e-02,0.000000000000000000e+00,0.000000000000000000e+00,0.000000000000000000e+00
