# CPU,RAM,NetworkR,NetworkW,DiskW,DiskR
1.290850788354873657e-01,1.305504292249679565e-01,1.000000000000000000e+00,9.037899971008300781e-01,9.065698981285095215e-01,9.078515768051147461e-01
9.089083224534988403e-02,1.455474793910980225e-01,1.000000000000000000e+00,8.795219659805297852e-01,9.061769247055053711e-01,8.998724818229675293e-01
9.179352968931198120e-02,2.197578400373458862e-01,9.727126955986022949e-01,8.532470464706420898e-01,8.955667614936828613e-01,8.943300843238830566e-01
9.167802333831787109e-02,2.686454653739929199e-01,9.271929264068603516e-01,8.220474123954772949e-01,8.301769495010375977e-01,8.715243935585021973e-01
9.065537899732589722e-02,2.271911948919296265e-01,8.737564086914062500e-01,7.748672962188720703e-01,5.447890162467956543e-01,7.636404633522033691e-01
9.674629569053649902e-02,2.944300174713134766e-01,5.493485927581787109e-01,6.140141487121582031e-01,4.811309874057769775e-01,7.152920961380004883e-01
9.437932819128036499e-02,2.218886017799377441e-01,5.586241483688354492e-01,5.739048123359680176e-01,4.927083551883697510e-01,7.321593761444091797e-01
9.343536198139190674e-02,2.490623742341995239e-01,5.056410431861877441e-01,4.746583998203277588e-01,4.822272956371307373e-01,7.374178171157836914e-01
1.335950940847396851e-01,3.093642294406890869e-01,3.489822447299957275e-01,2.700788974761962891e-01,4.382086098194122314e-01,7.178059220314025879e-01
1.000000000000000000e+00,1.000000000000000000e+00,9.565144032239913940e-02,0.000000000000000000e+00,0.000000000000000000e+00,0.000000000000000000e+00
