# CPU,RAM,NetworkR,NetworkW,DiskW,DiskR
1.291088759899139404e-01,1.306584626436233521e-01,1.000000000000000000e+00,9.037938714027404785e-01,9.065685868263244629e-01,9.078543782234191895e-01
9.085579216480255127e-02,2.228381633758544922e-01,1.000000000000000000e+00,8.725466728210449219e-01,9.053928852081298828e-01,8.963329792022705078e-01
9.338746219873428345e-02,1.334203034639358521e-01,1.000000000000000000e+00,8.721777200698852539e-01,9.030905961990356445e-01,9.023230075836181641e-01
9.830734878778457642e-02,2.453207820653915405e-01,9.069517850875854492e-01,8.174928426742553711e-01,8.734427690505981445e-01,8.852834701538085938e-01
1.596195548772811890e-01,4.715639650821685791e-01,6.217902302742004395e-01,6.859186291694641113e-01,7.264171838760375977e-01,8.315624594688415527e-01
2.590211033821105957e-01,8.365890383720397949e-01,4.269402623176574707e-01,5.762025713920593262e-01,5.744522809982299805e-01,8.088070154190063477e-01
9.806584566831588745e-02,1.000000000000000000e+00,3.636166751384735107e-01,6.006921529769897461e-01,1.860532760620117188e-01,7.112011909484863281e-01
1.000000000000000000e+00,1.000000000000000000e+00,2.296881228685379028e-01,3.811000883579254150e-01,2.410940080881118774e-02,4.862698018550872803e-01
9.585244953632354736e-02,9.487215429544448853e-02,1.681279838085174561e-01,2.470683753490447998e-01,0.000000000000000000e+00,0.000000000000000000e+00
2.040331363677978516e-01,1.003203317523002625e-01,9.533230215311050415e-02,0.000000000000000000e+00,0.000000000000000000e+00,0.000000000000000000e+00
