# CPU,RAM,NetworkR,NetworkW,DiskW,DiskR
1.290513128042221069e-01,1.307981014251708984e-01,1.000000000000000000e+00,9.037942290306091309e-01,9.065644145011901855e-01,9.078561067581176758e-01
9.140346199274063110e-02,1.048742309212684631e-01,1.000000000000000000e+00,8.888231515884399414e-01,9.070487022399902344e-01,9.041190743446350098e-01
9.336933493614196777e-02,2.976635396480560303e-01,8.787487745285034180e-01,8.288807868957519531e-01,8.867276906967163086e-01,8.850992918014526367e-01
9.352102130651473999e-02,1.682888418436050415e-01,9.789956212043762207e-01,8.436102867126464844e-01,8.674263954162597656e-01,8.888176083564758301e-01
9.178417176008224487e-02,1.996386796236038208e-01,8.566889762878417969e-01,7.693802118301391602e-01,5.902391672134399414e-01,7.949056625366210938e-01
1.097655072808265686e-01,2.483976036310195923e-01,5.506880283355712891e-01,6.123006939888000488e-01,5.388886928558349609e-01,7.530922889709472656e-01
1.363368481397628784e-01,2.452483326196670532e-01,4.430061876773834229e-01,4.996888041496276855e-01,5.021110773086547852e-01,7.373104691505432129e-01
1.502682566642761230e-01,3.149552047252655029e-01,3.531487584114074707e-01,3.758074939250946045e-01,4.905690252780914307e-01,7.444146871566772461e-01
1.636197119951248169e-01,1.754447370767593384e-01,3.802930414676666260e-01,2.990395128726959229e-01,5.288341045379638672e-01,7.685766816139221191e-01
1.000000000000000000e+00,1.000000000000000000e+00,9.368606656789779663e-02,0.000000000000000000e+00,0.000000000000000000e+00,0.000000000000000000e+00
