# CPU,RAM,NetworkR,NetworkW,DiskW,DiskR
1.290424913167953491e-01,1.307590752840042114e-01,1.000000000000000000e+00,9.037948846817016602e-01,9.065657854080200195e-01,9.078558683395385742e-01
9.142908453941345215e-02,1.063875854015350342e-01,1.000000000000000000e+00,8.880196809768676758e-01,9.070214033126831055e-01,9.039337635040283203e-01
1.003451645374298096e-01,4.226401448249816895e-01,8.038924336433410645e-01,8.116339445114135742e-01,8.843858838081359863e-01,8.842887282371520996e-01
1.905584484338760376e-01,6.272274255752563477e-01,6.468595862388610840e-01,7.432671785354614258e-01,8.118157386779785156e-01,8.633440732955932617e-01
2.267702221870422363e-01,6.923182010650634766e-01,5.054436326026916504e-01,6.683346629142761230e-01,6.599822044372558594e-01,8.210603594779968262e-01
1.290622502565383911e-01,6.659620404243469238e-01,4.398193955421447754e-01,6.200410127639770508e-01,5.512872934341430664e-01,7.844762802124023438e-01
9.191022068262100220e-02,1.000000000000000000e+00,3.977012038230895996e-01,6.612418889999389648e-01,1.850007027387619019e-01,6.088374853134155273e-01
1.000000000000000000e+00,1.000000000000000000e+00,2.894644737243652344e-01,4.355487525463104248e-01,6.193802133202552795e-02,7.213526964187622070e-01
9.078893065452575684e-02,1.017878875136375427e-01,1.506426334381103516e-01,2.616485357284545898e-01,0.000000000000000000e+00,0.000000000000000000e+00
1.769092231988906860e-01,1.241386830806732178e-01,9.367155283689498901e-02,0.000000000000000000e+00,0.000000000000000000e+00,0.000000000000000000e+00
