# CPU,RAM,NetworkR,NetworkW,DiskW,DiskR
1.290137767791748047e-01,1.305718868970870972e-01,1.000000000000000000e+00,9.037939310073852539e-01,9.065705537796020508e-01,9.078531861305236816e-01
9.146524965763092041e-02,1.151709705591201782e-01,1.000000000000000000e+00,8.844935894012451172e-01,9.068843722343444824e-01,9.030901789665222168e-01
9.664784371852874756e-02,3.955081403255462646e-01,8.436633944511413574e-01,8.224245309829711914e-01,8.882678151130676270e-01,8.881893754005432129e-01
9.511982649564743042e-02,1.679555475711822510e-01,9.800066351890563965e-01,8.468557596206665039e-01,8.788151144981384277e-01,8.933832645416259766e-01
9.149618446826934814e-02,1.927653700113296509e-01,9.008119702339172363e-01,7.897629141807556152e-01,6.611614823341369629e-01,8.246440291404724121e-01
9.987743198871612549e-02,1.945999860763549805e-01,6.550821065902709961e-01,6.576409339904785156e-01,5.381467938423156738e-01,7.641825079917907715e-01
1.313629150390625000e-01,2.462748438119888306e-01,4.519407749176025391e-01,5.024415850639343262e-01,5.066443681716918945e-01,7.399573326110839844e-01
1.549215316772460938e-01,3.046317994594573975e-01,3.390247225761413574e-01,3.611396253108978271e-01,4.463516175746917725e-01,7.164816856384277344e-01
1.502216160297393799e-01,1.557429283857345581e-01,4.021292924880981445e-01,3.134931027889251709e-01,5.415531396865844727e-01,7.703890204429626465e-01
1.000000000000000000e+00,1.000000000000000000e+00,9.402120858430862427e-02,0.000000000000000000e+00,0.000000000000000000e+00,0.000000000000000000e+00
