# CPU,RAM,NetworkR,NetworkW,DiskW,DiskR
1.290863752365112305e-01,1.305343359708786011e-01,1.000000000000000000e+00,9.037926197052001953e-01,9.065715074539184570e-01,9.078524112701416016e-01
9.049355983734130859e-02,2.897608578205108643e-01,9.991236925125122070e-01,8.702555894851684570e-01,9.037255644798278809e-01,8.843488693237304688e-01
9.223955869674682617e-02,2.136548757553100586e-01,9.807187914848327637e-01,8.547726273536682129e-01,8.967422842979431152e-01,8.937602043151855469e-01
9.104953706264495850e-02,2.658401727676391602e-01,9.515747427940368652e-01,8.308283686637878418e-01,8.369420766830444336e-01,8.732503652572631836e-01
9.032327681779861450e-02,2.146740406751632690e-01,9.330463409423828125e-01,7.973018288612365723e-01,5.692048072814941406e-01,7.713674306869506836e-01
9.385310113430023193e-02,2.589542865753173828e-01,6.208857297897338867e-01,6.460201740264892578e-01,5.065785050392150879e-01,7.314181923866271973e-01
9.332003444433212280e-02,2.506554424762725830e-01,5.717046856880187988e-01,5.823420286178588867e-01,5.108147263526916504e-01,7.415701150894165039e-01
9.301825612783432007e-02,2.370086908340454102e-01,5.420327782630920410e-01,4.935715496540069580e-01,4.962610900402069092e-01,7.448776960372924805e-01
1.294104158878326416e-01,3.303005397319793701e-01,3.377244174480438232e-01,2.645733654499053955e-01,4.035165905952453613e-01,6.912627220153808594e-01
1.000000000000000000e+00,1.000000000000000000e+00,9.611476957798004150e-02,0.000000000000000000e+00,0.000000000000000000e+00,0.000000000000000000e+00
