# CPU,RAM,NetworkR,NetworkW,DiskW,DiskR
1.291527152061462402e-01,1.308126747608184814e-01,1.000000000000000000e+00,9.037936925888061523e-01,9.065643548965454102e-01,9.078562855720520020e-01
9.067381173372268677e-02,3.312718868255615234e-01,9.856009483337402344e-01,8.685389161109924316e-01,9.040503501892089844e-01,8.898702859878540039e-01
9.408012032508850098e-02,1.276194900274276733e-01,1.000000000000000000e+00,8.736115694046020508e-01,9.034349918365478516e-01,9.024785161018371582e-01
9.128942340612411499e-02,1.751750260591506958e-01,1.000000000000000000e+00,8.490874767303466797e-01,8.726226687431335449e-01,8.889220952987670898e-01
9.095507860183715820e-02,1.554149091243743896e-01,9.637060165405273438e-01,8.037164211273193359e-01,6.635298728942871094e-01,8.316394090652465820e-01
1.083967834711074829e-01,1.538657695055007935e-01,6.967792510986328125e-01,6.528301835060119629e-01,6.066216826438903809e-01,7.953724861145019531e-01
2.289501130580902100e-01,2.891716659069061279e-01,4.690043032169342041e-01,4.924584925174713135e-01,6.719490289688110352e-01,8.174033761024475098e-01
1.000000000000000000e+00,1.000000000000000000e+00,2.121779322624206543e-01,2.481365799903869629e-01,6.557857245206832886e-02,7.089278697967529297e-01
9.288598597049713135e-02,9.374209493398666382e-02,1.318436414003372192e-01,1.592803150415420532e-01,0.000000000000000000e+00,0.000000000000000000e+00
5.111715793609619141e-01,1.366487741470336914e-01,9.160100668668746948e-02,0.000000000000000000e+00,0.000000000000000000e+00,0.000000000000000000e+00
