# CPU,RAM,NetworkR,NetworkW,DiskW,DiskR
1.289765387773513794e-01,1.306773871183395386e-01,1.000000000000000000e+00,9.037935137748718262e-01,9.065670967102050781e-01,9.078541994094848633e-01
9.114111214876174927e-02,1.376351118087768555e-01,1.000000000000000000e+00,8.800448775291442871e-01,9.064816832542419434e-01,9.012742042541503906e-01
9.231474250555038452e-02,1.595236063003540039e-01,1.000000000000000000e+00,8.642220497131347656e-01,9.005332589149475098e-01,8.995097875595092773e-01
9.212677180767059326e-02,2.081144005060195923e-01,9.633380174636840820e-01,8.345670104026794434e-01,8.596733808517456055e-01,8.832141757011413574e-01
9.114809334278106689e-02,1.954562515020370483e-01,8.907865881919860840e-01,7.762426137924194336e-01,5.899964570999145508e-01,7.958694100379943848e-01
1.049652546644210815e-01,2.711792290210723877e-01,5.384821891784667969e-01,5.973331928253173828e-01,5.186275243759155273e-01,7.406066656112670898e-01
1.048873811960220337e-01,2.235828340053558350e-01,4.860424399375915527e-01,5.198383927345275879e-01,4.881843626499176025e-01,7.275636792182922363e-01
9.720908105373382568e-02,2.132818698883056641e-01,4.689903855323791504e-01,4.431917965412139893e-01,4.925138652324676514e-01,7.420200109481811523e-01
1.230453327298164368e-01,2.240027636289596558e-01,3.599921464920043945e-01,2.711473107337951660e-01,4.352706074714660645e-01,7.150948047637939453e-01
1.000000000000000000e+00,1.000000000000000000e+00,9.508635103702545166e-02,0.000000000000000000e+00,0.000000000000000000e+00,0.000000000000000000e+00
