# CPU,RAM,NetworkR,NetworkW,DiskW,DiskR
1.291652768850326538e-01,1.306114196777343750e-01,1.000000000000000000e+00,9.037929177284240723e-01,9.065698981285095215e-01,9.078536033630371094e-01
9.019919484853744507e-02,4.902346134185791016e-01,9.951039552688598633e-01,8.620759844779968262e-01,8.948948979377746582e-01,7.691805958747863770e-01
9.188970178365707397e-02,2.970227301120758057e-01,9.243294000625610352e-01,8.359597921371459961e-01,8.840457201004028320e-01,8.629897832870483398e-01
9.070999175310134888e-02,3.094777166843414307e-01,9.230467081069946289e-01,8.229039907455444336e-01,8.005133867263793945e-01,8.500098586082458496e-01
9.024754911661148071e-02,2.667480409145355225e-01,8.931518793106079102e-01,7.909966111183166504e-01,5.459719896316528320e-01,7.245051860809326172e-01
9.289568662643432617e-02,3.007041811943054199e-01,6.030582189559936523e-01,6.549863815307617188e-01,4.761472642421722412e-01,6.965843439102172852e-01
9.210328757762908936e-02,3.031429648399353027e-01,5.360386371612548828e-01,5.906804800033569336e-01,4.472666978836059570e-01,6.869324445724487305e-01
9.302204847335815430e-02,2.634949386119842529e-01,5.050377845764160156e-01,5.009362697601318359e-01,4.459089040756225586e-01,7.028623819351196289e-01
1.381564438343048096e-01,4.957692325115203857e-01,2.813592255115509033e-01,2.575406432151794434e-01,3.229373395442962646e-01,6.266361474990844727e-01
1.000000000000000000e+00,1.000000000000000000e+00,9.719627350568771362e-02,0.000000000000000000e+00,0.000000000000000000e+00,0.000000000000000000e+00
