# CPU,RAM,NetworkR,NetworkW,DiskW,DiskR
1.291021555662155151e-01,1.307668536901473999e-01,1.000000000000000000e+00,9.037936925888061523e-01,9.065654277801513672e-01,9.078556299209594727e-01
9.059320390224456787e-02,3.167863190174102783e-01,9.906879067420959473e-01,8.691694736480712891e-01,9.039262533187866211e-01,8.879315853118896484e-01
9.278501570224761963e-02,1.410519778728485107e-01,1.000000000000000000e+00,8.705556988716125488e-01,9.021035432815551758e-01,9.007837772369384766e-01
9.106064587831497192e-02,1.818795949220657349e-01,1.000000000000000000e+00,8.490375876426696777e-01,8.676978945732116699e-01,8.869556784629821777e-01
9.046088159084320068e-02,1.646867990493774414e-01,9.714688062667846680e-01,8.071980476379394531e-01,6.169817447662353516e-01,8.109778165817260742e-01
9.699874371290206909e-02,1.888254880905151367e-01,6.478002071380615234e-01,6.388491988182067871e-01,5.291774868965148926e-01,7.542475461959838867e-01
9.758459031581878662e-02,2.113367915153503418e-01,5.266431570053100586e-01,5.356546044349670410e-01,5.112476348876953125e-01,7.418696880340576172e-01
9.454416483640670776e-02,2.225783616304397583e-01,4.894616007804870605e-01,4.454838335514068604e-01,4.858377873897552490e-01,7.371927499771118164e-01
1.162608936429023743e-01,2.405613213777542114e-01,3.479445874691009521e-01,2.560417652130126953e-01,3.950012028217315674e-01,6.772449016571044922e-01
1.000000000000000000e+00,1.000000000000000000e+00,9.549991786479949951e-02,0.000000000000000000e+00,0.000000000000000000e+00,0.000000000000000000e+00
