# CPU,RAM,NetworkR,NetworkW,DiskW,DiskR
9.000000357627868652e-02,1.899999976158142090e-01,1.000000000000000000e+00,9.100000262260437012e-01,9.100000262260437012e-01,9.100000262260437012e-01
9.000000357627868652e-02,3.899999856948852539e-01,9.680487513542175293e-01,8.641650080680847168e-01,8.986302018165588379e-01,8.954155445098876953e-01
9.000000357627868652e-02,3.899999856948852539e-01,8.948780298233032227e-01,8.460701704025268555e-01,8.552676439285278320e-01,8.954155445098876953e-01
9.000000357627868652e-02,4.900000095367431641e-01,7.729268074035644531e-01,7.808648943901062012e-01,8.254520893096923828e-01,8.954155445098876953e-01
9.000000357627868652e-02,4.900000095367431641e-01,6.997560858726501465e-01,7.393344044685363770e-01,6.205533742904663086e-01,7.663003206253051758e-01
1.393827199935913086e-01,5.899999737739562988e-01,6.021951436996459961e-01,6.968473792076110840e-01,5.695101022720336914e-01,7.594370245933532715e-01
9.000000357627868652e-02,1.000000000000000000e+00,4.314634203910827637e-01,6.233519315719604492e-01,2.772210538387298584e-01,7.231903672218322754e-01
1.000000000000000000e+00,1.000000000000000000e+00,3.339024484157562256e-01,4.580270946025848389e-01,6.754460185766220093e-02,6.190617084503173828e-01
9.000000357627868652e-02,9.000000357627868652e-02,1.875609755516052246e-01,2.940573990345001221e-01,0.000000000000000000e+00,0.000000000000000000e+00
1.764197498559951782e-01,9.000000357627868652e-02,9.000000357627868652e-02,0.000000000000000000e+00,0.000000000000000000e+00,0.000000000000000000e+00
