# CPU,RAM,NetworkR,NetworkW,DiskW,DiskR
1.291484832763671875e-01,1.307151466608047485e-01,1.000000000000000000e+00,9.037931561470031738e-01,9.065669178962707520e-01,9.078549146652221680e-01
9.131514281034469604e-02,1.164500564336776733e-01,1.000000000000000000e+00,8.845133185386657715e-01,9.068484306335449219e-01,9.029775261878967285e-01
9.764111042022705078e-02,2.920501530170440674e-01,8.860520124435424805e-01,8.317961096763610840e-01,8.949145078659057617e-01,8.924847245216369629e-01
1.188478767871856689e-01,3.589803576469421387e-01,8.200049996376037598e-01,7.968435883522033691e-01,8.656771183013916016e-01,8.828303813934326172e-01
1.377817690372467041e-01,5.153952240943908691e-01,6.133394837379455566e-01,7.030404806137084961e-01,7.197707891464233398e-01,8.337506651878356934e-01
2.100746184587478638e-01,6.638334989547729492e-01,4.784305691719055176e-01,6.166816949844360352e-01,6.454067230224609375e-01,8.176866173744201660e-01
1.018601283431053162e-01,1.000000000000000000e+00,3.902685940265655518e-01,6.269981861114501953e-01,2.201841175556182861e-01,7.677503824234008789e-01
1.000000000000000000e+00,1.000000000000000000e+00,2.635966539382934570e-01,4.618352055549621582e-01,3.806763142347335815e-02,5.892325639724731445e-01
9.639412909746170044e-02,9.560147672891616821e-02,1.699479371309280396e-01,2.640751898288726807e-01,0.000000000000000000e+00,0.000000000000000000e+00
1.894002854824066162e-01,9.856023639440536499e-02,9.628283232450485229e-02,0.000000000000000000e+00,0.000000000000000000e+00,0.000000000000000000e+00
