# CPU,RAM,NetworkR,NetworkW,DiskW,DiskR
9.000000357627868652e-02,9.000000357627868652e-02,1.000000000000000000e+00,9.100000262260437012e-01,9.100000262260437012e-01,9.100000262260437012e-01
9.000000357627868652e-02,1.733333319425582886e-01,1.000000000000000000e+00,8.867526054382324219e-01,9.081561565399169922e-01,9.100000262260437012e-01
9.000000357627868652e-02,1.733333319425582886e-01,1.000000000000000000e+00,8.626414537429809570e-01,9.075415134429931641e-01,9.100000262260437012e-01
9.000000357627868652e-02,2.566666603088378906e-01,9.827972650527954102e-01,8.288139104843139648e-01,8.823417425155639648e-01,9.100000262260437012e-01
9.000000357627868652e-02,2.566666603088378906e-01,7.966443300247192383e-01,8.016798496246337891e-01,5.860909819602966309e-01,8.056727647781372070e-01
9.000000357627868652e-02,2.566666603088378906e-01,5.650418996810913086e-01,5.992903709411621094e-01,5.360755920410156250e-01,7.748488187789916992e-01
9.000000357627868652e-02,2.566666603088378906e-01,5.221607685089111328e-01,5.653908252716064453e-01,5.214014053344726562e-01,7.748488187789916992e-01
9.000000357627868652e-02,2.566666603088378906e-01,4.864265918731689453e-01,4.403008520603179932e-01,4.982759654521942139e-01,7.748488187789916992e-01
9.000000357627868652e-02,3.400000035762786865e-01,3.510831892490386963e-01,2.725305855274200439e-01,4.666226208209991455e-01,7.653645277023315430e-01
1.000000000000000000e+00,1.000000000000000000e+00,9.000000357627868652e-02,0.000000000000000000e+00,0.000000000000000000e+00,0.000000000000000000e+00
