# CPU,RAM,NetworkR,NetworkW,DiskW,DiskR
1.289749443531036377e-01,1.306888908147811890e-01,1.000000000000000000e+00,9.037950038909912109e-01,9.065673947334289551e-01,9.078549146652221680e-01
9.084931015968322754e-02,2.495333999395370483e-01,9.940578937530517578e-01,8.711628913879394531e-01,9.051535129547119141e-01,8.954311609268188477e-01
9.301584213972091675e-02,1.528023481369018555e-01,1.000000000000000000e+00,8.673775792121887207e-01,9.017730951309204102e-01,9.009287357330322266e-01
9.165108948945999146e-02,1.907610148191452026e-01,9.892823696136474609e-01,8.450199961662292480e-01,8.710690736770629883e-01,8.884453773498535156e-01
9.060257673263549805e-02,1.838075220584869385e-01,9.465062618255615234e-01,7.978063821792602539e-01,6.203250885009765625e-01,8.096447587013244629e-01
9.683524817228317261e-02,2.109088301658630371e-01,6.288516521453857422e-01,6.339253783226013184e-01,5.155020952224731445e-01,7.454800605773925781e-01
9.887228161096572876e-02,2.173540294170379639e-01,5.151253938674926758e-01,5.303090214729309082e-01,4.928870499134063721e-01,7.306151390075683594e-01
9.627268463373184204e-02,2.179791629314422607e-01,4.846273660659790039e-01,4.436812102794647217e-01,5.003601312637329102e-01,7.454042434692382812e-01
1.310278624296188354e-01,2.415544539690017700e-01,3.584510982036590576e-01,2.625548541545867920e-01,4.490126967430114746e-01,7.225190401077270508e-01
1.000000000000000000e+00,1.000000000000000000e+00,9.534103423357009888e-02,0.000000000000000000e+00,0.000000000000000000e+00,0.000000000000000000e+00
