# CPU,RAM,NetworkR,NetworkW,DiskW,DiskR
1.291536241769790649e-01,1.307296752929687500e-01,1.000000000000000000e+00,9.037935137748718262e-01,9.065666794776916504e-01,9.078552126884460449e-01
9.113966673612594604e-02,1.655296981334686279e-01,1.000000000000000000e+00,8.761805891990661621e-01,9.061838388442993164e-01,8.999601602554321289e-01
9.719361364841461182e-02,2.063993662595748901e-01,9.591799974441528320e-01,8.503880500793457031e-01,9.006228446960449219e-01,8.986800909042358398e-01
1.033433824777603149e-01,2.955593764781951904e-01,8.828226923942565918e-01,8.149480819702148438e-01,8.749824762344360352e-01,8.875553011894226074e-01
1.290719360113143921e-01,4.451014101505279541e-01,6.641913652420043945e-01,7.140904664993286133e-01,7.457927465438842773e-01,8.406913876533508301e-01
1.472970992326736450e-01,5.229679942131042480e-01,5.042296648025512695e-01,6.161857843399047852e-01,6.173788309097290039e-01,8.000109791755676270e-01
1.006352081894874573e-01,1.000000000000000000e+00,4.134115576744079590e-01,6.160615086555480957e-01,3.012545406818389893e-01,8.103938102722167969e-01
1.000000000000000000e+00,1.000000000000000000e+00,2.646281421184539795e-01,4.176194071769714355e-01,3.852061182260513306e-02,5.990716218948364258e-01
9.376194328069686890e-02,9.385402500629425049e-02,1.790045499801635742e-01,2.640958726406097412e-01,0.000000000000000000e+00,0.000000000000000000e+00
1.964104026556015015e-01,1.025320962071418762e-01,9.504970163106918335e-02,0.000000000000000000e+00,0.000000000000000000e+00,0.000000000000000000e+00
