# CPU,RAM,NetworkR,NetworkW,DiskW,DiskR
1.290599852800369263e-01,1.308441907167434692e-01,1.000000000000000000e+00,9.037951231002807617e-01,9.065635204315185547e-01,9.078570008277893066e-01
9.141641855239868164e-02,1.049037203192710876e-01,1.000000000000000000e+00,8.887684941291809082e-01,9.070423245429992676e-01,9.040998816490173340e-01
9.638113528490066528e-02,5.787904262542724609e-01,7.519257068634033203e-01,7.989378571510314941e-01,8.606303930282592773e-01,8.714880943298339844e-01
1.412043273448944092e-01,4.175331294536590576e-01,7.273548245429992676e-01,7.685291767120361328e-01,8.314774632453918457e-01,8.683317899703979492e-01
1.656611263751983643e-01,6.134215593338012695e-01,5.383437871932983398e-01,6.827868819236755371e-01,6.803951263427734375e-01,8.227220177650451660e-01
1.150815635919570923e-01,5.886828899383544922e-01,4.622151851654052734e-01,6.270961761474609375e-01,5.430780053138732910e-01,7.742797732353210449e-01
9.267606586217880249e-02,1.000000000000000000e+00,3.710764348506927490e-01,6.282240152359008789e-01,1.916224956512451172e-01,6.373628973960876465e-01
1.000000000000000000e+00,9.204081296920776367e-01,2.888551056385040283e-01,4.175983369350433350e-01,6.123246997594833374e-02,6.136387586593627930e-01
9.230699390172958374e-02,9.504171460866928101e-02,1.938158273696899414e-01,2.760273218154907227e-01,0.000000000000000000e+00,0.000000000000000000e+00
3.574737906455993652e-01,1.383973956108093262e-01,9.210544824600219727e-02,0.000000000000000000e+00,0.000000000000000000e+00,0.000000000000000000e+00
