# CPU,RAM,NetworkR,NetworkW,DiskW,DiskR
1.290421932935714722e-01,1.305937319993972778e-01,1.000000000000000000e+00,9.037928581237792969e-01,9.065696001052856445e-01,9.078530669212341309e-01
9.086860716342926025e-02,1.794642955064773560e-01,1.000000000000000000e+00,8.756969571113586426e-01,9.058279991149902344e-01,8.981449604034423828e-01
9.209565073251724243e-02,1.897974610328674316e-01,9.944568872451782227e-01,8.600149154663085938e-01,8.989531993865966797e-01,8.978528976440429688e-01
9.184977412223815918e-02,2.403840422630310059e-01,9.515765309333801270e-01,8.310701847076416016e-01,8.532837033271789551e-01,8.804454207420349121e-01
9.066985547542572021e-02,2.072857320308685303e-01,9.113687276840209961e-01,7.870092391967773438e-01,5.912295579910278320e-01,7.929115295410156250e-01
9.593573957681655884e-02,2.803606092929840088e-01,5.879881381988525391e-01,6.288309693336486816e-01,5.176242589950561523e-01,7.414202690124511719e-01
9.471339732408523560e-02,2.378684729337692261e-01,5.592365264892578125e-01,5.691225528717041016e-01,5.047999620437622070e-01,7.404481172561645508e-01
9.269908070564270020e-02,2.244408726692199707e-01,5.406524538993835449e-01,4.883911013603210449e-01,4.859251976013183594e-01,7.396410703659057617e-01
1.201892495155334473e-01,2.916833162307739258e-01,3.525924086570739746e-01,2.682050764560699463e-01,4.076473712921142578e-01,6.933400630950927734e-01
1.000000000000000000e+00,1.000000000000000000e+00,9.628386795520782471e-02,0.000000000000000000e+00,0.000000000000000000e+00,0.000000000000000000e+00
