# CPU,RAM,NetworkR,NetworkW,DiskW,DiskR
1.290101408958435059e-01,1.308711767196655273e-01,1.000000000000000000e+00,9.037961959838867188e-01,9.065628647804260254e-01,9.078575968742370605e-01
9.137038141489028931e-02,1.132479384541511536e-01,1.000000000000000000e+00,8.853664398193359375e-01,9.068748950958251953e-01,9.031895399093627930e-01
1.012615114450454712e-01,3.719470202922821045e-01,8.371369242668151855e-01,8.199135065078735352e-01,8.910051584243774414e-01,8.893711566925048828e-01
1.528997272253036499e-01,7.797398567199707031e-01,5.868818759918212891e-01,7.242414951324462891e-01,7.456442117691040039e-01,8.466264009475708008e-01
1.803633868694305420e-01,6.010252237319946289e-01,5.194838643074035645e-01,6.715613603591918945e-01,6.515332460403442383e-01,8.120411038398742676e-01
1.050013303756713867e-01,6.049805283546447754e-01,4.315366446971893311e-01,6.152708530426025391e-01,4.741672575473785400e-01,7.383724451065063477e-01
9.106969833374023438e-02,1.000000000000000000e+00,4.158946275711059570e-01,6.476392745971679688e-01,2.503499984741210938e-01,7.367814779281616211e-01
1.000000000000000000e+00,9.564694166183471680e-01,2.996888458728790283e-01,4.353485107421875000e-01,6.588573753833770752e-02,6.344791650772094727e-01
9.150131791830062866e-02,9.480599313974380493e-02,2.245493233203887939e-01,3.099277913570404053e-01,0.000000000000000000e+00,0.000000000000000000e+00
3.106808960437774658e-01,1.342731714248657227e-01,9.245041757822036743e-02,0.000000000000000000e+00,0.000000000000000000e+00,0.000000000000000000e+00
