# CPU,RAM,NetworkR,NetworkW,DiskW,DiskR
1.291741728782653809e-01,1.301213204860687256e-01,1.000000000000000000e+00,9.037812948226928711e-01,9.065790772438049316e-01,9.078433513641357422e-01
9.015320986509323120e-02,5.380044579505920410e-01,9.955944418907165527e-01,8.593236207962036133e-01,8.898034095764160156e-01,6.810312867164611816e-01
9.032917022705078125e-02,5.788242816925048828e-01,8.638440966606140137e-01,8.139944672584533691e-01,8.195577263832092285e-01,7.019035816192626953e-01
9.014442563056945801e-02,4.515355229377746582e-01,8.835297226905822754e-01,8.052173852920532227e-01,6.660428643226623535e-01,6.697030663490295410e-01
9.016217291355133057e-02,4.622381925582885742e-01,7.647006511688232422e-01,7.527689933776855469e-01,5.048235654830932617e-01,5.565950870513916016e-01
9.108911454677581787e-02,3.377402126789093018e-01,5.909147262573242188e-01,6.561468839645385742e-01,3.987526595592498779e-01,5.600611567497253418e-01
9.154456108808517456e-02,2.860271632671356201e-01,5.436440110206604004e-01,5.970246791839599609e-01,4.199279248714447021e-01,6.435816884040832520e-01
1.011111065745353699e-01,2.693504393100738525e-01,4.942117929458618164e-01,4.946563541889190674e-01,5.374149084091186523e-01,7.526054978370666504e-01
4.937807321548461914e-01,9.609475135803222656e-01,2.932468950748443604e-01,2.905505001544952393e-01,4.641065001487731934e-01,8.079088926315307617e-01
1.000000000000000000e+00,1.000000000000000000e+00,9.686648100614547729e-02,0.000000000000000000e+00,0.000000000000000000e+00,0.000000000000000000e+00
