# CPU,RAM,NetworkR,NetworkW,DiskW,DiskR
1.290444433689117432e-01,1.306624412536621094e-01,1.000000000000000000e+00,9.037939310073852539e-01,9.065681099891662598e-01,9.078543186187744141e-01
9.035606682300567627e-02,5.385324358940124512e-01,9.783959388732910156e-01,8.632947206497192383e-01,8.991485834121704102e-01,8.520501852035522461e-01
9.501574933528900146e-02,1.335231661796569824e-01,1.000000000000000000e+00,8.688044548034667969e-01,9.025617241859436035e-01,8.991814851760864258e-01
9.120644629001617432e-02,2.056976407766342163e-01,9.822419881820678711e-01,8.426274657249450684e-01,8.660734891891479492e-01,8.836575746536254883e-01
9.040959179401397705e-02,1.772178858518600464e-01,9.690731763839721680e-01,8.096863627433776855e-01,6.274644732475280762e-01,8.087909817695617676e-01
9.523579478263854980e-02,2.153195142745971680e-01,6.489746570587158203e-01,6.493201255798339844e-01,5.330286622047424316e-01,7.516161203384399414e-01
9.455626457929611206e-02,2.453086227178573608e-01,5.407364964485168457e-01,5.581078529357910156e-01,5.022037625312805176e-01,7.351431250572204590e-01
9.235641360282897949e-02,2.156302928924560547e-01,5.447407364845275879e-01,4.894815981388092041e-01,4.781664907932281494e-01,7.311793565750122070e-01
1.153134331107139587e-01,3.028107285499572754e-01,3.399409949779510498e-01,2.615356445312500000e-01,3.806241452693939209e-01,6.661189198493957520e-01
1.000000000000000000e+00,1.000000000000000000e+00,9.676752984523773193e-02,0.000000000000000000e+00,0.000000000000000000e+00,0.000000000000000000e+00
