# CPU,RAM,NetworkR,NetworkW,DiskW,DiskR
1.290440112352371216e-01,1.302088797092437744e-01,1.000000000000000000e+00,9.037870168685913086e-01,9.065781831741333008e-01,9.078462719917297363e-01
9.061672538518905640e-02,2.157478332519531250e-01,1.000000000000000000e+00,8.739095926284790039e-01,9.050948023796081543e-01,8.933931589126586914e-01
9.214456379413604736e-02,1.818047016859054565e-01,1.000000000000000000e+00,8.617564439773559570e-01,8.997262120246887207e-01,8.977928757667541504e-01
9.114273637533187866e-02,2.520635724067687988e-01,9.572643041610717773e-01,8.317158818244934082e-01,8.432152271270751953e-01,8.759739398956298828e-01
9.050174802541732788e-02,2.039993107318878174e-01,9.252941012382507324e-01,7.917593121528625488e-01,5.860441923141479492e-01,7.884050011634826660e-01
9.621707350015640259e-02,2.616445422172546387e-01,6.094440817832946777e-01,6.363110542297363281e-01,5.410162210464477539e-01,7.534363865852355957e-01
9.478514641523361206e-02,2.000141888856887817e-01,6.199278235435485840e-01,5.961653590202331543e-01,5.605723261833190918e-01,7.737830281257629395e-01
9.473772346973419189e-02,2.431198954582214355e-01,5.241418480873107910e-01,4.745000004768371582e-01,5.226879715919494629e-01,7.628098726272583008e-01
1.598730832338333130e-01,3.661488294601440430e-01,3.398015201091766357e-01,2.589987814426422119e-01,4.660556614398956299e-01,7.414516210556030273e-01
1.000000000000000000e+00,1.000000000000000000e+00,9.501982480287551880e-02,0.000000000000000000e+00,0.000000000000000000e+00,0.000000000000000000e+00
