# CPU,RAM,NetworkR,NetworkW,DiskW,DiskR
6.910615414381027222e-02,7.067295163869857788e-02,1.000000000000000000e+00,9.637933373451232910e-01,9.665679335594177246e-01,9.678543806076049805e-01
3.134328126907348633e-02,5.315291509032249451e-02,9.874464273452758789e-01,9.455275535583496094e-01,9.669085741043090820e-01,9.632779955863952637e-01
3.390150889754295349e-02,1.995280981063842773e-01,8.538593649864196777e-01,8.984519243240356445e-01,9.538570046424865723e-01,9.517910480499267578e-01
3.373324871063232422e-02,1.190037131309509277e-01,9.165573716163635254e-01,9.031604528427124023e-01,9.335235953330993652e-01,9.504273533821105957e-01
3.638572618365287781e-02,1.636109501123428345e-01,7.412900924682617188e-01,8.091996908187866211e-01,7.271029949188232422e-01,8.785166144371032715e-01
8.705934137105941772e-02,2.073084861040115356e-01,5.040975809097290039e-01,6.778404712677001953e-01,6.937491297721862793e-01,8.561792969703674316e-01
3.452420234680175781e-01,1.000000000000000000e+00,2.692651748657226562e-01,5.670767426490783691e-01,3.144501447677612305e-01,8.656314611434936523e-01
1.000000000000000000e+00,8.706052303314208984e-01,1.306041181087493896e-01,3.452128171920776367e-01,6.748784333467483521e-02,4.730038046836853027e-01
3.427371010184288025e-02,3.181456029415130615e-02,8.922377973794937134e-02,2.686642706394195557e-01,0.000000000000000000e+00,0.000000000000000000e+00
2.987781763076782227e-01,4.836543649435043335e-02,3.251153975725173950e-02,0.000000000000000000e+00,0.000000000000000000e+00,0.000000000000000000e+00
