# CPU,RAM,NetworkR,NetworkW,DiskW,DiskR
6.916435807943344116e-02,7.080418616533279419e-02,1.000000000000000000e+00,9.637933373451232910e-01,9.665645360946655273e-01,9.678561091423034668e-01
3.125650063157081604e-02,7.208406925201416016e-02,9.710305333137512207e-01,9.407681822776794434e-01,9.666066765785217285e-01,9.618133306503295898e-01
3.888011723756790161e-02,1.913331151008605957e-01,8.580264449119567871e-01,8.997918367385864258e-01,9.586620330810546875e-01,9.561623334884643555e-01
5.934879183769226074e-02,3.509585261344909668e-01,7.432599663734436035e-01,8.522601723670959473e-01,9.236282706260681152e-01,9.421028494834899902e-01
7.476891577243804932e-02,4.508069753646850586e-01,5.661667585372924805e-01,7.681930661201477051e-01,7.897914052009582520e-01,8.976015448570251465e-01
1.011032313108444214e-01,5.280404090881347656e-01,4.207466244697570801e-01,6.747105121612548828e-01,6.691253781318664551e-01,8.603325486183166504e-01
3.776521980762481689e-02,1.000000000000000000e+00,3.420381247997283936e-01,6.857438683509826660e-01,3.185980319976806641e-01,8.472674489021301270e-01
1.000000000000000000e+00,9.842201471328735352e-01,1.952153295278549194e-01,4.896799027919769287e-01,1.014330536127090454e-01,5.010522603988647461e-01
3.656093031167984009e-02,3.366949781775474548e-02,1.178095713257789612e-01,3.202892243862152100e-01,0.000000000000000000e+00,0.000000000000000000e+00
1.557112932205200195e-01,3.975755721330642700e-02,3.588808327913284302e-02,0.000000000000000000e+00,0.000000000000000000e+00,0.000000000000000000e+00
