# CPU,RAM,NetworkR,NetworkW,DiskW,DiskR
6.911815702915191650e-02,7.069675624370574951e-02,1.000000000000000000e+00,9.637939333915710449e-01,9.665675759315490723e-01,9.678549170494079590e-01
3.041448816657066345e-02,4.032626450061798096e-01,9.219849109649658203e-01,9.251760244369506836e-01,9.610881805419921875e-01,9.277048707008361816e-01
3.703966364264488220e-02,5.699829012155532837e-02,9.836592674255371094e-01,9.352234005928039551e-01,9.645718336105346680e-01,9.623322486877441406e-01
3.168572485446929932e-02,1.490527987480163574e-01,9.072505235671997070e-01,8.974061012268066406e-01,9.298418164253234863e-01,9.444140791893005371e-01
3.123597800731658936e-02,1.019215285778045654e-01,8.931823372840881348e-01,8.620402812957763672e-01,7.419521212577819824e-01,8.950189948081970215e-01
4.693013429641723633e-02,1.473505496978759766e-01,5.737539529800415039e-01,6.965171098709106445e-01,6.640849113464355469e-01,8.466188907623291016e-01
6.159702688455581665e-02,1.617598980665206909e-01,4.671919941902160645e-01,5.964770913124084473e-01,6.671838760375976562e-01,8.502603769302368164e-01
8.059036731719970703e-02,1.763150691986083984e-01,3.792132139205932617e-01,4.695827364921569824e-01,6.360390186309814453e-01,8.464242815971374512e-01
1.224242299795150757e-01,1.477778702974319458e-01,3.304859697818756104e-01,3.497035801410675049e-01,6.305578947067260742e-01,8.529757261276245117e-01
1.000000000000000000e+00,1.000000000000000000e+00,3.373098000884056091e-02,0.000000000000000000e+00,0.000000000000000000e+00,0.000000000000000000e+00
