# CPU,RAM,NetworkR,NetworkW,DiskW,DiskR
6.902724504470825195e-02,7.069142162799835205e-02,1.000000000000000000e+00,9.637944102287292480e-01,9.665673971176147461e-01,9.678547978401184082e-01
3.042412549257278442e-02,3.174886107444763184e-01,9.297087788581848145e-01,9.270057082176208496e-01,9.620350003242492676e-01,9.326794147491455078e-01
3.296465426683425903e-02,1.001919358968734741e-01,9.500423669815063477e-01,9.233602881431579590e-01,9.601057171821594238e-01,9.568991065025329590e-01
3.094290569424629211e-02,1.582066267728805542e-01,9.207560420036315918e-01,9.007940292358398438e-01,9.131860733032226562e-01,9.394590258598327637e-01
3.033734485507011414e-02,1.231738105416297913e-01,9.001091718673706055e-01,8.655439019203186035e-01,6.479104757308959961e-01,8.486527800559997559e-01
3.496735543012619019e-02,1.521013826131820679e-01,5.798756480216979980e-01,7.060815095901489258e-01,5.765047073364257812e-01,8.018899559974670410e-01
3.494833782315254211e-02,1.736394017934799194e-01,4.863353669643402100e-01,6.210900545120239258e-01,5.756087303161621094e-01,8.039513230323791504e-01
3.363478928804397583e-02,1.667480915784835815e-01,4.646601676940917969e-01,5.380421280860900879e-01,5.611480474472045898e-01,8.076845407485961914e-01
6.425426900386810303e-02,2.057333737611770630e-01,2.978106141090393066e-01,3.311761915683746338e-01,4.845727980136871338e-01,7.640481591224670410e-01
1.000000000000000000e+00,1.000000000000000000e+00,3.600119054317474365e-02,0.000000000000000000e+00,0.000000000000000000e+00,0.000000000000000000e+00
