# CPU,RAM,NetworkR,NetworkW,DiskW,DiskR
6.913328170776367188e-02,7.081723958253860474e-02,1.000000000000000000e+00,9.637940526008605957e-01,9.665642976760864258e-01,9.678564071655273438e-01
3.121449798345565796e-02,8.701017498970031738e-02,9.617444872856140137e-01,9.383056759834289551e-01,9.664106965065002441e-01,9.609370827674865723e-01
4.269404709339141846e-02,1.840412020683288574e-01,8.646596074104309082e-01,9.014127850532531738e-01,9.604977369308471680e-01,9.578689336776733398e-01
6.219127774238586426e-02,6.325153112411499023e-01,6.190692186355590820e-01,8.164153099060058594e-01,8.692668080329895020e-01,9.254333972930908203e-01
6.673325598239898682e-02,3.730500042438507080e-01,5.912972092628479004e-01,7.810646295547485352e-01,7.963336110115051270e-01,9.002423286437988281e-01
4.752399772405624390e-02,4.444934427738189697e-01,4.295838475227355957e-01,6.852253675460815430e-01,5.852910876274108887e-01,8.194401264190673828e-01
3.447287529706954956e-02,1.000000000000000000e+00,3.491249978542327881e-01,6.703485846519470215e-01,3.937857747077941895e-01,8.475457429885864258e-01
1.000000000000000000e+00,8.655020594596862793e-01,2.096580564975738525e-01,4.649599194526672363e-01,1.205260828137397766e-01,5.729842782020568848e-01
3.414048999547958374e-02,3.566240519285202026e-02,1.713223904371261597e-01,3.472672104835510254e-01,2.347405068576335907e-02,1.137486286461353302e-02
1.705163717269897461e-01,4.913894087076187134e-02,3.502743691205978394e-02,0.000000000000000000e+00,0.000000000000000000e+00,0.000000000000000000e+00
