# CPU,RAM,NetworkR,NetworkW,DiskW,DiskR
6.918972730636596680e-02,7.076664268970489502e-02,1.000000000000000000e+00,9.637932777404785156e-01,9.665657281875610352e-01,9.678556919097900391e-01
3.098652698099613190e-02,1.509355604648590088e-01,9.402318596839904785e-01,9.329017400741577148e-01,9.656638503074645996e-01,9.577817320823669434e-01
3.460212796926498413e-02,9.987654536962509155e-02,9.446356892585754395e-01,9.232656955718994141e-01,9.620725512504577637e-01,9.608838558197021484e-01
3.449146077036857605e-02,1.329661011695861816e-01,9.098185896873474121e-01,9.002966284751892090e-01,9.416653513908386230e-01,9.520968198776245117e-01
4.711714386940002441e-02,1.973147243261337280e-01,7.206092476844787598e-01,8.020321726799011230e-01,8.139133453369140625e-01,9.034468531608581543e-01
1.141861602663993835e-01,2.920282781124114990e-01,4.951365888118743896e-01,6.749147176742553711e-01,7.292898893356323242e-01,8.730625510215759277e-01
7.642523199319839478e-02,1.000000000000000000e+00,3.586129844188690186e-01,6.515833735466003418e-01,4.270605742931365967e-01,9.035902619361877441e-01
1.000000000000000000e+00,9.986792802810668945e-01,1.696562170982360840e-01,4.067151248455047607e-01,7.730879634618759155e-02,5.937470793724060059e-01
3.395909070968627930e-02,3.251993656158447266e-02,1.019736230373382568e-01,3.021038174629211426e-01,0.000000000000000000e+00,0.000000000000000000e+00
1.363931000232696533e-01,3.670632839202880859e-02,3.673837706446647644e-02,0.000000000000000000e+00,0.000000000000000000e+00,0.000000000000000000e+00
