# CPU,RAM,NetworkR,NetworkW,DiskW,DiskR
6.904612481594085693e-02,7.076103240251541138e-02,1.000000000000000000e+00,9.637936353683471680e-01,9.665651917457580566e-01,9.678553938865661621e-01
3.073927760124206543e-02,1.834047734737396240e-01,9.384056925773620605e-01,9.317694306373596191e-01,9.649998545646667480e-01,9.541492462158203125e-01
3.250431269407272339e-02,9.278973191976547241e-02,9.600003957748413086e-01,9.278257489204406738e-01,9.613712430000305176e-01,9.603631496429443359e-01
3.144608065485954285e-02,1.548501402139663696e-01,9.132918119430541992e-01,8.980374932289123535e-01,9.201391339302062988e-01,9.431061744689941406e-01
3.054231777787208557e-02,1.300698816776275635e-01,8.785879015922546387e-01,8.549882769584655762e-01,6.583611965179443359e-01,8.581117391586303711e-01
3.588690608739852905e-02,1.704233139753341675e-01,5.537737607955932617e-01,6.914889812469482422e-01,5.701171159744262695e-01,7.994508743286132812e-01
3.562863543629646301e-02,1.781530529260635376e-01,4.672367274761199951e-01,6.048787832260131836e-01,5.526394248008728027e-01,7.904982566833496094e-01
3.335610404610633850e-02,1.558694541454315186e-01,4.657362699508666992e-01,5.323933959007263184e-01,5.522294044494628906e-01,8.020069003105163574e-01
6.000179797410964966e-02,2.187925577163696289e-01,2.847546637058258057e-01,3.176638185977935791e-01,4.587180316448211670e-01,7.456128597259521484e-01
1.000000000000000000e+00,1.000000000000000000e+00,3.578183054924011230e-02,0.000000000000000000e+00,0.000000000000000000e+00,0.000000000000000000e+00
