# CPU,RAM,NetworkR,NetworkW,DiskW,DiskR
6.917700171470642090e-02,7.079926133155822754e-02,1.000000000000000000e+00,9.637934565544128418e-01,9.665647745132446289e-01,9.678561091423034668e-01
3.124092519283294678e-02,8.082200586795806885e-02,9.651739001274108887e-01,9.392009377479553223e-01,9.664919376373291016e-01,9.612909555435180664e-01
3.927930071949958801e-02,2.024628072977066040e-01,8.556771874427795410e-01,8.993608951568603516e-01,9.586219191551208496e-01,9.563323855400085449e-01
6.477528065443038940e-02,3.406547009944915771e-01,7.529350519180297852e-01,8.554754257202148438e-01,9.293873906135559082e-01,9.446179270744323730e-01
1.225885972380638123e-01,5.456302762031555176e-01,5.467692613601684570e-01,7.632232308387756348e-01,8.140454888343811035e-01,9.079166054725646973e-01
1.413444429636001587e-01,5.897721648216247559e-01,4.240504801273345947e-01,6.813132166862487793e-01,7.012600898742675781e-01,8.770264387130737305e-01
3.510740399360656738e-02,1.000000000000000000e+00,3.529099225997924805e-01,7.016173601150512695e-01,3.203423321247100830e-01,8.465121984481811523e-01
1.000000000000000000e+00,1.000000000000000000e+00,2.096050977706909180e-01,5.411921739578247070e-01,1.073130071163177490e-01,4.610293805599212646e-01
3.916612640023231506e-02,3.684456646442413330e-02,1.280939131975173950e-01,3.366239368915557861e-01,0.000000000000000000e+00,0.000000000000000000e+00
1.400263458490371704e-01,4.031398892402648926e-02,3.624049201607704163e-02,0.000000000000000000e+00,0.000000000000000000e+00,0.000000000000000000e+00
