# CPU,RAM,NetworkR,NetworkW,DiskW,DiskR
6.907506287097930908e-02,7.060426473617553711e-02,1.000000000000000000e+00,9.637926816940307617e-01,9.665694236755371094e-01,9.678532481193542480e-01
3.028182871639728546e-02,3.455981314182281494e-01,9.361792802810668945e-01,9.255787730216979980e-01,9.595720171928405762e-01,8.992508649826049805e-01
3.239656984806060791e-02,1.628904342651367188e-01,9.063234329223632812e-01,9.088070392608642578e-01,9.538547992706298828e-01,9.446258544921875000e-01
3.076076507568359375e-02,2.082355022430419922e-01,8.922272324562072754e-01,8.911079764366149902e-01,8.842810988426208496e-01,9.248757362365722656e-01
3.029837086796760559e-02,1.550430059432983398e-01,8.673566579818725586e-01,8.577209711074829102e-01,6.188631057739257812e-01,8.170419931411743164e-01
3.358085826039314270e-02,1.927424967288970947e-01,5.677560567855834961e-01,7.153991460800170898e-01,5.688654184341430664e-01,7.902925610542297363e-01
3.429210931062698364e-02,1.444662660360336304e-01,5.734637379646301270e-01,6.778207421302795410e-01,6.375572681427001953e-01,8.405109643936157227e-01
5.928803980350494385e-02,1.842951327562332153e-01,5.033268928527832031e-01,5.712288022041320801e-01,7.592062950134277344e-01,8.937243223190307617e-01
7.630118727684020996e-01,9.137807488441467285e-01,3.086319863796234131e-01,3.884954750537872314e-01,7.096890807151794434e-01,9.327526688575744629e-01
1.000000000000000000e+00,1.000000000000000000e+00,3.802655264735221863e-02,0.000000000000000000e+00,0.000000000000000000e+00,0.000000000000000000e+00
