# CPU,RAM,NetworkR,NetworkW,DiskW,DiskR
6.917239725589752197e-02,7.082223147153854370e-02,1.000000000000000000e+00,9.637935161590576172e-01,9.665641188621520996e-01,9.678563475608825684e-01
3.129310905933380127e-02,6.838873773813247681e-02,9.734548926353454590e-01,9.414145350456237793e-01,9.666517376899719238e-01,9.620383381843566895e-01
3.917730599641799927e-02,3.011891245841979980e-01,8.022572398185729980e-01,8.865123391151428223e-01,9.529195427894592285e-01,9.517461657524108887e-01
7.652280479669570923e-02,4.813253581523895264e-01,6.638006567955017090e-01,8.290721178054809570e-01,8.989336490631103516e-01,9.330096840858459473e-01
8.888109773397445679e-02,5.179571509361267090e-01,5.220997929573059082e-01,7.576379179954528809e-01,7.689244747161865234e-01,8.922339677810668945e-01
1.344905793666839600e-01,5.856079459190368652e-01,4.470021724700927734e-01,7.012979388236999512e-01,7.496429681777954102e-01,8.920977115631103516e-01
3.402217105031013489e-02,1.000000000000000000e+00,3.476931750774383545e-01,7.163348197937011719e-01,2.564724683761596680e-01,7.355528473854064941e-01
1.000000000000000000e+00,9.949162006378173828e-01,2.023573815822601318e-01,5.232328176498413086e-01,1.123515814542770386e-01,4.838050901889801025e-01
3.812004625797271729e-02,3.747633844614028931e-02,1.273793727159500122e-01,3.309326767921447754e-01,1.903567463159561157e-04,0.000000000000000000e+00
1.378211081027984619e-01,4.333040863275527954e-02,3.579445555806159973e-02,0.000000000000000000e+00,0.000000000000000000e+00,0.000000000000000000e+00
