# CPU,RAM,NetworkR,NetworkW,DiskW,DiskR
6.912250816822052002e-02,7.081864774227142334e-02,1.000000000000000000e+00,9.637937545776367188e-01,9.665640592575073242e-01,9.678562879562377930e-01
3.083087876439094543e-02,1.834780722856521606e-01,9.357458353042602539e-01,9.314743876457214355e-01,9.651525020599365234e-01,9.553382396697998047e-01
3.294061496853828430e-02,8.138150721788406372e-02,9.668849110603332520e-01,9.302780032157897949e-01,9.622198343276977539e-01,9.615039229393005371e-01
3.210628777742385864e-02,1.248498633503913879e-01,9.255161285400390625e-01,9.033703207969665527e-01,9.333152174949645996e-01,9.488552212715148926e-01
3.441682830452919006e-02,1.237777471542358398e-01,8.177819252014160156e-01,8.305684924125671387e-01,7.614283561706542969e-01,8.948845863342285156e-01
7.787623256444931030e-02,1.799566447734832764e-01,5.321893095970153809e-01,6.774780750274658203e-01,7.078599929809570312e-01,8.621045947074890137e-01
1.376660466194152832e-01,1.000000000000000000e+00,2.920508086681365967e-01,5.699556469917297363e-01,3.872973322868347168e-01,8.709145188331604004e-01
9.742236137390136719e-01,7.109032869338989258e-01,1.052843332290649414e-01,2.721968591213226318e-01,6.913313269615173340e-02,1.760068833827972412e-01
3.520292043685913086e-02,3.153409808874130249e-02,1.027643010020256042e-01,2.656187713146209717e-01,7.668042555451393127e-03,0.000000000000000000e+00
2.904805839061737061e-01,4.315777122974395752e-02,3.409707173705101013e-02,0.000000000000000000e+00,0.000000000000000000e+00,0.000000000000000000e+00
