# CPU,RAM,NetworkR,NetworkW,DiskW,DiskR
6.917116791009902954e-02,7.085919380187988281e-02,1.000000000000000000e+00,9.637936353683471680e-01,9.665631055831909180e-01,9.678568243980407715e-01
3.132866322994232178e-02,6.386432051658630371e-02,9.769000411033630371e-01,9.423721432685852051e-01,9.667188525199890137e-01,9.623610973358154297e-01
4.119534045457839966e-02,3.676175177097320557e-01,7.706862688064575195e-01,8.790758848190307617e-01,9.497163295745849609e-01,9.496276974678039551e-01
6.578844040632247925e-02,7.950096130371093750e-01,4.962798655033111572e-01,7.758739590644836426e-01,7.401445508003234863e-01,8.902322053909301758e-01
8.632317930459976196e-02,2.838179171085357666e-01,6.226138472557067871e-01,7.950394153594970703e-01,8.279315233230590820e-01,9.106529951095581055e-01
5.169612169265747070e-02,5.949858427047729492e-01,4.138810932636260986e-01,6.943145394325256348e-01,6.253742575645446777e-01,8.480876088142395020e-01
3.093012049794197083e-02,1.000000000000000000e+00,3.719882071018218994e-01,7.151669859886169434e-01,3.185639381408691406e-01,7.912158370018005371e-01
1.000000000000000000e+00,9.036292433738708496e-01,2.559849023818969727e-01,5.157954692840576172e-01,1.318080574274063110e-01,6.981989741325378418e-01
3.212510794401168823e-02,3.494581207633018494e-02,1.845552325248718262e-01,3.780240118503570557e-01,1.788643188774585724e-02,0.000000000000000000e+00
1.632785201072692871e-01,5.113094300031661987e-02,3.453562781214714050e-02,0.000000000000000000e+00,0.000000000000000000e+00,0.000000000000000000e+00
