# CPU,RAM,NetworkR,NetworkW,DiskW,DiskR
6.894555687904357910e-02,7.071804255247116089e-02,1.000000000000000000e+00,9.637953639030456543e-01,9.665665030479431152e-01,9.678552746772766113e-01
3.134187683463096619e-02,4.890613630414009094e-02,9.925247430801391602e-01,9.471153616905212402e-01,9.669595956802368164e-01,9.636403322219848633e-01
3.396411612629890442e-02,2.789898216724395752e-01,8.024581670761108398e-01,8.853233456611633301e-01,9.455740451812744141e-01,9.449582099914550781e-01
3.478086739778518677e-02,1.168384850025177002e-01,9.082819223403930664e-01,9.011542797088623047e-01,9.321446418762207031e-01,9.500519633293151855e-01
5.726819485425949097e-02,2.760176956653594971e-01,5.911225080490112305e-01,7.585976123809814453e-01,7.271746397018432617e-01,8.680655956268310547e-01
1.710035204887390137e-01,5.070473551750183105e-01,4.330366849899291992e-01,6.688208580017089844e-01,7.384223341941833496e-01,8.828502893447875977e-01
1.083084121346473694e-01,1.000000000000000000e+00,3.206157982349395752e-01,6.660272479057312012e-01,2.394294142723083496e-01,8.339761495590209961e-01
1.000000000000000000e+00,7.332335114479064941e-01,1.507784575223922729e-01,4.045810401439666748e-01,8.169989287853240967e-02,3.562164902687072754e-01
3.531127050518989563e-02,3.205358982086181641e-02,1.120773926377296448e-01,2.921136617660522461e-01,3.214845433831214905e-03,0.000000000000000000e+00
1.578094810247421265e-01,3.795015066862106323e-02,3.647961467504501343e-02,0.000000000000000000e+00,0.000000000000000000e+00,0.000000000000000000e+00
