# CPU,RAM,NetworkR,NetworkW,DiskW,DiskR
6.898557394742965698e-02,7.077904790639877319e-02,1.000000000000000000e+00,9.637944698333740234e-01,9.665646553039550781e-01,9.678558111190795898e-01
3.099103830754756927e-02,9.049652516841888428e-02,9.631576538085937500e-01,9.384537935256958008e-01,9.662045836448669434e-01,9.600401520729064941e-01
3.205478563904762268e-02,1.007661372423171997e-01,9.508532285690307617e-01,9.248722791671752930e-01,9.601276516914367676e-01,9.592285156250000000e-01
3.169447556138038635e-02,1.635182201862335205e-01,8.968567252159118652e-01,8.914818763732910156e-01,9.104198813438415527e-01,9.393197298049926758e-01
3.091822564601898193e-02,1.359118670225143433e-01,8.361628651618957520e-01,8.384415507316589355e-01,6.355278491973876953e-01,8.485969901084899902e-01
3.965933620929718018e-02,2.039593756198883057e-01,4.949761033058166504e-01,6.676641702651977539e-01,5.669009685516357422e-01,7.947739958763122559e-01
3.752177953720092773e-02,1.556195616722106934e-01,4.713794887065887451e-01,6.085413694381713867e-01,5.606434345245361328e-01,7.973334789276123047e-01
3.602753207087516785e-02,1.473128944635391235e-01,4.658198356628417969e-01,5.338986515998840332e-01,6.060026288032531738e-01,8.343238234519958496e-01
8.874208480119705200e-02,2.021428942680358887e-01,3.263305127620697021e-01,3.440112769603729248e-01,5.825827717781066895e-01,8.323491215705871582e-01
1.000000000000000000e+00,1.000000000000000000e+00,3.513709083199501038e-02,0.000000000000000000e+00,0.000000000000000000e+00,0.000000000000000000e+00
