# CPU,RAM,NetworkR,NetworkW,DiskW,DiskR
6.910484284162521362e-02,7.077436894178390503e-02,1.000000000000000000e+00,9.637941122055053711e-01,9.665653705596923828e-01,9.678558707237243652e-01
3.134196251630783081e-02,5.347980558872222900e-02,9.870819449424743652e-01,9.453891515731811523e-01,9.668843150138854980e-01,9.632039070129394531e-01
4.027340561151504517e-02,2.811476886272430420e-01,7.932376861572265625e-01,8.838008642196655273e-01,9.527682065963745117e-01,9.505802392959594727e-01
9.066623449325561523e-02,5.654751658439636230e-01,6.112061738967895508e-01,8.122299313545227051e-01,8.770751953125000000e-01,9.257271885871887207e-01
1.939866542816162109e-01,5.884417891502380371e-01,5.056548714637756348e-01,7.516627907752990723e-01,7.977573871612548828e-01,9.046462178230285645e-01
1.444183737039566040e-01,5.918900370597839355e-01,4.264230430126190186e-01,6.947581768035888672e-01,7.223981618881225586e-01,8.854799866676330566e-01
3.152800723910331726e-02,1.000000000000000000e+00,3.813827931880950928e-01,7.385047674179077148e-01,3.004677891731262207e-01,8.067612051963806152e-01
1.000000000000000000e+00,1.000000000000000000e+00,2.695249021053314209e-01,5.971080064773559570e-01,1.138390600681304932e-01,8.682607412338256836e-01
3.141365572810173035e-02,5.349337309598922729e-02,1.155232861638069153e-01,3.703411519527435303e-01,3.545941784977912903e-03,0.000000000000000000e+00
6.440261751413345337e-02,4.887690022587776184e-02,3.570133820176124573e-02,0.000000000000000000e+00,0.000000000000000000e+00,0.000000000000000000e+00
