# CPU,RAM,NetworkR,NetworkW,DiskW,DiskR
6.901343911886215210e-02,7.077832520008087158e-02,1.000000000000000000e+00,9.637946486473083496e-01,9.665648937225341797e-01,9.678559303283691406e-01
3.130618110299110413e-02,5.849777907133102417e-02,9.821086525917053223e-01,9.438793659210205078e-01,9.667916297912597656e-01,9.627444148063659668e-01
3.641134127974510193e-02,1.883612573146820068e-01,8.542728424072265625e-01,8.985460996627807617e-01,9.566576480865478516e-01,9.541152715682983398e-01
4.894839972257614136e-02,2.146108448505401611e-01,8.183103203773498535e-01,8.731790184974670410e-01,9.348250031471252441e-01,9.472272396087646484e-01
9.607122093439102173e-02,4.318886399269104004e-01,5.612405538558959961e-01,7.597507238388061523e-01,7.956184148788452148e-01,8.975349068641662598e-01
1.547692865133285522e-01,6.395074129104614258e-01,3.963704705238342285e-01,6.609640717506408691e-01,6.705618500709533691e-01,8.685775995254516602e-01
4.626549780368804932e-02,1.000000000000000000e+00,3.055130243301391602e-01,6.749988794326782227e-01,2.298785746097564697e-01,7.466575503349304199e-01
1.000000000000000000e+00,9.493789672851562500e-01,1.815195381641387939e-01,4.547903537750244141e-01,8.839897811412811279e-02,5.551548004150390625e-01
3.650327026844024658e-02,3.359495848417282104e-02,1.110628023743629456e-01,3.057329356670379639e-01,0.000000000000000000e+00,0.000000000000000000e+00
1.715508401393890381e-01,4.043920338153839111e-02,3.506408631801605225e-02,0.000000000000000000e+00,0.000000000000000000e+00,0.000000000000000000e+00
