# CPU,RAM,NetworkR,NetworkW,DiskW,DiskR
6.907535344362258911e-02,7.069389522075653076e-02,1.000000000000000000e+00,9.637938141822814941e-01,9.665673375129699707e-01,9.678547382354736328e-01
3.015897795557975769e-02,4.422425329685211182e-01,9.368551373481750488e-01,9.200577735900878906e-01,9.506722092628479004e-01,7.571183443069458008e-01
3.063668310642242432e-02,4.089858233928680420e-01,8.130033016204833984e-01,8.793618083000183105e-01,9.068861007690429688e-01,8.448155522346496582e-01
3.028667718172073364e-02,3.094699680805206299e-01,8.389391899108886719e-01,8.731256127357482910e-01,7.745726704597473145e-01,8.395274281501770020e-01
3.018444776535034180e-02,2.627839744091033936e-01,7.727510333061218262e-01,8.348899483680725098e-01,5.615862011909484863e-01,6.880529522895812988e-01
3.184832632541656494e-02,2.507264316082000732e-01,5.052325129508972168e-01,7.050335407257080078e-01,4.611279964447021484e-01,6.574699878692626953e-01
3.198035061359405518e-02,2.990530431270599365e-01,3.888107240200042725e-01,6.145680546760559082e-01,4.224715828895568848e-01,6.427116394042968750e-01
3.561807423830032349e-02,1.986776739358901978e-01,4.145249426364898682e-01,5.499259829521179199e-01,5.228578448295593262e-01,7.657805681228637695e-01
1.454607546329498291e-01,5.388733148574829102e-01,2.207450121641159058e-01,3.260280787944793701e-01,4.542899131774902344e-01,7.648231983184814453e-01
1.000000000000000000e+00,1.000000000000000000e+00,3.662797808647155762e-02,0.000000000000000000e+00,0.000000000000000000e+00,0.000000000000000000e+00
