# CPU,RAM,NetworkR,NetworkW,DiskW,DiskR
2.999999932944774628e-02,2.999999932944774628e-02,1.000000000000000000e+00,9.700000286102294922e-01,9.700000286102294922e-01,9.700000286102294922e-01
2.999999932944774628e-02,1.133333370089530945e-01,9.688760042190551758e-01,9.322580695152282715e-01,9.671631455421447754e-01,9.309518337249755859e-01
2.999999932944774628e-02,1.966666728258132935e-01,9.495736956596374512e-01,9.175120592117309570e-01,9.590071439743041992e-01,9.309518337249755859e-01
2.999999932944774628e-02,1.966666728258132935e-01,8.884497284889221191e-01,8.632051944732666016e-01,9.228368997573852539e-01,9.309518337249755859e-01
2.999999932944774628e-02,1.966666728258132935e-01,7.901286482810974121e-01,8.100675940513610840e-01,5.813475251197814941e-01,8.333313465118408203e-01
2.999999932944774628e-02,1.966666728258132935e-01,5.155735015869140625e-01,6.334403157234191895e-01,5.215071439743041992e-01,8.016046881675720215e-01
2.999999932944774628e-02,1.966666728258132935e-01,4.769689440727233887e-01,6.001156568527221680e-01,5.001418590545654297e-01,8.016046881675720215e-01
2.999999932944774628e-02,1.966666728258132935e-01,4.158449769020080566e-01,4.661673307418823242e-01,4.734574556350708008e-01,8.016046881675720215e-01
1.299999952316284180e-01,2.800000011920928955e-01,2.939991950988769531e-01,3.147447109222412109e-01,4.369326233863830566e-01,7.918426394462585449e-01
1.000000000000000000e+00,1.000000000000000000e+00,2.999999932944774628e-02,0.000000000000000000e+00,0.000000000000000000e+00,0.000000000000000000e+00
