# CPU,RAM,NetworkR,NetworkW,DiskW,DiskR
6.908629834651947021e-02,7.073359936475753784e-02,1.000000000000000000e+00,9.637935161590576172e-01,9.665661454200744629e-01,9.678550958633422852e-01
3.016081638634204865e-02,5.569435358047485352e-01,9.222757816314697266e-01,9.163860082626342773e-01,9.454869031906127930e-01,7.282465696334838867e-01
3.140647709369659424e-02,2.967604696750640869e-01,8.279137015342712402e-01,8.850988745689392090e-01,9.248063564300537109e-01,8.890521526336669922e-01
3.030186332762241364e-02,3.129636049270629883e-01,8.416537642478942871e-01,8.760620355606079102e-01,7.921723127365112305e-01,8.579184412956237793e-01
3.016675636172294617e-02,2.551512718200683594e-01,7.937923669815063477e-01,8.416612148284912109e-01,5.666694045066833496e-01,6.957100033760070801e-01
3.157646954059600830e-02,2.518433630466461182e-01,5.068268179893493652e-01,7.066510915756225586e-01,4.517098069190979004e-01,6.418572664260864258e-01
3.175576776266098022e-02,3.455635011196136475e-01,3.595863282680511475e-01,6.000356674194335938e-01,3.896935284137725830e-01,5.927681326866149902e-01
3.492452204227447510e-02,2.174904346466064453e-01,3.976657092571258545e-01,5.410690307617187500e-01,4.978820085525512695e-01,7.436076402664184570e-01
1.463093608617782593e-01,4.717670679092407227e-01,2.455871105194091797e-01,3.412243723869323730e-01,5.099415183067321777e-01,7.906088232994079590e-01
1.000000000000000000e+00,1.000000000000000000e+00,3.704350441694259644e-02,0.000000000000000000e+00,0.000000000000000000e+00,0.000000000000000000e+00
