# CPU,RAM,NetworkR,NetworkW,DiskW,DiskR
6.919874995946884155e-02,7.078187912702560425e-02,1.000000000000000000e+00,9.637930393218994141e-01,9.665652513504028320e-01,9.678557515144348145e-01
3.028036095201969147e-02,5.085114240646362305e-01,9.194594621658325195e-01,9.215021729469299316e-01,9.563392996788024902e-01,8.804756999015808105e-01
3.222554922103881836e-02,1.680409759283065796e-01,9.043277502059936523e-01,9.085114002227783203e-01,9.513756036758422852e-01,9.428458809852600098e-01
3.042135015130043030e-02,2.232377380132675171e-01,9.057656526565551758e-01,8.959020972251892090e-01,8.751677870750427246e-01,9.192387461662292480e-01
3.016467764973640442e-02,1.671283543109893799e-01,8.922758102416992188e-01,8.681521415710449219e-01,6.251308321952819824e-01,8.031781315803527832e-01
3.158887103199958801e-02,1.883653551340103149e-01,5.904143452644348145e-01,7.262870669364929199e-01,5.117643475532531738e-01,7.396855950355529785e-01
3.253567591309547424e-02,2.772005200386047363e-01,4.074188470840454102e-01,5.999021530151367188e-01,4.485350549221038818e-01,6.901679039001464844e-01
3.363239765167236328e-02,2.047829627990722656e-01,4.161199033260345459e-01,5.319702029228210449e-01,5.060967803001403809e-01,7.574918866157531738e-01
8.218212425708770752e-02,3.285816907882690430e-01,2.453529238700866699e-01,3.177606165409088135e-01,4.400588274002075195e-01,7.296761274337768555e-01
1.000000000000000000e+00,1.000000000000000000e+00,3.712412714958190918e-02,0.000000000000000000e+00,0.000000000000000000e+00,0.000000000000000000e+00
