# CPU,RAM,NetworkR,NetworkW,DiskW,DiskR
6.913024187088012695e-02,7.048027217388153076e-02,1.000000000000000000e+00,9.637926220893859863e-01,9.665733575820922852e-01,9.678518772125244141e-01
3.126499801874160767e-02,7.192763686180114746e-02,9.710667133331298828e-01,9.408115744590759277e-01,9.666383862495422363e-01,9.618901610374450684e-01
3.194977715611457825e-02,1.538156270980834961e-01,9.127905964851379395e-01,9.142226576805114746e-01,9.569270014762878418e-01,9.558686614036560059e-01
3.253153339028358459e-02,1.269136667251586914e-01,9.222957491874694824e-01,9.029695391654968262e-01,9.297071695327758789e-01,9.484481215476989746e-01
3.115883655846118927e-02,1.213031709194183350e-01,8.588502407073974609e-01,8.496208786964416504e-01,6.922396421432495117e-01,8.764337301254272461e-01
4.110009595751762390e-02,1.585949808359146118e-01,5.580297112464904785e-01,6.962119340896606445e-01,6.195699572563171387e-01,8.286448121070861816e-01
5.223829299211502075e-02,1.416562795639038086e-01,4.717632532119750977e-01,6.002233624458312988e-01,6.178810000419616699e-01,8.290625214576721191e-01
6.054407358169555664e-02,1.818323731422424316e-01,3.787789046764373779e-01,4.769940078258514404e-01,6.187159419059753418e-01,8.381105065345764160e-01
1.043216288089752197e-01,1.424473375082015991e-01,3.459634184837341309e-01,3.610480725765228271e-01,6.304466128349304199e-01,8.533880114555358887e-01
1.000000000000000000e+00,1.000000000000000000e+00,3.435852378606796265e-02,0.000000000000000000e+00,0.000000000000000000e+00,0.000000000000000000e+00
