# CPU,RAM,NetworkR,NetworkW,DiskW,DiskR
6.894576549530029297e-02,7.062476128339767456e-02,1.000000000000000000e+00,9.637941122055053711e-01,9.665686488151550293e-01,9.678537249565124512e-01
3.130712360143661499e-02,5.986487120389938354e-02,9.807589650154113770e-01,9.434788823127746582e-01,9.667723178863525391e-01,9.626302123069763184e-01
3.207268565893173218e-02,1.427384614944458008e-01,9.113448262214660645e-01,9.133734107017517090e-01,9.565926790237426758e-01,9.551946520805358887e-01
3.287523984909057617e-02,1.428626775741577148e-01,9.005745053291320801e-01,8.947375416755676270e-01,9.215483665466308594e-01,9.443927407264709473e-01
3.146534413099288940e-02,1.564088314771652222e-01,7.937591671943664551e-01,8.252040743827819824e-01,6.406720876693725586e-01,8.473912477493286133e-01
4.192898049950599670e-02,2.338706552982330322e-01,4.703971147537231445e-01,6.618800759315490723e-01,5.608953833580017090e-01,7.905425429344177246e-01
4.334602877497673035e-02,1.782809346914291382e-01,4.129119515419006348e-01,5.795617103576660156e-01,5.184124708175659180e-01,7.680327296257019043e-01
3.796085342764854431e-02,1.603641211986541748e-01,4.069996476173400879e-01,5.095401406288146973e-01,5.597190856933593750e-01,8.053278923034667969e-01
7.309851795434951782e-02,1.805117577314376831e-01,2.914651334285736084e-01,3.307425975799560547e-01,4.992038011550903320e-01,7.803559899330139160e-01
1.000000000000000000e+00,1.000000000000000000e+00,3.513872623443603516e-02,0.000000000000000000e+00,0.000000000000000000e+00,0.000000000000000000e+00
