# CPU,RAM,NetworkR,NetworkW,DiskW,DiskR
2.999999932944774628e-02,2.300000041723251343e-01,1.000000000000000000e+00,9.700000286102294922e-01,9.700000286102294922e-01,9.700000286102294922e-01
2.999999932944774628e-02,3.300000131130218506e-01,8.871428370475769043e-01,9.178694486618041992e-01,9.589865803718566895e-01,9.553148150444030762e-01
2.999999932944774628e-02,3.300000131130218506e-01,7.442857027053833008e-01,8.752583861351013184e-01,9.165143966674804688e-01,9.553148150444030762e-01
2.999999932944774628e-02,4.300000071525573730e-01,6.422448754310607910e-01,8.025022745132446289e-01,8.870474696159362793e-01,9.553148150444030762e-01
2.999999932944774628e-02,4.300000071525573730e-01,5.606122016906738281e-01,7.617044448852539062e-01,6.998184323310852051e-01,8.356732726097106934e-01
1.149315088987350464e-01,5.299999713897705078e-01,4.381632506847381592e-01,7.127470970153808594e-01,6.414118409156799316e-01,8.183965086936950684e-01
2.999999932944774628e-02,1.000000000000000000e+00,3.157142996788024902e-01,6.471683382987976074e-01,3.477973043918609619e-01,7.818993926048278809e-01
1.000000000000000000e+00,1.000000000000000000e+00,2.340816259384155273e-01,4.899456202983856201e-01,1.376625597476959229e-01,6.839618086814880371e-01
2.999999932944774628e-02,2.999999932944774628e-02,1.116326525807380676e-01,3.112662434577941895e-01,0.000000000000000000e+00,0.000000000000000000e+00
1.039726063609123230e-01,2.999999932944774628e-02,2.999999932944774628e-02,0.000000000000000000e+00,0.000000000000000000e+00,0.000000000000000000e+00
