# CPU,RAM,NetworkR,NetworkW,DiskW,DiskR
6.911871582269668579e-02,7.078349590301513672e-02,1.000000000000000000e+00,9.637938737869262695e-01,9.665650725364685059e-01,9.678559303283691406e-01
3.105231747031211853e-02,1.202499717473983765e-01,9.488639235496520996e-01,9.350131750106811523e-01,9.659901857376098633e-01,9.591251611709594727e-01
3.292298316955566406e-02,9.033951908349990845e-02,9.570431113243103027e-01,9.272465705871582031e-01,9.617987871170043945e-01,9.610353112220764160e-01
3.175827488303184509e-02,1.233035027980804443e-01,9.304705262184143066e-01,9.051410555839538574e-01,9.304828643798828125e-01,9.485302567481994629e-01
3.089692816138267517e-02,1.167398691177368164e-01,8.735596537590026855e-01,8.518151044845581055e-01,6.829577088356018066e-01,8.734430074691772461e-01
4.103151336312294006e-02,1.530728042125701904e-01,5.373594760894775391e-01,6.775731444358825684e-01,5.796223282814025879e-01,8.069436550140380859e-01
4.383999854326248169e-02,1.479146629571914673e-01,4.354386031627655029e-01,5.765887498855590820e-01,5.537708401679992676e-01,7.912703752517700195e-01
4.095043614506721497e-02,1.686029434204101562e-01,3.794816434383392334e-01,4.749014675617218018e-01,5.526283383369445801e-01,8.005213141441345215e-01
6.947271525859832764e-02,1.439322829246520996e-01,3.088590502738952637e-01,3.300414383411407471e-01,5.237974524497985840e-01,7.907702326774597168e-01
1.000000000000000000e+00,1.000000000000000000e+00,3.470890969038009644e-02,0.000000000000000000e+00,0.000000000000000000e+00,0.000000000000000000e+00
