# CPU,RAM,NetworkR,NetworkW,DiskW,DiskR
6.904006749391555786e-02,7.058963179588317871e-02,1.000000000000000000e+00,9.637930989265441895e-01,9.665698409080505371e-01,9.678531289100646973e-01
3.069929778575897217e-02,1.328640729188919067e-01,9.528188705444335938e-01,9.351300001144409180e-01,9.654251933097839355e-01,9.557206630706787109e-01
3.217305988073348999e-02,1.099585592746734619e-01,9.475126266479492188e-01,9.235143661499023438e-01,9.600655436515808105e-01,9.585564732551574707e-01
3.136438503861427307e-02,1.756817102432250977e-01,8.994753956794738770e-01,8.925260305404663086e-01,9.084626436233520508e-01,9.382905960083007812e-01
3.055641055107116699e-02,1.399360597133636475e-01,8.587627410888671875e-01,8.479899168014526367e-01,6.327613592147827148e-01,8.434347510337829590e-01
3.672413527965545654e-02,1.938086152076721191e-01,5.255697369575500488e-01,6.825166940689086914e-01,5.682563781738281250e-01,7.949652671813964844e-01
3.496634960174560547e-02,1.601265668869018555e-01,5.037161707878112793e-01,6.282950639724731445e-01,5.793300867080688477e-01,8.085384368896484375e-01
3.447022661566734314e-02,1.596503108739852905e-01,4.789424836635589600e-01,5.416473746299743652e-01,5.944132804870605469e-01,8.287490606307983398e-01
9.045371413230895996e-02,2.435946613550186157e-01,3.071824908256530762e-01,3.327361941337585449e-01,5.550122857093811035e-01,8.167300224304199219e-01
1.000000000000000000e+00,1.000000000000000000e+00,3.522507101297378540e-02,0.000000000000000000e+00,0.000000000000000000e+00,0.000000000000000000e+00
