# CPU,RAM,NetworkR,NetworkW,DiskW,DiskR
6.908761709928512573e-02,7.079515606164932251e-02,1.000000000000000000e+00,9.637945890426635742e-01,9.665648341178894043e-01,9.678562879562377930e-01
3.142189234495162964e-02,4.672222584486007690e-02,9.948870539665222168e-01,9.478822946548461914e-01,9.670138359069824219e-01,9.638967514038085938e-01
4.250089079141616821e-02,2.869142889976501465e-01,7.718996405601501465e-01,8.780623078346252441e-01,9.510477781295776367e-01,9.484244585037231445e-01
1.564745604991912842e-01,6.678371429443359375e-01,5.490126609802246094e-01,7.903323769569396973e-01,8.504616022109985352e-01,9.192336201667785645e-01
1.815438419580459595e-01,6.225873827934265137e-01,4.361814260482788086e-01,7.221685051918029785e-01,7.042375206947326660e-01,8.759678006172180176e-01
7.807889580726623535e-02,6.091674566268920898e-01,3.812893331050872803e-01,6.803815364837646484e-01,6.324753165245056152e-01,8.540048003196716309e-01
3.277855738997459412e-02,1.000000000000000000e+00,3.639017343521118164e-01,7.249609827995300293e-01,3.133968114852905273e-01,8.442347049713134766e-01
1.000000000000000000e+00,1.000000000000000000e+00,2.291489243507385254e-01,5.442211627960205078e-01,1.151759028434753418e-01,8.271526694297790527e-01
3.099446743726730347e-02,4.344318807125091553e-02,9.105651825666427612e-02,3.384578227996826172e-01,6.309430114924907684e-03,0.000000000000000000e+00
7.986765354871749878e-02,4.671999812126159668e-02,3.593380749225616455e-02,0.000000000000000000e+00,0.000000000000000000e+00,0.000000000000000000e+00
