# CPU,RAM,NetworkR,NetworkW,DiskW,DiskR
6.910903751850128174e-02,7.073505967855453491e-02,1.000000000000000000e+00,9.637933969497680664e-01,9.665662050247192383e-01,9.678551554679870605e-01
3.109378367662429810e-02,1.019461676478385925e-01,9.558197259902954102e-01,9.367581009864807129e-01,9.662039875984191895e-01,9.600165486335754395e-01
3.263578191399574280e-02,8.876378834247589111e-02,9.584829211235046387e-01,9.276919960975646973e-01,9.616918563842773438e-01,9.609363079071044922e-01
3.176399320363998413e-02,1.273988187313079834e-01,9.255482554435729980e-01,9.028179049491882324e-01,9.273862242698669434e-01,9.470617175102233887e-01
3.099629655480384827e-02,1.202000007033348083e-01,8.608669638633728027e-01,8.463504910469055176e-01,6.711373925209045410e-01,8.679930567741394043e-01
4.264144599437713623e-02,1.730787605047225952e-01,5.086574554443359375e-01,6.657073497772216797e-01,5.759468674659729004e-01,8.020852804183959961e-01
4.335918277502059937e-02,1.626629829406738281e-01,4.156244695186614990e-01,5.686886906623840332e-01,5.326719880104064941e-01,7.767910957336425781e-01
3.647824749350547791e-02,1.553468406200408936e-01,4.000702202320098877e-01,4.927770197391510010e-01,5.381307005882263184e-01,7.910951972007751465e-01
5.416407436132431030e-02,1.454295068979263306e-01,3.051319122314453125e-01,3.303205072879791260e-01,4.737786948680877686e-01,7.551302909851074219e-01
1.000000000000000000e+00,1.000000000000000000e+00,3.539769351482391357e-02,0.000000000000000000e+00,0.000000000000000000e+00,0.000000000000000000e+00
