# CPU,RAM,NetworkR,NetworkW,DiskW,DiskR
6.915783882141113281e-02,7.077263295650482178e-02,1.000000000000000000e+00,9.637933373451232910e-01,9.665653705596923828e-01,9.678556919097900391e-01
3.125596418976783752e-02,7.242441177368164062e-02,9.707680940628051758e-01,9.406877160072326660e-01,9.665966033935546875e-01,9.617722034454345703e-01
3.712460026144981384e-02,1.755098402500152588e-01,8.704261779785156250e-01,9.028670191764831543e-01,9.586284160614013672e-01,9.563148021697998047e-01
5.219919234514236450e-02,2.631395459175109863e-01,7.932752370834350586e-01,8.661400079727172852e-01,9.327493309974670410e-01,9.460206627845764160e-01
1.614279597997665405e-01,6.322934031486511230e-01,5.023187994956970215e-01,7.407824397087097168e-01,7.794587612152099609e-01,8.991819024085998535e-01
9.637727588415145874e-02,6.154386401176452637e-01,3.728465437889099121e-01,6.536272764205932617e-01,5.913536548614501953e-01,8.349441885948181152e-01
3.326497972011566162e-02,1.000000000000000000e+00,3.423242866992950439e-01,6.930320262908935547e-01,3.154270350933074951e-01,8.330726027488708496e-01
1.000000000000000000e+00,9.789636135101318359e-01,2.071460634469985962e-01,4.932200014591217041e-01,1.037772521376609802e-01,5.950521230697631836e-01
3.500864282250404358e-02,3.439784795045852661e-02,1.189278066158294678e-01,3.233685493469238281e-01,0.000000000000000000e+00,0.000000000000000000e+00
1.760874241590499878e-01,4.439404234290122986e-02,3.437967970967292786e-02,0.000000000000000000e+00,0.000000000000000000e+00,0.000000000000000000e+00
