# CPU,RAM,NetworkR,NetworkW,DiskW,DiskR
6.904939562082290649e-02,7.068604230880737305e-02,1.000000000000000000e+00,9.637947678565979004e-01,9.665678143501281738e-01,9.678549170494079590e-01
3.094831667840480804e-02,1.307941228151321411e-01,9.472315907478332520e-01,9.344881772994995117e-01,9.658184051513671875e-01,9.582695960998535156e-01
3.314247727394104004e-02,7.326609641313552856e-02,9.723936319351196289e-01,9.323449134826660156e-01,9.630849957466125488e-01,9.623907804489135742e-01
3.205415233969688416e-02,1.364712864160537720e-01,9.138437509536743164e-01,8.985553979873657227e-01,9.286113381385803223e-01,9.464249610900878906e-01
3.326655924320220947e-02,1.103829815983772278e-01,8.425239324569702148e-01,8.398539423942565918e-01,7.525643706321716309e-01,8.958951234817504883e-01
1.624158024787902832e-01,2.937454879283905029e-01,4.288665354251861572e-01,6.217055916786193848e-01,6.763415336608886719e-01,8.491618633270263672e-01
2.645776271820068359e-01,1.000000000000000000e+00,2.739599049091339111e-01,5.770916342735290527e-01,2.667182385921478271e-01,8.612138032913208008e-01
9.517468810081481934e-01,4.450829029083251953e-01,9.345279633998870850e-02,2.710417211055755615e-01,5.480065941810607910e-02,9.851881861686706543e-02
3.917066752910614014e-02,3.113575279712677002e-02,9.515865892171859741e-02,2.405312955379486084e-01,5.654515698552131653e-03,0.000000000000000000e+00
2.005128264427185059e-01,3.549385815858840942e-02,3.764729201793670654e-02,0.000000000000000000e+00,0.000000000000000000e+00,0.000000000000000000e+00
