# CPU,RAM,NetworkR,NetworkW,DiskW,DiskR
6.907346844673156738e-02,7.051834464073181152e-02,1.000000000000000000e+00,9.637914896011352539e-01,9.665713906288146973e-01,9.678517580032348633e-01
3.017039597034454346e-02,4.701662361621856689e-01,9.339610338211059570e-01,9.201097488403320312e-01,9.516089558601379395e-01,7.780150175094604492e-01
3.051205538213253021e-02,4.786882400512695312e-01,8.011167645454406738e-01,8.758284449577331543e-01,8.940449953079223633e-01,8.256001472473144531e-01
3.020861186087131500e-02,3.559718728065490723e-01,8.312827348709106445e-01,8.700156807899475098e-01,7.519642710685729980e-01,8.073104619979858398e-01
3.014655970036983490e-02,3.248291611671447754e-01,7.552658319473266602e-01,8.289790749549865723e-01,5.615946650505065918e-01,6.488826870918273926e-01
3.128850460052490234e-02,2.684714794158935547e-01,5.222945809364318848e-01,7.120440006256103516e-01,4.579581022262573242e-01,6.346442103385925293e-01
3.180957958102226257e-02,2.709044814109802246e-01,4.252630472183227539e-01,6.291552186012268066e-01,4.422408044338226318e-01,6.633345484733581543e-01
3.625303134322166443e-02,1.958450376987457275e-01,4.364138245582580566e-01,5.594768524169921875e-01,5.581588149070739746e-01,7.898305654525756836e-01
1.952347904443740845e-01,6.118900179862976074e-01,2.479855716228485107e-01,3.474625647068023682e-01,5.458726882934570312e-01,8.270218372344970703e-01
1.000000000000000000e+00,1.000000000000000000e+00,3.664091601967811584e-02,0.000000000000000000e+00,0.000000000000000000e+00,0.000000000000000000e+00
