# CPU,RAM,NetworkR,NetworkW,DiskW,DiskR
9.113970212638378143e-03,1.035320572555065155e-02,9.669682979583740234e-01,1.000000000000000000e+00,1.000000000000000000e+00,1.000000000000000000e+00
0.000000000000000000e+00,4.223349094390869141e-01,8.794521689414978027e-01,9.733179807662963867e-01,9.900552034378051758e-01,5.187225341796875000e-01
0.000000000000000000e+00,6.820353269577026367e-01,7.027512788772583008e-01,9.105349779129028320e-01,8.612910509109497070e-01,3.136427104473114014e-01
3.008114919066429138e-02,6.997270584106445312e-01,6.604136228561401367e-01,8.138887286186218262e-01,6.523613333702087402e-01,2.445157021284103394e-01
3.009938262403011322e-02,7.202568054199218750e-01,5.067492723464965820e-01,7.521122694015502930e-01,4.987666010856628418e-01,2.006096392869949341e-01
3.027064539492130280e-02,5.718374848365783691e-01,3.181748688220977783e-01,6.279426217079162598e-01,3.325997889041900635e-01,8.323068916797637939e-02
3.071892075240612030e-02,4.637136161327362061e-01,2.388070374727249146e-01,4.897043108940124512e-01,2.395571172237396240e-01,8.301505446434020996e-02
5.660722404718399048e-02,4.931142032146453857e-01,2.920266389846801758e-01,4.343084990978240967e-01,4.390761554241180420e-01,6.487827301025390625e-01
6.170668601989746094e-01,9.393991827964782715e-01,3.252491652965545654e-01,4.006118774414062500e-01,7.397539019584655762e-01,9.124722480773925781e-01
1.000000000000000000e+00,1.000000000000000000e+00,4.173182696104049683e-02,0.000000000000000000e+00,0.000000000000000000e+00,0.000000000000000000e+00
