# CPU,RAM,NetworkR,NetworkW,DiskW,DiskR
6.911656260490417480e-02,7.067807018756866455e-02,1.000000000000000000e+00,9.637927412986755371e-01,9.665675759315490723e-01,9.678542017936706543e-01
3.027852997183799744e-02,3.051359951496124268e-01,9.422456026077270508e-01,9.271361827850341797e-01,9.604144096374511719e-01,9.042579531669616699e-01
3.157778084278106689e-02,2.101264446973800659e-01,8.918725252151489258e-01,9.045621752738952637e-01,9.494371414184570312e-01,9.385035634040832520e-01
3.066096827387809753e-02,2.229077816009521484e-01,8.879327178001403809e-01,8.890149593353271484e-01,8.711534738540649414e-01,9.189012050628662109e-01
3.025643527507781982e-02,1.648247987031936646e-01,8.626766800880432129e-01,8.569543361663818359e-01,6.090706586837768555e-01,8.044024109840393066e-01
3.333909809589385986e-02,2.000612616539001465e-01,5.568935275077819824e-01,7.116772532463073730e-01,5.490038990974426270e-01,7.740843296051025391e-01
3.288460150361061096e-02,2.196270972490310669e-01,4.827884435653686523e-01,6.412091851234436035e-01,5.431258678436279297e-01,7.792128920555114746e-01
3.267455101013183594e-02,1.774088442325592041e-01,4.730094969272613525e-01,5.631925463676452637e-01,5.296051502227783203e-01,7.842748165130615234e-01
6.564290821552276611e-02,3.347891867160797119e-01,2.453274130821228027e-01,3.195967078208923340e-01,4.067920148372650146e-01,7.024697661399841309e-01
1.000000000000000000e+00,1.000000000000000000e+00,3.682353720068931580e-02,0.000000000000000000e+00,0.000000000000000000e+00,0.000000000000000000e+00
