# CPU,RAM,NetworkR,NetworkW,DiskW,DiskR
6.915992498397827148e-02,7.076997309923171997e-02,1.000000000000000000e+00,9.637933969497680664e-01,9.665654897689819336e-01,9.678556919097900391e-01
3.113545291125774384e-02,1.095301657915115356e-01,9.517158865928649902e-01,9.357731342315673828e-01,9.661434292793273926e-01,9.598001837730407715e-01
3.523445874452590942e-02,1.596594154834747314e-01,8.967645764350891113e-01,9.099885821342468262e-01,9.593374133110046387e-01,9.577949643135070801e-01
3.306616097688674927e-02,1.222540661692619324e-01,9.273128509521484375e-01,9.075644612312316895e-01,9.400200247764587402e-01,9.530892372131347656e-01
3.236069157719612122e-02,1.298166215419769287e-01,8.419165015220642090e-01,8.455627560615539551e-01,7.595757842063903809e-01,8.969311118125915527e-01
7.134299725294113159e-02,1.188065558671951294e-01,5.978917479515075684e-01,7.038329839706420898e-01,6.870833039283752441e-01,8.589873909950256348e-01
1.623614728450775146e-01,9.917739629745483398e-01,3.022384941577911377e-01,5.667322278022766113e-01,4.902693331241607666e-01,8.856387138366699219e-01
1.000000000000000000e+00,9.810080528259277344e-01,1.277242302894592285e-01,3.046162128448486328e-01,6.679773330688476562e-02,4.174269139766693115e-01
3.691921755671501160e-02,3.148467466235160828e-02,9.234410524368286133e-02,2.686166465282440186e-01,0.000000000000000000e+00,0.000000000000000000e+00
1.777322143316268921e-01,3.628672286868095398e-02,3.676525875926017761e-02,0.000000000000000000e+00,0.000000000000000000e+00,0.000000000000000000e+00
