# CPU,RAM,NetworkR,NetworkW,DiskW,DiskR
6.904612481594085693e-02,7.055615633726119995e-02,1.000000000000000000e+00,9.637919068336486816e-01,9.665703177452087402e-01,9.678522944450378418e-01
3.010939434170722961e-02,5.766869783401489258e-01,9.255772829055786133e-01,9.124918580055236816e-01,9.328984022140502930e-01,5.495551228523254395e-01
3.027017973363399506e-02,6.105984449386596680e-01,7.534610629081726074e-01,8.584059476852416992e-01,8.320109844207763672e-01,5.920793414115905762e-01
3.012361191213130951e-02,5.001731514930725098e-01,7.421630024909973145e-01,8.430337905883789062e-01,6.731876730918884277e-01,5.598779320716857910e-01
3.011934831738471985e-02,5.301463007926940918e-01,6.222589612007141113e-01,7.910196185111999512e-01,5.283253192901611328e-01,4.347431361675262451e-01
3.056149743497371674e-02,4.046653509140014648e-01,4.087424278259277344e-01,6.726751327514648438e-01,3.705011308193206787e-01,3.251456916332244873e-01
3.085518442094326019e-02,4.388869404792785645e-01,2.787929475307464600e-01,5.487482547760009766e-01,2.807660698890686035e-01,2.525399327278137207e-01
3.912244737148284912e-02,3.058841526508331299e-01,3.181443214416503906e-01,4.756348133087158203e-01,4.325270950794219971e-01,6.465747952461242676e-01
3.758115768432617188e-01,8.388048410415649414e-01,2.717644870281219482e-01,3.669538795948028564e-01,6.491911411285400391e-01,8.751682639122009277e-01
1.000000000000000000e+00,1.000000000000000000e+00,3.802137076854705811e-02,0.000000000000000000e+00,0.000000000000000000e+00,0.000000000000000000e+00
