# CPU,RAM,NetworkR,NetworkW,DiskW,DiskR
6.909187138080596924e-02,7.036314904689788818e-02,1.000000000000000000e+00,9.637857675552368164e-01,9.665735363960266113e-01,9.678477644920349121e-01
3.037850558757781982e-02,1.627801209688186646e-01,9.598359465599060059e-01,9.344539046287536621e-01,9.641435146331787109e-01,9.424160718917846680e-01
3.087775781750679016e-02,3.074904680252075195e-01,8.717950582504272461e-01,8.992766737937927246e-01,9.414507746696472168e-01,9.348788857460021973e-01
3.082213364541530609e-02,2.271069139242172241e-01,8.762553930282592773e-01,8.840399384498596191e-01,8.589789867401123047e-01,9.172883033752441406e-01
3.036193922162055969e-02,2.009778320789337158e-01,8.193069696426391602e-01,8.423376679420471191e-01,6.147528290748596191e-01,8.111450672149658203e-01
3.404678776860237122e-02,2.187872231006622314e-01,5.695815086364746094e-01,7.182698845863342285e-01,5.897176861763000488e-01,8.033539056777954102e-01
3.280325978994369507e-02,1.428838819265365601e-01,5.882666110992431641e-01,6.857496500015258789e-01,5.992335677146911621e-01,8.227374553680419922e-01
3.576621785759925842e-02,2.415681481361389160e-01,4.064782261848449707e-01,5.188351273536682129e-01,5.227432250976562500e-01,7.831143736839294434e-01
1.523441523313522339e-01,6.350553035736083984e-01,1.999614834785461426e-01,2.889010012149810791e-01,4.007209837436676025e-01,7.437797784805297852e-01
1.000000000000000000e+00,1.000000000000000000e+00,3.508132696151733398e-02,0.000000000000000000e+00,0.000000000000000000e+00,0.000000000000000000e+00
