# CPU,RAM,NetworkR,NetworkW,DiskW,DiskR
6.905745714902877808e-02,7.034871727228164673e-02,1.000000000000000000e+00,9.637877345085144043e-01,9.665746092796325684e-01,9.678482413291931152e-01
3.077008202672004700e-02,8.928968012332916260e-02,9.685100913047790527e-01,9.395985603332519531e-01,9.660961031913757324e-01,9.592319726943969727e-01
3.189783915877342224e-02,1.150181517004966736e-01,9.435237050056457520e-01,9.223568439483642578e-01,9.597446918487548828e-01,9.581069350242614746e-01
3.160317987203598022e-02,1.909117847681045532e-01,8.833497166633605957e-01,8.864774703979492188e-01,9.023906588554382324e-01,9.354577660560607910e-01
3.079883940517902374e-02,1.524549126625061035e-01,8.264983892440795898e-01,8.362345695495605469e-01,6.294358372688293457e-01,8.410676717758178711e-01
3.884911909699440002e-02,2.329422980546951294e-01,4.891776442527770996e-01,6.681170463562011719e-01,5.665783286094665527e-01,7.922640442848205566e-01
3.506982699036598206e-02,1.497169137001037598e-01,5.091990232467651367e-01,6.324278116226196289e-01,5.708411931991577148e-01,8.044421076774597168e-01
3.422395884990692139e-02,1.733305156230926514e-01,4.561286866664886475e-01,5.319361090660095215e-01,5.694997906684875488e-01,8.147515058517456055e-01
1.022258028388023376e-01,2.736244499683380127e-01,3.065630197525024414e-01,3.349826335906982422e-01,5.810664296150207520e-01,8.304335474967956543e-01
1.000000000000000000e+00,1.000000000000000000e+00,3.503578156232833862e-02,0.000000000000000000e+00,0.000000000000000000e+00,0.000000000000000000e+00
