# CPU,RAM,NetworkR,NetworkW,DiskW,DiskR
6.910207122564315796e-02,7.069931179285049438e-02,1.000000000000000000e+00,9.637930393218994141e-01,9.665670394897460938e-01,9.678545594215393066e-01
3.128703311085700989e-02,5.452322959899902344e-02,9.863970279693603516e-01,9.452015757560729980e-01,9.668672084808349609e-01,9.631158113479614258e-01
3.289224207401275635e-02,1.153997555375099182e-01,9.208018779754638672e-01,9.158674478530883789e-01,9.588407278060913086e-01,9.569494128227233887e-01
3.246314451098442078e-02,1.178828999400138855e-01,9.219188690185546875e-01,9.022337794303894043e-01,9.267658591270446777e-01,9.473699927330017090e-01
3.247120976448059082e-02,1.139416918158531189e-01,8.257359862327575684e-01,8.347379565238952637e-01,6.924332976341247559e-01,8.765643239021301270e-01
6.466271728277206421e-02,2.139894217252731323e-01,4.691841304302215576e-01,6.535339355468750000e-01,6.424944400787353516e-01,8.326763510704040527e-01
9.295742958784103394e-02,2.837401330471038818e-01,3.355829417705535889e-01,5.284268260002136230e-01,5.570274591445922852e-01,8.006427288055419922e-01
1.118011251091957092e-01,3.479778766632080078e-01,2.460960596799850464e-01,3.966366350650787354e-01,4.854201972484588623e-01,7.742832899093627930e-01
8.273793011903762817e-02,7.964763045310974121e-02,3.036038577556610107e-01,3.431620597839355469e-01,5.099766850471496582e-01,7.720312476158142090e-01
9.911028742790222168e-01,9.970033764839172363e-01,3.283744677901268005e-02,0.000000000000000000e+00,0.000000000000000000e+00,0.000000000000000000e+00
