# CPU,RAM,NetworkR,NetworkW,DiskW,DiskR
6.896452605724334717e-02,7.030238956212997437e-02,1.000000000000000000e+00,9.637864828109741211e-01,9.665747880935668945e-01,9.678469896316528320e-01
3.080923482775688171e-02,1.415232270956039429e-01,9.471247792243957520e-01,9.341089725494384766e-01,9.655489325523376465e-01,9.567357301712036133e-01
3.201679140329360962e-02,1.413531601428985596e-01,9.305241703987121582e-01,9.189024567604064941e-01,9.584794044494628906e-01,9.573437571525573730e-01
3.150697052478790283e-02,2.049506157636642456e-01,8.830885291099548340e-01,8.879586458206176758e-01,9.037731289863586426e-01,9.365366101264953613e-01
3.059344552457332611e-02,1.502337455749511719e-01,8.567753434181213379e-01,8.502833843231201172e-01,6.565051078796386719e-01,8.544176816940307617e-01
3.608364984393119812e-02,2.368904948234558105e-01,5.450146794319152832e-01,7.001674771308898926e-01,6.184855699539184570e-01,8.231528997421264648e-01
3.532141819596290588e-02,1.428226530551910400e-01,5.685911774635314941e-01,6.620148420333862305e-01,6.231217384338378906e-01,8.362452387809753418e-01
3.390352055430412292e-02,1.909286975860595703e-01,4.589689373970031738e-01,5.368754863739013672e-01,5.562623739242553711e-01,8.075642585754394531e-01
8.353362232446670532e-02,2.867010235786437988e-01,2.771886587142944336e-01,3.207022547721862793e-01,4.939492046833038330e-01,7.768433690071105957e-01
1.000000000000000000e+00,1.000000000000000000e+00,3.540561720728874207e-02,0.000000000000000000e+00,0.000000000000000000e+00,0.000000000000000000e+00
