# CPU,RAM,NetworkR,NetworkW,DiskW,DiskR
6.915116310119628906e-02,7.074172049760818481e-02,1.000000000000000000e+00,9.637935757637023926e-01,9.665663242340087891e-01,9.678553938865661621e-01
3.137023374438285828e-02,5.418476089835166931e-02,9.860722422599792480e-01,9.450724720954895020e-01,9.668785333633422852e-01,9.631486535072326660e-01
3.410260379314422607e-02,4.084145724773406982e-01,7.613359689712524414e-01,8.765741586685180664e-01,9.371722340583801270e-01,9.411625266075134277e-01
4.673843085765838623e-02,1.393572241067886353e-01,8.692958354949951172e-01,8.895040750503540039e-01,9.393989443778991699e-01,9.511191844940185547e-01
5.674886703491210938e-02,3.162135183811187744e-01,6.129827499389648438e-01,7.799009084701538086e-01,7.901040315628051758e-01,8.942106366157531738e-01
1.052975431084632874e-01,4.225657582283020020e-01,4.565771520137786865e-01,6.840994954109191895e-01,7.116055488586425781e-01,8.707252740859985352e-01
5.564720556139945984e-02,1.000000000000000000e+00,3.359912037849426270e-01,6.702380180358886719e-01,3.181303143501281738e-01,8.648915886878967285e-01
1.000000000000000000e+00,9.788654446601867676e-01,1.884805858135223389e-01,4.710908234119415283e-01,9.240703284740447998e-02,5.948677062988281250e-01
3.602128475904464722e-02,3.253734484314918518e-02,1.102350726723670959e-01,3.130602240562438965e-01,0.000000000000000000e+00,0.000000000000000000e+00
1.493274867534637451e-01,3.800233453512191772e-02,3.621312975883483887e-02,0.000000000000000000e+00,0.000000000000000000e+00,0.000000000000000000e+00
