# CPU,RAM,NetworkR,NetworkW,DiskW,DiskR
6.913581490516662598e-02,7.058046758174896240e-02,1.000000000000000000e+00,9.637930989265441895e-01,9.665706753730773926e-01,9.678532481193542480e-01
3.136720508337020874e-02,5.128573253750801086e-02,9.894214272499084473e-01,9.461476802825927734e-01,9.669487476348876953e-01,9.634651541709899902e-01
3.169401362538337708e-02,2.024700343608856201e-01,8.737406730651855469e-01,9.031432271003723145e-01,9.506601691246032715e-01,9.493481516838073730e-01
3.401025012135505676e-02,1.457787603139877319e-01,8.899555206298828125e-01,8.919743299484252930e-01,9.219483733177185059e-01,9.442769289016723633e-01
3.191180154681205750e-02,1.729247868061065674e-01,7.676364183425903320e-01,8.195203542709350586e-01,6.518347263336181641e-01,8.500587344169616699e-01
3.976967185735702515e-02,2.407831698656082153e-01,4.769278764724731445e-01,6.719754338264465332e-01,5.518755316734313965e-01,7.864295840263366699e-01
4.328909143805503845e-02,1.997465491294860840e-01,3.923349678516387939e-01,5.742663145065307617e-01,4.894981682300567627e-01,7.472172379493713379e-01
3.807910531759262085e-02,1.577214598655700684e-01,3.994880914688110352e-01,5.115677118301391602e-01,5.407522916793823242e-01,7.919430136680603027e-01
7.662864029407501221e-02,2.044722139835357666e-01,2.728619575500488281e-01,3.256848156452178955e-01,4.809106886386871338e-01,7.678600549697875977e-01
1.000000000000000000e+00,1.000000000000000000e+00,3.556622192263603210e-02,0.000000000000000000e+00,0.000000000000000000e+00,0.000000000000000000e+00
