# CPU,RAM,NetworkR,NetworkW,DiskW,DiskR
6.917788833379745483e-02,7.080147415399551392e-02,1.000000000000000000e+00,9.637929201126098633e-01,9.665645360946655273e-01,9.678559303283691406e-01
3.110934793949127197e-02,1.035475358366966248e-01,9.548546671867370605e-01,9.365476369857788086e-01,9.662060737609863281e-01,9.600327014923095703e-01
3.261405229568481445e-02,1.027223467826843262e-01,9.473928213119506836e-01,9.242191314697265625e-01,9.608155488967895508e-01,9.599853754043579102e-01
3.188460320234298706e-02,1.149020120501518250e-01,9.370741844177246094e-01,9.079897403717041016e-01,9.333735704421997070e-01,9.501431584358215332e-01
3.878715634346008301e-02,1.410714536905288696e-01,7.619518637657165527e-01,8.085325956344604492e-01,7.554719448089599609e-01,8.879731893539428711e-01
1.524712890386581421e-01,2.534565329551696777e-01,4.900722801685333252e-01,6.630252599716186523e-01,7.497551441192626953e-01,8.780391216278076172e-01
1.316162049770355225e-01,1.000000000000000000e+00,3.332438766956329346e-01,6.320830583572387695e-01,3.349161744117736816e-01,8.945919871330261230e-01
1.000000000000000000e+00,8.663421869277954102e-01,1.255075186491012573e-01,3.466531038284301758e-01,7.232695072889328003e-02,3.249357640743255615e-01
3.521560877561569214e-02,3.175907954573631287e-02,1.013173758983612061e-01,2.763382792472839355e-01,1.252675428986549377e-03,0.000000000000000000e+00
1.530015319585800171e-01,3.669696301221847534e-02,3.698025643825531006e-02,0.000000000000000000e+00,0.000000000000000000e+00,0.000000000000000000e+00
