# CPU,RAM,NetworkR,NetworkW,DiskW,DiskR
6.915766745805740356e-02,7.080313563346862793e-02,1.000000000000000000e+00,9.637930989265441895e-01,9.665644168853759766e-01,9.678559899330139160e-01
3.133716061711311340e-02,5.100705474615097046e-02,9.899929761886596680e-01,9.463195800781250000e-01,9.669346809387207031e-01,9.634641408920288086e-01
3.367795050144195557e-02,1.825563460588455200e-01,8.615568280220031738e-01,9.000446200370788574e-01,9.540297985076904297e-01,9.517925977706909180e-01
3.372558578848838806e-02,1.128179505467414856e-01,9.202378988265991211e-01,9.039289951324462891e-01,9.335158467292785645e-01,9.504511952400207520e-01
4.163588210940361023e-02,1.783083230257034302e-01,6.971566081047058105e-01,7.918969988822937012e-01,7.320194244384765625e-01,8.762782216072082520e-01
7.327363640069961548e-02,2.119156867265701294e-01,5.106197595596313477e-01,6.862109899520874023e-01,6.992192268371582031e-01,8.597620129585266113e-01
1.290266811847686768e-01,8.766636252403259277e-01,2.880388200283050537e-01,5.459777116775512695e-01,5.154748558998107910e-01,8.485291600227355957e-01
3.050522208213806152e-01,5.876096487045288086e-01,1.422808766365051270e-01,3.227624595165252686e-01,1.924157589673995972e-01,5.071451067924499512e-01
4.980535060167312622e-02,4.797650128602981567e-02,9.337149560451507568e-02,2.091871649026870728e-01,7.691862434148788452e-02,3.249759227037429810e-02
5.343025922775268555e-01,1.308669298887252808e-01,3.244790062308311462e-02,0.000000000000000000e+00,0.000000000000000000e+00,0.000000000000000000e+00
