# CPU,RAM,NetworkR,NetworkW,DiskW,DiskR
6.908507645130157471e-02,7.055043429136276245e-02,1.000000000000000000e+00,9.637899994850158691e-01,9.665699005126953125e-01,9.678515791893005371e-01
3.089082799851894379e-02,8.554746955633163452e-02,9.677183032035827637e-01,9.395219683647155762e-01,9.661769270896911621e-01,9.598724842071533203e-01
3.179353103041648865e-02,1.597578376531600952e-01,9.127126932144165039e-01,9.132470488548278809e-01,9.555667638778686523e-01,9.543300867080688477e-01
3.167802467942237854e-02,2.086454629898071289e-01,8.671929240226745605e-01,8.820474147796630859e-01,8.901769518852233887e-01,9.315243959426879883e-01
3.065538033843040466e-02,1.671912074089050293e-01,8.137563467025756836e-01,8.348672986030578613e-01,6.047890186309814453e-01,8.236404657363891602e-01
3.674629330635070801e-02,2.344300150871276855e-01,4.893485903739929199e-01,6.740141510963439941e-01,5.411310195922851562e-01,7.752920985221862793e-01
3.437932580709457397e-02,1.618885993957519531e-01,4.986241757869720459e-01,6.339048147201538086e-01,5.527083873748779297e-01,7.921594381332397461e-01
3.343536332249641418e-02,1.890623718500137329e-01,4.456410706043243408e-01,5.346584320068359375e-01,5.422273278236389160e-01,7.974178194999694824e-01
7.359509915113449097e-02,2.493642419576644897e-01,2.889822423458099365e-01,3.300788998603820801e-01,4.982086122035980225e-01,7.778059244155883789e-01
1.000000000000000000e+00,1.000000000000000000e+00,3.565143793821334839e-02,0.000000000000000000e+00,0.000000000000000000e+00,0.000000000000000000e+00
