# CPU,RAM,NetworkR,NetworkW,DiskW,DiskR
6.905130296945571899e-02,7.079809904098510742e-02,1.000000000000000000e+00,9.637942314147949219e-01,9.665644168853759766e-01,9.678561091423034668e-01
3.140345960855484009e-02,4.487422853708267212e-02,9.976108670234680176e-01,9.488231539726257324e-01,9.670487046241760254e-01,9.641190767288208008e-01
3.336933255195617676e-02,2.376635372638702393e-01,8.187487721443176270e-01,8.888807892799377441e-01,9.467276930809020996e-01,9.450992941856384277e-01
3.352101892232894897e-02,1.082888469099998474e-01,9.189956188201904297e-01,9.036103487014770508e-01,9.274263978004455566e-01,9.488176107406616211e-01
3.178417310118675232e-02,1.396386772394180298e-01,7.966889739036560059e-01,8.293802142143249512e-01,6.502391695976257324e-01,8.549056649208068848e-01
4.976550862193107605e-02,1.883976012468338013e-01,4.906880557537078857e-01,6.723006963729858398e-01,5.988887548446655273e-01,8.130923509597778320e-01
7.633684575557708740e-02,1.852483451366424561e-01,3.830061852931976318e-01,5.596888065338134766e-01,5.621111392974853516e-01,7.973104715347290039e-01
9.026826173067092896e-02,2.549552023410797119e-01,2.931487560272216797e-01,4.358074963092803955e-01,5.505690574645996094e-01,8.044147491455078125e-01
1.036197170615196228e-01,1.154447421431541443e-01,3.202930390834808350e-01,3.590394854545593262e-01,5.888341069221496582e-01,8.285766839981079102e-01
1.000000000000000000e+00,1.000000000000000000e+00,3.368606418371200562e-02,0.000000000000000000e+00,0.000000000000000000e+00,0.000000000000000000e+00
