# CPU,RAM,NetworkR,NetworkW,DiskW,DiskR
6.904248893260955811e-02,7.075908035039901733e-02,1.000000000000000000e+00,9.637949466705322266e-01,9.665657877922058105e-01,9.678558707237243652e-01
3.142908588051795959e-02,4.638758301734924316e-02,9.953023791313171387e-01,9.480197429656982422e-01,9.670214056968688965e-01,9.639337658882141113e-01
4.034516215324401855e-02,3.626401424407958984e-01,7.438924312591552734e-01,8.716339468955993652e-01,9.443858861923217773e-01,9.442887306213378906e-01
1.305584460496902466e-01,5.672273635864257812e-01,5.868595838546752930e-01,8.032671809196472168e-01,8.718157410621643066e-01,9.233440756797790527e-01
1.667702198028564453e-01,6.323181986808776855e-01,4.454436302185058594e-01,7.283346652984619141e-01,7.199822068214416504e-01,8.810603618621826172e-01
6.906224042177200317e-02,6.059620380401611328e-01,3.798193931579589844e-01,6.800410151481628418e-01,6.112872958183288574e-01,8.444762825965881348e-01
3.191021829843521118e-02,1.000000000000000000e+00,3.377012014389038086e-01,7.212419509887695312e-01,2.450007051229476929e-01,6.688375473022460938e-01
1.000000000000000000e+00,9.756780266761779785e-01,2.294644713401794434e-01,4.955487549304962158e-01,1.219380199909210205e-01,7.813526988029479980e-01
3.078893199563026428e-02,4.178788512945175171e-02,9.064263850450515747e-02,3.216485381126403809e-01,8.573302999138832092e-03,0.000000000000000000e+00
1.169092282652854919e-01,6.413868069648742676e-02,3.367155045270919800e-02,0.000000000000000000e+00,0.000000000000000000e+00,0.000000000000000000e+00
