# CPU,RAM,NetworkR,NetworkW,DiskW,DiskR
6.901378184556961060e-02,7.057188451290130615e-02,1.000000000000000000e+00,9.637939929962158203e-01,9.665705561637878418e-01,9.678531885147094727e-01
3.146524727344512939e-02,5.517096817493438721e-02,9.842315316200256348e-01,9.444935917854309082e-01,9.668843746185302734e-01,9.630901813507080078e-01
3.664784505963325500e-02,3.355081379413604736e-01,7.836633920669555664e-01,8.824245333671569824e-01,9.482678174972534180e-01,9.481893777847290039e-01
3.511982411146163940e-02,1.079555451869964600e-01,9.200066328048706055e-01,9.068557620048522949e-01,9.388151168823242188e-01,9.533832669258117676e-01
3.149618580937385559e-02,1.327653676271438599e-01,8.408119678497314453e-01,8.497629165649414062e-01,7.211614847183227539e-01,8.846440315246582031e-01
3.987743332982063293e-02,1.345999836921691895e-01,5.950820446014404297e-01,7.176409363746643066e-01,5.981467962265014648e-01,8.241825103759765625e-01
7.136290520429611206e-02,1.862748414278030396e-01,3.919407725334167480e-01,5.624415874481201172e-01,5.666443705558776855e-01,7.999573349952697754e-01
9.492153674364089966e-02,2.446318119764328003e-01,2.790247201919555664e-01,4.211396276950836182e-01,5.063516497611999512e-01,7.764817476272583008e-01
9.022161364555358887e-02,9.574292600154876709e-02,3.421292901039123535e-01,3.734931051731109619e-01,6.015531420707702637e-01,8.303890228271484375e-01
1.000000000000000000e+00,1.000000000000000000e+00,3.402120620012283325e-02,0.000000000000000000e+00,0.000000000000000000e+00,0.000000000000000000e+00
