# CPU,RAM,NetworkR,NetworkW,DiskW,DiskR
6.892621517181396484e-02,7.040948420763015747e-02,1.000000000000000000e+00,9.637905955314636230e-01,9.665732383728027344e-01,9.678497314453125000e-01
3.037124127149581909e-02,2.159097641706466675e-01,9.490269422531127930e-01,9.311943054199218750e-01,9.632037878036499023e-01,9.355697035789489746e-01
3.113327547907829285e-02,1.990282833576202393e-01,9.110144972801208496e-01,9.106448888778686523e-01,9.511851668357849121e-01,9.451419711112976074e-01
3.045871481299400330e-02,2.222823351621627808e-01,9.022759795188903809e-01,8.914852738380432129e-01,8.604646325111389160e-01,9.158388972282409668e-01
3.026178292930126190e-02,1.678400784730911255e-01,8.557565808296203613e-01,8.514550328254699707e-01,6.013861894607543945e-01,8.011380434036254883e-01
3.351052850484848022e-02,1.780069768428802490e-01,5.728917121887207031e-01,7.119925022125244141e-01,5.550900101661682129e-01,7.815508842468261719e-01
3.291541710495948792e-02,1.670684814453125000e-01,5.341952443122863770e-01,6.567490100860595703e-01,5.855810642242431641e-01,8.099544644355773926e-01
3.524819388985633850e-02,1.928490847349166870e-01,4.550466537475585938e-01,5.398674607276916504e-01,5.772219300270080566e-01,8.162959218025207520e-01
1.223232075572013855e-01,4.302679002285003662e-01,2.392886430025100708e-01,3.054248988628387451e-01,4.729091227054595947e-01,7.756261229515075684e-01
1.000000000000000000e+00,1.000000000000000000e+00,3.509363532066345215e-02,0.000000000000000000e+00,0.000000000000000000e+00,0.000000000000000000e+00
