# CPU,RAM,NetworkR,NetworkW,DiskW,DiskR
6.908636540174484253e-02,7.053433358669281006e-02,1.000000000000000000e+00,9.637926220893859863e-01,9.665715098381042480e-01,9.678524136543273926e-01
3.049356117844581604e-02,2.297608554363250732e-01,9.391236901283264160e-01,9.302556514739990234e-01,9.637255668640136719e-01,9.443488717079162598e-01
3.223956003785133362e-02,1.536548733711242676e-01,9.207187891006469727e-01,9.147726297378540039e-01,9.567422866821289062e-01,9.537602066993713379e-01
3.104953281581401825e-02,2.058401852846145630e-01,8.915747404098510742e-01,8.908283710479736328e-01,8.969421386718750000e-01,9.332503676414489746e-01
3.032327443361282349e-02,1.546740382909774780e-01,8.730463385581970215e-01,8.573018312454223633e-01,6.292048096656799316e-01,8.313674330711364746e-01
3.385309875011444092e-02,1.989542990922927856e-01,5.608857274055480957e-01,7.060202360153198242e-01,5.665785074234008789e-01,7.914181947708129883e-01
3.332003206014633179e-02,1.906554549932479858e-01,5.117046833038330078e-01,6.423420310020446777e-01,5.708147287368774414e-01,8.015701174736022949e-01
3.301825374364852905e-02,1.770086884498596191e-01,4.820328056812286377e-01,5.535715818405151367e-01,5.562611222267150879e-01,8.048776984214782715e-01
6.941042095422744751e-02,2.703005373477935791e-01,2.777244150638580322e-01,3.245733678340911865e-01,4.635165929794311523e-01,7.512627243995666504e-01
1.000000000000000000e+00,1.000000000000000000e+00,3.611477091908454895e-02,0.000000000000000000e+00,0.000000000000000000e+00,0.000000000000000000e+00
