# CPU,RAM,NetworkR,NetworkW,DiskW,DiskR
6.905525922775268555e-02,7.067704200744628906e-02,1.000000000000000000e+00,9.637874364852905273e-01,9.665650129318237305e-01,9.678520560264587402e-01
3.092364780604839325e-02,5.632881447672843933e-02,9.884517788887023926e-01,9.457011222839355469e-01,9.666560292243957520e-01,9.624217748641967773e-01
3.154630959033966064e-02,1.857110410928726196e-01,8.892672061920166016e-01,9.061899185180664062e-01,9.515008330345153809e-01,9.497120976448059082e-01
3.225355967879295349e-02,2.057776004076004028e-01,8.505566120147705078e-01,8.761732578277587891e-01,8.821127414703369141e-01,9.282092452049255371e-01
3.117433376610279083e-02,1.691234409809112549e-01,7.744885087013244629e-01,8.226748704910278320e-01,6.110093593597412109e-01,8.298268914222717285e-01
3.992654755711555481e-02,2.738536894321441650e-01,4.637904167175292969e-01,6.676928997039794922e-01,5.649522542953491211e-01,7.918309569358825684e-01
3.752019256353378296e-02,1.227596625685691833e-01,5.397013425827026367e-01,6.524982452392578125e-01,5.945047736167907715e-01,8.216956257820129395e-01
3.630108386278152466e-02,2.059250324964523315e-01,4.105378389358520508e-01,5.184763669967651367e-01,5.578249096870422363e-01,8.094480037689208984e-01
1.046948209404945374e-01,2.875223457813262939e-01,2.814227938652038574e-01,3.315691947937011719e-01,5.436214208602905273e-01,8.121254444122314453e-01
1.000000000000000000e+00,1.000000000000000000e+00,3.492608666419982910e-02,0.000000000000000000e+00,0.000000000000000000e+00,0.000000000000000000e+00
