# CPU,RAM,NetworkR,NetworkW,DiskW,DiskR
6.915271282196044922e-02,7.081267237663269043e-02,1.000000000000000000e+00,9.637936949729919434e-01,9.665643572807312012e-01,9.678562879562377930e-01
3.067380934953689575e-02,2.712718844413757324e-01,9.256009459495544434e-01,9.285389184951782227e-01,9.640503525733947754e-01,9.498703479766845703e-01
3.408011794090270996e-02,6.761949509382247925e-02,9.770491123199462891e-01,9.336115717887878418e-01,9.634350538253784180e-01,9.624785184860229492e-01
3.128942102193832397e-02,1.151750311255455017e-01,9.416160583496093750e-01,9.090875387191772461e-01,9.326226711273193359e-01,9.489221572875976562e-01
3.095507994294166565e-02,9.541490674018859863e-02,9.037060141563415527e-01,8.637164831161499023e-01,7.235299348831176758e-01,8.916394114494323730e-01
4.839678108692169189e-02,9.386576712131500244e-02,6.367792487144470215e-01,7.128301858901977539e-01,6.666216850280761719e-01,8.553725481033325195e-01
1.689501106739044189e-01,2.291716784238815308e-01,4.090043008327484131e-01,5.524585247039794922e-01,7.319490313529968262e-01,8.774033784866333008e-01
9.688301086425781250e-01,9.820832610130310059e-01,1.521779298782348633e-01,3.081365823745727539e-01,1.255785673856735229e-01,7.689278721809387207e-01
3.288598358631134033e-02,3.374209254980087280e-02,7.184363901615142822e-02,2.192803174257278442e-01,7.623853161931037903e-03,0.000000000000000000e+00
4.511715769767761230e-01,7.664877176284790039e-02,3.160100802779197693e-02,0.000000000000000000e+00,0.000000000000000000e+00,0.000000000000000000e+00
