# CPU,RAM,NetworkR,NetworkW,DiskW,DiskR
6.953833997249603271e-02,7.067699730396270752e-02,1.000000000000000000e+00,9.637643098831176758e-01,9.665580987930297852e-01,9.678444862365722656e-01
3.028598055243492126e-02,1.681782007217407227e-01,9.649330973625183105e-01,9.340455532073974609e-01,9.629787802696228027e-01,9.272231459617614746e-01
3.046210855245590210e-02,3.274827301502227783e-01,8.764547109603881836e-01,8.970633149147033691e-01,9.298677444458007812e-01,9.102959036827087402e-01
3.030179627239704132e-02,2.619279026985168457e-01,8.733903169631958008e-01,8.782909512519836426e-01,7.801048755645751953e-01,8.658769726753234863e-01
3.044339828193187714e-02,2.808812856674194336e-01,7.168531417846679688e-01,8.090373873710632324e-01,5.784720778465270996e-01,7.589868307113647461e-01
3.242083638906478882e-02,2.068183273077011108e-01,5.783332586288452148e-01,7.247405648231506348e-01,5.454734563827514648e-01,7.698516249656677246e-01
3.183564916253089905e-02,1.397038400173187256e-01,6.051732897758483887e-01,6.980041265487670898e-01,5.952621102333068848e-01,8.196688890457153320e-01
4.082445055246353149e-02,2.654042840003967285e-01,3.745553493499755859e-01,4.972477853298187256e-01,5.232727527618408203e-01,7.822048068046569824e-01
5.576044321060180664e-01,9.755116105079650879e-01,1.358301490545272827e-01,2.481338679790496826e-01,1.488394290208816528e-01,6.252080202102661133e-01
1.000000000000000000e+00,9.812732338905334473e-01,3.521815314888954163e-02,0.000000000000000000e+00,0.000000000000000000e+00,0.000000000000000000e+00
