# CPU,RAM,NetworkR,NetworkW,DiskW,DiskR
6.897654384374618530e-02,7.067738473415374756e-02,1.000000000000000000e+00,9.637935161590576172e-01,9.665670990943908691e-01,9.678542017936706543e-01
3.114111162722110748e-02,7.763510197401046753e-02,9.685557484626770020e-01,9.400448799133300781e-01,9.664816856384277344e-01,9.612742066383361816e-01
3.231474012136459351e-02,9.952361136674880981e-02,9.480535387992858887e-01,9.242220520973205566e-01,9.605332612991333008e-01,9.595098495483398438e-01
3.212677314877510071e-02,1.481143981218338013e-01,9.033379554748535156e-01,8.945670127868652344e-01,9.196733832359313965e-01,9.432141780853271484e-01
3.114809095859527588e-02,1.354562491178512573e-01,8.307865858078002930e-01,8.362426161766052246e-01,6.499964594841003418e-01,8.558694124221801758e-01
4.496525228023529053e-02,2.111792415380477905e-01,4.784822165966033936e-01,6.573331952095031738e-01,5.786275267601013184e-01,8.006066679954528809e-01
4.488737881183624268e-02,1.635828316211700439e-01,4.260424375534057617e-01,5.798383951187133789e-01,5.481843948364257812e-01,7.875636816024780273e-01
3.720907866954803467e-02,1.532818675041198730e-01,4.089904129505157471e-01,5.031918287277221680e-01,5.525138974189758301e-01,8.020200729370117188e-01
6.304533034563064575e-02,1.640027761459350586e-01,2.999921441078186035e-01,3.311473131179809570e-01,4.952706098556518555e-01,7.750948071479797363e-01
1.000000000000000000e+00,1.000000000000000000e+00,3.508635237812995911e-02,0.000000000000000000e+00,0.000000000000000000e+00,0.000000000000000000e+00
