# CPU,RAM,NetworkR,NetworkW,DiskW,DiskR
6.917755305767059326e-02,7.079989463090896606e-02,1.000000000000000000e+00,9.637934565544128418e-01,9.665647745132446289e-01,9.678561091423034668e-01
3.103982657194137573e-02,1.342849880456924438e-01,9.441983699798583984e-01,9.339006543159484863e-01,9.658562541007995605e-01,9.585974216461181641e-01
3.912551328539848328e-02,1.030099168419837952e-01,9.328417778015136719e-01,9.194684624671936035e-01,9.631593227386474609e-01,9.613130688667297363e-01
5.826811492443084717e-02,3.156366050243377686e-01,7.684674263000488281e-01,8.584998250007629395e-01,9.341599941253662109e-01,9.458161592483520508e-01
1.200799494981765747e-01,5.215488672256469727e-01,5.667949914932250977e-01,7.663871049880981445e-01,8.284456729888916016e-01,9.118182063102722168e-01
1.444643884897232056e-01,6.227993369102478027e-01,4.006757736206054688e-01,6.618683934211730957e-01,6.595678329467773438e-01,8.644194006919860840e-01
3.765518963336944580e-02,1.000000000000000000e+00,3.370845615863800049e-01,6.797296404838562012e-01,3.364595770835876465e-01,8.550667166709899902e-01
1.000000000000000000e+00,1.000000000000000000e+00,1.913733631372451782e-01,5.096998810768127441e-01,1.003391295671463013e-01,4.126288890838623047e-01
4.073319956660270691e-02,3.703701496124267578e-02,1.391154378652572632e-01,3.349099457263946533e-01,0.000000000000000000e+00,0.000000000000000000e+00
1.112002655863761902e-01,3.825125470757484436e-02,3.762459009885787964e-02,0.000000000000000000e+00,0.000000000000000000e+00,0.000000000000000000e+00
