# CPU,RAM,NetworkR,NetworkW,DiskW,DiskR
6.916528195142745972e-02,7.061142474412918091e-02,1.000000000000000000e+00,9.637929201126098633e-01,9.665699005126953125e-01,9.678536057472229004e-01
3.019919246435165405e-02,4.302346110343933105e-01,9.351039528846740723e-01,9.220759868621826172e-01,9.548949003219604492e-01,8.291805982589721680e-01
3.188970312476158142e-02,2.370227426290512085e-01,8.643293976783752441e-01,8.959597945213317871e-01,9.440457224845886230e-01,9.229897856712341309e-01
3.070998936891555786e-02,2.494777292013168335e-01,8.630466461181640625e-01,8.829039931297302246e-01,8.605133891105651855e-01,9.100098609924316406e-01
3.024754673242568970e-02,2.067480385303497314e-01,8.331518173217773438e-01,8.509966135025024414e-01,6.059720516204833984e-01,7.845052480697631836e-01
3.289568796753883362e-02,2.407041937112808228e-01,5.430581569671630859e-01,7.149863839149475098e-01,5.361472964286804199e-01,7.565843462944030762e-01
3.210328891873359680e-02,2.431429475545883179e-01,4.760386645793914795e-01,6.506805419921875000e-01,5.072667002677917480e-01,7.469324469566345215e-01
3.302204608917236328e-02,2.034949362277984619e-01,4.450377821922302246e-01,5.609362721443176270e-01,5.059089064598083496e-01,7.628624439239501953e-01
7.815644890069961548e-02,4.357692301273345947e-01,2.213592380285263062e-01,3.175406455993652344e-01,3.829373419284820557e-01,6.866361498832702637e-01
1.000000000000000000e+00,1.000000000000000000e+00,3.719627112150192261e-02,0.000000000000000000e+00,0.000000000000000000e+00,0.000000000000000000e+00
