# CPU,RAM,NetworkR,NetworkW,DiskW,DiskR
6.913930177688598633e-02,7.080724090337753296e-02,1.000000000000000000e+00,9.637940526008605957e-01,9.665645956993103027e-01,9.678563475608825684e-01
3.111816570162773132e-02,1.123832762241363525e-01,9.507830142974853516e-01,9.355260133743286133e-01,9.660989642143249512e-01,9.596188068389892578e-01
3.316941484808921814e-02,1.178724169731140137e-01,9.333721399307250977e-01,9.200685024261474609e-01,9.602826833724975586e-01,9.592868685722351074e-01
3.203337267041206360e-02,1.191663816571235657e-01,9.338269829750061035e-01,9.076284766197204590e-01,9.340966939926147461e-01,9.505753517150878906e-01
3.083182498812675476e-02,1.243744865059852600e-01,8.710523247718811035e-01,8.524169921875000000e-01,6.839774250984191895e-01,8.721558451652526855e-01
3.862943127751350403e-02,1.438199877738952637e-01,5.630044341087341309e-01,6.919071078300476074e-01,5.743750929832458496e-01,8.066946864128112793e-01
4.422134160995483398e-02,1.518069952726364136e-01,4.293579757213592529e-01,5.745113492012023926e-01,5.431982278823852539e-01,7.845959067344665527e-01
4.183658212423324585e-02,1.600990444421768188e-01,3.850940763950347900e-01,4.800611138343811035e-01,5.605999827384948730e-01,8.040399551391601562e-01
7.227910310029983521e-02,1.539358645677566528e-01,2.997719347476959229e-01,3.268921971321105957e-01,5.180380940437316895e-01,7.882478237152099609e-01
1.000000000000000000e+00,1.000000000000000000e+00,3.486289083957672119e-02,0.000000000000000000e+00,0.000000000000000000e+00,0.000000000000000000e+00
