# CPU,RAM,NetworkR,NetworkW,DiskW,DiskR
6.910216063261032104e-02,7.076685130596160889e-02,1.000000000000000000e+00,9.637937545776367188e-01,9.665654301643371582e-01,9.678556323051452637e-01
3.059320338070392609e-02,2.567863166332244873e-01,9.306879043579101562e-01,9.291695356369018555e-01,9.639262557029724121e-01,9.479316473007202148e-01
3.278501704335212708e-02,8.105197548866271973e-02,9.688607454299926758e-01,9.305557012557983398e-01,9.621035456657409668e-01,9.607838392257690430e-01
3.106064535677433014e-02,1.218795925378799438e-01,9.431238770484924316e-01,9.090375900268554688e-01,9.276978969573974609e-01,9.469556808471679688e-01
3.046087734401226044e-02,1.046867966651916504e-01,9.114687442779541016e-01,8.671980500221252441e-01,6.769817471504211426e-01,8.709778189659118652e-01
3.699874505400657654e-02,1.288254857063293457e-01,5.878001451492309570e-01,6.988492012023925781e-01,5.891774892807006836e-01,8.142475485801696777e-01
3.758459165692329407e-02,1.513367891311645508e-01,4.666431844234466553e-01,5.956546068191528320e-01,5.712476372718811035e-01,8.018696904182434082e-01
3.454416617751121521e-02,1.625783592462539673e-01,4.294615983963012695e-01,5.054838657379150391e-01,5.458378195762634277e-01,7.971927523612976074e-01
5.626089125871658325e-02,1.805613189935684204e-01,2.879445850849151611e-01,3.160417675971984863e-01,4.550012052059173584e-01,7.372449040412902832e-01
1.000000000000000000e+00,1.000000000000000000e+00,3.549991548061370850e-02,0.000000000000000000e+00,0.000000000000000000e+00,0.000000000000000000e+00
