# CPU,RAM,NetworkR,NetworkW,DiskW,DiskR
2.999999932944774628e-02,1.299999952316284180e-01,1.000000000000000000e+00,9.700000286102294922e-01,9.700000286102294922e-01,9.700000286102294922e-01
2.999999932944774628e-02,3.300000131130218506e-01,9.080487489700317383e-01,9.241650104522705078e-01,9.586302042007446289e-01,9.554156064987182617e-01
2.999999932944774628e-02,3.300000131130218506e-01,8.348780274391174316e-01,9.060701727867126465e-01,9.152676463127136230e-01,9.554156064987182617e-01
2.999999932944774628e-02,4.300000071525573730e-01,7.129268050193786621e-01,8.408648967742919922e-01,8.854520916938781738e-01,9.554156064987182617e-01
2.999999932944774628e-02,4.300000071525573730e-01,6.397560834884643555e-01,7.993344068527221680e-01,6.805533766746520996e-01,8.263003230094909668e-01
7.938271760940551758e-02,5.299999713897705078e-01,5.421950817108154297e-01,7.568473815917968750e-01,6.295101642608642578e-01,8.194370269775390625e-01
2.999999932944774628e-02,1.000000000000000000e+00,3.714634180068969727e-01,6.833519339561462402e-01,3.372210562229156494e-01,7.831903696060180664e-01
1.000000000000000000e+00,1.000000000000000000e+00,2.739024460315704346e-01,5.180271267890930176e-01,1.275445967912673950e-01,6.790617108345031738e-01
2.999999932944774628e-02,2.999999932944774628e-02,1.275609731674194336e-01,3.540574014186859131e-01,0.000000000000000000e+00,0.000000000000000000e+00
1.164197549223899841e-01,2.999999932944774628e-02,2.999999932944774628e-02,0.000000000000000000e+00,0.000000000000000000e+00,0.000000000000000000e+00
