# CPU,RAM,NetworkR,NetworkW,DiskW,DiskR
6.914848089218139648e-02,7.071514427661895752e-02,1.000000000000000000e+00,9.637931585311889648e-01,9.665669202804565430e-01,9.678549170494079590e-01
3.131514415144920349e-02,5.645006150007247925e-02,9.841175079345703125e-01,9.445133209228515625e-01,9.668484330177307129e-01,9.629775285720825195e-01
3.764110803604125977e-02,2.320501655340194702e-01,8.260519504547119141e-01,8.917961120605468750e-01,9.549145102500915527e-01,9.524847269058227539e-01
5.884788185358047485e-02,2.989803552627563477e-01,7.600049972534179688e-01,8.568435907363891602e-01,9.256771206855773926e-01,9.428303837776184082e-01
7.778176665306091309e-02,4.553952515125274658e-01,5.533394813537597656e-01,7.630405426025390625e-01,7.797707915306091309e-01,8.937506675720214844e-01
1.500746160745620728e-01,6.038334369659423828e-01,4.184305667877197266e-01,6.766817569732666016e-01,7.054067254066467285e-01,8.776866197586059570e-01
4.186013340950012207e-02,1.000000000000000000e+00,3.302685916423797607e-01,6.869982481002807617e-01,2.801841199398040771e-01,8.277504444122314453e-01
1.000000000000000000e+00,1.000000000000000000e+00,2.035966664552688599e-01,5.218352079391479492e-01,9.806762635707855225e-02,6.492325663566589355e-01
3.639412671327590942e-02,3.560147807002067566e-02,1.099479272961616516e-01,3.240751922130584717e-01,0.000000000000000000e+00,0.000000000000000000e+00
1.294002830982208252e-01,3.856023401021957397e-02,3.628283366560935974e-02,0.000000000000000000e+00,0.000000000000000000e+00,0.000000000000000000e+00
