# CPU,RAM,NetworkR,NetworkW,DiskW,DiskR
2.999999932944774628e-02,2.999999932944774628e-02,1.000000000000000000e+00,9.700000286102294922e-01,9.700000286102294922e-01,9.700000286102294922e-01
2.999999932944774628e-02,1.133333370089530945e-01,9.871188998222351074e-01,9.467526078224182129e-01,9.681561589241027832e-01,9.700000286102294922e-01
2.999999932944774628e-02,1.133333370089530945e-01,9.513846635818481445e-01,9.226414561271667480e-01,9.675415158271789551e-01,9.700000286102294922e-01
2.999999932944774628e-02,1.966666728258132935e-01,9.227972626686096191e-01,8.888139128684997559e-01,9.423417448997497559e-01,9.700000286102294922e-01
2.999999932944774628e-02,1.966666728258132935e-01,7.366443276405334473e-01,8.616799116134643555e-01,6.460909843444824219e-01,8.656728267669677734e-01
2.999999932944774628e-02,1.966666728258132935e-01,5.050418376922607422e-01,6.592903733253479004e-01,5.960756540298461914e-01,8.348488807678222656e-01
2.999999932944774628e-02,1.966666728258132935e-01,4.621607959270477295e-01,6.253908276557922363e-01,5.814014077186584473e-01,8.348488807678222656e-01
2.999999932944774628e-02,1.966666728258132935e-01,4.264265894889831543e-01,5.003008842468261719e-01,5.582759976387023926e-01,8.348488807678222656e-01
2.999999932944774628e-02,2.800000011920928955e-01,2.910831868648529053e-01,3.325305879116058350e-01,5.266226530075073242e-01,8.253645896911621094e-01
1.000000000000000000e+00,1.000000000000000000e+00,2.999999932944774628e-02,0.000000000000000000e+00,0.000000000000000000e+00,0.000000000000000000e+00
