# CPU,RAM,NetworkR,NetworkW,DiskW,DiskR
6.910996884107589722e-02,7.081150263547897339e-02,1.000000000000000000e+00,9.637941122055053711e-01,9.665642976760864258e-01,9.678563475608825684e-01
3.040184453129768372e-02,3.836371600627899170e-01,9.235314726829528809e-01,9.252094030380249023e-01,9.609156250953674316e-01,9.256072640419006348e-01
3.347988799214363098e-02,9.220257401466369629e-02,9.537938833236694336e-01,9.245046973228454590e-01,9.606362581253051758e-01,9.573529362678527832e-01
3.100248053669929504e-02,1.509518474340438843e-01,9.238124489784240723e-01,9.024421572685241699e-01,9.180653095245361328e-01,9.413087368011474609e-01
3.033456020057201385e-02,1.196038424968719482e-01,9.078429341316223145e-01,8.691974878311157227e-01,6.629571318626403809e-01,8.566872477531433105e-01
3.434620052576065063e-02,1.463658958673477173e-01,5.944387912750244141e-01,7.124504446983337402e-01,5.747379660606384277e-01,8.025681972503662109e-01
3.474233299493789673e-02,1.851085275411605835e-01,4.696458876132965088e-01,6.123236417770385742e-01,5.546863675117492676e-01,7.900968194007873535e-01
3.281054645776748657e-02,1.631483733654022217e-01,4.657047092914581299e-01,5.400842428207397461e-01,5.389814972877502441e-01,7.916013002395629883e-01
5.319903790950775146e-02,2.138981223106384277e-01,2.836308479309082031e-01,3.246586322784423828e-01,4.336472153663635254e-01,7.185774445533752441e-01
1.000000000000000000e+00,1.000000000000000000e+00,3.666840866208076477e-02,0.000000000000000000e+00,0.000000000000000000e+00,0.000000000000000000e+00
