# CPU,RAM,NetworkR,NetworkW,DiskW,DiskR
6.897493451833724976e-02,7.068889588117599487e-02,1.000000000000000000e+00,9.637950062751770020e-01,9.665673971176147461e-01,9.678549170494079590e-01
3.084930591285228729e-02,1.895333975553512573e-01,9.340578913688659668e-01,9.311629533767700195e-01,9.651535153388977051e-01,9.554311633110046387e-01
3.301584348082542419e-02,9.280234575271606445e-02,9.577481746673583984e-01,9.273775815963745117e-01,9.617730975151062012e-01,9.609287381172180176e-01
3.165108710527420044e-02,1.307610124349594116e-01,9.292823672294616699e-01,9.050199985504150391e-01,9.310691356658935547e-01,9.484454393386840820e-01
3.060257248580455780e-02,1.238075196743011475e-01,8.865062594413757324e-01,8.578064441680908203e-01,6.803251504898071289e-01,8.696447610855102539e-01
3.683524578809738159e-02,1.509088277816772461e-01,5.688516497611999512e-01,6.939253807067871094e-01,5.755021572113037109e-01,8.054800629615783691e-01
3.887227922677993774e-02,1.573540270328521729e-01,4.551254212856292725e-01,5.903090238571166992e-01,5.528870820999145508e-01,7.906151413917541504e-01
3.627268224954605103e-02,1.579791605472564697e-01,4.246273636817932129e-01,5.036812424659729004e-01,5.603601336479187012e-01,8.054042458534240723e-01
7.102786004543304443e-02,1.815544515848159790e-01,2.984510958194732666e-01,3.225548565387725830e-01,5.090126991271972656e-01,7.825190424919128418e-01
1.000000000000000000e+00,1.000000000000000000e+00,3.534103184938430786e-02,0.000000000000000000e+00,0.000000000000000000e+00,0.000000000000000000e+00
