# CPU,RAM,NetworkR,NetworkW,DiskW,DiskR
6.915362924337387085e-02,7.072966545820236206e-02,1.000000000000000000e+00,9.637935161590576172e-01,9.665666818618774414e-01,9.678552150726318359e-01
3.113966807723045349e-02,1.055297031998634338e-01,9.533892869949340820e-01,9.361805915832519531e-01,9.661838412284851074e-01,9.599601626396179199e-01
3.719361126422882080e-02,1.463993638753890991e-01,8.991799950599670410e-01,9.103880524635314941e-01,9.606228470802307129e-01,9.586801528930664062e-01
4.334338381886482239e-02,2.355593740940093994e-01,8.228226900100708008e-01,8.749480843544006348e-01,9.349825382232666016e-01,9.475553035736083984e-01
6.907193362712860107e-02,3.851014077663421631e-01,6.041913628578186035e-01,7.740904688835144043e-01,8.057927489280700684e-01,9.006913900375366211e-01
8.729708939790725708e-02,4.629680216312408447e-01,4.442296624183654785e-01,6.761857867240905762e-01,6.773788332939147949e-01,8.600109815597534180e-01
4.063520580530166626e-02,1.000000000000000000e+00,3.534115552902221680e-01,6.760615110397338867e-01,3.612545430660247803e-01,8.703938126564025879e-01
1.000000000000000000e+00,9.869786500930786133e-01,2.046281546354293823e-01,4.776194095611572266e-01,9.852060675621032715e-02,6.590716242790222168e-01
3.376194462180137634e-02,3.385402262210845947e-02,1.190045475959777832e-01,3.240958750247955322e-01,7.389355450868606567e-04,0.000000000000000000e+00
1.364104002714157104e-01,4.253209754824638367e-02,3.504969924688339233e-02,0.000000000000000000e+00,0.000000000000000000e+00,0.000000000000000000e+00
