# CPU,RAM,NetworkR,NetworkW,DiskW,DiskR
6.905998289585113525e-02,7.084419578313827515e-02,1.000000000000000000e+00,9.637951254844665527e-01,9.665635228157043457e-01,9.678570032119750977e-01
3.141641989350318909e-02,4.490371793508529663e-02,9.974932670593261719e-01,9.487684965133666992e-01,9.670423269271850586e-01,9.640998840332031250e-01
3.638113662600517273e-02,5.187904238700866699e-01,6.919257044792175293e-01,8.589378595352172852e-01,9.206304550170898438e-01,9.314880967140197754e-01
8.120432496070861816e-02,3.575331270694732666e-01,6.673548221588134766e-01,8.285291790962219238e-01,8.914774656295776367e-01,9.283317923545837402e-01
1.056611165404319763e-01,5.534215569496154785e-01,4.783438146114349365e-01,7.427868843078613281e-01,7.403951287269592285e-01,8.827220201492309570e-01
5.508156865835189819e-02,5.286828875541687012e-01,4.022152125835418701e-01,6.870961785316467285e-01,6.030780076980590820e-01,8.342797756195068359e-01
3.267606347799301147e-02,1.000000000000000000e+00,3.110764324665069580e-01,6.882240176200866699e-01,2.516224980354309082e-01,6.973628997802734375e-01
1.000000000000000000e+00,8.604081273078918457e-01,2.288551181554794312e-01,4.775983393192291260e-01,1.212324723601341248e-01,6.736387610435485840e-01
3.230699151754379272e-02,3.504171222448348999e-02,1.338158100843429565e-01,3.360273241996765137e-01,1.322301011532545090e-02,0.000000000000000000e+00
2.974737882614135742e-01,7.839738577604293823e-02,3.210544958710670471e-02,0.000000000000000000e+00,0.000000000000000000e+00,0.000000000000000000e+00
