# CPU,RAM,NetworkR,NetworkW,DiskW,DiskR
6.904219835996627808e-02,7.059373706579208374e-02,1.000000000000000000e+00,9.637928605079650879e-01,9.665696024894714355e-01,9.678530693054199219e-01
3.086860664188861847e-02,1.194642931222915649e-01,9.529330730438232422e-01,9.356969594955444336e-01,9.658280014991760254e-01,9.581449627876281738e-01
3.209565207362174988e-02,1.297974586486816406e-01,9.344568848609924316e-01,9.200149178504943848e-01,9.589532017707824707e-01,9.578529000282287598e-01
3.184977173805236816e-02,1.803840398788452148e-01,8.915765285491943359e-01,8.910702466964721680e-01,9.132837057113647461e-01,9.404454231262207031e-01
3.066985309123992920e-02,1.472857296466827393e-01,8.513687252998352051e-01,8.470092415809631348e-01,6.512295603752136230e-01,8.529115319252014160e-01
3.593573719263076782e-02,2.203606069087982178e-01,5.279881358146667480e-01,6.888309717178344727e-01,5.776242613792419434e-01,8.014202713966369629e-01
3.471339866518974304e-02,1.778684705495834351e-01,4.992365241050720215e-01,6.291225552558898926e-01,5.647999644279479980e-01,8.004481196403503418e-01
3.269907832145690918e-02,1.644408702850341797e-01,4.806524515151977539e-01,5.483911037445068359e-01,5.459251999855041504e-01,7.996411323547363281e-01
6.018924713134765625e-02,2.316833287477493286e-01,2.925924062728881836e-01,3.282050788402557373e-01,4.676473736763000488e-01,7.533400654792785645e-01
1.000000000000000000e+00,1.000000000000000000e+00,3.628386557102203369e-02,0.000000000000000000e+00,0.000000000000000000e+00,0.000000000000000000e+00
