# CPU,RAM,NetworkR,NetworkW,DiskW,DiskR
6.901013106107711792e-02,7.087116688489913940e-02,1.000000000000000000e+00,9.637961983680725098e-01,9.665628671646118164e-01,9.678575992584228516e-01
3.137037903070449829e-02,5.324793606996536255e-02,9.871128797531127930e-01,9.453664422035217285e-01,9.668749570846557617e-01,9.631895422935485840e-01
4.126151278614997864e-02,3.119470179080963135e-01,7.771369218826293945e-01,8.799135088920593262e-01,9.510051608085632324e-01,9.493711590766906738e-01
9.289973229169845581e-02,7.197398543357849121e-01,5.268818736076354980e-01,7.842415571212768555e-01,8.056442141532897949e-01,9.066264033317565918e-01
1.203633919358253479e-01,5.410251617431640625e-01,4.594838619232177734e-01,7.315613627433776855e-01,7.115332484245300293e-01,8.720411062240600586e-01
4.500133544206619263e-02,5.449805259704589844e-01,3.715366423130035400e-01,6.752708554267883301e-01,5.341672897338867188e-01,7.983724474906921387e-01
3.106969967484474182e-02,1.000000000000000000e+00,3.558946251869201660e-01,7.076392769813537598e-01,3.103500008583068848e-01,7.967814803123474121e-01
1.000000000000000000e+00,8.964693546295166016e-01,2.396888583898544312e-01,4.953485131263732910e-01,1.258857399225234985e-01,6.944791674613952637e-01
3.150131553411483765e-02,3.480599075555801392e-02,1.645493358373641968e-01,3.699277937412261963e-01,1.597509719431400299e-02,0.000000000000000000e+00
2.506808936595916748e-01,7.427316159009933472e-02,3.245041891932487488e-02,0.000000000000000000e+00,0.000000000000000000e+00,0.000000000000000000e+00
