# CPU,RAM,NetworkR,NetworkW,DiskW,DiskR
6.918110698461532593e-02,7.076671719551086426e-02,1.000000000000000000e+00,9.637930989265441895e-01,9.665656089782714844e-01,9.678555727005004883e-01
3.058999776840209961e-02,2.755076289176940918e-01,9.285358190536499023e-01,9.287040829658508301e-01,9.638050794601440430e-01,9.474188089370727539e-01
3.400924429297447205e-02,7.283716648817062378e-02,9.724521636962890625e-01,9.317719340324401855e-01,9.632109403610229492e-01,9.617962241172790527e-01
3.173968568444252014e-02,1.525744795799255371e-01,9.096858501434326172e-01,8.976426720619201660e-01,9.274744391441345215e-01,9.450071454048156738e-01
3.065342269837856293e-02,1.243538185954093933e-01,8.865414857864379883e-01,8.587957024574279785e-01,6.948031187057495117e-01,8.747993707656860352e-01
3.629196062684059143e-02,1.692257821559906006e-01,5.677480697631835938e-01,6.968324780464172363e-01,5.901495814323425293e-01,8.118868470191955566e-01
3.721357509493827820e-02,1.589585244655609131e-01,4.892265498638153076e-01,6.121020913124084473e-01,5.801829099655151367e-01,8.085199594497680664e-01
3.508001938462257385e-02,1.569940000772476196e-01,4.548174440860748291e-01,5.229227542877197266e-01,5.718494653701782227e-01,8.142707347869873047e-01
5.929113551974296570e-02,1.696645915508270264e-01,3.131822347640991211e-01,3.340061604976654053e-01,4.924390614032745361e-01,7.704378962516784668e-01
1.000000000000000000e+00,1.000000000000000000e+00,3.592982143163681030e-02,0.000000000000000000e+00,0.000000000000000000e+00,0.000000000000000000e+00
