# CPU,RAM,NetworkR,NetworkW,DiskW,DiskR
6.904400885105133057e-02,7.020888477563858032e-02,1.000000000000000000e+00,9.637870192527770996e-01,9.665782451629638672e-01,9.678462743759155273e-01
3.061672486364841461e-02,1.557478308677673340e-01,9.494138360023498535e-01,9.339096546173095703e-01,9.650948047637939453e-01,9.533931612968444824e-01
3.214456140995025635e-02,1.218047067523002625e-01,9.420235753059387207e-01,9.217564463615417480e-01,9.597262144088745117e-01,9.577928781509399414e-01
3.114273771643638611e-02,1.920635700225830078e-01,8.972642421722412109e-01,8.917158842086791992e-01,9.032152295112609863e-01,9.359739422798156738e-01
3.050174936652183533e-02,1.439993083477020264e-01,8.652940988540649414e-01,8.517593145370483398e-01,6.460442543029785156e-01,8.484050035476684570e-01
3.621707111597061157e-02,2.016445398330688477e-01,5.494440793991088867e-01,6.963110566139221191e-01,6.010162830352783203e-01,8.134363889694213867e-01
3.478514775633811951e-02,1.400141865015029907e-01,5.599278211593627930e-01,6.561653614044189453e-01,6.205723285675048828e-01,8.337830305099487305e-01
3.473772481083869934e-02,1.831198930740356445e-01,4.641418457031250000e-01,5.345000028610229492e-01,5.826879739761352539e-01,8.228098750114440918e-01
9.987308830022811890e-02,3.061488270759582520e-01,2.798015177249908447e-01,3.189987838268280029e-01,5.260556936264038086e-01,8.014516234397888184e-01
1.000000000000000000e+00,1.000000000000000000e+00,3.501982241868972778e-02,0.000000000000000000e+00,0.000000000000000000e+00,0.000000000000000000e+00
