# CPU,RAM,NetworkR,NetworkW,DiskW,DiskR
6.908916682004928589e-02,7.084452360868453979e-02,1.000000000000000000e+00,9.637947082519531250e-01,9.665635228157043457e-01,9.678568840026855469e-01
3.128932788968086243e-02,7.057102769613265991e-02,9.717810750007629395e-01,9.409528374671936035e-01,9.666210412979125977e-01,9.618952870368957520e-01
3.968621045351028442e-02,3.008812367916107178e-01,8.040773272514343262e-01,8.870659470558166504e-01,9.535948038101196289e-01,9.523240327835083008e-01
7.006174325942993164e-02,5.459139943122863770e-01,6.352704763412475586e-01,8.208837509155273438e-01,8.810601830482482910e-01,9.274718165397644043e-01
7.355718314647674561e-02,4.330849349498748779e-01,5.579487085342407227e-01,7.715080976486206055e-01,7.837860584259033203e-01,8.960324525833129883e-01
5.579671263694763184e-02,4.766961038112640381e-01,4.375370144844055176e-01,6.948184370994567871e-01,6.391379833221435547e-01,8.470115661621093750e-01
3.300813958048820496e-02,1.000000000000000000e+00,3.772118389606475830e-01,7.100095152854919434e-01,3.509350121021270752e-01,8.554631471633911133e-01
1.000000000000000000e+00,9.515771865844726562e-01,2.376821488142013550e-01,5.158429145812988281e-01,1.187667101621627808e-01,6.976489424705505371e-01
3.192648291587829590e-02,3.428024053573608398e-02,1.321979612112045288e-01,3.505170345306396484e-01,6.318723782896995544e-03,0.000000000000000000e+00
1.223935857415199280e-01,4.282630234956741333e-02,3.591503947973251343e-02,0.000000000000000000e+00,0.000000000000000000e+00,0.000000000000000000e+00
