# CPU,RAM,NetworkR,NetworkW,DiskW,DiskR
6.915003806352615356e-02,7.066900283098220825e-02,1.000000000000000000e+00,9.637923836708068848e-01,9.665679335594177246e-01,9.678540825843811035e-01
3.026203811168670654e-02,3.089022338390350342e-01,9.431797266006469727e-01,9.268593192100524902e-01,9.599550366401672363e-01,8.967475891113281250e-01
3.126573562622070312e-02,3.020600974559783936e-01,8.526468276977539062e-01,8.931694030761718750e-01,9.380282759666442871e-01,9.230114221572875977e-01
3.067481145262718201e-02,2.703011631965637207e-01,8.513037562370300293e-01,8.776414990425109863e-01,8.380166292190551758e-01,9.028359651565551758e-01
3.023296780884265900e-02,2.239465117454528809e-01,8.109892606735229492e-01,8.424977064132690430e-01,5.769941210746765137e-01,7.566985487937927246e-01
3.261470422148704529e-02,2.449006587266921997e-01,5.236493349075317383e-01,7.039192318916320801e-01,5.043534040451049805e-01,7.281194925308227539e-01
3.204143047332763672e-02,2.481215149164199829e-01,4.562023878097534180e-01,6.364496350288391113e-01,4.856959879398345947e-01,7.263939380645751953e-01
3.363733738660812378e-02,2.086892127990722656e-01,4.341174960136413574e-01,5.482957363128662109e-01,5.168718099594116211e-01,7.707769870758056641e-01
9.022899717092514038e-02,4.283782541751861572e-01,2.251164466142654419e-01,3.122718036174774170e-01,4.078976511955261230e-01,7.139860987663269043e-01
1.000000000000000000e+00,1.000000000000000000e+00,3.628963232040405273e-02,0.000000000000000000e+00,0.000000000000000000e+00,0.000000000000000000e+00
