# CPU,RAM,NetworkR,NetworkW,DiskW,DiskR
6.905388087034225464e-02,7.052104175090789795e-02,1.000000000000000000e+00,9.637926816940307617e-01,9.665716886520385742e-01,9.678521752357482910e-01
3.015634231269359589e-02,4.224352240562438965e-01,9.401887655258178711e-01,9.207971692085266113e-01,9.514359831809997559e-01,7.584061026573181152e-01
3.085690550506114960e-02,3.380033373832702637e-01,8.309956192970275879e-01,8.847717046737670898e-01,9.219188094139099121e-01,8.708657026290893555e-01
3.031973168253898621e-02,3.074768185615539551e-01,8.380360007286071777e-01,8.727326393127441406e-01,7.839580178260803223e-01,8.484596014022827148e-01
3.023008443415164948e-02,2.891663908958435059e-01,7.476953864097595215e-01,8.262742161750793457e-01,5.638642907142639160e-01,7.005191445350646973e-01
3.228734806180000305e-02,2.452649921178817749e-01,5.128689408302307129e-01,7.062391042709350586e-01,4.752956330776214600e-01,6.822468042373657227e-01
3.181210905313491821e-02,2.315420210361480713e-01,4.472188949584960938e-01,6.422185897827148438e-01,4.611126780509948730e-01,6.925702095031738281e-01
3.835265338420867920e-02,2.370992600917816162e-01,3.893140554428100586e-01,5.308468937873840332e-01,5.302557945251464844e-01,7.745969295501708984e-01
1.964849829673767090e-01,7.414299845695495605e-01,1.787977218627929688e-01,2.962798178195953369e-01,3.497061431407928467e-01,7.210900187492370605e-01
1.000000000000000000e+00,1.000000000000000000e+00,3.590466082096099854e-02,0.000000000000000000e+00,0.000000000000000000e+00,0.000000000000000000e+00
